candidate_id,file_path,language,topic,location,claim_type,current_text,suggested_source,status
C00001,src/content/hojo-undo/chi-ishi/attention-points.md,base,Aandachtspunten (Points of Attention),line 1,general,Aandachtspunten (Points of Attention),"Use Hojo Undo PDFs, docs/hojo_undo_extracted.txt, and equipment-specific source PDFs.",candidate
C00002,src/content/hojo-undo/chi-ishi/attention-points.md,base,Aandachtspunten (Points of Attention),line 3,definition,"De volgende aandachtspunten worden steeds benadrukt, ze zijn letterlijk vertaald van teksten of uitspraken van Higaonna Sensei. Het is echter de moeite waard om je eigen woorden te kiezen die naar jou idee en gevoel de beste brug vormen tussen praktijk en theorie.","Use Hojo Undo PDFs, docs/hojo_undo_extracted.txt, and equipment-specific source PDFs.",candidate
C00003,src/content/hojo-undo/chi-ishi/attention-points.md,base,Belangrijke aandachtspunten,line 5,general,Belangrijke aandachtspunten,"Use Hojo Undo PDFs, docs/hojo_undo_extracted.txt, and equipment-specific source PDFs.",candidate
C00004,src/content/hojo-undo/chi-ishi/attention-points.md,base,Houding en spanning,line 7,general,Houding en spanning,"Use Hojo Undo PDFs, docs/hojo_undo_extracted.txt, and equipment-specific source PDFs.",candidate
C00005,src/content/hojo-undo/chi-ishi/attention-points.md,base,Houding en spanning,line 8,general,'Zet de schouder naar beneden toe vast',"Use Hojo Undo PDFs, docs/hojo_undo_extracted.txt, and equipment-specific source PDFs.",candidate
C00006,src/content/hojo-undo/chi-ishi/attention-points.md,base,Houding en spanning,line 9,general,'Span de latissimus dorsi aan',"Use Hojo Undo PDFs, docs/hojo_undo_extracted.txt, and equipment-specific source PDFs.",candidate
C00007,src/content/hojo-undo/chi-ishi/attention-points.md,base,Houding en spanning,line 10,general,'Span de pols',"Use Hojo Undo PDFs, docs/hojo_undo_extracted.txt, and equipment-specific source PDFs.",candidate
C00008,src/content/hojo-undo/chi-ishi/attention-points.md,base,Houding en spanning,line 11,general,'Grijp vast',"Use Hojo Undo PDFs, docs/hojo_undo_extracted.txt, and equipment-specific source PDFs.",candidate
C00009,src/content/hojo-undo/chi-ishi/attention-points.md,base,Ademhaling en kracht,line 13,general,Ademhaling en kracht,"Use Hojo Undo PDFs, docs/hojo_undo_extracted.txt, and equipment-specific source PDFs.",candidate
C00010,src/content/hojo-undo/chi-ishi/attention-points.md,base,Ademhaling en kracht,line 14,general,'Adem uit vanuit het tanden',"Use Hojo Undo PDFs, docs/hojo_undo_extracted.txt, and equipment-specific source PDFs.",candidate
C00011,src/content/hojo-undo/chi-ishi/attention-points.md,base,Ademhaling en kracht,line 15,general,'Combineer de externe spierkracht en de interne kracht van de adem',"Use Hojo Undo PDFs, docs/hojo_undo_extracted.txt, and equipment-specific source PDFs.",candidate
C00012,src/content/hojo-undo/chi-ishi/attention-points.md,base,Training balans,line 17,general,Training balans,"Use Hojo Undo PDFs, docs/hojo_undo_extracted.txt, and equipment-specific source PDFs.",candidate
C00013,src/content/hojo-undo/chi-ishi/attention-points.md,base,Training balans,line 18,general,'Oefen de zwakke kant vaker',"Use Hojo Undo PDFs, docs/hojo_undo_extracted.txt, and equipment-specific source PDFs.",candidate
C00014,src/content/hojo-undo/chi-ishi/attention-points.md,base,Training balans,line 19,general,'Oefen na een oefenserie snelle stoten om te voorkomen dat je traag wordt',"Use Hojo Undo PDFs, docs/hojo_undo_extracted.txt, and equipment-specific source PDFs.",candidate
C00015,src/content/hojo-undo/chi-ishi/attention-points.md,base,Ademhalingstechnieken,line 21,general,Ademhalingstechnieken,"Use Hojo Undo PDFs, docs/hojo_undo_extracted.txt, and equipment-specific source PDFs.",candidate
C00016,src/content/hojo-undo/chi-ishi/attention-points.md,base,Langzame uitvoering,line 23,general,Langzame uitvoering,"Use Hojo Undo PDFs, docs/hojo_undo_extracted.txt, and equipment-specific source PDFs.",candidate
C00017,src/content/hojo-undo/chi-ishi/attention-points.md,base,Langzame uitvoering,line 24,technique,Gebruik de sanchin ademhaling met de H(u)ah en Hatt klanken,"Use Hojo Undo PDFs, docs/hojo_undo_extracted.txt, and equipment-specific source PDFs.",candidate
C00018,src/content/hojo-undo/chi-ishi/attention-points.md,base,Langzame uitvoering,line 25,general,Aanbevolen voor beginners,"Use Hojo Undo PDFs, docs/hojo_undo_extracted.txt, and equipment-specific source PDFs.",candidate
C00019,src/content/hojo-undo/chi-ishi/attention-points.md,base,Langzame uitvoering,line 26,general,Helpt bij het aanleren van goede techniek,"Use Hojo Undo PDFs, docs/hojo_undo_extracted.txt, and equipment-specific source PDFs.",candidate
C00020,src/content/hojo-undo/chi-ishi/attention-points.md,base,Langzame uitvoering,line 27,safety,Verkleint de kans op blessures,"Use Hojo Undo PDFs, docs/hojo_undo_extracted.txt, and equipment-specific source PDFs.",candidate
C00021,src/content/hojo-undo/chi-ishi/attention-points.md,base,Snelle uitvoering,line 29,general,Snelle uitvoering,"Use Hojo Undo PDFs, docs/hojo_undo_extracted.txt, and equipment-specific source PDFs.",candidate
C00022,src/content/hojo-undo/chi-ishi/attention-points.md,base,Snelle uitvoering,line 30,general,De H(u)ah klank valt weg,"Use Hojo Undo PDFs, docs/hojo_undo_extracted.txt, and equipment-specific source PDFs.",candidate
C00023,src/content/hojo-undo/chi-ishi/attention-points.md,base,Snelle uitvoering,line 31,general,Voor gevorderden die hun ademhaling goed kunnen reguleren,"Use Hojo Undo PDFs, docs/hojo_undo_extracted.txt, and equipment-specific source PDFs.",candidate
C00024,src/content/hojo-undo/chi-ishi/attention-points.md,base,Natuurlijke ademhaling,line 33,general,Natuurlijke ademhaling,"Use Hojo Undo PDFs, docs/hojo_undo_extracted.txt, and equipment-specific source PDFs.",candidate
C00025,src/content/hojo-undo/chi-ishi/attention-points.md,base,Natuurlijke ademhaling,line 34,general,Kan gebruikt worden door ervaren karateka,"Use Hojo Undo PDFs, docs/hojo_undo_extracted.txt, and equipment-specific source PDFs.",candidate
C00026,src/content/hojo-undo/chi-ishi/attention-points.md,base,Natuurlijke ademhaling,line 35,grading,Vereist goede ademhalingsregulatie,"Use Hojo Undo PDFs, docs/hojo_undo_extracted.txt, and equipment-specific source PDFs.",candidate
C00027,src/content/hojo-undo/chi-ishi/attention-points.md,base,Belangrijke verschillen met Sanchin Kata,line 37,technique,Belangrijke verschillen met Sanchin Kata,"Use Hojo Undo PDFs, docs/hojo_undo_extracted.txt, and equipment-specific source PDFs.",candidate
C00028,src/content/hojo-undo/chi-ishi/attention-points.md,base,Belangrijke verschillen met Sanchin Kata,line 39,technique,"Let op: Hoewel de sanchin ademhaling wordt gebruikt en de beweging aan het einde wordt gefocust, is het bekken aan het einde van de beweging niet achterover gekanteld zoals in sanchin kata.","Use Hojo Undo PDFs, docs/hojo_undo_extracted.txt, and equipment-specific source PDFs.",candidate
C00029,src/content/hojo-undo/chi-ishi/attention-points.md,base,Interne aandachtspunten,line 41,general,Interne aandachtspunten,"Use Hojo Undo PDFs, docs/hojo_undo_extracted.txt, and equipment-specific source PDFs.",candidate
C00030,src/content/hojo-undo/chi-ishi/attention-points.md,base,Interne aandachtspunten,line 43,general,"Bij het oefenen met de chi ishi moet je niet alleen proberen zo veel mogelijk trainingsarbeid in een korte tijd te verrichten, maar ook letten op de interne aandachtspunten:","Use Hojo Undo PDFs, docs/hojo_undo_extracted.txt, and equipment-specific source PDFs.",candidate
C00031,src/content/hojo-undo/chi-ishi/attention-points.md,base,Controlepunten,line 45,general,Controlepunten,"Use Hojo Undo PDFs, docs/hojo_undo_extracted.txt, and equipment-specific source PDFs.",candidate
C00032,src/content/hojo-undo/chi-ishi/attention-points.md,base,Controlepunten,line 46,general,Worteling: Blijf je voortdurend optimaal op je voeten steunen?,"Use Hojo Undo PDFs, docs/hojo_undo_extracted.txt, and equipment-specific source PDFs.",candidate
C00033,src/content/hojo-undo/chi-ishi/attention-points.md,base,Controlepunten,line 47,general,Centrering: Maak je de beweging vanuit je tanden of een geïsoleerde beweging vanuit je schouder?,"Use Hojo Undo PDFs, docs/hojo_undo_extracted.txt, and equipment-specific source PDFs.",candidate
C00034,src/content/hojo-undo/chi-ishi/attention-points.md,base,Controlepunten,line 48,general,Ademhaling: Strookt de beweging met je ademhaling?,"Use Hojo Undo PDFs, docs/hojo_undo_extracted.txt, and equipment-specific source PDFs.",candidate
C00035,src/content/hojo-undo/chi-ishi/attention-points.md,base,Controlepunten,line 49,general,Krachtgebruik: Gebruik je efficiënte bewegingspatronen?,"Use Hojo Undo PDFs, docs/hojo_undo_extracted.txt, and equipment-specific source PDFs.",candidate
C00036,src/content/hojo-undo/chi-ishi/attention-points.md,base,Trainingseffecten,line 51,general,Trainingseffecten,"Use Hojo Undo PDFs, docs/hojo_undo_extracted.txt, and equipment-specific source PDFs.",candidate
C00037,src/content/hojo-undo/chi-ishi/attention-points.md,base,Trainingseffecten,line 52,general,Lichte gewichten: Makkelijker om in lijn met bewegingsprincipes te blijven,"Use Hojo Undo PDFs, docs/hojo_undo_extracted.txt, and equipment-specific source PDFs.",candidate
C00038,src/content/hojo-undo/chi-ishi/attention-points.md,base,Trainingseffecten,line 53,general,Zware gewichten: Groter trainingseffect maar risico op inefficiënte patronen,"Use Hojo Undo PDFs, docs/hojo_undo_extracted.txt, and equipment-specific source PDFs.",candidate
C00039,src/content/hojo-undo/chi-ishi/attention-points.md,base,Trainingseffecten,line 54,general,Balans: Zoek de juiste balans tussen uitdaging en correcte uitvoering,"Use Hojo Undo PDFs, docs/hojo_undo_extracted.txt, and equipment-specific source PDFs.",candidate
C00040,src/content/hojo-undo/chi-ishi/attention-points.md,base,Veiligheidsrichtlijnen,line 56,safety,Veiligheidsrichtlijnen,"Use Hojo Undo PDFs, docs/hojo_undo_extracted.txt, and equipment-specific source PDFs.",candidate
C00041,src/content/hojo-undo/chi-ishi/attention-points.md,base,Veiligheidsrichtlijnen,line 58,general,Opbouw: Begin altijd met lichtere gewichten,"Use Hojo Undo PDFs, docs/hojo_undo_extracted.txt, and equipment-specific source PDFs.",candidate
C00042,src/content/hojo-undo/chi-ishi/attention-points.md,base,Veiligheidsrichtlijnen,line 59,grading,"Techniek: Focus eerst op correcte uitvoering, dan op gewicht","Use Hojo Undo PDFs, docs/hojo_undo_extracted.txt, and equipment-specific source PDFs.",candidate
C00043,src/content/hojo-undo/chi-ishi/attention-points.md,base,Veiligheidsrichtlijnen,line 60,general,Rust: Neem voldoende rust tussen oefenseries,"Use Hojo Undo PDFs, docs/hojo_undo_extracted.txt, and equipment-specific source PDFs.",candidate
C00044,src/content/hojo-undo/chi-ishi/attention-points.md,base,Veiligheidsrichtlijnen,line 61,safety,Controle: Stop bij pijn of ongemak,"Use Hojo Undo PDFs, docs/hojo_undo_extracted.txt, and equipment-specific source PDFs.",candidate
C00045,src/content/hojo-undo/chi-ishi/attention-points.md,base,Veiligheidsrichtlijnen,line 62,general,Begeleiding: Train onder deskundige begeleiding,"Use Hojo Undo PDFs, docs/hojo_undo_extracted.txt, and equipment-specific source PDFs.",candidate
C00046,src/content/hojo-undo/chi-ishi/attention-points.md,base,Veiligheidsrichtlijnen,line 64,technique,"De meeste van deze aandachtspunten komen ook veelvuldig terug bij kihon, sanchin kata, e.a.","Use Hojo Undo PDFs, docs/hojo_undo_extracted.txt, and equipment-specific source PDFs.",candidate
C00047,src/content/hojo-undo/chi-ishi/construction.md,base,Constructie (Construction),line 1,general,Constructie (Construction),"Use Hojo Undo PDFs, docs/hojo_undo_extracted.txt, and equipment-specific source PDFs.",candidate
C00048,src/content/hojo-undo/chi-ishi/construction.md,base,Lengte stok (inclusief steen),line 5,general,Lengte stok (inclusief steen),"Use Hojo Undo PDFs, docs/hojo_undo_extracted.txt, and equipment-specific source PDFs.",candidate
C00049,src/content/hojo-undo/chi-ishi/construction.md,base,Lengte stok (inclusief steen),line 6,general,Aanbevolen: Schouderbreedte,"Use Hojo Undo PDFs, docs/hojo_undo_extracted.txt, and equipment-specific source PDFs.",candidate
C00050,src/content/hojo-undo/chi-ishi/construction.md,base,Lengte stok (inclusief steen),line 7,general,"Lange varianten: Ook langere chi ishi zijn bekend, deze worden gebruikt voor het ontwikkelen van kracht voor werptechnieken","Use Hojo Undo PDFs, docs/hojo_undo_extracted.txt, and equipment-specific source PDFs.",candidate
C00051,src/content/hojo-undo/chi-ishi/construction.md,base,Lengte stok (inclusief steen),line 8,general,"Wapentraining: Zowel korte als lange chi ishi worden ook gebruikt als ondersteunende training voor training met wapens (zwaard, naginata, e.a.)","Use Hojo Undo PDFs, docs/hojo_undo_extracted.txt, and equipment-specific source PDFs.",candidate
C00052,src/content/hojo-undo/chi-ishi/construction.md,base,Diameter stok,line 10,general,Diameter stok,"Use Hojo Undo PDFs, docs/hojo_undo_extracted.txt, and equipment-specific source PDFs.",candidate
C00053,src/content/hojo-undo/chi-ishi/construction.md,base,Diameter stok,line 11,general,De dikte van de stok bepaalt het trainingseffect:,"Use Hojo Undo PDFs, docs/hojo_undo_extracted.txt, and equipment-specific source PDFs.",candidate
C00054,src/content/hojo-undo/chi-ishi/construction.md,base,Diameter stok,line 12,general,Dunne stok: Sluit aan bij het chinkuchi kakin moment van een stoot of slag met een gesloten vuist of bij het beetpakken/trekken aan de karate gi,"Use Hojo Undo PDFs, docs/hojo_undo_extracted.txt, and equipment-specific source PDFs.",candidate
C00055,src/content/hojo-undo/chi-ishi/construction.md,base,Diameter stok,line 13,general,Dikke stok: Sluit meer aan bij het beetpakken van de pols,"Use Hojo Undo PDFs, docs/hojo_undo_extracted.txt, and equipment-specific source PDFs.",candidate
C00056,src/content/hojo-undo/chi-ishi/construction.md,base,Diameter steen,line 15,general,Diameter steen,"Use Hojo Undo PDFs, docs/hojo_undo_extracted.txt, and equipment-specific source PDFs.",candidate
C00057,src/content/hojo-undo/chi-ishi/construction.md,base,Diameter steen,line 16,grading,Aanbevolen: Niet meer dan 20-30 cm,"Use Hojo Undo PDFs, docs/hojo_undo_extracted.txt, and equipment-specific source PDFs.",candidate
C00058,src/content/hojo-undo/chi-ishi/construction.md,base,Diameter steen,line 17,general,Reden: Beperkte bewegingsruimte die de steen heeft bij sommige oefeningen,"Use Hojo Undo PDFs, docs/hojo_undo_extracted.txt, and equipment-specific source PDFs.",candidate
C00059,src/content/hojo-undo/chi-ishi/construction.md,base,Diameter steen,line 18,general,"Effect: Een steen met een grote diameter, bij identiek gewicht, maakt de chi ishi meer 'top-zwaar', wat de oefeningen verzwaart","Use Hojo Undo PDFs, docs/hojo_undo_extracted.txt, and equipment-specific source PDFs.",candidate
C00060,src/content/hojo-undo/chi-ishi/construction.md,base,Hoogte steen,line 20,general,Hoogte steen,"Use Hojo Undo PDFs, docs/hojo_undo_extracted.txt, and equipment-specific source PDFs.",candidate
C00061,src/content/hojo-undo/chi-ishi/construction.md,base,Hoogte steen,line 21,grading,Normaal: Niet hoger dan 10-15 cm,"Use Hojo Undo PDFs, docs/hojo_undo_extracted.txt, and equipment-specific source PDFs.",candidate
C00062,src/content/hojo-undo/chi-ishi/construction.md,base,Hoogte steen,line 22,general,Afhankelijk van: Het gewenste gewicht,"Use Hojo Undo PDFs, docs/hojo_undo_extracted.txt, and equipment-specific source PDFs.",candidate
C00063,src/content/hojo-undo/chi-ishi/construction.md,base,Materiaal steen,line 26,general,Materiaal steen,"Use Hojo Undo PDFs, docs/hojo_undo_extracted.txt, and equipment-specific source PDFs.",candidate
C00064,src/content/hojo-undo/chi-ishi/construction.md,base,Materiaal steen,line 27,general,Om een zware steen te maken kun je gebruik maken van een betonmengsel waarin fijn grind is verwerkt.,"Use Hojo Undo PDFs, docs/hojo_undo_extracted.txt, and equipment-specific source PDFs.",candidate
C00065,src/content/hojo-undo/chi-ishi/construction.md,base,Materiaal steen,line 30,general,Blik methode: Gebruik een blik dat je erom heen laat of afknipt (moeilijker),"Use Hojo Undo PDFs, docs/hojo_undo_extracted.txt, and equipment-specific source PDFs.",candidate
C00066,src/content/hojo-undo/chi-ishi/construction.md,base,Materiaal steen,line 31,general,Plastic mal: Gebruik een emmer als mal,"Use Hojo Undo PDFs, docs/hojo_undo_extracted.txt, and equipment-specific source PDFs.",candidate
C00067,src/content/hojo-undo/chi-ishi/construction.md,base,Materiaal steen,line 32,general,Conische mal: Wanneer de mal conisch is kun je de chi ishi er makkelijker uittrekken,"Use Hojo Undo PDFs, docs/hojo_undo_extracted.txt, and equipment-specific source PDFs.",candidate
C00068,src/content/hojo-undo/chi-ishi/construction.md,base,Materiaal steen,line 33,general,Voorbehandeling: Eventueel kun je hem vooraf ook nog inoliën,"Use Hojo Undo PDFs, docs/hojo_undo_extracted.txt, and equipment-specific source PDFs.",candidate
C00069,src/content/hojo-undo/chi-ishi/construction.md,base,Verbinding stok-steen,line 35,general,Verbinding stok-steen,"Use Hojo Undo PDFs, docs/hojo_undo_extracted.txt, and equipment-specific source PDFs.",candidate
C00070,src/content/hojo-undo/chi-ishi/construction.md,base,Verbinding stok-steen,line 36,general,Voor de verbinding tussen stok en steen kun je gebruiken:,"Use Hojo Undo PDFs, docs/hojo_undo_extracted.txt, and equipment-specific source PDFs.",candidate
C00071,src/content/hojo-undo/chi-ishi/construction.md,base,Verbinding stok-steen,line 39,general,Schroefankertjes,"Use Hojo Undo PDFs, docs/hojo_undo_extracted.txt, and equipment-specific source PDFs.",candidate
C00072,src/content/hojo-undo/chi-ishi/construction.md,base,Verbinding stok-steen,line 41,general,"Lengte verbinding: Afhankelijk van de diameter van de steen. Als richtlijn kun je een lengte van 0,25 keer de diameter gebruiken.","Use Hojo Undo PDFs, docs/hojo_undo_extracted.txt, and equipment-specific source PDFs.",candidate
C00073,src/content/hojo-undo/chi-ishi/construction.md,base,Gewicht van de steen,line 45,general,Gewicht van de steen,"Use Hojo Undo PDFs, docs/hojo_undo_extracted.txt, and equipment-specific source PDFs.",candidate
C00074,src/content/hojo-undo/chi-ishi/construction.md,base,Gewicht van de steen,line 46,general,Beginners: 2-3 kg als richtlijn,"Use Hojo Undo PDFs, docs/hojo_undo_extracted.txt, and equipment-specific source PDFs.",candidate
C00075,src/content/hojo-undo/chi-ishi/construction.md,base,Gewicht van de steen,line 47,general,Gevorderden: 6-7 kg of zelfs 10 kg,"Use Hojo Undo PDFs, docs/hojo_undo_extracted.txt, and equipment-specific source PDFs.",candidate
C00076,src/content/hojo-undo/chi-ishi/construction.md,base,Gewicht van de steen,line 49,general,Tip: Het is een goed idee om het gewicht op de chi ishi te noteren. Dit kan een uitdaging voor je zijn en je kunt het gebruiken als indicatie voor je kracht en trainingstoestand.,"Use Hojo Undo PDFs, docs/hojo_undo_extracted.txt, and equipment-specific source PDFs.",candidate
C00077,src/content/hojo-undo/chi-ishi/construction.md,base,Bouwtips,line 53,general,Gewicht opbouwen: Begin met lichtere gewichten en bouw geleidelijk op,"Use Hojo Undo PDFs, docs/hojo_undo_extracted.txt, and equipment-specific source PDFs.",candidate
C00078,src/content/hojo-undo/chi-ishi/construction.md,base,Bouwtips,line 54,general,Balans: Zorg voor een goede balans tussen stok en steen,"Use Hojo Undo PDFs, docs/hojo_undo_extracted.txt, and equipment-specific source PDFs.",candidate
C00079,src/content/hojo-undo/chi-ishi/construction.md,base,Bouwtips,line 55,safety,Veiligheid: Controleer regelmatig de verbinding tussen stok en steen,"Use Hojo Undo PDFs, docs/hojo_undo_extracted.txt, and equipment-specific source PDFs.",candidate
C00080,src/content/hojo-undo/chi-ishi/construction.md,base,Bouwtips,line 56,general,Opslag: Bewaar de chi ishi op een droge plaats om roest te voorkomen,"Use Hojo Undo PDFs, docs/hojo_undo_extracted.txt, and equipment-specific source PDFs.",candidate
C00081,src/content/hojo-undo/chi-ishi/exercises.md,base,Oefeningen (Exercises),line 1,general,Oefeningen (Exercises),"Use Hojo Undo PDFs, docs/hojo_undo_extracted.txt, and equipment-specific source PDFs.",candidate
C00082,src/content/hojo-undo/chi-ishi/exercises.md,base,Chi Ishi Kata,line 3,technique,Chi Ishi Kata,"Use Hojo Undo PDFs, docs/hojo_undo_extracted.txt, and equipment-specific source PDFs.",candidate
C00083,src/content/hojo-undo/chi-ishi/exercises.md,base,Chi Ishi Kata,line 5,technique,"Als basisoefenstof is er een chi ishi kata. Deze kata staat o.a. vermeld in 'Traditional Karate, volume I', van Morio Higaonna. Deze kata is niet zo vast omlijnd als de heishu en kaishu katas. Er is een zekere speling gebruikelijk tussen het aantal herhalingen en de afwisseling links en rechts. Bijna alle oefeningen in deze kata maken gebruik van shiko dachi.","Use Hojo Undo PDFs, docs/hojo_undo_extracted.txt, and equipment-specific source PDFs.",candidate
C00084,src/content/hojo-undo/chi-ishi/exercises.md,base,Basis oefenserie (10 oefeningen),line 7,general,Basis oefenserie (10 oefeningen),"Use Hojo Undo PDFs, docs/hojo_undo_extracted.txt, and equipment-specific source PDFs.",candidate
C00085,src/content/hojo-undo/chi-ishi/exercises.md,base,Basis oefenserie (10 oefeningen),line 9,general,Van binnen uit opheffen + van buiten af opheffen,"Use Hojo Undo PDFs, docs/hojo_undo_extracted.txt, and equipment-specific source PDFs.",candidate
C00086,src/content/hojo-undo/chi-ishi/exercises.md,base,Basis oefenserie (10 oefeningen),line 10,general,Achter naar voren + van onder naar boven,"Use Hojo Undo PDFs, docs/hojo_undo_extracted.txt, and equipment-specific source PDFs.",candidate
C00087,src/content/hojo-undo/chi-ishi/exercises.md,base,Basis oefenserie (10 oefeningen),line 11,technique,Om en over de schouder zwaaien en voorwaarts uitdrukken (tate zuki),"Use Hojo Undo PDFs, docs/hojo_undo_extracted.txt, and equipment-specific source PDFs.",candidate
C00088,src/content/hojo-undo/chi-ishi/exercises.md,base,Basis oefenserie (10 oefeningen),line 12,general,Binnenlangs rond zwaaien en van buiten af opheffen + buitenlangs rond zwaaien en van binnen uit opheffen,"Use Hojo Undo PDFs, docs/hojo_undo_extracted.txt, and equipment-specific source PDFs.",candidate
C00089,src/content/hojo-undo/chi-ishi/exercises.md,base,Basis oefenserie (10 oefeningen),line 13,general,Wringen met de steen boven,"Use Hojo Undo PDFs, docs/hojo_undo_extracted.txt, and equipment-specific source PDFs.",candidate
C00090,src/content/hojo-undo/chi-ishi/exercises.md,base,Basis oefenserie (10 oefeningen),line 14,general,Wringen met de steen onder,"Use Hojo Undo PDFs, docs/hojo_undo_extracted.txt, and equipment-specific source PDFs.",candidate
C00091,src/content/hojo-undo/chi-ishi/exercises.md,base,Basis oefenserie (10 oefeningen),line 15,general,Wringen naar achteren met voorover buigen,"Use Hojo Undo PDFs, docs/hojo_undo_extracted.txt, and equipment-specific source PDFs.",candidate
C00092,src/content/hojo-undo/chi-ishi/exercises.md,base,Basis oefenserie (10 oefeningen),line 16,technique,Ura hiki uke,"Use Hojo Undo PDFs, docs/hojo_undo_extracted.txt, and equipment-specific source PDFs.",candidate
C00093,src/content/hojo-undo/chi-ishi/exercises.md,base,Basis oefenserie (10 oefeningen),line 17,technique,Morote chi ishi zuki,"Use Hojo Undo PDFs, docs/hojo_undo_extracted.txt, and equipment-specific source PDFs.",candidate
C00094,src/content/hojo-undo/chi-ishi/exercises.md,base,Variaties,line 21,general,Dubbele chi ishi: Een aantal van deze oefeningen kunnen ook met 2 chi ishis worden uitgevoerd,"Use Hojo Undo PDFs, docs/hojo_undo_extracted.txt, and equipment-specific source PDFs.",candidate
C00095,src/content/hojo-undo/chi-ishi/exercises.md,base,Variaties,line 22,general,Aantal herhalingen: Varieer tussen 5-15 herhalingen per kant,"Use Hojo Undo PDFs, docs/hojo_undo_extracted.txt, and equipment-specific source PDFs.",candidate
C00096,src/content/hojo-undo/chi-ishi/exercises.md,base,Variaties,line 23,general,"Tempo: Begin langzaam, bouw op naar snellere uitvoering","Use Hojo Undo PDFs, docs/hojo_undo_extracted.txt, and equipment-specific source PDFs.",candidate
C00097,src/content/hojo-undo/chi-ishi/exercises.md,base,Gevorderde oefeningen,line 25,general,Gevorderde oefeningen,"Use Hojo Undo PDFs, docs/hojo_undo_extracted.txt, and equipment-specific source PDFs.",candidate
C00098,src/content/hojo-undo/chi-ishi/exercises.md,base,Polszwaai-oefeningen,line 27,general,Polszwaai-oefeningen,"Use Hojo Undo PDFs, docs/hojo_undo_extracted.txt, and equipment-specific source PDFs.",candidate
C00099,src/content/hojo-undo/chi-ishi/exercises.md,base,Polszwaai-oefeningen,line 28,general,"Als gevorderde chi ishi oefening zijn de polszwaai-oefeningen gebruikelijk, waarbij de chi ishi met een of twee handen wordt rond gezwaaid in een cirkel- of lemniscaatvormige baan. Deze zwaai-oefeningen, in combinatie met andere oefeningen, kunnen uiteindelijk ook in vrije beweging als een soort van schaduwgevecht worden getraind.","Use Hojo Undo PDFs, docs/hojo_undo_extracted.txt, and equipment-specific source PDFs.",candidate
C00100,src/content/hojo-undo/chi-ishi/exercises.md,base,Schaduwgevecht,line 30,general,Schaduwgevecht,"Use Hojo Undo PDFs, docs/hojo_undo_extracted.txt, and equipment-specific source PDFs.",candidate
C00101,src/content/hojo-undo/chi-ishi/exercises.md,base,Schaduwgevecht,line 31,general,Combineer chi ishi oefeningen met vrije beweging,"Use Hojo Undo PDFs, docs/hojo_undo_extracted.txt, and equipment-specific source PDFs.",candidate
C00102,src/content/hojo-undo/chi-ishi/exercises.md,base,Schaduwgevecht,line 32,technique,Integreer in kata-achtige sequenties,"Use Hojo Undo PDFs, docs/hojo_undo_extracted.txt, and equipment-specific source PDFs.",candidate
C00103,src/content/hojo-undo/chi-ishi/exercises.md,base,Schaduwgevecht,line 33,general,Focus op vloeiende overgangen,"Use Hojo Undo PDFs, docs/hojo_undo_extracted.txt, and equipment-specific source PDFs.",candidate
C00104,src/content/hojo-undo/chi-ishi/exercises.md,base,Hardingstraining,line 35,general,Hardingstraining,"Use Hojo Undo PDFs, docs/hojo_undo_extracted.txt, and equipment-specific source PDFs.",candidate
C00105,src/content/hojo-undo/chi-ishi/exercises.md,base,Hardingstraining,line 37,general,De chi ishi kan ook worden gebruikt bij hardingstraining:,"Use Hojo Undo PDFs, docs/hojo_undo_extracted.txt, and equipment-specific source PDFs.",candidate
C00106,src/content/hojo-undo/chi-ishi/exercises.md,base,Steen oefeningen,line 39,general,Steen oefeningen,"Use Hojo Undo PDFs, docs/hojo_undo_extracted.txt, and equipment-specific source PDFs.",candidate
C00107,src/content/hojo-undo/chi-ishi/exercises.md,base,Steen oefeningen,line 40,general,Tegen aan slaan: Gebruik de steen om tegen aan te slaan,"Use Hojo Undo PDFs, docs/hojo_undo_extracted.txt, and equipment-specific source PDFs.",candidate
C00108,src/content/hojo-undo/chi-ishi/exercises.md,base,Steen oefeningen,line 41,general,Buik training: Laat de steen tegen de buik aan zwaaien om te leren een klap op te vangen,"Use Hojo Undo PDFs, docs/hojo_undo_extracted.txt, and equipment-specific source PDFs.",candidate
C00109,src/content/hojo-undo/chi-ishi/exercises.md,base,Steen oefeningen,line 42,general,Partner oefeningen: Dit laatste kan ook met partner worden beoefend,"Use Hojo Undo PDFs, docs/hojo_undo_extracted.txt, and equipment-specific source PDFs.",candidate
C00110,src/content/hojo-undo/chi-ishi/exercises.md,base,Stok oefeningen,line 44,general,Stok oefeningen,"Use Hojo Undo PDFs, docs/hojo_undo_extracted.txt, and equipment-specific source PDFs.",candidate
C00111,src/content/hojo-undo/chi-ishi/exercises.md,base,Stok oefeningen,line 45,general,Scheenbeen training: Met de stok kan men over het scheenbeen rollen om de circulatie te verbeteren en te wennen aan de inwerking van krachten op het scheenbeen,"Use Hojo Undo PDFs, docs/hojo_undo_extracted.txt, and equipment-specific source PDFs.",candidate
C00112,src/content/hojo-undo/chi-ishi/exercises.md,base,Training principes,line 47,general,Training principes,"Use Hojo Undo PDFs, docs/hojo_undo_extracted.txt, and equipment-specific source PDFs.",candidate
C00113,src/content/hojo-undo/chi-ishi/exercises.md,base,Interne aandachtspunten,line 49,general,Interne aandachtspunten,"Use Hojo Undo PDFs, docs/hojo_undo_extracted.txt, and equipment-specific source PDFs.",candidate
C00114,src/content/hojo-undo/chi-ishi/exercises.md,base,Interne aandachtspunten,line 50,general,"Bij het oefenen met de chi ishis moet je niet alleen proberen zo veel mogelijk trainingsarbeid in een korte tijd te verrichten, maar ook letten op de interne aandachtspunten:","Use Hojo Undo PDFs, docs/hojo_undo_extracted.txt, and equipment-specific source PDFs.",candidate
C00115,src/content/hojo-undo/chi-ishi/exercises.md,base,Interne aandachtspunten,line 53,general,Blijf je voortdurend optimaal op je voeten steunen?,"Use Hojo Undo PDFs, docs/hojo_undo_extracted.txt, and equipment-specific source PDFs.",candidate
C00116,src/content/hojo-undo/chi-ishi/exercises.md,base,Interne aandachtspunten,line 54,general,Maak je de beweging vanuit je tanden of een geïsoleerde beweging vanuit je schouder?,"Use Hojo Undo PDFs, docs/hojo_undo_extracted.txt, and equipment-specific source PDFs.",candidate
C00117,src/content/hojo-undo/chi-ishi/exercises.md,base,Interne aandachtspunten,line 55,general,Strookt de beweging met je ademhaling?,"Use Hojo Undo PDFs, docs/hojo_undo_extracted.txt, and equipment-specific source PDFs.",candidate
C00118,src/content/hojo-undo/chi-ishi/exercises.md,base,Interne aandachtspunten,line 56,general,Behoud je worteling onder druk?,"Use Hojo Undo PDFs, docs/hojo_undo_extracted.txt, and equipment-specific source PDFs.",candidate
C00119,src/content/hojo-undo/chi-ishi/exercises.md,base,Gewicht en techniek balans,line 58,general,Gewicht en techniek balans,"Use Hojo Undo PDFs, docs/hojo_undo_extracted.txt, and equipment-specific source PDFs.",candidate
C00120,src/content/hojo-undo/chi-ishi/exercises.md,base,Gewicht en techniek balans,line 61,general,Groter trainingseffect t.a.v. kracht en doorzettingsvermogen,"Use Hojo Undo PDFs, docs/hojo_undo_extracted.txt, and equipment-specific source PDFs.",candidate
C00121,src/content/hojo-undo/chi-ishi/exercises.md,base,Gewicht en techniek balans,line 62,general,Risico: bewegingsprincipes loslaten in de strijd met het gewicht,"Use Hojo Undo PDFs, docs/hojo_undo_extracted.txt, and equipment-specific source PDFs.",candidate
C00122,src/content/hojo-undo/chi-ishi/exercises.md,base,Gewicht en techniek balans,line 63,safety,Gevaar: inefficiënte bewegingspatronen aanleren,"Use Hojo Undo PDFs, docs/hojo_undo_extracted.txt, and equipment-specific source PDFs.",candidate
C00123,src/content/hojo-undo/chi-ishi/exercises.md,base,Gewicht en techniek balans,line 66,general,Makkelijker om in lijn met bewegingsprincipes te blijven,"Use Hojo Undo PDFs, docs/hojo_undo_extracted.txt, and equipment-specific source PDFs.",candidate
C00124,src/content/hojo-undo/chi-ishi/exercises.md,base,Gewicht en techniek balans,line 67,general,Nadeel: niet leren om principes onder druk vast te houden,"Use Hojo Undo PDFs, docs/hojo_undo_extracted.txt, and equipment-specific source PDFs.",candidate
C00125,src/content/hojo-undo/chi-ishi/exercises.md,base,Training filosofie,line 69,general,Training filosofie,"Use Hojo Undo PDFs, docs/hojo_undo_extracted.txt, and equipment-specific source PDFs.",candidate
C00126,src/content/hojo-undo/chi-ishi/exercises.md,base,Training filosofie,line 72,general,Het trainen met lichte chi ishi is een benadering om te leren een beweging met een minimale inspanning uit te voeren,"Use Hojo Undo PDFs, docs/hojo_undo_extracted.txt, and equipment-specific source PDFs.",candidate
C00127,src/content/hojo-undo/chi-ishi/exercises.md,base,Training filosofie,line 75,general,In een hele zware sessie kan men ontdekken hoe een beweging met minimaal krachtgebruik mogelijk is,"Use Hojo Undo PDFs, docs/hojo_undo_extracted.txt, and equipment-specific source PDFs.",candidate
C00128,src/content/hojo-undo/chi-ishi/exercises.md,base,Training filosofie,line 76,general,Het hangt er maar vanaf of je je 'kop' erbij hebt (mentale focus),"Use Hojo Undo PDFs, docs/hojo_undo_extracted.txt, and equipment-specific source PDFs.",candidate
C00129,src/content/hojo-undo/chi-ishi/exercises.md,base,Praktische tips,line 78,general,Praktische tips,"Use Hojo Undo PDFs, docs/hojo_undo_extracted.txt, and equipment-specific source PDFs.",candidate
C00130,src/content/hojo-undo/chi-ishi/exercises.md,base,Praktische tips,line 80,general,Opbouw: Begin altijd met lichtere gewichten,"Use Hojo Undo PDFs, docs/hojo_undo_extracted.txt, and equipment-specific source PDFs.",candidate
C00131,src/content/hojo-undo/chi-ishi/exercises.md,base,Praktische tips,line 81,general,Techniek voor kracht: Focus eerst op correcte uitvoering,"Use Hojo Undo PDFs, docs/hojo_undo_extracted.txt, and equipment-specific source PDFs.",candidate
C00132,src/content/hojo-undo/chi-ishi/exercises.md,base,Praktische tips,line 82,technique,Ademhaling: Integreer sanchin ademhaling,"Use Hojo Undo PDFs, docs/hojo_undo_extracted.txt, and equipment-specific source PDFs.",candidate
C00133,src/content/hojo-undo/chi-ishi/exercises.md,base,Praktische tips,line 83,general,Rust: Neem voldoende rust tussen series,"Use Hojo Undo PDFs, docs/hojo_undo_extracted.txt, and equipment-specific source PDFs.",candidate
C00134,src/content/hojo-undo/chi-ishi/exercises.md,base,Praktische tips,line 84,general,Variatie: Wissel af tussen verschillende oefeningen,"Use Hojo Undo PDFs, docs/hojo_undo_extracted.txt, and equipment-specific source PDFs.",candidate
C00135,src/content/hojo-undo/chi-ishi/exercises.md,base,Praktische tips,line 85,general,Begeleiding: Train onder deskundige begeleiding,"Use Hojo Undo PDFs, docs/hojo_undo_extracted.txt, and equipment-specific source PDFs.",candidate
C00136,src/content/hojo-undo/chi-ishi/exercises.md,base,Creatieve toepassingen,line 87,general,Creatieve toepassingen,"Use Hojo Undo PDFs, docs/hojo_undo_extracted.txt, and equipment-specific source PDFs.",candidate
C00137,src/content/hojo-undo/chi-ishi/exercises.md,base,Creatieve toepassingen,line 89,general,Uiteraard zijn er tal van andere zinnige oefeningen denkbaar. Experimenteer met:,"Use Hojo Undo PDFs, docs/hojo_undo_extracted.txt, and equipment-specific source PDFs.",candidate
C00138,src/content/hojo-undo/chi-ishi/exercises.md,base,Creatieve toepassingen,line 90,technique,"Verschillende standen (neko ashi dachi, heiko dachi)","Use Hojo Undo PDFs, docs/hojo_undo_extracted.txt, and equipment-specific source PDFs.",candidate
C00139,src/content/hojo-undo/chi-ishi/exercises.md,base,Creatieve toepassingen,line 91,general,Combinaties met andere hojo undo hulpmiddelen,"Use Hojo Undo PDFs, docs/hojo_undo_extracted.txt, and equipment-specific source PDFs.",candidate
C00140,src/content/hojo-undo/chi-ishi/exercises.md,base,Creatieve toepassingen,line 92,technique,Integratie in kata training,"Use Hojo Undo PDFs, docs/hojo_undo_extracted.txt, and equipment-specific source PDFs.",candidate
C00141,src/content/hojo-undo/chi-ishi/exercises.md,base,Creatieve toepassingen,line 93,general,Partner oefeningen,"Use Hojo Undo PDFs, docs/hojo_undo_extracted.txt, and equipment-specific source PDFs.",candidate
C00142,src/content/hojo-undo/chi-ishi/function.md,base,Functie (Function),line 1,general,Functie (Function),"Use Hojo Undo PDFs, docs/hojo_undo_extracted.txt, and equipment-specific source PDFs.",candidate
C00143,src/content/hojo-undo/chi-ishi/function.md,base,Functie (Function),line 3,general,"De chi ishi is een 'stenen hefboom gewicht'. Het wordt nog steeds gebruikt in China, o.a. in de provincie Fuzhou.","Use Hojo Undo PDFs, docs/hojo_undo_extracted.txt, and equipment-specific source PDFs.",candidate
C00144,src/content/hojo-undo/chi-ishi/function.md,base,Belangrijkste functies:,line 5,general,Belangrijkste functies:,"Use Hojo Undo PDFs, docs/hojo_undo_extracted.txt, and equipment-specific source PDFs.",candidate
C00145,src/content/hojo-undo/chi-ishi/function.md,base,Belangrijkste functies:,line 7,technique,"Versterkt met name de spieren van de onderarm en hand. Derhalve dient het ter ondersteuning van de stabiliteit van de pols bij stoot- en slagtechnieken met de vuist. Ook wordt de grip versterkt wat een belangrijke rol speelt bij allerlei technieken van het nabije gevecht, zoals trek-, werp- en klemtechnieken en hiki uke.","Use Hojo Undo PDFs, docs/hojo_undo_extracted.txt, and equipment-specific source PDFs.",candidate
C00146,src/content/hojo-undo/chi-ishi/function.md,base,Belangrijkste functies:,line 9,general,"Ontwikkeling van muchimi kracht: Omdat de weerstand in de totale beweging verhoogd is, ontwikkelen de chi ishi oefeningen de muchimi kracht, op voorwaarde dat de beweging niet te explosief wordt uitgevoerd.","Use Hojo Undo PDFs, docs/hojo_undo_extracted.txt, and equipment-specific source PDFs.",candidate
C00147,src/content/hojo-undo/chi-ishi/function.md,base,Belangrijkste functies:,line 11,general,Ontwikkeling van chinkuchi kakin kracht: Het vastknijpen van de stok aan het einde van de bewegingen ontwikkelt de chinkuchi kakin kracht.,"Use Hojo Undo PDFs, docs/hojo_undo_extracted.txt, and equipment-specific source PDFs.",candidate
C00148,src/content/hojo-undo/chi-ishi/function.md,base,Trainingseffecten:,line 13,general,Trainingseffecten:,"Use Hojo Undo PDFs, docs/hojo_undo_extracted.txt, and equipment-specific source PDFs.",candidate
C00149,src/content/hojo-undo/chi-ishi/function.md,base,Trainingseffecten:,line 15,general,Polsstabiliteit: Verbetert de stabiliteit van de pols bij stoot- en slagtechnieken,"Use Hojo Undo PDFs, docs/hojo_undo_extracted.txt, and equipment-specific source PDFs.",candidate
C00150,src/content/hojo-undo/chi-ishi/function.md,base,Trainingseffecten:,line 16,general,Grijpkracht: Versterkt de grip voor nabijgevecht technieken,"Use Hojo Undo PDFs, docs/hojo_undo_extracted.txt, and equipment-specific source PDFs.",candidate
C00151,src/content/hojo-undo/chi-ishi/function.md,base,Trainingseffecten:,line 17,general,Spiercoördinatie: Ontwikkelt de coördinatie tussen verschillende spiergroepen,"Use Hojo Undo PDFs, docs/hojo_undo_extracted.txt, and equipment-specific source PDFs.",candidate
C00152,src/content/hojo-undo/chi-ishi/function.md,base,Trainingseffecten:,line 18,general,Krachtoverdracht: Leert efficiënte krachtoverdracht van lichaam naar handen,"Use Hojo Undo PDFs, docs/hojo_undo_extracted.txt, and equipment-specific source PDFs.",candidate
C00153,src/content/hojo-undo/chi-ishi/function.md,base,Trainingseffecten:,line 19,general,Ademhalingscoördinatie: Integreert ademhaling met beweging,"Use Hojo Undo PDFs, docs/hojo_undo_extracted.txt, and equipment-specific source PDFs.",candidate
C00154,src/content/hojo-undo/chi-ishi/function.md,base,Toepassingen in gevecht:,line 21,general,Toepassingen in gevecht:,"Use Hojo Undo PDFs, docs/hojo_undo_extracted.txt, and equipment-specific source PDFs.",candidate
C00155,src/content/hojo-undo/chi-ishi/function.md,base,Toepassingen in gevecht:,line 23,general,Trektechnieken: Voor het effectief trekken van tegenstanders,"Use Hojo Undo PDFs, docs/hojo_undo_extracted.txt, and equipment-specific source PDFs.",candidate
C00156,src/content/hojo-undo/chi-ishi/function.md,base,Toepassingen in gevecht:,line 24,general,Werptechnieken: Voor het ontwikkelen van kracht bij worpen,"Use Hojo Undo PDFs, docs/hojo_undo_extracted.txt, and equipment-specific source PDFs.",candidate
C00157,src/content/hojo-undo/chi-ishi/function.md,base,Toepassingen in gevecht:,line 25,general,Klemtechnieken: Voor het versterken van grepen en klemmen,"Use Hojo Undo PDFs, docs/hojo_undo_extracted.txt, and equipment-specific source PDFs.",candidate
C00158,src/content/hojo-undo/chi-ishi/function.md,base,Toepassingen in gevecht:,line 26,technique,Hiki uke: Voor het verbeteren van trekkende blokken,"Use Hojo Undo PDFs, docs/hojo_undo_extracted.txt, and equipment-specific source PDFs.",candidate
C00159,src/content/hojo-undo/chi-ishi/function.md,base,Toepassingen in gevecht:,line 27,grading,Vitale punten: Voor het effectief aanvallen van kyusho (vitale punten),"Use Hojo Undo PDFs, docs/hojo_undo_extracted.txt, and equipment-specific source PDFs.",candidate
C00160,src/content/hojo-undo/introduction.md,base,Hojo Undo (補助運動): Traditionele Krachttraining,line 1,general,Hojo Undo (補助運動): Traditionele Krachttraining,"Use Hojo Undo PDFs, docs/hojo_undo_extracted.txt, and equipment-specific source PDFs.",candidate
C00161,src/content/hojo-undo/introduction.md,base,Hojo Undo (補助運動): Traditionele Krachttraining,line 3,definition,"Hojo undo, wat letterlijk 'ondersteunende training' betekent, is een essentieel onderdeel van het Okinawa Goju-ryu Karate-do systeem. Het wordt vaak aangeduid als 'traditionele krachttraining'.","Use Hojo Undo PDFs, docs/hojo_undo_extracted.txt, and equipment-specific source PDFs.",candidate
C00162,src/content/hojo-undo/introduction.md,base,Twee Hoofdonderdelen,line 7,general,Twee Hoofdonderdelen,"Use Hojo Undo PDFs, docs/hojo_undo_extracted.txt, and equipment-specific source PDFs.",candidate
C00163,src/content/hojo-undo/introduction.md,base,Twee Hoofdonderdelen,line 9,general,De hojo undo is opgebouwd uit twee hoofdonderdelen:,"Use Hojo Undo PDFs, docs/hojo_undo_extracted.txt, and equipment-specific source PDFs.",candidate
C00164,src/content/hojo-undo/introduction.md,base,Twee Hoofdonderdelen,line 12,general,"Hierbij wordt gebruik gemaakt van diverse hulpmiddelen, waaronder:","Use Hojo Undo PDFs, docs/hojo_undo_extracted.txt, and equipment-specific source PDFs.",candidate
C00165,src/content/hojo-undo/introduction.md,base,Twee Hoofdonderdelen,line 13,general,Chi ishi: Stenen hefboom gewicht,"Use Hojo Undo PDFs, docs/hojo_undo_extracted.txt, and equipment-specific source PDFs.",candidate
C00166,src/content/hojo-undo/introduction.md,base,Twee Hoofdonderdelen,line 14,general,Nigiri game: Grijpvazen,"Use Hojo Undo PDFs, docs/hojo_undo_extracted.txt, and equipment-specific source PDFs.",candidate
C00167,src/content/hojo-undo/introduction.md,base,Twee Hoofdonderdelen,line 15,general,Kongoken: Ijzeren ovaal,"Use Hojo Undo PDFs, docs/hojo_undo_extracted.txt, and equipment-specific source PDFs.",candidate
C00168,src/content/hojo-undo/introduction.md,base,Twee Hoofdonderdelen,line 16,general,Ishi sashi: Stenen hangsloten,"Use Hojo Undo PDFs, docs/hojo_undo_extracted.txt, and equipment-specific source PDFs.",candidate
C00169,src/content/hojo-undo/introduction.md,base,Twee Hoofdonderdelen,line 18,general,2. Hardingsoefeningen (Hardening Exercises),"Use Hojo Undo PDFs, docs/hojo_undo_extracted.txt, and equipment-specific source PDFs.",candidate
C00170,src/content/hojo-undo/introduction.md,base,Twee Hoofdonderdelen,line 19,general,"De focus ligt hier op de makiwara (stootplank), maar ook andere hulpmiddelen worden gebruikt:","Use Hojo Undo PDFs, docs/hojo_undo_extracted.txt, and equipment-specific source PDFs.",candidate
C00171,src/content/hojo-undo/introduction.md,base,Twee Hoofdonderdelen,line 20,general,Suna bako: Zandemmer,"Use Hojo Undo PDFs, docs/hojo_undo_extracted.txt, and equipment-specific source PDFs.",candidate
C00172,src/content/hojo-undo/introduction.md,base,Twee Hoofdonderdelen,line 21,general,Jari bako: Grindemmer,"Use Hojo Undo PDFs, docs/hojo_undo_extracted.txt, and equipment-specific source PDFs.",candidate
C00173,src/content/hojo-undo/introduction.md,base,Twee Hoofdonderdelen,line 22,general,Tanren kumite: Hardingsoefeningen met een partner,"Use Hojo Undo PDFs, docs/hojo_undo_extracted.txt, and equipment-specific source PDFs.",candidate
C00174,src/content/hojo-undo/introduction.md,base,Centrale Principes,line 26,general,Centrale Principes,"Use Hojo Undo PDFs, docs/hojo_undo_extracted.txt, and equipment-specific source PDFs.",candidate
C00175,src/content/hojo-undo/introduction.md,base,Centrale Principes,line 28,technique,"De kern van hojo undo is de gecoördineerde inzet van lichaam, adem (ki & ademhaling) en geest. Deze harmonisatie volgt dezelfde principes als de heishugata (Sanchin en Tensho) en ondersteunt zo het Goju-ryu systeem als geheel.","Use Hojo Undo PDFs, docs/hojo_undo_extracted.txt, and equipment-specific source PDFs.",candidate
C00176,src/content/hojo-undo/introduction.md,base,Historische Achtergrond,line 32,general,Historische Achtergrond,"Use Hojo Undo PDFs, docs/hojo_undo_extracted.txt, and equipment-specific source PDFs.",candidate
C00177,src/content/hojo-undo/introduction.md,base,Historische Achtergrond,line 34,history,De meeste hojo undo hulpmiddelen zijn van Chinese origine en werden gebruikt in de zuidelijke Shaolin-vuiststijl. De kongoken is een uitzondering; dit hulpmiddel werd door Chojun Miyagi ontdekt in Hawaï (1934) en geïntegreerd in het curriculum. De makiwara is een uniek Okinawaans trainingshulpmiddel.,"Use Hojo Undo PDFs, docs/hojo_undo_extracted.txt, and equipment-specific source PDFs.",candidate
C00178,src/content/hojo-undo/introduction.md,base,Trainingseffecten,line 38,general,Trainingseffecten,"Use Hojo Undo PDFs, docs/hojo_undo_extracted.txt, and equipment-specific source PDFs.",candidate
C00179,src/content/hojo-undo/introduction.md,base,Trainingseffecten,line 40,general,De training biedt een breed scala aan voordelen:,"Use Hojo Undo PDFs, docs/hojo_undo_extracted.txt, and equipment-specific source PDFs.",candidate
C00180,src/content/hojo-undo/introduction.md,base,Trainingseffecten,line 43,general,Krachtontwikkeling: Versterking van spieren en spierketens.,"Use Hojo Undo PDFs, docs/hojo_undo_extracted.txt, and equipment-specific source PDFs.",candidate
C00181,src/content/hojo-undo/introduction.md,base,Trainingseffecten,line 44,general,Uithoudingsvermogen: Verbetering van kracht-uithoudingsvermogen.,"Use Hojo Undo PDFs, docs/hojo_undo_extracted.txt, and equipment-specific source PDFs.",candidate
C00182,src/content/hojo-undo/introduction.md,base,Trainingseffecten,line 45,general,Coördinatie: Ontwikkeling van motorische vaardigheden.,"Use Hojo Undo PDFs, docs/hojo_undo_extracted.txt, and equipment-specific source PDFs.",candidate
C00183,src/content/hojo-undo/introduction.md,base,Trainingseffecten,line 46,general,Stabiliteit: Verbetering van houding en balans.,"Use Hojo Undo PDFs, docs/hojo_undo_extracted.txt, and equipment-specific source PDFs.",candidate
C00184,src/content/hojo-undo/introduction.md,base,Trainingseffecten,line 49,technique,Kata Verbetering: Zowel kaishugata als heishugata worden makkelijker uitvoerbaar.,"Use Hojo Undo PDFs, docs/hojo_undo_extracted.txt, and equipment-specific source PDFs.",candidate
C00185,src/content/hojo-undo/introduction.md,base,Trainingseffecten,line 50,general,Kihon Versterking: Krachtigere en stabielere basistechnieken.,"Use Hojo Undo PDFs, docs/hojo_undo_extracted.txt, and equipment-specific source PDFs.",candidate
C00186,src/content/hojo-undo/introduction.md,base,Trainingseffecten,line 51,general,Kumite Ontwikkeling: Effectievere gevechtstechnieken.,"Use Hojo Undo PDFs, docs/hojo_undo_extracted.txt, and equipment-specific source PDFs.",candidate
C00187,src/content/hojo-undo/introduction.md,base,Trainingseffecten,line 54,general,Focus: Verbeterde concentratie en mentale discipline.,"Use Hojo Undo PDFs, docs/hojo_undo_extracted.txt, and equipment-specific source PDFs.",candidate
C00188,src/content/hojo-undo/introduction.md,base,Trainingseffecten,line 55,general,Doorzettingsvermogen: Ontwikkeling van mentale kracht.,"Use Hojo Undo PDFs, docs/hojo_undo_extracted.txt, and equipment-specific source PDFs.",candidate
C00189,src/content/hojo-undo/introduction.md,base,Trainingseffecten,line 56,general,Zelfvertrouwen: Toename van zelfvertrouwen door kracht.,"Use Hojo Undo PDFs, docs/hojo_undo_extracted.txt, and equipment-specific source PDFs.",candidate
C00190,src/content/hojo-undo/introduction.md,base,Trainingsprincipes,line 60,general,Trainingsprincipes,"Use Hojo Undo PDFs, docs/hojo_undo_extracted.txt, and equipment-specific source PDFs.",candidate
C00191,src/content/hojo-undo/introduction.md,base,Trainingsprincipes,line 62,general,"Naast de coördinatie van lichaam, adem en geest, richt de training zich op:","Use Hojo Undo PDFs, docs/hojo_undo_extracted.txt, and equipment-specific source PDFs.",candidate
C00192,src/content/hojo-undo/introduction.md,base,Trainingsprincipes,line 64,grading,"Grijp- en Knijpkracht: Essentieel voor pakkingen, klemmen, en het effectief raken van vitale punten (kyusho).","Use Hojo Undo PDFs, docs/hojo_undo_extracted.txt, and equipment-specific source PDFs.",candidate
C00193,src/content/hojo-undo/introduction.md,base,Trainingsprincipes,line 65,general,Worteling en Aarding: Cruciaal voor het omgaan met verticale (aarding) en horizontale (worteling) krachten en het behouden van balans.,"Use Hojo Undo PDFs, docs/hojo_undo_extracted.txt, and equipment-specific source PDFs.",candidate
C00194,src/content/hojo-undo/introduction.md,base,Moderne Toepassingen en Wetenschap,line 69,general,Moderne Toepassingen en Wetenschap,"Use Hojo Undo PDFs, docs/hojo_undo_extracted.txt, and equipment-specific source PDFs.",candidate
C00195,src/content/hojo-undo/introduction.md,base,Moderne Toepassingen en Wetenschap,line 71,general,"Hoewel traditioneel, vinden de principes van hojo undo weerklank in moderne westerse wetenschap, met name in modellen rond motorische coördinatie, sensorische terugkoppeling en psycho-motorische principes. Gevorderde trainingsvormen zoals complexe training en contrast training integreren deze concepten.","Use Hojo Undo PDFs, docs/hojo_undo_extracted.txt, and equipment-specific source PDFs.",candidate
C00196,src/content/hojo-undo/introduction.md,base,Veiligheidsrichtlijnen,line 75,safety,Veiligheidsrichtlijnen,"Use Hojo Undo PDFs, docs/hojo_undo_extracted.txt, and equipment-specific source PDFs.",candidate
C00197,src/content/hojo-undo/introduction.md,base,Veiligheidsrichtlijnen,line 77,general,Deskundige begeleiding is essentieel voor een verantwoorde beoefening. Belangrijke aandachtspunten zijn:,"Use Hojo Undo PDFs, docs/hojo_undo_extracted.txt, and equipment-specific source PDFs.",candidate
C00198,src/content/hojo-undo/introduction.md,base,Veiligheidsrichtlijnen,line 79,general,"Correcte Instructie: Focus op de coördinatie van lichaam, adem en geest.","Use Hojo Undo PDFs, docs/hojo_undo_extracted.txt, and equipment-specific source PDFs.",candidate
C00199,src/content/hojo-undo/introduction.md,base,Veiligheidsrichtlijnen,line 80,general,Gedoseerde Opbouw: Verhoog de intensiteit en het gewicht geleidelijk (beginners: 2-3 kg).,"Use Hojo Undo PDFs, docs/hojo_undo_extracted.txt, and equipment-specific source PDFs.",candidate
C00200,src/content/hojo-undo/introduction.md,base,Veiligheidsrichtlijnen,line 81,general,Techniek boven Gewicht: Zorg voor een correcte uitvoering voordat het gewicht wordt verhoogd.,"Use Hojo Undo PDFs, docs/hojo_undo_extracted.txt, and equipment-specific source PDFs.",candidate
C00201,src/content/hojo-undo/introduction.md,base,Veiligheidsrichtlijnen,line 82,general,Rust en Herstel: Plan voldoende rust tussen de trainingssessies.,"Use Hojo Undo PDFs, docs/hojo_undo_extracted.txt, and equipment-specific source PDFs.",candidate
C00202,src/content/hojo-undo/introduction.md,base,Veiligheidsrichtlijnen,line 86,general,"> De hojo undo is een onmisbaar onderdeel van Goju-ryu. Het ontwikkelt niet alleen fysieke kracht, maar verbetert ook technische vaardigheden en versterkt de mentale discipline, wat bijdraagt aan de vorming van een complete karateka.","Use Hojo Undo PDFs, docs/hojo_undo_extracted.txt, and equipment-specific source PDFs.",candidate
C00203,src/content/hojo-undo/ishi-sashi/attention-points.md,base,Aandachtspunten (Points of Attention),line 1,general,Aandachtspunten (Points of Attention),"Use Hojo Undo PDFs, docs/hojo_undo_extracted.txt, and equipment-specific source PDFs.",candidate
C00204,src/content/hojo-undo/ishi-sashi/attention-points.md,base,Aandachtspunten (Points of Attention),line 3,definition,"De aandachtspunten bij de ishi sashi oefeningen zijn niet wezenlijk anders dan bij de andere hojo undo oefeningen. De volgende aandachtspunten worden steeds benadrukt, ze zijn letterlijk vertaald van teksten of uitspraken van Higaonna Sensei. Het is echter de moeite waard om je eigen woorden te kiezen die naar jou idee en gevoel de beste brug vormen tussen praktijk en theorie.","Use Hojo Undo PDFs, docs/hojo_undo_extracted.txt, and equipment-specific source PDFs.",candidate
C00205,src/content/hojo-undo/ishi-sashi/attention-points.md,base,Aandachtspunten (Points of Attention),line 5,general,'Hou de ruggegraat recht',"Use Hojo Undo PDFs, docs/hojo_undo_extracted.txt, and equipment-specific source PDFs.",candidate
C00206,src/content/hojo-undo/ishi-sashi/attention-points.md,base,Aandachtspunten (Points of Attention),line 6,general,'Trek de kin in',"Use Hojo Undo PDFs, docs/hojo_undo_extracted.txt, and equipment-specific source PDFs.",candidate
C00207,src/content/hojo-undo/ishi-sashi/attention-points.md,base,Aandachtspunten (Points of Attention),line 7,general,'Duw krachtig op de grond met de zolen van de voeten',"Use Hojo Undo PDFs, docs/hojo_undo_extracted.txt, and equipment-specific source PDFs.",candidate
C00208,src/content/hojo-undo/ishi-sashi/attention-points.md,base,Aandachtspunten (Points of Attention),line 8,general,'Span het hele lichaam aan',"Use Hojo Undo PDFs, docs/hojo_undo_extracted.txt, and equipment-specific source PDFs.",candidate
C00209,src/content/hojo-undo/ishi-sashi/attention-points.md,base,Aandachtspunten (Points of Attention),line 9,general,'Zet de schouder naar beneden toe vast',"Use Hojo Undo PDFs, docs/hojo_undo_extracted.txt, and equipment-specific source PDFs.",candidate
C00210,src/content/hojo-undo/ishi-sashi/attention-points.md,base,Aandachtspunten (Points of Attention),line 10,general,'Span de Latissimus dorsi aan',"Use Hojo Undo PDFs, docs/hojo_undo_extracted.txt, and equipment-specific source PDFs.",candidate
C00211,src/content/hojo-undo/ishi-sashi/attention-points.md,base,Aandachtspunten (Points of Attention),line 11,general,'Grijp vast',"Use Hojo Undo PDFs, docs/hojo_undo_extracted.txt, and equipment-specific source PDFs.",candidate
C00212,src/content/hojo-undo/ishi-sashi/attention-points.md,base,Aandachtspunten (Points of Attention),line 12,general,'Concentreer al je kracht in het tanden',"Use Hojo Undo PDFs, docs/hojo_undo_extracted.txt, and equipment-specific source PDFs.",candidate
C00213,src/content/hojo-undo/ishi-sashi/attention-points.md,base,Aandachtspunten (Points of Attention),line 13,general,'Adem uit vanuit het tanden',"Use Hojo Undo PDFs, docs/hojo_undo_extracted.txt, and equipment-specific source PDFs.",candidate
C00214,src/content/hojo-undo/ishi-sashi/attention-points.md,base,Aandachtspunten (Points of Attention),line 14,general,'Combineer de externe spierkracht en de interne kracht van de adem',"Use Hojo Undo PDFs, docs/hojo_undo_extracted.txt, and equipment-specific source PDFs.",candidate
C00215,src/content/hojo-undo/ishi-sashi/attention-points.md,base,Aandachtspunten (Points of Attention),line 16,technique,"De meeste van deze aandachtspunten komen ook veelvuldig terug bij kihon, sanchin kata, e.a. Merk op dat sommige van deze aandachtspunten met name voor een specifiek deel van een beweging, b. v. het eindpunt, gelden.","Use Hojo Undo PDFs, docs/hojo_undo_extracted.txt, and equipment-specific source PDFs.",candidate
C00216,src/content/hojo-undo/ishi-sashi/construction.md,base,Constructie (Construction),line 1,general,Constructie (Construction),"Use Hojo Undo PDFs, docs/hojo_undo_extracted.txt, and equipment-specific source PDFs.",candidate
C00217,src/content/hojo-undo/ishi-sashi/construction.md,base,Traditionele Materialen,line 3,general,Traditionele Materialen,"Use Hojo Undo PDFs, docs/hojo_undo_extracted.txt, and equipment-specific source PDFs.",candidate
C00218,src/content/hojo-undo/ishi-sashi/construction.md,base,Traditionele Materialen,line 5,general,"Voor het maken van ishi sashi is iemand nodig die kan lassen. Meest voor de hand ligt een metalen plaat of stuk staaf als gewicht met daarop een beugel (handvat) gelast. De beugel kan aan beide zijden worden omgeven met een halve ronde stok, bijvoorbeeld een in de lengte doorgezaagde bezemsteel. Vroeger waren de ishi sashi van steen, cement, klei, e.d.","Use Hojo Undo PDFs, docs/hojo_undo_extracted.txt, and equipment-specific source PDFs.",candidate
C00219,src/content/hojo-undo/ishi-sashi/construction.md,base,Moderne Constructie,line 7,general,Moderne Constructie,"Use Hojo Undo PDFs, docs/hojo_undo_extracted.txt, and equipment-specific source PDFs.",candidate
C00220,src/content/hojo-undo/ishi-sashi/construction.md,base,Materialen,line 10,general,Gewicht: Stalen plaat of staaf (2-8 kg),"Use Hojo Undo PDFs, docs/hojo_undo_extracted.txt, and equipment-specific source PDFs.",candidate
C00221,src/content/hojo-undo/ishi-sashi/construction.md,base,Materialen,line 11,general,Handvat: Stalen beugel of ring,"Use Hojo Undo PDFs, docs/hojo_undo_extracted.txt, and equipment-specific source PDFs.",candidate
C00222,src/content/hojo-undo/ishi-sashi/construction.md,base,Materialen,line 12,general,Grip: Houten of rubberen grip voor comfort,"Use Hojo Undo PDFs, docs/hojo_undo_extracted.txt, and equipment-specific source PDFs.",candidate
C00223,src/content/hojo-undo/ishi-sashi/construction.md,base,Materialen,line 13,general,Bevestiging: Laswerk of bouten,"Use Hojo Undo PDFs, docs/hojo_undo_extracted.txt, and equipment-specific source PDFs.",candidate
C00224,src/content/hojo-undo/ishi-sashi/construction.md,base,Afmetingen,line 16,general,Gewicht: 2-8 kg (afhankelijk van niveau),"Use Hojo Undo PDFs, docs/hojo_undo_extracted.txt, and equipment-specific source PDFs.",candidate
C00225,src/content/hojo-undo/ishi-sashi/construction.md,base,Afmetingen,line 17,general,Handvat diameter: 3-4 cm voor comfortabele grip,"Use Hojo Undo PDFs, docs/hojo_undo_extracted.txt, and equipment-specific source PDFs.",candidate
C00226,src/content/hojo-undo/ishi-sashi/construction.md,base,Afmetingen,line 18,general,Totale lengte: 15-25 cm,"Use Hojo Undo PDFs, docs/hojo_undo_extracted.txt, and equipment-specific source PDFs.",candidate
C00227,src/content/hojo-undo/ishi-sashi/construction.md,base,Afmetingen,line 19,general,Gewicht diameter: 8-15 cm,"Use Hojo Undo PDFs, docs/hojo_undo_extracted.txt, and equipment-specific source PDFs.",candidate
C00228,src/content/hojo-undo/ishi-sashi/construction.md,base,Constructie Stappen,line 21,general,Constructie Stappen,"Use Hojo Undo PDFs, docs/hojo_undo_extracted.txt, and equipment-specific source PDFs.",candidate
C00229,src/content/hojo-undo/ishi-sashi/construction.md,base,Constructie Stappen,line 23,general,Voorbereiding van het gewicht,"Use Hojo Undo PDFs, docs/hojo_undo_extracted.txt, and equipment-specific source PDFs.",candidate
C00230,src/content/hojo-undo/ishi-sashi/construction.md,base,Constructie Stappen,line 24,general,Kies een stalen plaat of staaf van het gewenste gewicht,"Use Hojo Undo PDFs, docs/hojo_undo_extracted.txt, and equipment-specific source PDFs.",candidate
C00231,src/content/hojo-undo/ishi-sashi/construction.md,base,Constructie Stappen,line 25,general,Zorg dat het oppervlak glad is en vrij van scherpe randen,"Use Hojo Undo PDFs, docs/hojo_undo_extracted.txt, and equipment-specific source PDFs.",candidate
C00232,src/content/hojo-undo/ishi-sashi/construction.md,base,Constructie Stappen,line 26,general,Markeer het centrum voor de handvat bevestiging,"Use Hojo Undo PDFs, docs/hojo_undo_extracted.txt, and equipment-specific source PDFs.",candidate
C00233,src/content/hojo-undo/ishi-sashi/construction.md,base,Constructie Stappen,line 28,general,Handvat constructie,"Use Hojo Undo PDFs, docs/hojo_undo_extracted.txt, and equipment-specific source PDFs.",candidate
C00234,src/content/hojo-undo/ishi-sashi/construction.md,base,Constructie Stappen,line 29,general,Maak een stalen beugel of ring van de juiste diameter,"Use Hojo Undo PDFs, docs/hojo_undo_extracted.txt, and equipment-specific source PDFs.",candidate
C00235,src/content/hojo-undo/ishi-sashi/construction.md,base,Constructie Stappen,line 30,general,Zorg dat de beugel stevig genoeg is om het gewicht te dragen,"Use Hojo Undo PDFs, docs/hojo_undo_extracted.txt, and equipment-specific source PDFs.",candidate
C00236,src/content/hojo-undo/ishi-sashi/construction.md,base,Constructie Stappen,line 31,general,Test de grip comfort voordat je verder gaat,"Use Hojo Undo PDFs, docs/hojo_undo_extracted.txt, and equipment-specific source PDFs.",candidate
C00237,src/content/hojo-undo/ishi-sashi/construction.md,base,Constructie Stappen,line 34,general,Las het handvat aan het gewicht,"Use Hojo Undo PDFs, docs/hojo_undo_extracted.txt, and equipment-specific source PDFs.",candidate
C00238,src/content/hojo-undo/ishi-sashi/construction.md,base,Constructie Stappen,line 35,safety,"Zorg voor een sterke, veilige verbinding","Use Hojo Undo PDFs, docs/hojo_undo_extracted.txt, and equipment-specific source PDFs.",candidate
C00239,src/content/hojo-undo/ishi-sashi/construction.md,base,Constructie Stappen,line 36,general,Controleer de balans van het gewicht,"Use Hojo Undo PDFs, docs/hojo_undo_extracted.txt, and equipment-specific source PDFs.",candidate
C00240,src/content/hojo-undo/ishi-sashi/construction.md,base,Constructie Stappen,line 39,general,Voeg een comfortabele grip toe (hout of rubber),"Use Hojo Undo PDFs, docs/hojo_undo_extracted.txt, and equipment-specific source PDFs.",candidate
C00241,src/content/hojo-undo/ishi-sashi/construction.md,base,Constructie Stappen,line 40,general,Controleer de stevigheid van alle verbindingen,"Use Hojo Undo PDFs, docs/hojo_undo_extracted.txt, and equipment-specific source PDFs.",candidate
C00242,src/content/hojo-undo/ishi-sashi/construction.md,base,Constructie Stappen,line 41,general,Test de ishi sashi met lichte oefeningen,"Use Hojo Undo PDFs, docs/hojo_undo_extracted.txt, and equipment-specific source PDFs.",candidate
C00243,src/content/hojo-undo/ishi-sashi/construction.md,base,Gewicht Richtlijnen,line 43,general,Gewicht Richtlijnen,"Use Hojo Undo PDFs, docs/hojo_undo_extracted.txt, and equipment-specific source PDFs.",candidate
C00244,src/content/hojo-undo/ishi-sashi/construction.md,base,Beginners,line 46,general,Gewicht: 2-3 kg,"Use Hojo Undo PDFs, docs/hojo_undo_extracted.txt, and equipment-specific source PDFs.",candidate
C00245,src/content/hojo-undo/ishi-sashi/construction.md,base,Beginners,line 47,general,Focus: Techniek en grip ontwikkeling,"Use Hojo Undo PDFs, docs/hojo_undo_extracted.txt, and equipment-specific source PDFs.",candidate
C00246,src/content/hojo-undo/ishi-sashi/construction.md,base,Beginners,line 48,general,Duur: 5-10 minuten per sessie,"Use Hojo Undo PDFs, docs/hojo_undo_extracted.txt, and equipment-specific source PDFs.",candidate
C00247,src/content/hojo-undo/ishi-sashi/construction.md,base,Gevorderden,line 51,general,Gewicht: 3-5 kg,"Use Hojo Undo PDFs, docs/hojo_undo_extracted.txt, and equipment-specific source PDFs.",candidate
C00248,src/content/hojo-undo/ishi-sashi/construction.md,base,Gevorderden,line 52,general,Focus: Kracht en uithoudingsvermogen,"Use Hojo Undo PDFs, docs/hojo_undo_extracted.txt, and equipment-specific source PDFs.",candidate
C00249,src/content/hojo-undo/ishi-sashi/construction.md,base,Gevorderden,line 53,general,Duur: 10-15 minuten per sessie,"Use Hojo Undo PDFs, docs/hojo_undo_extracted.txt, and equipment-specific source PDFs.",candidate
C00250,src/content/hojo-undo/ishi-sashi/construction.md,base,Experts,line 56,general,Gewicht: 5-8 kg,"Use Hojo Undo PDFs, docs/hojo_undo_extracted.txt, and equipment-specific source PDFs.",candidate
C00251,src/content/hojo-undo/ishi-sashi/construction.md,base,Experts,line 57,general,Focus: Maximale kracht en techniek verfijning,"Use Hojo Undo PDFs, docs/hojo_undo_extracted.txt, and equipment-specific source PDFs.",candidate
C00252,src/content/hojo-undo/ishi-sashi/construction.md,base,Experts,line 58,general,Duur: 15-20 minuten per sessie,"Use Hojo Undo PDFs, docs/hojo_undo_extracted.txt, and equipment-specific source PDFs.",candidate
C00253,src/content/hojo-undo/ishi-sashi/construction.md,base,Veiligheidsmaatregelen,line 60,safety,Veiligheidsmaatregelen,"Use Hojo Undo PDFs, docs/hojo_undo_extracted.txt, and equipment-specific source PDFs.",candidate
C00254,src/content/hojo-undo/ishi-sashi/construction.md,base,Veiligheidsmaatregelen,line 62,general,Controleer regelmatig de lasverbindingen,"Use Hojo Undo PDFs, docs/hojo_undo_extracted.txt, and equipment-specific source PDFs.",candidate
C00255,src/content/hojo-undo/ishi-sashi/construction.md,base,Veiligheidsmaatregelen,line 63,general,Zorg voor een comfortabele grip,"Use Hojo Undo PDFs, docs/hojo_undo_extracted.txt, and equipment-specific source PDFs.",candidate
C00256,src/content/hojo-undo/ishi-sashi/construction.md,base,Veiligheidsmaatregelen,line 64,general,Test de ishi sashi voordat je intensief traint,"Use Hojo Undo PDFs, docs/hojo_undo_extracted.txt, and equipment-specific source PDFs.",candidate
C00257,src/content/hojo-undo/ishi-sashi/construction.md,base,Veiligheidsmaatregelen,line 65,general,Bewaar op een droge plaats om roest te voorkomen,"Use Hojo Undo PDFs, docs/hojo_undo_extracted.txt, and equipment-specific source PDFs.",candidate
C00258,src/content/hojo-undo/ishi-sashi/construction.md,base,Veiligheidsmaatregelen,line 66,general,Vervang beschadigde onderdelen direct,"Use Hojo Undo PDFs, docs/hojo_undo_extracted.txt, and equipment-specific source PDFs.",candidate
C00259,src/content/hojo-undo/ishi-sashi/construction.md,base,Alternatieve Constructies,line 68,general,Alternatieve Constructies,"Use Hojo Undo PDFs, docs/hojo_undo_extracted.txt, and equipment-specific source PDFs.",candidate
C00260,src/content/hojo-undo/ishi-sashi/construction.md,base,Cement Variant,line 70,general,Cement Variant,"Use Hojo Undo PDFs, docs/hojo_undo_extracted.txt, and equipment-specific source PDFs.",candidate
C00261,src/content/hojo-undo/ishi-sashi/construction.md,base,Cement Variant,line 71,general,Gebruik een cement mengsel met stalen versterking,"Use Hojo Undo PDFs, docs/hojo_undo_extracted.txt, and equipment-specific source PDFs.",candidate
C00262,src/content/hojo-undo/ishi-sashi/construction.md,base,Cement Variant,line 72,general,Giet in een mal met ingebedde handvat,"Use Hojo Undo PDFs, docs/hojo_undo_extracted.txt, and equipment-specific source PDFs.",candidate
C00263,src/content/hojo-undo/ishi-sashi/construction.md,base,Cement Variant,line 73,general,Laat volledig uitharden voordat je gebruikt,"Use Hojo Undo PDFs, docs/hojo_undo_extracted.txt, and equipment-specific source PDFs.",candidate
C00264,src/content/hojo-undo/ishi-sashi/construction.md,base,Hout Variant,line 75,general,Hout Variant,"Use Hojo Undo PDFs, docs/hojo_undo_extracted.txt, and equipment-specific source PDFs.",candidate
C00265,src/content/hojo-undo/ishi-sashi/construction.md,base,Hout Variant,line 76,general,Gebruik hardhout voor het gewicht,"Use Hojo Undo PDFs, docs/hojo_undo_extracted.txt, and equipment-specific source PDFs.",candidate
C00266,src/content/hojo-undo/ishi-sashi/construction.md,base,Hout Variant,line 77,general,Bevestig een metalen handvat met bouten,"Use Hojo Undo PDFs, docs/hojo_undo_extracted.txt, and equipment-specific source PDFs.",candidate
C00267,src/content/hojo-undo/ishi-sashi/construction.md,base,Hout Variant,line 78,general,Behandel het hout met olie voor duurzaamheid,"Use Hojo Undo PDFs, docs/hojo_undo_extracted.txt, and equipment-specific source PDFs.",candidate
C00268,src/content/hojo-undo/ishi-sashi/construction.md,base,Onderhoud,line 82,general,Reinig regelmatig van zweet en vuil,"Use Hojo Undo PDFs, docs/hojo_undo_extracted.txt, and equipment-specific source PDFs.",candidate
C00269,src/content/hojo-undo/ishi-sashi/construction.md,base,Onderhoud,line 83,general,Controleer op roest en slijtage,"Use Hojo Undo PDFs, docs/hojo_undo_extracted.txt, and equipment-specific source PDFs.",candidate
C00270,src/content/hojo-undo/ishi-sashi/construction.md,base,Onderhoud,line 84,general,Smeer bewegende delen indien aanwezig,"Use Hojo Undo PDFs, docs/hojo_undo_extracted.txt, and equipment-specific source PDFs.",candidate
C00271,src/content/hojo-undo/ishi-sashi/construction.md,base,Onderhoud,line 85,general,"Bewaar op een droge, geventileerde plaats","Use Hojo Undo PDFs, docs/hojo_undo_extracted.txt, and equipment-specific source PDFs.",candidate
C00272,src/content/hojo-undo/ishi-sashi/exercises.md,base,Oefeningen (Exercises),line 1,general,Oefeningen (Exercises),"Use Hojo Undo PDFs, docs/hojo_undo_extracted.txt, and equipment-specific source PDFs.",candidate
C00273,src/content/hojo-undo/ishi-sashi/exercises.md,base,Oefeningen (Exercises),line 3,technique,"In vroeger tijden werden de ishi sashi ook gebruikt om over te gooien. Hiermee trainde men grijpkracht, concentratie, doelgerichtheid en reflexen. Omdat men vandaag de dag, zeker in ons klimaat, meestal binnen traint worden dergelijke oefeningen noch maar zelden gedaan.","Use Hojo Undo PDFs, docs/hojo_undo_extracted.txt, and equipment-specific source PDFs.",candidate
C00274,src/content/hojo-undo/ishi-sashi/exercises.md,base,Oefeningen (Exercises),line 5,grading,Als oefenstof staat een serie oefeningen centraal die ondermeer aansluiten bij shisochin kata. Om die reden staat het onderdeel ishi sashi ook later in het examenprogramma dan bijvoorbeeld de nigiri game.,"Use Hojo Undo PDFs, docs/hojo_undo_extracted.txt, and equipment-specific source PDFs.",candidate
C00275,src/content/hojo-undo/ishi-sashi/exercises.md,base,Oefeningen (Exercises),line 7,history,"Deze oefenserie is weergegeven in het boek 'Traditional Karate, volume I' van Morio Higaonna. Het gaat om de volgende oefeningen:","Use Hojo Undo PDFs, docs/hojo_undo_extracted.txt, and equipment-specific source PDFs.",candidate
C00276,src/content/hojo-undo/ishi-sashi/exercises.md,base,Oefeningen (Exercises),line 9,technique,(Nukite) gyaku zuki vanuit sanchin dachi.,"Use Hojo Undo PDFs, docs/hojo_undo_extracted.txt, and equipment-specific source PDFs.",candidate
C00277,src/content/hojo-undo/ishi-sashi/exercises.md,base,Oefeningen (Exercises),line 10,technique,Armen zijwaarts tillen en buigen vanuit shiko dachi.,"Use Hojo Undo PDFs, docs/hojo_undo_extracted.txt, and equipment-specific source PDFs.",candidate
C00278,src/content/hojo-undo/ishi-sashi/exercises.md,base,Oefeningen (Exercises),line 11,technique,Polsoefening vanuit shiko dachi.,"Use Hojo Undo PDFs, docs/hojo_undo_extracted.txt, and equipment-specific source PDFs.",candidate
C00279,src/content/hojo-undo/ishi-sashi/exercises.md,base,Oefeningen (Exercises),line 12,technique,Shotei zuki in vier richtingen.,"Use Hojo Undo PDFs, docs/hojo_undo_extracted.txt, and equipment-specific source PDFs.",candidate
C00280,src/content/hojo-undo/ishi-sashi/exercises.md,base,Oefeningen (Exercises),line 14,technique,"Daarnaast zijn nog een aantal oefeningen gangbaar zoals bijvoorbeeld: stoot, slag en afweertechnieken in heiko dachi en trapoefeningen met de ishi sashi om de enkel (mae geri, kansetsu geri).","Use Hojo Undo PDFs, docs/hojo_undo_extracted.txt, and equipment-specific source PDFs.",candidate
C00281,src/content/hojo-undo/ishi-sashi/exercises.md,base,Oefeningen (Exercises),line 16,general,"Het spreekt voor zich dat er eindeloos veel oefeningen te bedenken zijn met de ishi sashi. Door de vorm en grootte leent de ishi sashi zich met name voor het integreren in een les met basistechnieken, met name stoot-, slag- en afweertechnieken.","Use Hojo Undo PDFs, docs/hojo_undo_extracted.txt, and equipment-specific source PDFs.",candidate
C00282,src/content/hojo-undo/ishi-sashi/exercises.md,base,Oefeningen (Exercises),line 18,grading,"Interessant is zeker ook het uitvoeren van sanchin kata met ishi sashi. Het gewicht roept een ander spanningspatroon op dan gebruikelijk is in sanchin kata. Normaliter richt je in sanchin je kracht voor een belangrijk gedeelte ook in het horizontale vlak, tegen je denkbeeldige tegenstander of tegen de shime partners. Door het gewicht van de ishi sashi wordt moet je relatief meer kracht omhoog richten, tegen de zwaartekracht in. Dit kan verstorend werken op het 'sanchin gevoel'. Het kan je aandacht wegtrekken van de horizontale (denkbeeldige) weerstanden. Een interessant spanningsveld.","Use Hojo Undo PDFs, docs/hojo_undo_extracted.txt, and equipment-specific source PDFs.",candidate
C00283,src/content/hojo-undo/ishi-sashi/exercises.md,base,Oefeningen (Exercises),line 20,general,Bij het oefenen met de ishi sashi kun je de aandachtspunten uit de lessen bewegingsleer & energetica integreren. Zo kun je bij een oefening er bijvoorbeeld op letten of je voortdurend optimaal op je voeten blijft steunen of dat je in de strijd met het gewicht jezelf ontworteld; je de beweging maakt van uit je tanden of een geïsoleerde beweging maakt vanuit je schouder; de beweging strookt met je ademhaling; etc.,"Use Hojo Undo PDFs, docs/hojo_undo_extracted.txt, and equipment-specific source PDFs.",candidate
C00284,src/content/hojo-undo/ishi-sashi/exercises.md,base,Oefeningen (Exercises),line 22,grading,"Doordat je met een gewicht werkt krijg zet je het behoud van aarding, worteling, centrering, etc. meer onder druk. Gebruik je meer gewicht dan is het trainingseffect t.a.v. kracht, doorzettingsvermogen, e.d. groter maar bestaat het risico dat je de bewegingsprincipes los laat in de strijd met het gewicht. Je vernielt dan je lichaam en leert jezelf inefficiënte bewegingspatronen aan. Omgekeerd, als je alleen met lichte gewichten traint is het makkelijker om in lijn met de bewegingsprincipes te blijven bewegen, je leert dan echter niet om deze onder druk vast te houden.","Use Hojo Undo PDFs, docs/hojo_undo_extracted.txt, and equipment-specific source PDFs.",candidate
C00285,src/content/hojo-undo/ishi-sashi/function.md,base,Functie (Function),line 1,general,Functie (Function),"Use Hojo Undo PDFs, docs/hojo_undo_extracted.txt, and equipment-specific source PDFs.",candidate
C00286,src/content/hojo-undo/ishi-sashi/function.md,base,Functie (Function),line 3,general,"De ishi sashi staan bekend als 'stenen hangsloten'. Ze werden, naar men zegt, in vroegere tijden gebruikt om de poorten van een kasteel af te sluiten. Qua vorm lijken ze zeker op een hangslot hoewel ze in de wandelgangen ook wel als 'strijkijzers' bekend staan.","Use Hojo Undo PDFs, docs/hojo_undo_extracted.txt, and equipment-specific source PDFs.",candidate
C00287,src/content/hojo-undo/ishi-sashi/function.md,base,Belangrijkste functies,line 5,general,Belangrijkste functies,"Use Hojo Undo PDFs, docs/hojo_undo_extracted.txt, and equipment-specific source PDFs.",candidate
C00288,src/content/hojo-undo/ishi-sashi/function.md,base,Spierversterking,line 7,general,Spierversterking,"Use Hojo Undo PDFs, docs/hojo_undo_extracted.txt, and equipment-specific source PDFs.",candidate
C00289,src/content/hojo-undo/ishi-sashi/function.md,base,Spierversterking,line 8,technique,"Versterkt met name de spieren van de schouders, arm en hand. Het versterkt ook de grip, wat een belangrijke rol speelt bij allerlei technieken van het nabije gevecht, zoals trek-, werp- en klemtechnieken en hiki uke.","Use Hojo Undo PDFs, docs/hojo_undo_extracted.txt, and equipment-specific source PDFs.",candidate
C00290,src/content/hojo-undo/ishi-sashi/function.md,base,Technische integratie,line 10,general,Technische integratie,"Use Hojo Undo PDFs, docs/hojo_undo_extracted.txt, and equipment-specific source PDFs.",candidate
C00291,src/content/hojo-undo/ishi-sashi/function.md,base,Technische integratie,line 11,general,"Omdat de ishi sashi nauw bij de vorm van de hand aansluiten, kunnen de bewegingen nauw aansluiten bij tal van stoot-, slag- en afweertechnieken.","Use Hojo Undo PDFs, docs/hojo_undo_extracted.txt, and equipment-specific source PDFs.",candidate
C00292,src/content/hojo-undo/ishi-sashi/function.md,base,Krachtontwikkeling,line 13,general,Krachtontwikkeling,"Use Hojo Undo PDFs, docs/hojo_undo_extracted.txt, and equipment-specific source PDFs.",candidate
C00293,src/content/hojo-undo/ishi-sashi/function.md,base,Krachtontwikkeling,line 14,general,"Muchimi kracht: Ontwikkelt de muchimi kracht, op voorwaarde dat de beweging niet te explosief wordt uitgevoerd","Use Hojo Undo PDFs, docs/hojo_undo_extracted.txt, and equipment-specific source PDFs.",candidate
C00294,src/content/hojo-undo/ishi-sashi/function.md,base,Krachtontwikkeling,line 15,technique,"Chinkuchi kakin: Aan het einde van de beweging wordt de grijpkracht kortstondig gemaximaliseerd, net als in Sanchin kata","Use Hojo Undo PDFs, docs/hojo_undo_extracted.txt, and equipment-specific source PDFs.",candidate
C00295,src/content/hojo-undo/ishi-sashi/function.md,base,Historische context,line 17,general,Historische context,"Use Hojo Undo PDFs, docs/hojo_undo_extracted.txt, and equipment-specific source PDFs.",candidate
C00296,src/content/hojo-undo/ishi-sashi/function.md,base,Oorsprong,line 20,general,De ishi sashi hebben een rijke geschiedenis in Okinawaanse en Chinese vechtkunsten. Ze werden traditioneel gebruikt door:,"Use Hojo Undo PDFs, docs/hojo_undo_extracted.txt, and equipment-specific source PDFs.",candidate
C00297,src/content/hojo-undo/ishi-sashi/function.md,base,Oorsprong,line 21,general,Kasteelwachters: Voor het afsluiten van poorten,"Use Hojo Undo PDFs, docs/hojo_undo_extracted.txt, and equipment-specific source PDFs.",candidate
C00298,src/content/hojo-undo/ishi-sashi/function.md,base,Oorsprong,line 22,general,Krijgers: Voor krachttraining en gevechtstraining,"Use Hojo Undo PDFs, docs/hojo_undo_extracted.txt, and equipment-specific source PDFs.",candidate
C00299,src/content/hojo-undo/ishi-sashi/function.md,base,Oorsprong,line 23,general,Karateka: Voor specifieke krachttraining,"Use Hojo Undo PDFs, docs/hojo_undo_extracted.txt, and equipment-specific source PDFs.",candidate
C00300,src/content/hojo-undo/ishi-sashi/function.md,base,Moderne toepassingen,line 25,general,Moderne toepassingen,"Use Hojo Undo PDFs, docs/hojo_undo_extracted.txt, and equipment-specific source PDFs.",candidate
C00301,src/content/hojo-undo/ishi-sashi/function.md,base,Moderne toepassingen,line 26,general,Vandaag de dag worden de ishi sashi gebruikt voor:,"Use Hojo Undo PDFs, docs/hojo_undo_extracted.txt, and equipment-specific source PDFs.",candidate
C00302,src/content/hojo-undo/ishi-sashi/function.md,base,Moderne toepassingen,line 27,general,"Specifieke krachttraining: Voor stoot-, slag- en afweertechnieken","Use Hojo Undo PDFs, docs/hojo_undo_extracted.txt, and equipment-specific source PDFs.",candidate
C00303,src/content/hojo-undo/ishi-sashi/function.md,base,Moderne toepassingen,line 28,general,Grijpkracht training: Voor nabijgevecht technieken,"Use Hojo Undo PDFs, docs/hojo_undo_extracted.txt, and equipment-specific source PDFs.",candidate
C00304,src/content/hojo-undo/ishi-sashi/function.md,base,Moderne toepassingen,line 29,technique,Kata integratie: Voor het verbeteren van kata uitvoering,"Use Hojo Undo PDFs, docs/hojo_undo_extracted.txt, and equipment-specific source PDFs.",candidate
C00305,src/content/hojo-undo/ishi-sashi/function.md,base,Trainingseffecten,line 31,general,Trainingseffecten,"Use Hojo Undo PDFs, docs/hojo_undo_extracted.txt, and equipment-specific source PDFs.",candidate
C00306,src/content/hojo-undo/ishi-sashi/function.md,base,Fysieke effecten,line 33,general,Fysieke effecten,"Use Hojo Undo PDFs, docs/hojo_undo_extracted.txt, and equipment-specific source PDFs.",candidate
C00307,src/content/hojo-undo/ishi-sashi/function.md,base,Fysieke effecten,line 34,general,Schouderspieren: Versterking van deltoids en rotator cuff,"Use Hojo Undo PDFs, docs/hojo_undo_extracted.txt, and equipment-specific source PDFs.",candidate
C00308,src/content/hojo-undo/ishi-sashi/function.md,base,Fysieke effecten,line 35,general,"Armspieren: Ontwikkeling van biceps, triceps en onderarmspieren","Use Hojo Undo PDFs, docs/hojo_undo_extracted.txt, and equipment-specific source PDFs.",candidate
C00309,src/content/hojo-undo/ishi-sashi/function.md,base,Fysieke effecten,line 36,general,Grijpkracht: Versterking van hand- en vingerspieren,"Use Hojo Undo PDFs, docs/hojo_undo_extracted.txt, and equipment-specific source PDFs.",candidate
C00310,src/content/hojo-undo/ishi-sashi/function.md,base,Fysieke effecten,line 37,general,Stabiliteit: Verbetering van schouder- en polsstabiliteit,"Use Hojo Undo PDFs, docs/hojo_undo_extracted.txt, and equipment-specific source PDFs.",candidate
C00311,src/content/hojo-undo/ishi-sashi/function.md,base,Technische effecten,line 39,general,Technische effecten,"Use Hojo Undo PDFs, docs/hojo_undo_extracted.txt, and equipment-specific source PDFs.",candidate
C00312,src/content/hojo-undo/ishi-sashi/function.md,base,Technische effecten,line 40,general,Krachtoverdracht: Leert efficiënte krachtoverdracht van lichaam naar handen,"Use Hojo Undo PDFs, docs/hojo_undo_extracted.txt, and equipment-specific source PDFs.",candidate
C00313,src/content/hojo-undo/ishi-sashi/function.md,base,Technische effecten,line 41,general,Precisie: Verbetert precisie bij stoot- en slagtechnieken,"Use Hojo Undo PDFs, docs/hojo_undo_extracted.txt, and equipment-specific source PDFs.",candidate
C00314,src/content/hojo-undo/ishi-sashi/function.md,base,Technische effecten,line 42,general,Controle: Ontwikkelt controle over kracht en beweging,"Use Hojo Undo PDFs, docs/hojo_undo_extracted.txt, and equipment-specific source PDFs.",candidate
C00315,src/content/hojo-undo/ishi-sashi/function.md,base,Gevechtstoepassingen,line 44,general,Gevechtstoepassingen,"Use Hojo Undo PDFs, docs/hojo_undo_extracted.txt, and equipment-specific source PDFs.",candidate
C00316,src/content/hojo-undo/ishi-sashi/function.md,base,Gevechtstoepassingen,line 45,general,"Nabijgevecht: Essentieel voor trek-, werp- en klemtechnieken","Use Hojo Undo PDFs, docs/hojo_undo_extracted.txt, and equipment-specific source PDFs.",candidate
C00317,src/content/hojo-undo/ishi-sashi/function.md,base,Gevechtstoepassingen,line 46,technique,Stoottechnieken: Voor het verbeteren van zuki (stoten),"Use Hojo Undo PDFs, docs/hojo_undo_extracted.txt, and equipment-specific source PDFs.",candidate
C00318,src/content/hojo-undo/ishi-sashi/function.md,base,Gevechtstoepassingen,line 47,technique,Afweertechnieken: Voor het versterken van uke (blokken),"Use Hojo Undo PDFs, docs/hojo_undo_extracted.txt, and equipment-specific source PDFs.",candidate
C00319,src/content/hojo-undo/ishi-sashi/function.md,base,Gevechtstoepassingen,line 48,technique,Hiki uke: Voor trekkende blokken,"Use Hojo Undo PDFs, docs/hojo_undo_extracted.txt, and equipment-specific source PDFs.",candidate
C00320,src/content/hojo-undo/ishi-sashi/function.md,base,Relatie met Shisochin Kata,line 50,technique,Relatie met Shisochin Kata,"Use Hojo Undo PDFs, docs/hojo_undo_extracted.txt, and equipment-specific source PDFs.",candidate
C00321,src/content/hojo-undo/ishi-sashi/function.md,base,Relatie met Shisochin Kata,line 52,grading,De ishi sashi oefeningen zijn nauw verwant aan de bewegingen uit de kata shisochin. Om die reden staat het onderdeel ishi sashi ook later in het examenprogramma dan bijvoorbeeld de nigiri game.,"Use Hojo Undo PDFs, docs/hojo_undo_extracted.txt, and equipment-specific source PDFs.",candidate
C00322,src/content/hojo-undo/ishi-sashi/function.md,base,Moderne trainingsleer,line 54,general,Moderne trainingsleer,"Use Hojo Undo PDFs, docs/hojo_undo_extracted.txt, and equipment-specific source PDFs.",candidate
C00323,src/content/hojo-undo/ishi-sashi/function.md,base,Moderne trainingsleer,line 56,general,"In termen van de moderne trainingsleer spreken we hier van specifieke krachttraining, d.w.z. krachttraining waarbij de beweging nauw aansluit bij de beweging in de praktijk (zelfverdedigingsituatie, wedstrijd, etc.).","Use Hojo Undo PDFs, docs/hojo_undo_extracted.txt, and equipment-specific source PDFs.",candidate
C00324,src/content/hojo-undo/ishi-sashi/function.md,base,Complexe trainingsvormen,line 58,general,Complexe trainingsvormen,"Use Hojo Undo PDFs, docs/hojo_undo_extracted.txt, and equipment-specific source PDFs.",candidate
C00325,src/content/hojo-undo/ishi-sashi/function.md,base,Complexe trainingsvormen,line 59,general,Wanneer we de oefeningen laten opvolgen door soortgelijke technieken met partner en daarna dit in een kumite integreren spreken we van een 'complexe trainingsvorm'. Bij deze manier van trainen is er sprake van een grotere 'transfer' (overdracht) van de effecten van de oefeningen naar de eigenlijke gevechtsacties.,"Use Hojo Undo PDFs, docs/hojo_undo_extracted.txt, and equipment-specific source PDFs.",candidate
C00326,src/content/hojo-undo/ishi-sashi/function.md,base,Gevorderde training,line 61,general,Gevorderde training,"Use Hojo Undo PDFs, docs/hojo_undo_extracted.txt, and equipment-specific source PDFs.",candidate
C00327,src/content/hojo-undo/ishi-sashi/function.md,base,Gevorderde training,line 62,general,Specifieke krachttraining en complexe trainingsvormen worden normaliter niet in de opbouwfase gebruikt. Ze gelden als gevorderde trainingsvormen.,"Use Hojo Undo PDFs, docs/hojo_undo_extracted.txt, and equipment-specific source PDFs.",candidate
C00328,src/content/hojo-undo/kongoken/attention-points.md,base,Aandachtspunten (Points of Attention),line 1,general,Aandachtspunten (Points of Attention),"Use Hojo Undo PDFs, docs/hojo_undo_extracted.txt, and equipment-specific source PDFs.",candidate
C00329,src/content/hojo-undo/kongoken/attention-points.md,base,Aandachtspunten (Points of Attention),line 3,safety,De Kongoken is een zwaar en krachtig hulpmiddel dat respect en voorzichtigheid vereist. De volgende aandachtspunten zijn essentieel voor veilige en effectieve training.,"Use Hojo Undo PDFs, docs/hojo_undo_extracted.txt, and equipment-specific source PDFs.",candidate
C00330,src/content/hojo-undo/kongoken/attention-points.md,base,Kritieke Veiligheidsrichtlijnen,line 5,safety,Kritieke Veiligheidsrichtlijnen,"Use Hojo Undo PDFs, docs/hojo_undo_extracted.txt, and equipment-specific source PDFs.",candidate
C00331,src/content/hojo-undo/kongoken/attention-points.md,base,Belang van technische uitvoering,line 7,general,Belang van technische uitvoering,"Use Hojo Undo PDFs, docs/hojo_undo_extracted.txt, and equipment-specific source PDFs.",candidate
C00332,src/content/hojo-undo/kongoken/attention-points.md,base,Belang van technische uitvoering,line 8,safety,Gezien het gewicht van de Kongoken (30-40 kg) is het van groot belang nauwkeurig te zijn in de technische uitvoering van de oefeningen. Een kleine fout in techniek kan leiden tot ernstige blessures.,"Use Hojo Undo PDFs, docs/hojo_undo_extracted.txt, and equipment-specific source PDFs.",candidate
C00333,src/content/hojo-undo/kongoken/attention-points.md,base,Risico's bij shiko dachi,line 10,technique,Risico's bij shiko dachi,"Use Hojo Undo PDFs, docs/hojo_undo_extracted.txt, and equipment-specific source PDFs.",candidate
C00334,src/content/hojo-undo/kongoken/attention-points.md,base,Risico's bij shiko dachi,line 11,technique,"Met name omdat menige oefening wordt uitgevoerd in shiko dachi, waarbij het risico van overbelasting van de onderrug relatief groot is, omdat de onderrug in shiko dachi normaliter een natuurlijke holling vertoont.","Use Hojo Undo PDFs, docs/hojo_undo_extracted.txt, and equipment-specific source PDFs.",candidate
C00335,src/content/hojo-undo/kongoken/attention-points.md,base,Kritieke momenten,line 13,general,Kritieke momenten,"Use Hojo Undo PDFs, docs/hojo_undo_extracted.txt, and equipment-specific source PDFs.",candidate
C00336,src/content/hojo-undo/kongoken/attention-points.md,base,Kritieke momenten,line 14,technique,Met name de oefeningen waarbij je op het belastingsmoment in shiko dachi komt verdienen extra aandacht:,"Use Hojo Undo PDFs, docs/hojo_undo_extracted.txt, and equipment-specific source PDFs.",candidate
C00337,src/content/hojo-undo/kongoken/attention-points.md,base,Kritieke momenten,line 15,technique,Opstoten van de Kongoken vanuit spreidstand naar shiko dachi,"Use Hojo Undo PDFs, docs/hojo_undo_extracted.txt, and equipment-specific source PDFs.",candidate
C00338,src/content/hojo-undo/kongoken/attention-points.md,base,Kritieke momenten,line 16,technique,'Shiko squats' (en 'neko squats') waarbij je meer gewicht te dragen krijgt terwijl je in shiko dachi komt,"Use Hojo Undo PDFs, docs/hojo_undo_extracted.txt, and equipment-specific source PDFs.",candidate
C00339,src/content/hojo-undo/kongoken/attention-points.md,base,Correcte Houding,line 18,general,Correcte Houding,"Use Hojo Undo PDFs, docs/hojo_undo_extracted.txt, and equipment-specific source PDFs.",candidate
C00340,src/content/hojo-undo/kongoken/attention-points.md,base,Bekken en wervelkolom,line 20,general,Bekken en wervelkolom,"Use Hojo Undo PDFs, docs/hojo_undo_extracted.txt, and equipment-specific source PDFs.",candidate
C00341,src/content/hojo-undo/kongoken/attention-points.md,base,Bekken en wervelkolom,line 21,technique,Bij de oefeningen in shiko dachi (en Neko dachi) moet je letten op de stand van je bekken en wervelkolom:,"Use Hojo Undo PDFs, docs/hojo_undo_extracted.txt, and equipment-specific source PDFs.",candidate
C00342,src/content/hojo-undo/kongoken/attention-points.md,base,Bekken en wervelkolom,line 23,general,Zorg ervoor dat je onderrug niet te hol trekt,"Use Hojo Undo PDFs, docs/hojo_undo_extracted.txt, and equipment-specific source PDFs.",candidate
C00343,src/content/hojo-undo/kongoken/attention-points.md,base,Bekken en wervelkolom,line 24,general,Je bekken niet te ver voorover kantelt,"Use Hojo Undo PDFs, docs/hojo_undo_extracted.txt, and equipment-specific source PDFs.",candidate
C00344,src/content/hojo-undo/kongoken/attention-points.md,base,Bekken en wervelkolom,line 25,general,Je onderrug niet laat inzakken maar deze actief opstrekt (in de richting van je kruin),"Use Hojo Undo PDFs, docs/hojo_undo_extracted.txt, and equipment-specific source PDFs.",candidate
C00345,src/content/hojo-undo/kongoken/attention-points.md,base,Opstrekken van de wervelkolom,line 27,general,Opstrekken van de wervelkolom,"Use Hojo Undo PDFs, docs/hojo_undo_extracted.txt, and equipment-specific source PDFs.",candidate
C00346,src/content/hojo-undo/kongoken/attention-points.md,base,Opstrekken van de wervelkolom,line 28,technique,Het opstrekken van je wervelkolom hangt samen met het optrekken van je anus. Hou daarom in shiko dachi en zeker op de belastingsmomenten een lichte opwaartse spanning in je anus en hou je kruin op (niet ontwortelen!).,"Use Hojo Undo PDFs, docs/hojo_undo_extracted.txt, and equipment-specific source PDFs.",candidate
C00347,src/content/hojo-undo/kongoken/attention-points.md,base,Ademhalingstechnieken,line 30,general,Ademhalingstechnieken,"Use Hojo Undo PDFs, docs/hojo_undo_extracted.txt, and equipment-specific source PDFs.",candidate
C00348,src/content/hojo-undo/kongoken/attention-points.md,base,Basis ademhaling,line 32,general,Basis ademhaling,"Use Hojo Undo PDFs, docs/hojo_undo_extracted.txt, and equipment-specific source PDFs.",candidate
C00349,src/content/hojo-undo/kongoken/attention-points.md,base,Basis ademhaling,line 33,general,Inademen: Bij het voorbereiden van de beweging,"Use Hojo Undo PDFs, docs/hojo_undo_extracted.txt, and equipment-specific source PDFs.",candidate
C00350,src/content/hojo-undo/kongoken/attention-points.md,base,Basis ademhaling,line 34,general,Uitademen: Bij het uitvoeren van de kracht,"Use Hojo Undo PDFs, docs/hojo_undo_extracted.txt, and equipment-specific source PDFs.",candidate
C00351,src/content/hojo-undo/kongoken/attention-points.md,base,Basis ademhaling,line 35,general,"Controle: Behoud regelmatige, gecontroleerde ademhaling","Use Hojo Undo PDFs, docs/hojo_undo_extracted.txt, and equipment-specific source PDFs.",candidate
C00352,src/content/hojo-undo/kongoken/attention-points.md,base,Sanchin ademhaling,line 37,technique,Sanchin ademhaling,"Use Hojo Undo PDFs, docs/hojo_undo_extracted.txt, and equipment-specific source PDFs.",candidate
C00353,src/content/hojo-undo/kongoken/attention-points.md,base,Sanchin ademhaling,line 38,technique,Gebruik de sanchin ademhaling met de H(u)ah en Hatt klanken,"Use Hojo Undo PDFs, docs/hojo_undo_extracted.txt, and equipment-specific source PDFs.",candidate
C00354,src/content/hojo-undo/kongoken/attention-points.md,base,Sanchin ademhaling,line 39,general,Synchroniseer ademhaling met beweging,"Use Hojo Undo PDFs, docs/hojo_undo_extracted.txt, and equipment-specific source PDFs.",candidate
C00355,src/content/hojo-undo/kongoken/attention-points.md,base,Sanchin ademhaling,line 40,general,"Focus op diepe, buikademhaling","Use Hojo Undo PDFs, docs/hojo_undo_extracted.txt, and equipment-specific source PDFs.",candidate
C00356,src/content/hojo-undo/kongoken/attention-points.md,base,Interne Aandachtspunten,line 42,general,Interne Aandachtspunten,"Use Hojo Undo PDFs, docs/hojo_undo_extracted.txt, and equipment-specific source PDFs.",candidate
C00357,src/content/hojo-undo/kongoken/attention-points.md,base,Controlepunten,line 44,general,Controlepunten,"Use Hojo Undo PDFs, docs/hojo_undo_extracted.txt, and equipment-specific source PDFs.",candidate
C00358,src/content/hojo-undo/kongoken/attention-points.md,base,Controlepunten,line 45,general,"Bij het oefenen met de Kongoken moet je niet alleen proberen zo veel mogelijk trainingsarbeid in een korte tijd te verrichten, maar ook letten op de interne aandachtspunten:","Use Hojo Undo PDFs, docs/hojo_undo_extracted.txt, and equipment-specific source PDFs.",candidate
C00359,src/content/hojo-undo/kongoken/attention-points.md,base,Controlepunten,line 47,general,Worteling: Blijf je voortdurend optimaal op je voeten steunen?,"Use Hojo Undo PDFs, docs/hojo_undo_extracted.txt, and equipment-specific source PDFs.",candidate
C00360,src/content/hojo-undo/kongoken/attention-points.md,base,Controlepunten,line 48,general,Centrering: Maak je de beweging vanuit je tanden of een geïsoleerde beweging vanuit je schouder?,"Use Hojo Undo PDFs, docs/hojo_undo_extracted.txt, and equipment-specific source PDFs.",candidate
C00361,src/content/hojo-undo/kongoken/attention-points.md,base,Controlepunten,line 49,general,Ademhaling: Strookt de beweging met je ademhaling?,"Use Hojo Undo PDFs, docs/hojo_undo_extracted.txt, and equipment-specific source PDFs.",candidate
C00362,src/content/hojo-undo/kongoken/attention-points.md,base,Controlepunten,line 50,general,Krachtgebruik: Gebruik je efficiënte bewegingspatronen?,"Use Hojo Undo PDFs, docs/hojo_undo_extracted.txt, and equipment-specific source PDFs.",candidate
C00363,src/content/hojo-undo/kongoken/attention-points.md,base,Trainingseffecten,line 52,general,Trainingseffecten,"Use Hojo Undo PDFs, docs/hojo_undo_extracted.txt, and equipment-specific source PDFs.",candidate
C00364,src/content/hojo-undo/kongoken/attention-points.md,base,Trainingseffecten,line 53,general,Lichte gewichten: Makkelijker om in lijn met bewegingsprincipes te blijven,"Use Hojo Undo PDFs, docs/hojo_undo_extracted.txt, and equipment-specific source PDFs.",candidate
C00365,src/content/hojo-undo/kongoken/attention-points.md,base,Trainingseffecten,line 54,general,Zware gewichten: Groter trainingseffect maar risico op inefficiënte patronen,"Use Hojo Undo PDFs, docs/hojo_undo_extracted.txt, and equipment-specific source PDFs.",candidate
C00366,src/content/hojo-undo/kongoken/attention-points.md,base,Trainingseffecten,line 55,general,Balans: Zoek de juiste balans tussen uitdaging en correcte uitvoering,"Use Hojo Undo PDFs, docs/hojo_undo_extracted.txt, and equipment-specific source PDFs.",candidate
C00367,src/content/hojo-undo/kongoken/attention-points.md,base,Specifieke Aandachtspunten per Oefening,line 57,general,Specifieke Aandachtspunten per Oefening,"Use Hojo Undo PDFs, docs/hojo_undo_extracted.txt, and equipment-specific source PDFs.",candidate
C00368,src/content/hojo-undo/kongoken/attention-points.md,base,Kanteloefeningen horizontaal vlak,line 59,general,Kanteloefeningen horizontaal vlak,"Use Hojo Undo PDFs, docs/hojo_undo_extracted.txt, and equipment-specific source PDFs.",candidate
C00369,src/content/hojo-undo/kongoken/attention-points.md,base,Kanteloefeningen horizontaal vlak,line 60,technique,Houding: Behoud correcte shiko dachi houding,"Use Hojo Undo PDFs, docs/hojo_undo_extracted.txt, and equipment-specific source PDFs.",candidate
C00370,src/content/hojo-undo/kongoken/attention-points.md,base,Kanteloefeningen horizontaal vlak,line 61,general,Beweging: Voer bewegingen vloeiend en gecontroleerd uit,"Use Hojo Undo PDFs, docs/hojo_undo_extracted.txt, and equipment-specific source PDFs.",candidate
C00371,src/content/hojo-undo/kongoken/attention-points.md,base,Kanteloefeningen horizontaal vlak,line 62,general,"Focus: Concentreer op de kantelbeweging, niet op het gewicht","Use Hojo Undo PDFs, docs/hojo_undo_extracted.txt, and equipment-specific source PDFs.",candidate
C00372,src/content/hojo-undo/kongoken/attention-points.md,base,Kanteloefeningen verticaal vlak,line 64,general,Kanteloefeningen verticaal vlak,"Use Hojo Undo PDFs, docs/hojo_undo_extracted.txt, and equipment-specific source PDFs.",candidate
C00373,src/content/hojo-undo/kongoken/attention-points.md,base,Kanteloefeningen verticaal vlak,line 65,general,Balans: Behoud balans tijdens de kantelbeweging,"Use Hojo Undo PDFs, docs/hojo_undo_extracted.txt, and equipment-specific source PDFs.",candidate
C00374,src/content/hojo-undo/kongoken/attention-points.md,base,Kanteloefeningen verticaal vlak,line 66,general,Kracht: Verdeel kracht gelijkmatig over beide armen,"Use Hojo Undo PDFs, docs/hojo_undo_extracted.txt, and equipment-specific source PDFs.",candidate
C00375,src/content/hojo-undo/kongoken/attention-points.md,base,Kanteloefeningen verticaal vlak,line 67,general,Controle: Voer bewegingen langzaam en bewust uit,"Use Hojo Undo PDFs, docs/hojo_undo_extracted.txt, and equipment-specific source PDFs.",candidate
C00376,src/content/hojo-undo/kongoken/attention-points.md,base,Uitstoot oefeningen,line 69,general,Uitstoot oefeningen,"Use Hojo Undo PDFs, docs/hojo_undo_extracted.txt, and equipment-specific source PDFs.",candidate
C00377,src/content/hojo-undo/kongoken/attention-points.md,base,Uitstoot oefeningen,line 70,general,Explosiviteit: Combineer kracht met snelheid,"Use Hojo Undo PDFs, docs/hojo_undo_extracted.txt, and equipment-specific source PDFs.",candidate
C00378,src/content/hojo-undo/kongoken/attention-points.md,base,Uitstoot oefeningen,line 71,general,Controle: Behoud controle over de beweging,"Use Hojo Undo PDFs, docs/hojo_undo_extracted.txt, and equipment-specific source PDFs.",candidate
C00379,src/content/hojo-undo/kongoken/attention-points.md,base,Uitstoot oefeningen,line 72,general,Terugkeer: Keer gecontroleerd terug naar startpositie,"Use Hojo Undo PDFs, docs/hojo_undo_extracted.txt, and equipment-specific source PDFs.",candidate
C00380,src/content/hojo-undo/kongoken/attention-points.md,base,Waarschuwingssignalen,line 74,general,Waarschuwingssignalen,"Use Hojo Undo PDFs, docs/hojo_undo_extracted.txt, and equipment-specific source PDFs.",candidate
C00381,src/content/hojo-undo/kongoken/attention-points.md,base,Stop onmiddellijk bij:,line 76,general,Stop onmiddellijk bij:,"Use Hojo Undo PDFs, docs/hojo_undo_extracted.txt, and equipment-specific source PDFs.",candidate
C00382,src/content/hojo-undo/kongoken/attention-points.md,base,Stop onmiddellijk bij:,line 77,safety,Pijn in de onderrug,"Use Hojo Undo PDFs, docs/hojo_undo_extracted.txt, and equipment-specific source PDFs.",candidate
C00383,src/content/hojo-undo/kongoken/attention-points.md,base,Stop onmiddellijk bij:,line 78,general,Tintelingen of gevoelloosheid,"Use Hojo Undo PDFs, docs/hojo_undo_extracted.txt, and equipment-specific source PDFs.",candidate
C00384,src/content/hojo-undo/kongoken/attention-points.md,base,Stop onmiddellijk bij:,line 79,general,Verlies van controle over de Kongoken,"Use Hojo Undo PDFs, docs/hojo_undo_extracted.txt, and equipment-specific source PDFs.",candidate
C00385,src/content/hojo-undo/kongoken/attention-points.md,base,Stop onmiddellijk bij:,line 80,general,Overmatige vermoeidheid,"Use Hojo Undo PDFs, docs/hojo_undo_extracted.txt, and equipment-specific source PDFs.",candidate
C00386,src/content/hojo-undo/kongoken/attention-points.md,base,Stop onmiddellijk bij:,line 81,general,Ademhalingsproblemen,"Use Hojo Undo PDFs, docs/hojo_undo_extracted.txt, and equipment-specific source PDFs.",candidate
C00387,src/content/hojo-undo/kongoken/attention-points.md,base,Raadpleeg een arts bij:,line 83,general,Raadpleeg een arts bij:,"Use Hojo Undo PDFs, docs/hojo_undo_extracted.txt, and equipment-specific source PDFs.",candidate
C00388,src/content/hojo-undo/kongoken/attention-points.md,base,Raadpleeg een arts bij:,line 84,safety,Aanhoudende pijn,"Use Hojo Undo PDFs, docs/hojo_undo_extracted.txt, and equipment-specific source PDFs.",candidate
C00389,src/content/hojo-undo/kongoken/attention-points.md,base,Raadpleeg een arts bij:,line 85,general,Gevoelloosheid of tintelingen,"Use Hojo Undo PDFs, docs/hojo_undo_extracted.txt, and equipment-specific source PDFs.",candidate
C00390,src/content/hojo-undo/kongoken/attention-points.md,base,Raadpleeg een arts bij:,line 86,general,Bewegingsbeperkingen,"Use Hojo Undo PDFs, docs/hojo_undo_extracted.txt, and equipment-specific source PDFs.",candidate
C00391,src/content/hojo-undo/kongoken/attention-points.md,base,Raadpleeg een arts bij:,line 87,general,Zwelling of ontsteking,"Use Hojo Undo PDFs, docs/hojo_undo_extracted.txt, and equipment-specific source PDFs.",candidate
C00392,src/content/hojo-undo/kongoken/attention-points.md,base,Training Principes,line 89,general,Training Principes,"Use Hojo Undo PDFs, docs/hojo_undo_extracted.txt, and equipment-specific source PDFs.",candidate
C00393,src/content/hojo-undo/kongoken/attention-points.md,base,Complexe training,line 91,general,Complexe training,"Use Hojo Undo PDFs, docs/hojo_undo_extracted.txt, and equipment-specific source PDFs.",candidate
C00394,src/content/hojo-undo/kongoken/attention-points.md,base,Complexe training,line 92,general,Wanneer we de kanteloefeningen laten opvolgen door soortgelijke til- en kanteloefeningen met partner en daarna dit in een kumite integreren spreken we van een 'complexe trainingsvorm'. Bij deze manier van trainen is er sprake van een grotere 'transfer' (overdracht) van de effecten van de oefeningen naar de eigenlijke gevechtsacties.,"Use Hojo Undo PDFs, docs/hojo_undo_extracted.txt, and equipment-specific source PDFs.",candidate
C00395,src/content/hojo-undo/kongoken/attention-points.md,base,Contrast training,line 94,general,Contrast training,"Use Hojo Undo PDFs, docs/hojo_undo_extracted.txt, and equipment-specific source PDFs.",candidate
C00396,src/content/hojo-undo/kongoken/attention-points.md,base,Contrast training,line 95,general,"Een andere interessante trainingsvorm is de 'contrast training'. Hierbij voer je dezelfde oefening uit met Kongokens van verschillend gewicht. Bijvoorbeeld 10 keer met een Kongoken van 25 kg en 15 keer met een Kongoken van 15 kg, enzovoorts. Deze vorm van krachttraining heeft een positief effect op het coördinatieve aspect van de actie.","Use Hojo Undo PDFs, docs/hojo_undo_extracted.txt, and equipment-specific source PDFs.",candidate
C00397,src/content/hojo-undo/kongoken/attention-points.md,base,Praktische Tips,line 97,general,Praktische Tips,"Use Hojo Undo PDFs, docs/hojo_undo_extracted.txt, and equipment-specific source PDFs.",candidate
C00398,src/content/hojo-undo/kongoken/attention-points.md,base,Praktische Tips,line 99,general,Begin met lichte gewichten: 15-20 kg voor beginners,"Use Hojo Undo PDFs, docs/hojo_undo_extracted.txt, and equipment-specific source PDFs.",candidate
C00399,src/content/hojo-undo/kongoken/attention-points.md,base,Praktische Tips,line 100,general,Focus op techniek: Correcte uitvoering voor gewicht,"Use Hojo Undo PDFs, docs/hojo_undo_extracted.txt, and equipment-specific source PDFs.",candidate
C00400,src/content/hojo-undo/kongoken/attention-points.md,base,Praktische Tips,line 101,general,Warm-up: Zorg voor goede warming-up van rug en benen,"Use Hojo Undo PDFs, docs/hojo_undo_extracted.txt, and equipment-specific source PDFs.",candidate
C00401,src/content/hojo-undo/kongoken/attention-points.md,base,Praktische Tips,line 102,general,Begeleiding: Train onder deskundige begeleiding,"Use Hojo Undo PDFs, docs/hojo_undo_extracted.txt, and equipment-specific source PDFs.",candidate
C00402,src/content/hojo-undo/kongoken/attention-points.md,base,Praktische Tips,line 103,general,Rust: Neem voldoende rust tussen oefenseries,"Use Hojo Undo PDFs, docs/hojo_undo_extracted.txt, and equipment-specific source PDFs.",candidate
C00403,src/content/hojo-undo/kongoken/attention-points.md,base,Praktische Tips,line 104,general,Progressive overload: Bouw geleidelijk op in gewicht en intensiteit,"Use Hojo Undo PDFs, docs/hojo_undo_extracted.txt, and equipment-specific source PDFs.",candidate
C00404,src/content/hojo-undo/kongoken/attention-points.md,base,Veiligheidschecklist,line 106,safety,Veiligheidschecklist,"Use Hojo Undo PDFs, docs/hojo_undo_extracted.txt, and equipment-specific source PDFs.",candidate
C00405,src/content/hojo-undo/kongoken/attention-points.md,base,Voor de training,line 108,general,Voor de training,"Use Hojo Undo PDFs, docs/hojo_undo_extracted.txt, and equipment-specific source PDFs.",candidate
C00406,src/content/hojo-undo/kongoken/attention-points.md,base,Voor de training,line 109,general,[ ] Kongoken gecontroleerd op schade,"Use Hojo Undo PDFs, docs/hojo_undo_extracted.txt, and equipment-specific source PDFs.",candidate
C00407,src/content/hojo-undo/kongoken/attention-points.md,base,Voor de training,line 110,general,[ ] Voldoende ruimte om je heen,"Use Hojo Undo PDFs, docs/hojo_undo_extracted.txt, and equipment-specific source PDFs.",candidate
C00408,src/content/hojo-undo/kongoken/attention-points.md,base,Voor de training,line 111,general,[ ] Goede warming-up uitgevoerd,"Use Hojo Undo PDFs, docs/hojo_undo_extracted.txt, and equipment-specific source PDFs.",candidate
C00409,src/content/hojo-undo/kongoken/attention-points.md,base,Voor de training,line 112,general,[ ] Begeleiding aanwezig,"Use Hojo Undo PDFs, docs/hojo_undo_extracted.txt, and equipment-specific source PDFs.",candidate
C00410,src/content/hojo-undo/kongoken/attention-points.md,base,Tijdens de training,line 114,general,Tijdens de training,"Use Hojo Undo PDFs, docs/hojo_undo_extracted.txt, and equipment-specific source PDFs.",candidate
C00411,src/content/hojo-undo/kongoken/attention-points.md,base,Tijdens de training,line 115,general,[ ] Correcte houding behouden,"Use Hojo Undo PDFs, docs/hojo_undo_extracted.txt, and equipment-specific source PDFs.",candidate
C00412,src/content/hojo-undo/kongoken/attention-points.md,base,Tijdens de training,line 116,general,[ ] Gecontroleerde ademhaling,"Use Hojo Undo PDFs, docs/hojo_undo_extracted.txt, and equipment-specific source PDFs.",candidate
C00413,src/content/hojo-undo/kongoken/attention-points.md,base,Tijdens de training,line 117,safety,[ ] Geen pijn of ongemak,"Use Hojo Undo PDFs, docs/hojo_undo_extracted.txt, and equipment-specific source PDFs.",candidate
C00414,src/content/hojo-undo/kongoken/attention-points.md,base,Tijdens de training,line 118,general,[ ] Regelmatige pauzes,"Use Hojo Undo PDFs, docs/hojo_undo_extracted.txt, and equipment-specific source PDFs.",candidate
C00415,src/content/hojo-undo/kongoken/attention-points.md,base,Na de training,line 120,general,Na de training,"Use Hojo Undo PDFs, docs/hojo_undo_extracted.txt, and equipment-specific source PDFs.",candidate
C00416,src/content/hojo-undo/kongoken/attention-points.md,base,Na de training,line 121,general,[ ] Cooling-down uitgevoerd,"Use Hojo Undo PDFs, docs/hojo_undo_extracted.txt, and equipment-specific source PDFs.",candidate
C00417,src/content/hojo-undo/kongoken/attention-points.md,base,Na de training,line 122,general,[ ] Stretching van gebruikte spieren,"Use Hojo Undo PDFs, docs/hojo_undo_extracted.txt, and equipment-specific source PDFs.",candidate
C00418,src/content/hojo-undo/kongoken/attention-points.md,base,Na de training,line 123,general,[ ] Voldoende rust genomen,"Use Hojo Undo PDFs, docs/hojo_undo_extracted.txt, and equipment-specific source PDFs.",candidate
C00419,src/content/hojo-undo/kongoken/attention-points.md,base,Na de training,line 124,general,[ ] Training geëvalueerd,"Use Hojo Undo PDFs, docs/hojo_undo_extracted.txt, and equipment-specific source PDFs.",candidate
C00420,src/content/hojo-undo/kongoken/attention-points.md,base,Belangrijke Herinnering,line 126,general,Belangrijke Herinnering,"Use Hojo Undo PDFs, docs/hojo_undo_extracted.txt, and equipment-specific source PDFs.",candidate
C00421,src/content/hojo-undo/kongoken/attention-points.md,base,Belangrijke Herinnering,line 128,safety,De Kongoken is een traditioneel hulpmiddel dat respect en voorzichtigheid vereist. Luister altijd naar je lichaam en raadpleeg een gekwalificeerde instructeur als je vragen hebt over de juiste techniek of intensiteit. Veiligheid staat altijd voorop bij Hojo Undo training.,"Use Hojo Undo PDFs, docs/hojo_undo_extracted.txt, and equipment-specific source PDFs.",candidate
C00422,src/content/hojo-undo/kongoken/classic-exercises.md,base,Klassieke Oefeningen (Classic Exercises),line 1,general,Klassieke Oefeningen (Classic Exercises),"Use Hojo Undo PDFs, docs/hojo_undo_extracted.txt, and equipment-specific source PDFs.",candidate
C00423,src/content/hojo-undo/kongoken/classic-exercises.md,base,Klassieke Oefeningen (Classic Exercises),line 3,history,"De klassieke oefeningen zijn onder meer te zien in Traditional Karate, volume 1 en op de videoband 'Hojo Undo' (Panther Productions), beiden van Sensei Morio Higaonna.","Use Hojo Undo PDFs, docs/hojo_undo_extracted.txt, and equipment-specific source PDFs.",candidate
C00424,src/content/hojo-undo/kongoken/classic-exercises.md,base,Veiligheidsrichtlijnen,line 5,safety,Veiligheidsrichtlijnen,"Use Hojo Undo PDFs, docs/hojo_undo_extracted.txt, and equipment-specific source PDFs.",candidate
C00425,src/content/hojo-undo/kongoken/classic-exercises.md,base,Belang van technische uitvoering,line 7,general,Belang van technische uitvoering,"Use Hojo Undo PDFs, docs/hojo_undo_extracted.txt, and equipment-specific source PDFs.",candidate
C00426,src/content/hojo-undo/kongoken/classic-exercises.md,base,Belang van technische uitvoering,line 8,general,Gezien het gewicht van de kongoken is het van groot belang nauwkeurig te zijn in de technische uitvoering van de oefeningen.,"Use Hojo Undo PDFs, docs/hojo_undo_extracted.txt, and equipment-specific source PDFs.",candidate
C00427,src/content/hojo-undo/kongoken/classic-exercises.md,base,Risico's bij shiko dachi,line 10,technique,Risico's bij shiko dachi,"Use Hojo Undo PDFs, docs/hojo_undo_extracted.txt, and equipment-specific source PDFs.",candidate
C00428,src/content/hojo-undo/kongoken/classic-exercises.md,base,Risico's bij shiko dachi,line 11,technique,"Met name omdat menige oefening wordt uitgevoerd in shiko dachi, waarbij het risico van overbelasting van de onderrug relatief groot is, omdat de onderrug in shiko dachi normaliter een natuurlijke holling vertoont.","Use Hojo Undo PDFs, docs/hojo_undo_extracted.txt, and equipment-specific source PDFs.",candidate
C00429,src/content/hojo-undo/kongoken/classic-exercises.md,base,Kritieke momenten,line 13,general,Kritieke momenten,"Use Hojo Undo PDFs, docs/hojo_undo_extracted.txt, and equipment-specific source PDFs.",candidate
C00430,src/content/hojo-undo/kongoken/classic-exercises.md,base,Kritieke momenten,line 14,technique,Met name de oefeningen waarbij je op het belastingsmoment in shiko dachi komt verdienen extra aandacht:,"Use Hojo Undo PDFs, docs/hojo_undo_extracted.txt, and equipment-specific source PDFs.",candidate
C00431,src/content/hojo-undo/kongoken/classic-exercises.md,base,Kritieke momenten,line 15,technique,Opstoten van de kongoken vanuit spreidstand naar shiko dachi,"Use Hojo Undo PDFs, docs/hojo_undo_extracted.txt, and equipment-specific source PDFs.",candidate
C00432,src/content/hojo-undo/kongoken/classic-exercises.md,base,Kritieke momenten,line 16,technique,'Shiko squats' (en 'neko squats') waarbij je meer gewicht te dragen krijgt terwijl je in shiko dachi komt,"Use Hojo Undo PDFs, docs/hojo_undo_extracted.txt, and equipment-specific source PDFs.",candidate
C00433,src/content/hojo-undo/kongoken/classic-exercises.md,base,Correcte houding,line 18,general,Correcte houding,"Use Hojo Undo PDFs, docs/hojo_undo_extracted.txt, and equipment-specific source PDFs.",candidate
C00434,src/content/hojo-undo/kongoken/classic-exercises.md,base,Bekken en wervelkolom,line 20,general,Bekken en wervelkolom,"Use Hojo Undo PDFs, docs/hojo_undo_extracted.txt, and equipment-specific source PDFs.",candidate
C00435,src/content/hojo-undo/kongoken/classic-exercises.md,base,Bekken en wervelkolom,line 21,technique,Bij de oefeningen in shiko dachi (en Neko dachi) moet je letten op de stand van je bekken en wervelkolom:,"Use Hojo Undo PDFs, docs/hojo_undo_extracted.txt, and equipment-specific source PDFs.",candidate
C00436,src/content/hojo-undo/kongoken/classic-exercises.md,base,Bekken en wervelkolom,line 23,general,Zorg ervoor dat je onderrug niet te hol trekt,"Use Hojo Undo PDFs, docs/hojo_undo_extracted.txt, and equipment-specific source PDFs.",candidate
C00437,src/content/hojo-undo/kongoken/classic-exercises.md,base,Bekken en wervelkolom,line 24,general,Je bekken niet te ver voorover kantelt,"Use Hojo Undo PDFs, docs/hojo_undo_extracted.txt, and equipment-specific source PDFs.",candidate
C00438,src/content/hojo-undo/kongoken/classic-exercises.md,base,Bekken en wervelkolom,line 25,general,Je onderrug niet laat inzakken maar deze actief opstrekt (in de richting van je kruin),"Use Hojo Undo PDFs, docs/hojo_undo_extracted.txt, and equipment-specific source PDFs.",candidate
C00439,src/content/hojo-undo/kongoken/classic-exercises.md,base,Opstrekken van de wervelkolom,line 27,general,Opstrekken van de wervelkolom,"Use Hojo Undo PDFs, docs/hojo_undo_extracted.txt, and equipment-specific source PDFs.",candidate
C00440,src/content/hojo-undo/kongoken/classic-exercises.md,base,Opstrekken van de wervelkolom,line 28,technique,Het opstrekken van je wervelkolom hangt samen met het optrekken van je anus. Hou daarom in shiko dachi en zeker op de belastingsmomenten een lichte opwaartse spanning in je anus en hou je kruin op (niet ontwortelen!).,"Use Hojo Undo PDFs, docs/hojo_undo_extracted.txt, and equipment-specific source PDFs.",candidate
C00441,src/content/hojo-undo/kongoken/classic-exercises.md,base,Oefencategorieën,line 30,general,Oefencategorieën,"Use Hojo Undo PDFs, docs/hojo_undo_extracted.txt, and equipment-specific source PDFs.",candidate
C00442,src/content/hojo-undo/kongoken/classic-exercises.md,base,A. Kantelserie horizontaal vlak,line 32,general,A. Kantelserie horizontaal vlak,"Use Hojo Undo PDFs, docs/hojo_undo_extracted.txt, and equipment-specific source PDFs.",candidate
C00443,src/content/hojo-undo/kongoken/classic-exercises.md,base,A. Kantelserie horizontaal vlak,line 33,technique,"De klassieke oefening wordt gedaan vanuit shiko dachi, alleen of met partner. Hierop zijn allerlei variaties mogelijk met andere standen en ander voetenwerk.","Use Hojo Undo PDFs, docs/hojo_undo_extracted.txt, and equipment-specific source PDFs.",candidate
C00444,src/content/hojo-undo/kongoken/classic-exercises.md,base,A. Kantelserie horizontaal vlak,line 35,general,Toepassingen: Deze oefeningen sluiten aan bij diverse kantelworpen waarbij je tegenstander werpt via een klem op de armen of het hoofd. De eerste is bekend als een toepassing van de tora guchi.,"Use Hojo Undo PDFs, docs/hojo_undo_extracted.txt, and equipment-specific source PDFs.",candidate
C00445,src/content/hojo-undo/kongoken/classic-exercises.md,base,B. Kantelserie verticaal vlak,line 37,general,B. Kantelserie verticaal vlak,"Use Hojo Undo PDFs, docs/hojo_undo_extracted.txt, and equipment-specific source PDFs.",candidate
C00446,src/content/hojo-undo/kongoken/classic-exercises.md,base,B. Kantelserie verticaal vlak,line 38,general,"De kanteloefeningen in het verticale vlak sluiten aan bij een groot aantal werptechnieken waarbij je twee tegengestelde krachten uitoefent met je armen, een boven het zwaartepunt en een onder het zwaartepunt van je tegenstander. Je bekken is daarbij eventueel een steunpunt.","Use Hojo Undo PDFs, docs/hojo_undo_extracted.txt, and equipment-specific source PDFs.",candidate
C00447,src/content/hojo-undo/kongoken/classic-exercises.md,base,B. Kantelserie verticaal vlak,line 40,technique,Toepassingen: Deze worpen zou je kantelworp kunnen noemen. In de kata komt een groot aantal bewegingen waarbij sprake is van een kantelbeweging. De tora guchi is een veel voorkomend voorbeeld. Andere voorbeelden zijn o.a. te vinden in:,"Use Hojo Undo PDFs, docs/hojo_undo_extracted.txt, and equipment-specific source PDFs.",candidate
C00448,src/content/hojo-undo/kongoken/classic-exercises.md,base,B. Kantelserie verticaal vlak,line 41,technique,Seiyunchin (hari uke),"Use Hojo Undo PDFs, docs/hojo_undo_extracted.txt, and equipment-specific source PDFs.",candidate
C00449,src/content/hojo-undo/kongoken/classic-exercises.md,base,C. Uitstoot oefeningen,line 46,general,C. Uitstoot oefeningen,"Use Hojo Undo PDFs, docs/hojo_undo_extracted.txt, and equipment-specific source PDFs.",candidate
C00450,src/content/hojo-undo/kongoken/classic-exercises.md,base,C. Uitstoot oefeningen,line 47,general,Er zijn een drietal traditionele uitstootoefeningen:,"Use Hojo Undo PDFs, docs/hojo_undo_extracted.txt, and equipment-specific source PDFs.",candidate
C00451,src/content/hojo-undo/kongoken/classic-exercises.md,base,C. Uitstoot oefeningen,line 49,technique,Naar boven uitstoten terwijl je in shiko dachi valt,"Use Hojo Undo PDFs, docs/hojo_undo_extracted.txt, and equipment-specific source PDFs.",candidate
C00452,src/content/hojo-undo/kongoken/classic-exercises.md,base,C. Uitstoot oefeningen,line 50,technique,Naar voren uitstoten in shiko dachi,"Use Hojo Undo PDFs, docs/hojo_undo_extracted.txt, and equipment-specific source PDFs.",candidate
C00453,src/content/hojo-undo/kongoken/classic-exercises.md,base,C. Uitstoot oefeningen,line 51,general,Opdrukken met de kongoken op je nek,"Use Hojo Undo PDFs, docs/hojo_undo_extracted.txt, and equipment-specific source PDFs.",candidate
C00454,src/content/hojo-undo/kongoken/classic-exercises.md,base,C. Uitstoot oefeningen,line 53,general,Als setje vormen ze een voorbeeld van 'complexe training'.,"Use Hojo Undo PDFs, docs/hojo_undo_extracted.txt, and equipment-specific source PDFs.",candidate
C00455,src/content/hojo-undo/kongoken/classic-exercises.md,base,D. Overige oefeningen,line 55,general,D. Overige oefeningen,"Use Hojo Undo PDFs, docs/hojo_undo_extracted.txt, and equipment-specific source PDFs.",candidate
C00456,src/content/hojo-undo/kongoken/classic-exercises.md,base,D. Overige oefeningen,line 57,general,Polszwaaioefening,"Use Hojo Undo PDFs, docs/hojo_undo_extracted.txt, and equipment-specific source PDFs.",candidate
C00457,src/content/hojo-undo/kongoken/classic-exercises.md,base,D. Overige oefeningen,line 58,general,Kururunfa ademoefening,"Use Hojo Undo PDFs, docs/hojo_undo_extracted.txt, and equipment-specific source PDFs.",candidate
C00458,src/content/hojo-undo/kongoken/classic-exercises.md,base,D. Overige oefeningen,line 59,technique,Squats in shiko dachi of neko ashi dachi,"Use Hojo Undo PDFs, docs/hojo_undo_extracted.txt, and equipment-specific source PDFs.",candidate
C00459,src/content/hojo-undo/kongoken/classic-exercises.md,base,D. Overige oefeningen,line 61,general,Natuurlijk kan men zelf ook oefeningen bedenken.,"Use Hojo Undo PDFs, docs/hojo_undo_extracted.txt, and equipment-specific source PDFs.",candidate
C00460,src/content/hojo-undo/kongoken/classic-exercises.md,base,Training principes,line 63,general,Training principes,"Use Hojo Undo PDFs, docs/hojo_undo_extracted.txt, and equipment-specific source PDFs.",candidate
C00461,src/content/hojo-undo/kongoken/classic-exercises.md,base,Complexe training,line 65,general,Complexe training,"Use Hojo Undo PDFs, docs/hojo_undo_extracted.txt, and equipment-specific source PDFs.",candidate
C00462,src/content/hojo-undo/kongoken/classic-exercises.md,base,Complexe training,line 66,general,Wanneer we de kanteloefeningen laten opvolgen door soortgelijke til- en kanteloefeningen met partner en daarna dit in een kumite integreren spreken we van een 'complexe trainingsvorm'. Bij deze manier van trainen is er sprake van een grotere 'transfer' (overdracht) van de effecten van de oefeningen naar de eigenlijke gevechtsacties.,"Use Hojo Undo PDFs, docs/hojo_undo_extracted.txt, and equipment-specific source PDFs.",candidate
C00463,src/content/hojo-undo/kongoken/classic-exercises.md,base,Contrast training,line 68,general,Contrast training,"Use Hojo Undo PDFs, docs/hojo_undo_extracted.txt, and equipment-specific source PDFs.",candidate
C00464,src/content/hojo-undo/kongoken/classic-exercises.md,base,Contrast training,line 69,general,"Een andere interessante trainingsvorm is de 'contrast training'. Hierbij voer je dezelfde oefening uit met kongokens van verschillend gewicht. Bijvoorbeeld 10 keer met een kongoken van 25 kg en 15 keer met een kongoken van 15 kg, enzovoorts. Deze vorm van krachttraining heeft een positief effect op het coördinatieve aspect van de actie.","Use Hojo Undo PDFs, docs/hojo_undo_extracted.txt, and equipment-specific source PDFs.",candidate
C00465,src/content/hojo-undo/kongoken/classic-exercises.md,base,Praktische tips,line 71,general,Praktische tips,"Use Hojo Undo PDFs, docs/hojo_undo_extracted.txt, and equipment-specific source PDFs.",candidate
C00466,src/content/hojo-undo/kongoken/classic-exercises.md,base,Praktische tips,line 73,general,Begin met lichte gewichten: 15-20 kg voor beginners,"Use Hojo Undo PDFs, docs/hojo_undo_extracted.txt, and equipment-specific source PDFs.",candidate
C00467,src/content/hojo-undo/kongoken/classic-exercises.md,base,Praktische tips,line 74,general,Focus op techniek: Correcte uitvoering voor gewicht,"Use Hojo Undo PDFs, docs/hojo_undo_extracted.txt, and equipment-specific source PDFs.",candidate
C00468,src/content/hojo-undo/kongoken/classic-exercises.md,base,Praktische tips,line 75,general,Warm-up: Zorg voor goede warming-up van rug en benen,"Use Hojo Undo PDFs, docs/hojo_undo_extracted.txt, and equipment-specific source PDFs.",candidate
C00469,src/content/hojo-undo/kongoken/classic-exercises.md,base,Praktische tips,line 76,general,Begeleiding: Train onder deskundige begeleiding,"Use Hojo Undo PDFs, docs/hojo_undo_extracted.txt, and equipment-specific source PDFs.",candidate
C00470,src/content/hojo-undo/kongoken/classic-exercises.md,base,Praktische tips,line 77,general,Rust: Neem voldoende rust tussen oefenseries,"Use Hojo Undo PDFs, docs/hojo_undo_extracted.txt, and equipment-specific source PDFs.",candidate
C00471,src/content/hojo-undo/kongoken/classic-exercises.md,base,Praktische tips,line 78,general,Progressive overload: Bouw geleidelijk op in gewicht en intensiteit,"Use Hojo Undo PDFs, docs/hojo_undo_extracted.txt, and equipment-specific source PDFs.",candidate
C00472,src/content/hojo-undo/kongoken/construction.md,base,Constructie (Construction),line 1,general,Constructie (Construction),"Use Hojo Undo PDFs, docs/hojo_undo_extracted.txt, and equipment-specific source PDFs.",candidate
C00473,src/content/hojo-undo/kongoken/construction.md,base,Traditionele Materialen,line 3,general,Traditionele Materialen,"Use Hojo Undo PDFs, docs/hojo_undo_extracted.txt, and equipment-specific source PDFs.",candidate
C00474,src/content/hojo-undo/kongoken/construction.md,base,Traditionele Materialen,line 5,general,"De Kongoken (金剛圏) is traditioneel gemaakt van massief ijzer. Het ontwerp bestaat uit een zware ijzeren ring met een ovale vorm, specifiek ontworpen voor krachttraining en het ontwikkelen van functionele kracht.","Use Hojo Undo PDFs, docs/hojo_undo_extracted.txt, and equipment-specific source PDFs.",candidate
C00475,src/content/hojo-undo/kongoken/construction.md,base,Moderne Constructie,line 7,general,Moderne Constructie,"Use Hojo Undo PDFs, docs/hojo_undo_extracted.txt, and equipment-specific source PDFs.",candidate
C00476,src/content/hojo-undo/kongoken/construction.md,base,Materialen,line 10,general,Hoofdmateriaal: Massief ijzer of staal,"Use Hojo Undo PDFs, docs/hojo_undo_extracted.txt, and equipment-specific source PDFs.",candidate
C00477,src/content/hojo-undo/kongoken/construction.md,base,Materialen,line 11,general,Gewicht: 15-40 kg (afhankelijk van niveau),"Use Hojo Undo PDFs, docs/hojo_undo_extracted.txt, and equipment-specific source PDFs.",candidate
C00478,src/content/hojo-undo/kongoken/construction.md,base,Materialen,line 12,general,Vorm: Ovaal met afgeronde randen,"Use Hojo Undo PDFs, docs/hojo_undo_extracted.txt, and equipment-specific source PDFs.",candidate
C00479,src/content/hojo-undo/kongoken/construction.md,base,Materialen,line 13,general,Oppervlak: Glad en vrij van scherpe randen,"Use Hojo Undo PDFs, docs/hojo_undo_extracted.txt, and equipment-specific source PDFs.",candidate
C00480,src/content/hojo-undo/kongoken/construction.md,base,Afmetingen,line 16,general,Lengte: 60-80 cm (langste as),"Use Hojo Undo PDFs, docs/hojo_undo_extracted.txt, and equipment-specific source PDFs.",candidate
C00481,src/content/hojo-undo/kongoken/construction.md,base,Afmetingen,line 17,general,Breedte: 40-50 cm (kortste as),"Use Hojo Undo PDFs, docs/hojo_undo_extracted.txt, and equipment-specific source PDFs.",candidate
C00482,src/content/hojo-undo/kongoken/construction.md,base,Afmetingen,line 18,general,Diameter: 3-5 cm (dikte van de ring),"Use Hojo Undo PDFs, docs/hojo_undo_extracted.txt, and equipment-specific source PDFs.",candidate
C00483,src/content/hojo-undo/kongoken/construction.md,base,Afmetingen,line 19,general,Gewicht: 15-40 kg (afhankelijk van niveau),"Use Hojo Undo PDFs, docs/hojo_undo_extracted.txt, and equipment-specific source PDFs.",candidate
C00484,src/content/hojo-undo/kongoken/construction.md,base,Constructie Stappen,line 21,general,Constructie Stappen,"Use Hojo Undo PDFs, docs/hojo_undo_extracted.txt, and equipment-specific source PDFs.",candidate
C00485,src/content/hojo-undo/kongoken/construction.md,base,Constructie Stappen,line 23,general,Voorbereiding van het materiaal,"Use Hojo Undo PDFs, docs/hojo_undo_extracted.txt, and equipment-specific source PDFs.",candidate
C00486,src/content/hojo-undo/kongoken/construction.md,base,Constructie Stappen,line 24,general,Kies hoogwaardig ijzer of staal,"Use Hojo Undo PDFs, docs/hojo_undo_extracted.txt, and equipment-specific source PDFs.",candidate
C00487,src/content/hojo-undo/kongoken/construction.md,base,Constructie Stappen,line 25,general,Zorg dat het materiaal vrij is van defecten,"Use Hojo Undo PDFs, docs/hojo_undo_extracted.txt, and equipment-specific source PDFs.",candidate
C00488,src/content/hojo-undo/kongoken/construction.md,base,Constructie Stappen,line 26,general,Bereken het gewicht op basis van de gewenste afmetingen,"Use Hojo Undo PDFs, docs/hojo_undo_extracted.txt, and equipment-specific source PDFs.",candidate
C00489,src/content/hojo-undo/kongoken/construction.md,base,Constructie Stappen,line 29,general,Buig het ijzer in een ovale vorm,"Use Hojo Undo PDFs, docs/hojo_undo_extracted.txt, and equipment-specific source PDFs.",candidate
C00490,src/content/hojo-undo/kongoken/construction.md,base,Constructie Stappen,line 30,general,Zorg voor een gelijkmatige verdeling van het gewicht,"Use Hojo Undo PDFs, docs/hojo_undo_extracted.txt, and equipment-specific source PDFs.",candidate
C00491,src/content/hojo-undo/kongoken/construction.md,base,Constructie Stappen,line 31,general,Controleer de symmetrie van de vorm,"Use Hojo Undo PDFs, docs/hojo_undo_extracted.txt, and equipment-specific source PDFs.",candidate
C00492,src/content/hojo-undo/kongoken/construction.md,base,Constructie Stappen,line 34,general,Slijp alle scherpe randen weg,"Use Hojo Undo PDFs, docs/hojo_undo_extracted.txt, and equipment-specific source PDFs.",candidate
C00493,src/content/hojo-undo/kongoken/construction.md,base,Constructie Stappen,line 35,general,Zorg voor een glad oppervlak,"Use Hojo Undo PDFs, docs/hojo_undo_extracted.txt, and equipment-specific source PDFs.",candidate
C00494,src/content/hojo-undo/kongoken/construction.md,base,Constructie Stappen,line 36,general,Behandel het oppervlak tegen roest,"Use Hojo Undo PDFs, docs/hojo_undo_extracted.txt, and equipment-specific source PDFs.",candidate
C00495,src/content/hojo-undo/kongoken/construction.md,base,Constructie Stappen,line 38,general,Kwaliteitscontrole,"Use Hojo Undo PDFs, docs/hojo_undo_extracted.txt, and equipment-specific source PDFs.",candidate
C00496,src/content/hojo-undo/kongoken/construction.md,base,Constructie Stappen,line 39,general,Test de stevigheid van de constructie,"Use Hojo Undo PDFs, docs/hojo_undo_extracted.txt, and equipment-specific source PDFs.",candidate
C00497,src/content/hojo-undo/kongoken/construction.md,base,Constructie Stappen,line 40,general,Controleer de balans van het gewicht,"Use Hojo Undo PDFs, docs/hojo_undo_extracted.txt, and equipment-specific source PDFs.",candidate
C00498,src/content/hojo-undo/kongoken/construction.md,base,Constructie Stappen,line 41,safety,Verifieer de veiligheid van alle onderdelen,"Use Hojo Undo PDFs, docs/hojo_undo_extracted.txt, and equipment-specific source PDFs.",candidate
C00499,src/content/hojo-undo/kongoken/construction.md,base,Gewicht Richtlijnen,line 43,general,Gewicht Richtlijnen,"Use Hojo Undo PDFs, docs/hojo_undo_extracted.txt, and equipment-specific source PDFs.",candidate
C00500,src/content/hojo-undo/kongoken/construction.md,base,Beginners,line 46,general,Gewicht: 15-20 kg,"Use Hojo Undo PDFs, docs/hojo_undo_extracted.txt, and equipment-specific source PDFs.",candidate
C00501,src/content/hojo-undo/kongoken/construction.md,base,Beginners,line 47,general,Focus: Techniek en basis krachtontwikkeling,"Use Hojo Undo PDFs, docs/hojo_undo_extracted.txt, and equipment-specific source PDFs.",candidate
C00502,src/content/hojo-undo/kongoken/construction.md,base,Beginners,line 48,general,Duur: 10-15 minuten per sessie,"Use Hojo Undo PDFs, docs/hojo_undo_extracted.txt, and equipment-specific source PDFs.",candidate
C00503,src/content/hojo-undo/kongoken/construction.md,base,Beginners,line 49,general,Frequentie: 2-3 keer per week,"Use Hojo Undo PDFs, docs/hojo_undo_extracted.txt, and equipment-specific source PDFs.",candidate
C00504,src/content/hojo-undo/kongoken/construction.md,base,Gevorderden,line 52,general,Gewicht: 20-30 kg,"Use Hojo Undo PDFs, docs/hojo_undo_extracted.txt, and equipment-specific source PDFs.",candidate
C00505,src/content/hojo-undo/kongoken/construction.md,base,Gevorderden,line 53,general,Focus: Kracht en uithoudingsvermogen,"Use Hojo Undo PDFs, docs/hojo_undo_extracted.txt, and equipment-specific source PDFs.",candidate
C00506,src/content/hojo-undo/kongoken/construction.md,base,Gevorderden,line 54,general,Duur: 15-25 minuten per sessie,"Use Hojo Undo PDFs, docs/hojo_undo_extracted.txt, and equipment-specific source PDFs.",candidate
C00507,src/content/hojo-undo/kongoken/construction.md,base,Gevorderden,line 55,general,Frequentie: 3-4 keer per week,"Use Hojo Undo PDFs, docs/hojo_undo_extracted.txt, and equipment-specific source PDFs.",candidate
C00508,src/content/hojo-undo/kongoken/construction.md,base,Experts,line 58,general,Gewicht: 30-40 kg,"Use Hojo Undo PDFs, docs/hojo_undo_extracted.txt, and equipment-specific source PDFs.",candidate
C00509,src/content/hojo-undo/kongoken/construction.md,base,Experts,line 59,general,Focus: Maximale kracht en techniek verfijning,"Use Hojo Undo PDFs, docs/hojo_undo_extracted.txt, and equipment-specific source PDFs.",candidate
C00510,src/content/hojo-undo/kongoken/construction.md,base,Experts,line 60,general,Duur: 20-30 minuten per sessie,"Use Hojo Undo PDFs, docs/hojo_undo_extracted.txt, and equipment-specific source PDFs.",candidate
C00511,src/content/hojo-undo/kongoken/construction.md,base,Experts,line 61,general,Frequentie: 4-5 keer per week,"Use Hojo Undo PDFs, docs/hojo_undo_extracted.txt, and equipment-specific source PDFs.",candidate
C00512,src/content/hojo-undo/kongoken/construction.md,base,Alternatieve Constructies,line 63,general,Alternatieve Constructies,"Use Hojo Undo PDFs, docs/hojo_undo_extracted.txt, and equipment-specific source PDFs.",candidate
C00513,src/content/hojo-undo/kongoken/construction.md,base,Cement Variant,line 65,general,Cement Variant,"Use Hojo Undo PDFs, docs/hojo_undo_extracted.txt, and equipment-specific source PDFs.",candidate
C00514,src/content/hojo-undo/kongoken/construction.md,base,Cement Variant,line 66,general,Voor beginners of thuisgebruik kan een cement Kongoken worden gemaakt:,"Use Hojo Undo PDFs, docs/hojo_undo_extracted.txt, and equipment-specific source PDFs.",candidate
C00515,src/content/hojo-undo/kongoken/construction.md,base,Cement Variant,line 67,general,Materiaal: Cement mengsel met stalen versterking,"Use Hojo Undo PDFs, docs/hojo_undo_extracted.txt, and equipment-specific source PDFs.",candidate
C00516,src/content/hojo-undo/kongoken/construction.md,base,Cement Variant,line 68,general,Gewicht: 10-25 kg,"Use Hojo Undo PDFs, docs/hojo_undo_extracted.txt, and equipment-specific source PDFs.",candidate
C00517,src/content/hojo-undo/kongoken/construction.md,base,Cement Variant,line 69,general,Voordelen: Goedkoper en makkelijker te maken,"Use Hojo Undo PDFs, docs/hojo_undo_extracted.txt, and equipment-specific source PDFs.",candidate
C00518,src/content/hojo-undo/kongoken/construction.md,base,Cement Variant,line 70,grading,Nadelen: Minder duurzaam dan ijzer,"Use Hojo Undo PDFs, docs/hojo_undo_extracted.txt, and equipment-specific source PDFs.",candidate
C00519,src/content/hojo-undo/kongoken/construction.md,base,Hout Variant,line 72,general,Hout Variant,"Use Hojo Undo PDFs, docs/hojo_undo_extracted.txt, and equipment-specific source PDFs.",candidate
C00520,src/content/hojo-undo/kongoken/construction.md,base,Hout Variant,line 74,general,Materiaal: Hardhout met metalen versterking,"Use Hojo Undo PDFs, docs/hojo_undo_extracted.txt, and equipment-specific source PDFs.",candidate
C00521,src/content/hojo-undo/kongoken/construction.md,base,Hout Variant,line 75,general,Gewicht: 5-15 kg,"Use Hojo Undo PDFs, docs/hojo_undo_extracted.txt, and equipment-specific source PDFs.",candidate
C00522,src/content/hojo-undo/kongoken/construction.md,base,Hout Variant,line 76,safety,Voordelen: Lichter en veiliger voor beginners,"Use Hojo Undo PDFs, docs/hojo_undo_extracted.txt, and equipment-specific source PDFs.",candidate
C00523,src/content/hojo-undo/kongoken/construction.md,base,Hout Variant,line 77,general,Nadelen: Beperkte duurzaamheid,"Use Hojo Undo PDFs, docs/hojo_undo_extracted.txt, and equipment-specific source PDFs.",candidate
C00524,src/content/hojo-undo/kongoken/construction.md,base,Veiligheidsmaatregelen,line 79,safety,Veiligheidsmaatregelen,"Use Hojo Undo PDFs, docs/hojo_undo_extracted.txt, and equipment-specific source PDFs.",candidate
C00525,src/content/hojo-undo/kongoken/construction.md,base,Constructie,line 82,general,Controleer regelmatig op scheuren of defecten,"Use Hojo Undo PDFs, docs/hojo_undo_extracted.txt, and equipment-specific source PDFs.",candidate
C00526,src/content/hojo-undo/kongoken/construction.md,base,Constructie,line 83,general,Zorg voor een glad oppervlak zonder scherpe randen,"Use Hojo Undo PDFs, docs/hojo_undo_extracted.txt, and equipment-specific source PDFs.",candidate
C00527,src/content/hojo-undo/kongoken/construction.md,base,Constructie,line 84,general,Test de stevigheid voordat je intensief traint,"Use Hojo Undo PDFs, docs/hojo_undo_extracted.txt, and equipment-specific source PDFs.",candidate
C00528,src/content/hojo-undo/kongoken/construction.md,base,Constructie,line 85,general,Bewaar op een droge plaats om roest te voorkomen,"Use Hojo Undo PDFs, docs/hojo_undo_extracted.txt, and equipment-specific source PDFs.",candidate
C00529,src/content/hojo-undo/kongoken/construction.md,base,Gebruik,line 88,general,Begin altijd met lichtere gewichten,"Use Hojo Undo PDFs, docs/hojo_undo_extracted.txt, and equipment-specific source PDFs.",candidate
C00530,src/content/hojo-undo/kongoken/construction.md,base,Gebruik,line 89,general,Focus op correcte techniek,"Use Hojo Undo PDFs, docs/hojo_undo_extracted.txt, and equipment-specific source PDFs.",candidate
C00531,src/content/hojo-undo/kongoken/construction.md,base,Gebruik,line 90,safety,Gebruik een veilige trainingsruimte,"Use Hojo Undo PDFs, docs/hojo_undo_extracted.txt, and equipment-specific source PDFs.",candidate
C00532,src/content/hojo-undo/kongoken/construction.md,base,Gebruik,line 91,general,Train onder deskundige begeleiding,"Use Hojo Undo PDFs, docs/hojo_undo_extracted.txt, and equipment-specific source PDFs.",candidate
C00533,src/content/hojo-undo/kongoken/construction.md,base,Dagelijks,line 96,general,Reinig van zweet en vuil,"Use Hojo Undo PDFs, docs/hojo_undo_extracted.txt, and equipment-specific source PDFs.",candidate
C00534,src/content/hojo-undo/kongoken/construction.md,base,Dagelijks,line 97,general,Controleer op schade of slijtage,"Use Hojo Undo PDFs, docs/hojo_undo_extracted.txt, and equipment-specific source PDFs.",candidate
C00535,src/content/hojo-undo/kongoken/construction.md,base,Dagelijks,line 98,general,Droog af na gebruik,"Use Hojo Undo PDFs, docs/hojo_undo_extracted.txt, and equipment-specific source PDFs.",candidate
C00536,src/content/hojo-undo/kongoken/construction.md,base,Wekelijks,line 101,general,Inspecteer op roest of corrosie,"Use Hojo Undo PDFs, docs/hojo_undo_extracted.txt, and equipment-specific source PDFs.",candidate
C00537,src/content/hojo-undo/kongoken/construction.md,base,Wekelijks,line 102,general,Controleer de integriteit van het materiaal,"Use Hojo Undo PDFs, docs/hojo_undo_extracted.txt, and equipment-specific source PDFs.",candidate
C00538,src/content/hojo-undo/kongoken/construction.md,base,Wekelijks,line 103,general,Reinig grondig indien nodig,"Use Hojo Undo PDFs, docs/hojo_undo_extracted.txt, and equipment-specific source PDFs.",candidate
C00539,src/content/hojo-undo/kongoken/construction.md,base,Maandelijks,line 106,general,Diepgaande inspectie van alle onderdelen,"Use Hojo Undo PDFs, docs/hojo_undo_extracted.txt, and equipment-specific source PDFs.",candidate
C00540,src/content/hojo-undo/kongoken/construction.md,base,Maandelijks,line 107,general,Behandeling tegen roest indien nodig,"Use Hojo Undo PDFs, docs/hojo_undo_extracted.txt, and equipment-specific source PDFs.",candidate
C00541,src/content/hojo-undo/kongoken/construction.md,base,Maandelijks,line 108,general,Vervanging van beschadigde onderdelen,"Use Hojo Undo PDFs, docs/hojo_undo_extracted.txt, and equipment-specific source PDFs.",candidate
C00542,src/content/hojo-undo/kongoken/construction.md,base,Aanschaf Tips,line 110,general,Aanschaf Tips,"Use Hojo Undo PDFs, docs/hojo_undo_extracted.txt, and equipment-specific source PDFs.",candidate
C00543,src/content/hojo-undo/kongoken/construction.md,base,Professionele Kongoken,line 112,general,Professionele Kongoken,"Use Hojo Undo PDFs, docs/hojo_undo_extracted.txt, and equipment-specific source PDFs.",candidate
C00544,src/content/hojo-undo/kongoken/construction.md,base,Professionele Kongoken,line 113,general,Kwaliteit: Investeer in een hoogwaardige Kongoken,"Use Hojo Undo PDFs, docs/hojo_undo_extracted.txt, and equipment-specific source PDFs.",candidate
C00545,src/content/hojo-undo/kongoken/construction.md,base,Professionele Kongoken,line 114,general,Gewicht: Kies een gewicht dat past bij je niveau,"Use Hojo Undo PDFs, docs/hojo_undo_extracted.txt, and equipment-specific source PDFs.",candidate
C00546,src/content/hojo-undo/kongoken/construction.md,base,Professionele Kongoken,line 115,general,Merk: Vertrouwde merken bieden betere kwaliteit,"Use Hojo Undo PDFs, docs/hojo_undo_extracted.txt, and equipment-specific source PDFs.",candidate
C00547,src/content/hojo-undo/kongoken/construction.md,base,Professionele Kongoken,line 116,general,Garantie: Zorg voor een goede garantie,"Use Hojo Undo PDFs, docs/hojo_undo_extracted.txt, and equipment-specific source PDFs.",candidate
C00548,src/content/hojo-undo/kongoken/construction.md,base,Thuisgebruik,line 118,general,Thuisgebruik,"Use Hojo Undo PDFs, docs/hojo_undo_extracted.txt, and equipment-specific source PDFs.",candidate
C00549,src/content/hojo-undo/kongoken/construction.md,base,Thuisgebruik,line 119,general,Ruimte: Zorg voor voldoende trainingsruimte,"Use Hojo Undo PDFs, docs/hojo_undo_extracted.txt, and equipment-specific source PDFs.",candidate
C00550,src/content/hojo-undo/kongoken/construction.md,base,Thuisgebruik,line 120,general,"Vloer: Gebruik een stevige, vlakke ondergrond","Use Hojo Undo PDFs, docs/hojo_undo_extracted.txt, and equipment-specific source PDFs.",candidate
C00551,src/content/hojo-undo/kongoken/construction.md,base,Thuisgebruik,line 121,general,Ventilatie: Zorg voor goede ventilatie,"Use Hojo Undo PDFs, docs/hojo_undo_extracted.txt, and equipment-specific source PDFs.",candidate
C00552,src/content/hojo-undo/kongoken/construction.md,base,Thuisgebruik,line 122,safety,"Opslag: Bewaar op een veilige, droge plaats","Use Hojo Undo PDFs, docs/hojo_undo_extracted.txt, and equipment-specific source PDFs.",candidate
C00553,src/content/hojo-undo/kongoken/construction.md,base,Training Tips,line 124,general,Training Tips,"Use Hojo Undo PDFs, docs/hojo_undo_extracted.txt, and equipment-specific source PDFs.",candidate
C00554,src/content/hojo-undo/kongoken/construction.md,base,Training Tips,line 126,general,Opbouw: Begin met lichtere gewichten en bouw geleidelijk op,"Use Hojo Undo PDFs, docs/hojo_undo_extracted.txt, and equipment-specific source PDFs.",candidate
C00555,src/content/hojo-undo/kongoken/construction.md,base,Training Tips,line 127,general,Techniek: Focus eerst op correcte uitvoering,"Use Hojo Undo PDFs, docs/hojo_undo_extracted.txt, and equipment-specific source PDFs.",candidate
C00556,src/content/hojo-undo/kongoken/construction.md,base,Training Tips,line 128,general,Begeleiding: Train onder deskundige begeleiding,"Use Hojo Undo PDFs, docs/hojo_undo_extracted.txt, and equipment-specific source PDFs.",candidate
C00557,src/content/hojo-undo/kongoken/construction.md,base,Training Tips,line 129,general,Rust: Neem voldoende rust tussen trainingen,"Use Hojo Undo PDFs, docs/hojo_undo_extracted.txt, and equipment-specific source PDFs.",candidate
C00558,src/content/hojo-undo/kongoken/construction.md,base,Training Tips,line 130,general,Variatie: Wissel af tussen verschillende oefeningen,"Use Hojo Undo PDFs, docs/hojo_undo_extracted.txt, and equipment-specific source PDFs.",candidate
C00559,src/content/hojo-undo/kongoken/construction.md,base,Training Tips,line 131,safety,Veiligheid: Stop bij pijn of ongemak,"Use Hojo Undo PDFs, docs/hojo_undo_extracted.txt, and equipment-specific source PDFs.",candidate
C00560,src/content/hojo-undo/kongoken/exercises.md,base,Oefeningen (Exercises),line 1,general,Oefeningen (Exercises),"Use Hojo Undo PDFs, docs/hojo_undo_extracted.txt, and equipment-specific source PDFs.",candidate
C00561,src/content/hojo-undo/kongoken/exercises.md,base,Oefeningen (Exercises),line 3,history,De Kongoken (金剛圏) of 'ijzeren ovaal' is oorspronkelijk afkomstig uit Hawaï waar het werd gebruikt door Hawaïaanse worstelaars. Chojun Miyagi heeft de Kongoken geïntroduceerd op Okinawa en geïntegreerd in de Goju-ryu training.,"Use Hojo Undo PDFs, docs/hojo_undo_extracted.txt, and equipment-specific source PDFs.",candidate
C00562,src/content/hojo-undo/kongoken/exercises.md,base,Basis Informatie,line 5,general,Basis Informatie,"Use Hojo Undo PDFs, docs/hojo_undo_extracted.txt, and equipment-specific source PDFs.",candidate
C00563,src/content/hojo-undo/kongoken/exercises.md,base,Gewicht en Niveau,line 7,general,Gewicht en Niveau,"Use Hojo Undo PDFs, docs/hojo_undo_extracted.txt, and equipment-specific source PDFs.",candidate
C00564,src/content/hojo-undo/kongoken/exercises.md,base,Gewicht en Niveau,line 8,general,Het gewicht van de Kongoken bedroeg traditioneel 30-40 kg. Voor de gemiddelde karateka is dit echter te zwaar om mee te beginnen. Beginners kunnen starten met 15-20 kg en geleidelijk opbouwen.,"Use Hojo Undo PDFs, docs/hojo_undo_extracted.txt, and equipment-specific source PDFs.",candidate
C00565,src/content/hojo-undo/kongoken/exercises.md,base,Trainingseffecten,line 10,general,Trainingseffecten,"Use Hojo Undo PDFs, docs/hojo_undo_extracted.txt, and equipment-specific source PDFs.",candidate
C00566,src/content/hojo-undo/kongoken/exercises.md,base,Trainingseffecten,line 11,grading,"De oefeningen met de Kongoken versterken een groot aantal grote spiergroepen en spierketens, zowel in boven- als onderlichaam. Als zodanig is het technisch gezien een goede ondersteuning voor werptechnieken, met name voor til- en kantelworpen.","Use Hojo Undo PDFs, docs/hojo_undo_extracted.txt, and equipment-specific source PDFs.",candidate
C00567,src/content/hojo-undo/kongoken/exercises.md,base,Hoofdcategorieën van Oefeningen,line 13,general,Hoofdcategorieën van Oefeningen,"Use Hojo Undo PDFs, docs/hojo_undo_extracted.txt, and equipment-specific source PDFs.",candidate
C00568,src/content/hojo-undo/kongoken/exercises.md,base,Kanteloefeningen in het horizontale vlak,line 15,general,Kanteloefeningen in het horizontale vlak,"Use Hojo Undo PDFs, docs/hojo_undo_extracted.txt, and equipment-specific source PDFs.",candidate
C00569,src/content/hojo-undo/kongoken/exercises.md,base,Kanteloefeningen in het horizontale vlak,line 16,technique,"De klassieke oefening wordt gedaan vanuit shiko dachi, alleen of met partner. Hierop zijn allerlei variaties mogelijk met andere standen en ander voetenwerk.","Use Hojo Undo PDFs, docs/hojo_undo_extracted.txt, and equipment-specific source PDFs.",candidate
C00570,src/content/hojo-undo/kongoken/exercises.md,base,Kanteloefeningen in het horizontale vlak,line 18,general,Toepassingen: Deze oefeningen sluiten aan bij diverse kantelworpen waarbij je tegenstander werpt via een klem op de armen of het hoofd. De eerste is bekend als een toepassing van de tora guchi.,"Use Hojo Undo PDFs, docs/hojo_undo_extracted.txt, and equipment-specific source PDFs.",candidate
C00571,src/content/hojo-undo/kongoken/exercises.md,base,Kanteloefeningen in het horizontale vlak,line 21,technique,Sta in shiko dachi,"Use Hojo Undo PDFs, docs/hojo_undo_extracted.txt, and equipment-specific source PDFs.",candidate
C00572,src/content/hojo-undo/kongoken/exercises.md,base,Kanteloefeningen in het horizontale vlak,line 22,general,Houd de Kongoken voor je lichaam,"Use Hojo Undo PDFs, docs/hojo_undo_extracted.txt, and equipment-specific source PDFs.",candidate
C00573,src/content/hojo-undo/kongoken/exercises.md,base,Kanteloefeningen in het horizontale vlak,line 23,general,Voer kantelbewegingen uit naar links en rechts,"Use Hojo Undo PDFs, docs/hojo_undo_extracted.txt, and equipment-specific source PDFs.",candidate
C00574,src/content/hojo-undo/kongoken/exercises.md,base,Kanteloefeningen in het horizontale vlak,line 24,general,"Focus op vloeiende, gecontroleerde bewegingen","Use Hojo Undo PDFs, docs/hojo_undo_extracted.txt, and equipment-specific source PDFs.",candidate
C00575,src/content/hojo-undo/kongoken/exercises.md,base,Kanteloefeningen in het horizontale vlak,line 25,general,Behoud correcte houding gedurende de hele oefening,"Use Hojo Undo PDFs, docs/hojo_undo_extracted.txt, and equipment-specific source PDFs.",candidate
C00576,src/content/hojo-undo/kongoken/exercises.md,base,Kanteloefeningen in het verticale vlak,line 27,general,Kanteloefeningen in het verticale vlak,"Use Hojo Undo PDFs, docs/hojo_undo_extracted.txt, and equipment-specific source PDFs.",candidate
C00577,src/content/hojo-undo/kongoken/exercises.md,base,Kanteloefeningen in het verticale vlak,line 28,general,"De kanteloefeningen in het verticale vlak sluiten aan bij een groot aantal werptechnieken waarbij je twee tegengestelde krachten uitoefent met je armen, een boven het zwaartepunt en een onder het zwaartepunt van je tegenstander.","Use Hojo Undo PDFs, docs/hojo_undo_extracted.txt, and equipment-specific source PDFs.",candidate
C00578,src/content/hojo-undo/kongoken/exercises.md,base,Kanteloefeningen in het verticale vlak,line 30,technique,Toepassingen: Deze worpen zou je kantelworp kunnen noemen. In de kata komt een groot aantal bewegingen waarbij sprake is van een kantelbeweging. De tora guchi is een veel voorkomend voorbeeld. Andere voorbeelden zijn o.a. te vinden in:,"Use Hojo Undo PDFs, docs/hojo_undo_extracted.txt, and equipment-specific source PDFs.",candidate
C00579,src/content/hojo-undo/kongoken/exercises.md,base,Kanteloefeningen in het verticale vlak,line 31,technique,Seiyunchin (hari uke),"Use Hojo Undo PDFs, docs/hojo_undo_extracted.txt, and equipment-specific source PDFs.",candidate
C00580,src/content/hojo-undo/kongoken/exercises.md,base,Kanteloefeningen in het verticale vlak,line 37,technique,Begin in shiko dachi,"Use Hojo Undo PDFs, docs/hojo_undo_extracted.txt, and equipment-specific source PDFs.",candidate
C00581,src/content/hojo-undo/kongoken/exercises.md,base,Kanteloefeningen in het verticale vlak,line 38,general,Houd de Kongoken in verschillende posities,"Use Hojo Undo PDFs, docs/hojo_undo_extracted.txt, and equipment-specific source PDFs.",candidate
C00582,src/content/hojo-undo/kongoken/exercises.md,base,Kanteloefeningen in het verticale vlak,line 39,general,Voer verticale kantelbewegingen uit,"Use Hojo Undo PDFs, docs/hojo_undo_extracted.txt, and equipment-specific source PDFs.",candidate
C00583,src/content/hojo-undo/kongoken/exercises.md,base,Kanteloefeningen in het verticale vlak,line 40,general,Focus op gelijkmatige krachtverdeling,"Use Hojo Undo PDFs, docs/hojo_undo_extracted.txt, and equipment-specific source PDFs.",candidate
C00584,src/content/hojo-undo/kongoken/exercises.md,base,Kanteloefeningen in het verticale vlak,line 41,general,Behoud balans tijdens de beweging,"Use Hojo Undo PDFs, docs/hojo_undo_extracted.txt, and equipment-specific source PDFs.",candidate
C00585,src/content/hojo-undo/kongoken/exercises.md,base,Uitstootoefeningen,line 43,general,Uitstootoefeningen,"Use Hojo Undo PDFs, docs/hojo_undo_extracted.txt, and equipment-specific source PDFs.",candidate
C00586,src/content/hojo-undo/kongoken/exercises.md,base,Uitstootoefeningen,line 44,general,Er zijn een drietal traditionele uitstootoefeningen:,"Use Hojo Undo PDFs, docs/hojo_undo_extracted.txt, and equipment-specific source PDFs.",candidate
C00587,src/content/hojo-undo/kongoken/exercises.md,base,Uitstootoefeningen,line 46,technique,Naar boven uitstoten terwijl je in shiko dachi valt,"Use Hojo Undo PDFs, docs/hojo_undo_extracted.txt, and equipment-specific source PDFs.",candidate
C00588,src/content/hojo-undo/kongoken/exercises.md,base,Uitstootoefeningen,line 47,technique,Naar voren uitstoten in shiko dachi,"Use Hojo Undo PDFs, docs/hojo_undo_extracted.txt, and equipment-specific source PDFs.",candidate
C00589,src/content/hojo-undo/kongoken/exercises.md,base,Uitstootoefeningen,line 48,general,Opdrukken met de Kongoken op je nek,"Use Hojo Undo PDFs, docs/hojo_undo_extracted.txt, and equipment-specific source PDFs.",candidate
C00590,src/content/hojo-undo/kongoken/exercises.md,base,Uitstootoefeningen,line 50,general,Als setje vormen ze een voorbeeld van 'complexe training'.,"Use Hojo Undo PDFs, docs/hojo_undo_extracted.txt, and equipment-specific source PDFs.",candidate
C00591,src/content/hojo-undo/kongoken/exercises.md,base,Uitstootoefeningen,line 53,general,Combineer explosieve kracht met controle,"Use Hojo Undo PDFs, docs/hojo_undo_extracted.txt, and equipment-specific source PDFs.",candidate
C00592,src/content/hojo-undo/kongoken/exercises.md,base,Uitstootoefeningen,line 54,general,Synchroniseer beweging met ademhaling,"Use Hojo Undo PDFs, docs/hojo_undo_extracted.txt, and equipment-specific source PDFs.",candidate
C00593,src/content/hojo-undo/kongoken/exercises.md,base,Uitstootoefeningen,line 55,general,Keer gecontroleerd terug naar startpositie,"Use Hojo Undo PDFs, docs/hojo_undo_extracted.txt, and equipment-specific source PDFs.",candidate
C00594,src/content/hojo-undo/kongoken/exercises.md,base,Uitstootoefeningen,line 56,general,Focus op techniek in plaats van snelheid,"Use Hojo Undo PDFs, docs/hojo_undo_extracted.txt, and equipment-specific source PDFs.",candidate
C00595,src/content/hojo-undo/kongoken/exercises.md,base,Overige oefeningen,line 58,general,Overige oefeningen,"Use Hojo Undo PDFs, docs/hojo_undo_extracted.txt, and equipment-specific source PDFs.",candidate
C00596,src/content/hojo-undo/kongoken/exercises.md,base,Overige oefeningen,line 60,general,Polszwaaioefening,"Use Hojo Undo PDFs, docs/hojo_undo_extracted.txt, and equipment-specific source PDFs.",candidate
C00597,src/content/hojo-undo/kongoken/exercises.md,base,Overige oefeningen,line 61,general,Kururunfa ademoefening,"Use Hojo Undo PDFs, docs/hojo_undo_extracted.txt, and equipment-specific source PDFs.",candidate
C00598,src/content/hojo-undo/kongoken/exercises.md,base,Overige oefeningen,line 62,technique,Squats in shiko dachi of neko ashi dachi,"Use Hojo Undo PDFs, docs/hojo_undo_extracted.txt, and equipment-specific source PDFs.",candidate
C00599,src/content/hojo-undo/kongoken/exercises.md,base,Overige oefeningen,line 64,general,Natuurlijk kan men zelf ook oefeningen bedenken.,"Use Hojo Undo PDFs, docs/hojo_undo_extracted.txt, and equipment-specific source PDFs.",candidate
C00600,src/content/hojo-undo/kongoken/exercises.md,base,Gevorderde Oefeningen,line 66,general,Gevorderde Oefeningen,"Use Hojo Undo PDFs, docs/hojo_undo_extracted.txt, and equipment-specific source PDFs.",candidate
C00601,src/content/hojo-undo/kongoken/exercises.md,base,Polszwaaioefening,line 68,general,Polszwaaioefening,"Use Hojo Undo PDFs, docs/hojo_undo_extracted.txt, and equipment-specific source PDFs.",candidate
C00602,src/content/hojo-undo/kongoken/exercises.md,base,Polszwaaioefening,line 69,general,Houd de Kongoken met beide handen vast,"Use Hojo Undo PDFs, docs/hojo_undo_extracted.txt, and equipment-specific source PDFs.",candidate
C00603,src/content/hojo-undo/kongoken/exercises.md,base,Polszwaaioefening,line 70,general,Voer cirkelvormige bewegingen uit,"Use Hojo Undo PDFs, docs/hojo_undo_extracted.txt, and equipment-specific source PDFs.",candidate
C00604,src/content/hojo-undo/kongoken/exercises.md,base,Polszwaaioefening,line 71,general,Wissel tussen verschillende richtingen,"Use Hojo Undo PDFs, docs/hojo_undo_extracted.txt, and equipment-specific source PDFs.",candidate
C00605,src/content/hojo-undo/kongoken/exercises.md,base,Polszwaaioefening,line 72,general,Focus op pols- en onderarmkracht,"Use Hojo Undo PDFs, docs/hojo_undo_extracted.txt, and equipment-specific source PDFs.",candidate
C00606,src/content/hojo-undo/kongoken/exercises.md,base,Kururunfa Ademoefening,line 74,general,Kururunfa Ademoefening,"Use Hojo Undo PDFs, docs/hojo_undo_extracted.txt, and equipment-specific source PDFs.",candidate
C00607,src/content/hojo-undo/kongoken/exercises.md,base,Kururunfa Ademoefening,line 75,technique,Integreer Kongoken bewegingen in kata-achtige sequenties,"Use Hojo Undo PDFs, docs/hojo_undo_extracted.txt, and equipment-specific source PDFs.",candidate
C00608,src/content/hojo-undo/kongoken/exercises.md,base,Kururunfa Ademoefening,line 76,general,Focus op vloeiende overgangen,"Use Hojo Undo PDFs, docs/hojo_undo_extracted.txt, and equipment-specific source PDFs.",candidate
C00609,src/content/hojo-undo/kongoken/exercises.md,base,Kururunfa Ademoefening,line 77,general,Behoud correcte techniek onder belasting,"Use Hojo Undo PDFs, docs/hojo_undo_extracted.txt, and equipment-specific source PDFs.",candidate
C00610,src/content/hojo-undo/kongoken/exercises.md,base,Squats in verschillende standen,line 79,general,Squats in verschillende standen,"Use Hojo Undo PDFs, docs/hojo_undo_extracted.txt, and equipment-specific source PDFs.",candidate
C00611,src/content/hojo-undo/kongoken/exercises.md,base,Squats in verschillende standen,line 80,technique,Shiko dachi squats: Voor been- en rugkracht,"Use Hojo Undo PDFs, docs/hojo_undo_extracted.txt, and equipment-specific source PDFs.",candidate
C00612,src/content/hojo-undo/kongoken/exercises.md,base,Squats in verschillende standen,line 81,technique,Neko ashi dachi squats: Voor balans en stabiliteit,"Use Hojo Undo PDFs, docs/hojo_undo_extracted.txt, and equipment-specific source PDFs.",candidate
C00613,src/content/hojo-undo/kongoken/exercises.md,base,Squats in verschillende standen,line 82,general,Variaties: Experimenteer met verschillende standen,"Use Hojo Undo PDFs, docs/hojo_undo_extracted.txt, and equipment-specific source PDFs.",candidate
C00614,src/content/hojo-undo/kongoken/exercises.md,base,Fitness Serie,line 84,general,Fitness Serie,"Use Hojo Undo PDFs, docs/hojo_undo_extracted.txt, and equipment-specific source PDFs.",candidate
C00615,src/content/hojo-undo/kongoken/exercises.md,base,Fitness Serie,line 86,definition,De Fitness serie is een vertaling van oefeningen uit het fitness en body building circuit:,"Use Hojo Undo PDFs, docs/hojo_undo_extracted.txt, and equipment-specific source PDFs.",candidate
C00616,src/content/hojo-undo/kongoken/exercises.md,base,Bovenlichaam,line 88,general,Bovenlichaam,"Use Hojo Undo PDFs, docs/hojo_undo_extracted.txt, and equipment-specific source PDFs.",candidate
C00617,src/content/hojo-undo/kongoken/exercises.md,base,Bovenlichaam,line 89,general,Biceps curl: Voor armkracht,"Use Hojo Undo PDFs, docs/hojo_undo_extracted.txt, and equipment-specific source PDFs.",candidate
C00618,src/content/hojo-undo/kongoken/exercises.md,base,Bovenlichaam,line 90,general,Reversed biceps curl: Voor onderarmkracht,"Use Hojo Undo PDFs, docs/hojo_undo_extracted.txt, and equipment-specific source PDFs.",candidate
C00619,src/content/hojo-undo/kongoken/exercises.md,base,Bovenlichaam,line 91,general,Triceps extension: Voor armkracht,"Use Hojo Undo PDFs, docs/hojo_undo_extracted.txt, and equipment-specific source PDFs.",candidate
C00620,src/content/hojo-undo/kongoken/exercises.md,base,Bovenlichaam,line 92,general,One arm bent over row: Voor rugkracht,"Use Hojo Undo PDFs, docs/hojo_undo_extracted.txt, and equipment-specific source PDFs.",candidate
C00621,src/content/hojo-undo/kongoken/exercises.md,base,Bovenlichaam,line 93,general,Bent over row: Voor rugkracht,"Use Hojo Undo PDFs, docs/hojo_undo_extracted.txt, and equipment-specific source PDFs.",candidate
C00622,src/content/hojo-undo/kongoken/exercises.md,base,Bovenlichaam,line 94,general,Upright row: Voor schouderkracht,"Use Hojo Undo PDFs, docs/hojo_undo_extracted.txt, and equipment-specific source PDFs.",candidate
C00623,src/content/hojo-undo/kongoken/exercises.md,base,Bovenlichaam,line 95,general,Shoulder press: Voor schouderkracht,"Use Hojo Undo PDFs, docs/hojo_undo_extracted.txt, and equipment-specific source PDFs.",candidate
C00624,src/content/hojo-undo/kongoken/exercises.md,base,Bovenlichaam,line 96,general,Front press: Voor borstkracht,"Use Hojo Undo PDFs, docs/hojo_undo_extracted.txt, and equipment-specific source PDFs.",candidate
C00625,src/content/hojo-undo/kongoken/exercises.md,base,Bovenlichaam,line 97,general,Neck press: Voor nekkracht,"Use Hojo Undo PDFs, docs/hojo_undo_extracted.txt, and equipment-specific source PDFs.",candidate
C00626,src/content/hojo-undo/kongoken/exercises.md,base,Bovenlichaam,line 98,general,Front raise: Voor schouderkracht,"Use Hojo Undo PDFs, docs/hojo_undo_extracted.txt, and equipment-specific source PDFs.",candidate
C00627,src/content/hojo-undo/kongoken/exercises.md,base,Onderlichaam,line 100,general,Onderlichaam,"Use Hojo Undo PDFs, docs/hojo_undo_extracted.txt, and equipment-specific source PDFs.",candidate
C00628,src/content/hojo-undo/kongoken/exercises.md,base,Onderlichaam,line 101,general,Squat: Voor beenkracht,"Use Hojo Undo PDFs, docs/hojo_undo_extracted.txt, and equipment-specific source PDFs.",candidate
C00629,src/content/hojo-undo/kongoken/exercises.md,base,Onderlichaam,line 102,general,Front squat: Voor beenkracht en balans,"Use Hojo Undo PDFs, docs/hojo_undo_extracted.txt, and equipment-specific source PDFs.",candidate
C00630,src/content/hojo-undo/kongoken/exercises.md,base,Onderlichaam,line 103,general,Back squat: Voor beenkracht,"Use Hojo Undo PDFs, docs/hojo_undo_extracted.txt, and equipment-specific source PDFs.",candidate
C00631,src/content/hojo-undo/kongoken/exercises.md,base,Onderlichaam,line 104,general,Calf raise: Voor kuitkracht,"Use Hojo Undo PDFs, docs/hojo_undo_extracted.txt, and equipment-specific source PDFs.",candidate
C00632,src/content/hojo-undo/kongoken/exercises.md,base,Onderlichaam,line 105,general,Good morning: Voor rugkracht,"Use Hojo Undo PDFs, docs/hojo_undo_extracted.txt, and equipment-specific source PDFs.",candidate
C00633,src/content/hojo-undo/kongoken/exercises.md,base,Onderlichaam,line 106,general,Stiffedleg deadlift: Voor rugkracht,"Use Hojo Undo PDFs, docs/hojo_undo_extracted.txt, and equipment-specific source PDFs.",candidate
C00634,src/content/hojo-undo/kongoken/exercises.md,base,Core en Stabiliteit,line 108,general,Core en Stabiliteit,"Use Hojo Undo PDFs, docs/hojo_undo_extracted.txt, and equipment-specific source PDFs.",candidate
C00635,src/content/hojo-undo/kongoken/exercises.md,base,Core en Stabiliteit,line 109,general,Bench press: Voor borstkracht,"Use Hojo Undo PDFs, docs/hojo_undo_extracted.txt, and equipment-specific source PDFs.",candidate
C00636,src/content/hojo-undo/kongoken/exercises.md,base,Core en Stabiliteit,line 110,general,Front shrug: Voor schouderkracht,"Use Hojo Undo PDFs, docs/hojo_undo_extracted.txt, and equipment-specific source PDFs.",candidate
C00637,src/content/hojo-undo/kongoken/exercises.md,base,Core en Stabiliteit,line 111,general,Back shrug: Voor rugkracht,"Use Hojo Undo PDFs, docs/hojo_undo_extracted.txt, and equipment-specific source PDFs.",candidate
C00638,src/content/hojo-undo/kongoken/exercises.md,base,Core en Stabiliteit,line 112,general,Side bend: Voor zijwaartse stabiliteit,"Use Hojo Undo PDFs, docs/hojo_undo_extracted.txt, and equipment-specific source PDFs.",candidate
C00639,src/content/hojo-undo/kongoken/exercises.md,base,Training Principes,line 114,general,Training Principes,"Use Hojo Undo PDFs, docs/hojo_undo_extracted.txt, and equipment-specific source PDFs.",candidate
C00640,src/content/hojo-undo/kongoken/exercises.md,base,Complexe training,line 116,general,Complexe training,"Use Hojo Undo PDFs, docs/hojo_undo_extracted.txt, and equipment-specific source PDFs.",candidate
C00641,src/content/hojo-undo/kongoken/exercises.md,base,Complexe training,line 117,general,Wanneer we de kanteloefeningen laten opvolgen door soortgelijke til- en kanteloefeningen met partner en daarna dit in een kumite integreren spreken we van een 'complexe trainingsvorm'. Bij deze manier van trainen is er sprake van een grotere 'transfer' (overdracht) van de effecten van de oefeningen naar de eigenlijke gevechtsacties.,"Use Hojo Undo PDFs, docs/hojo_undo_extracted.txt, and equipment-specific source PDFs.",candidate
C00642,src/content/hojo-undo/kongoken/exercises.md,base,Contrast training,line 119,general,Contrast training,"Use Hojo Undo PDFs, docs/hojo_undo_extracted.txt, and equipment-specific source PDFs.",candidate
C00643,src/content/hojo-undo/kongoken/exercises.md,base,Contrast training,line 120,general,"Een andere interessante trainingsvorm is de 'contrast training'. Hierbij voer je dezelfde oefening uit met Kongokens van verschillend gewicht. Bijvoorbeeld 10 keer met een Kongoken van 25 kg en 15 keer met een Kongoken van 15 kg, enzovoorts. Deze vorm van krachttraining heeft een positief effect op het coördinatieve aspect van de actie.","Use Hojo Undo PDFs, docs/hojo_undo_extracted.txt, and equipment-specific source PDFs.",candidate
C00644,src/content/hojo-undo/kongoken/exercises.md,base,Praktische Tips,line 122,general,Praktische Tips,"Use Hojo Undo PDFs, docs/hojo_undo_extracted.txt, and equipment-specific source PDFs.",candidate
C00645,src/content/hojo-undo/kongoken/exercises.md,base,Praktische Tips,line 124,general,Opbouw: Begin altijd met lichtere gewichten,"Use Hojo Undo PDFs, docs/hojo_undo_extracted.txt, and equipment-specific source PDFs.",candidate
C00646,src/content/hojo-undo/kongoken/exercises.md,base,Praktische Tips,line 125,general,Techniek voor kracht: Focus eerst op correcte uitvoering,"Use Hojo Undo PDFs, docs/hojo_undo_extracted.txt, and equipment-specific source PDFs.",candidate
C00647,src/content/hojo-undo/kongoken/exercises.md,base,Praktische Tips,line 126,technique,Ademhaling: Integreer sanchin ademhaling,"Use Hojo Undo PDFs, docs/hojo_undo_extracted.txt, and equipment-specific source PDFs.",candidate
C00648,src/content/hojo-undo/kongoken/exercises.md,base,Praktische Tips,line 127,general,Rust: Neem voldoende rust tussen series,"Use Hojo Undo PDFs, docs/hojo_undo_extracted.txt, and equipment-specific source PDFs.",candidate
C00649,src/content/hojo-undo/kongoken/exercises.md,base,Praktische Tips,line 128,general,Variatie: Wissel af tussen verschillende oefeningen,"Use Hojo Undo PDFs, docs/hojo_undo_extracted.txt, and equipment-specific source PDFs.",candidate
C00650,src/content/hojo-undo/kongoken/exercises.md,base,Praktische Tips,line 129,general,Begeleiding: Train onder deskundige begeleiding,"Use Hojo Undo PDFs, docs/hojo_undo_extracted.txt, and equipment-specific source PDFs.",candidate
C00651,src/content/hojo-undo/kongoken/exercises.md,base,Creatieve Toepassingen,line 131,general,Creatieve Toepassingen,"Use Hojo Undo PDFs, docs/hojo_undo_extracted.txt, and equipment-specific source PDFs.",candidate
C00652,src/content/hojo-undo/kongoken/exercises.md,base,Creatieve Toepassingen,line 133,general,Uiteraard zijn er tal van andere zinnige oefeningen denkbaar. Experimenteer met:,"Use Hojo Undo PDFs, docs/hojo_undo_extracted.txt, and equipment-specific source PDFs.",candidate
C00653,src/content/hojo-undo/kongoken/exercises.md,base,Creatieve Toepassingen,line 134,technique,"Verschillende standen (neko ashi dachi, heiko dachi)","Use Hojo Undo PDFs, docs/hojo_undo_extracted.txt, and equipment-specific source PDFs.",candidate
C00654,src/content/hojo-undo/kongoken/exercises.md,base,Creatieve Toepassingen,line 135,general,Combinaties met andere hojo undo hulpmiddelen,"Use Hojo Undo PDFs, docs/hojo_undo_extracted.txt, and equipment-specific source PDFs.",candidate
C00655,src/content/hojo-undo/kongoken/exercises.md,base,Creatieve Toepassingen,line 136,technique,Integratie in kata training,"Use Hojo Undo PDFs, docs/hojo_undo_extracted.txt, and equipment-specific source PDFs.",candidate
C00656,src/content/hojo-undo/kongoken/exercises.md,base,Creatieve Toepassingen,line 137,general,Partner oefeningen,"Use Hojo Undo PDFs, docs/hojo_undo_extracted.txt, and equipment-specific source PDFs.",candidate
C00657,src/content/hojo-undo/kongoken/exercises.md,base,Creatieve Toepassingen,line 138,general,Vrije beweging en schaduwgevecht,"Use Hojo Undo PDFs, docs/hojo_undo_extracted.txt, and equipment-specific source PDFs.",candidate
C00658,src/content/hojo-undo/kongoken/exercises.md,base,Veiligheidsrichtlijnen,line 140,safety,Veiligheidsrichtlijnen,"Use Hojo Undo PDFs, docs/hojo_undo_extracted.txt, and equipment-specific source PDFs.",candidate
C00659,src/content/hojo-undo/kongoken/exercises.md,base,Veiligheidsrichtlijnen,line 142,general,Controleer altijd de Kongoken op schade,"Use Hojo Undo PDFs, docs/hojo_undo_extracted.txt, and equipment-specific source PDFs.",candidate
C00660,src/content/hojo-undo/kongoken/exercises.md,base,Veiligheidsrichtlijnen,line 143,general,Zorg voor voldoende ruimte om je heen,"Use Hojo Undo PDFs, docs/hojo_undo_extracted.txt, and equipment-specific source PDFs.",candidate
C00661,src/content/hojo-undo/kongoken/exercises.md,base,Veiligheidsrichtlijnen,line 144,general,Warm goed op voordat je begint,"Use Hojo Undo PDFs, docs/hojo_undo_extracted.txt, and equipment-specific source PDFs.",candidate
C00662,src/content/hojo-undo/kongoken/exercises.md,base,Veiligheidsrichtlijnen,line 145,general,Focus op techniek in plaats van gewicht,"Use Hojo Undo PDFs, docs/hojo_undo_extracted.txt, and equipment-specific source PDFs.",candidate
C00663,src/content/hojo-undo/kongoken/exercises.md,base,Veiligheidsrichtlijnen,line 146,safety,Stop bij pijn of ongemak,"Use Hojo Undo PDFs, docs/hojo_undo_extracted.txt, and equipment-specific source PDFs.",candidate
C00664,src/content/hojo-undo/kongoken/exercises.md,base,Veiligheidsrichtlijnen,line 147,general,Train onder deskundige begeleiding,"Use Hojo Undo PDFs, docs/hojo_undo_extracted.txt, and equipment-specific source PDFs.",candidate
C00665,src/content/hojo-undo/kongoken/function.md,base,Functie (Function),line 1,general,Functie (Function),"Use Hojo Undo PDFs, docs/hojo_undo_extracted.txt, and equipment-specific source PDFs.",candidate
C00666,src/content/hojo-undo/kongoken/function.md,base,Functie (Function),line 3,history,"De Kongoken (金剛圏) is een traditioneel hulpmiddel uit de Okinawaanse karate traditie, oorspronkelijk afkomstig uit Hawaï waar het werd gebruikt door Hawaïaanse worstelaars. Chojun Miyagi heeft de Kongoken geïntroduceerd op Okinawa en geïntegreerd in de Goju-ryu training.","Use Hojo Undo PDFs, docs/hojo_undo_extracted.txt, and equipment-specific source PDFs.",candidate
C00667,src/content/hojo-undo/kongoken/function.md,base,Wat is de Kongoken?,line 5,general,Wat is de Kongoken?,"Use Hojo Undo PDFs, docs/hojo_undo_extracted.txt, and equipment-specific source PDFs.",candidate
C00668,src/content/hojo-undo/kongoken/function.md,base,Wat is de Kongoken?,line 7,technique,"De Kongoken is een zwaar ijzeren ovaal dat traditioneel 30-40 kg weegt. Het ontwerp bestaat uit een massieve ijzeren ring met een ovale vorm, waardoor het mogelijk is om verschillende soorten bewegingen en oefeningen uit te voeren die specifiek gericht zijn op het ontwikkelen van functionele kracht.","Use Hojo Undo PDFs, docs/hojo_undo_extracted.txt, and equipment-specific source PDFs.",candidate
C00669,src/content/hojo-undo/kongoken/function.md,base,Belangrijkste functies:,line 9,general,Belangrijkste functies:,"Use Hojo Undo PDFs, docs/hojo_undo_extracted.txt, and equipment-specific source PDFs.",candidate
C00670,src/content/hojo-undo/kongoken/function.md,base,Totale lichaamsconditionering,line 11,general,Totale lichaamsconditionering,"Use Hojo Undo PDFs, docs/hojo_undo_extracted.txt, and equipment-specific source PDFs.",candidate
C00671,src/content/hojo-undo/kongoken/function.md,base,Totale lichaamsconditionering,line 12,general,"De Kongoken traint een groot aantal grote spiergroepen en spierketens, zowel in het boven- als onderlichaam. Dit maakt het een uitstekend hulpmiddel voor het ontwikkelen van algemene kracht en uithoudingsvermogen.","Use Hojo Undo PDFs, docs/hojo_undo_extracted.txt, and equipment-specific source PDFs.",candidate
C00672,src/content/hojo-undo/kongoken/function.md,base,Ondersteuning voor werptechnieken,line 14,general,Ondersteuning voor werptechnieken,"Use Hojo Undo PDFs, docs/hojo_undo_extracted.txt, and equipment-specific source PDFs.",candidate
C00673,src/content/hojo-undo/kongoken/function.md,base,Ondersteuning voor werptechnieken,line 15,technique,"De oefeningen met de Kongoken zijn specifiek gericht op het versterken van de spieren die nodig zijn voor effectieve werptechnieken, met name voor til- en kantelworpen.","Use Hojo Undo PDFs, docs/hojo_undo_extracted.txt, and equipment-specific source PDFs.",candidate
C00674,src/content/hojo-undo/kongoken/function.md,base,Ontwikkeling van functionele kracht,line 17,general,Ontwikkeling van functionele kracht,"Use Hojo Undo PDFs, docs/hojo_undo_extracted.txt, and equipment-specific source PDFs.",candidate
C00675,src/content/hojo-undo/kongoken/function.md,base,Ontwikkeling van functionele kracht,line 18,general,"In tegenstelling tot geïsoleerde spieroefeningen, traint de Kongoken bewegingen die direct toepasbaar zijn in karate technieken en gevechtssituaties.","Use Hojo Undo PDFs, docs/hojo_undo_extracted.txt, and equipment-specific source PDFs.",candidate
C00676,src/content/hojo-undo/kongoken/function.md,base,Trainingseffecten:,line 20,general,Trainingseffecten:,"Use Hojo Undo PDFs, docs/hojo_undo_extracted.txt, and equipment-specific source PDFs.",candidate
C00677,src/content/hojo-undo/kongoken/function.md,base,Kracht en uithoudingsvermogen,line 22,general,Kracht en uithoudingsvermogen,"Use Hojo Undo PDFs, docs/hojo_undo_extracted.txt, and equipment-specific source PDFs.",candidate
C00678,src/content/hojo-undo/kongoken/function.md,base,Kracht en uithoudingsvermogen,line 23,general,Totale lichaamssterkte: Versterkt alle grote spiergroepen,"Use Hojo Undo PDFs, docs/hojo_undo_extracted.txt, and equipment-specific source PDFs.",candidate
C00679,src/content/hojo-undo/kongoken/function.md,base,Kracht en uithoudingsvermogen,line 24,general,Uithoudingsvermogen: Bouwt uithoudingsvermogen op voor langdurige training,"Use Hojo Undo PDFs, docs/hojo_undo_extracted.txt, and equipment-specific source PDFs.",candidate
C00680,src/content/hojo-undo/kongoken/function.md,base,Kracht en uithoudingsvermogen,line 25,general,Functionele kracht: Ontwikkelt kracht die direct toepasbaar is in technieken,"Use Hojo Undo PDFs, docs/hojo_undo_extracted.txt, and equipment-specific source PDFs.",candidate
C00681,src/content/hojo-undo/kongoken/function.md,base,Techniek integratie,line 27,general,Techniek integratie,"Use Hojo Undo PDFs, docs/hojo_undo_extracted.txt, and equipment-specific source PDFs.",candidate
C00682,src/content/hojo-undo/kongoken/function.md,base,Techniek integratie,line 28,general,Werptechnieken: Verbetert de kracht voor til- en kantelworpen,"Use Hojo Undo PDFs, docs/hojo_undo_extracted.txt, and equipment-specific source PDFs.",candidate
C00683,src/content/hojo-undo/kongoken/function.md,base,Techniek integratie,line 29,general,Kantelbewegingen: Ontwikkelt de spieren voor kanteltechnieken,"Use Hojo Undo PDFs, docs/hojo_undo_extracted.txt, and equipment-specific source PDFs.",candidate
C00684,src/content/hojo-undo/kongoken/function.md,base,Techniek integratie,line 30,general,Stabiliteit: Verbetert balans en stabiliteit tijdens bewegingen,"Use Hojo Undo PDFs, docs/hojo_undo_extracted.txt, and equipment-specific source PDFs.",candidate
C00685,src/content/hojo-undo/kongoken/function.md,base,Geestelijke discipline,line 32,general,Geestelijke discipline,"Use Hojo Undo PDFs, docs/hojo_undo_extracted.txt, and equipment-specific source PDFs.",candidate
C00686,src/content/hojo-undo/kongoken/function.md,base,Geestelijke discipline,line 33,grading,Concentratie: Vereist focus en mentale discipline,"Use Hojo Undo PDFs, docs/hojo_undo_extracted.txt, and equipment-specific source PDFs.",candidate
C00687,src/content/hojo-undo/kongoken/function.md,base,Geestelijke discipline,line 34,general,Geduld: Leert geduld bij het opbouwen van kracht,"Use Hojo Undo PDFs, docs/hojo_undo_extracted.txt, and equipment-specific source PDFs.",candidate
C00688,src/content/hojo-undo/kongoken/function.md,base,Geestelijke discipline,line 35,general,Doorzettingsvermogen: Ontwikkelt mentale kracht en doorzettingsvermogen,"Use Hojo Undo PDFs, docs/hojo_undo_extracted.txt, and equipment-specific source PDFs.",candidate
C00689,src/content/hojo-undo/kongoken/function.md,base,Toepassingen in gevecht:,line 37,general,Toepassingen in gevecht:,"Use Hojo Undo PDFs, docs/hojo_undo_extracted.txt, and equipment-specific source PDFs.",candidate
C00690,src/content/hojo-undo/kongoken/function.md,base,Werptechnieken,line 39,general,Werptechnieken,"Use Hojo Undo PDFs, docs/hojo_undo_extracted.txt, and equipment-specific source PDFs.",candidate
C00691,src/content/hojo-undo/kongoken/function.md,base,Werptechnieken,line 40,general,Tilworpen: Voor het effectief tillen en werpen van tegenstanders,"Use Hojo Undo PDFs, docs/hojo_undo_extracted.txt, and equipment-specific source PDFs.",candidate
C00692,src/content/hojo-undo/kongoken/function.md,base,Werptechnieken,line 41,general,Kantelworpen: Voor het kantelen van tegenstanders via klemmen,"Use Hojo Undo PDFs, docs/hojo_undo_extracted.txt, and equipment-specific source PDFs.",candidate
C00693,src/content/hojo-undo/kongoken/function.md,base,Werptechnieken,line 42,general,Tora guchi toepassingen: Voor het effectief toepassen van tijgerbek technieken,"Use Hojo Undo PDFs, docs/hojo_undo_extracted.txt, and equipment-specific source PDFs.",candidate
C00694,src/content/hojo-undo/kongoken/function.md,base,Kata toepassingen,line 44,technique,Kata toepassingen,"Use Hojo Undo PDFs, docs/hojo_undo_extracted.txt, and equipment-specific source PDFs.",candidate
C00695,src/content/hojo-undo/kongoken/function.md,base,Kata toepassingen,line 45,technique,De Kongoken oefeningen sluiten aan bij bewegingen in verschillende kata:,"Use Hojo Undo PDFs, docs/hojo_undo_extracted.txt, and equipment-specific source PDFs.",candidate
C00696,src/content/hojo-undo/kongoken/function.md,base,Kata toepassingen,line 46,technique,Seiyunchin: Hari uke bewegingen,"Use Hojo Undo PDFs, docs/hojo_undo_extracted.txt, and equipment-specific source PDFs.",candidate
C00697,src/content/hojo-undo/kongoken/function.md,base,Kata toepassingen,line 47,general,Sanseru: Kantelbewegingen,"Use Hojo Undo PDFs, docs/hojo_undo_extracted.txt, and equipment-specific source PDFs.",candidate
C00698,src/content/hojo-undo/kongoken/function.md,base,Kata toepassingen,line 48,general,Kururunfa: Complexe werptechnieken,"Use Hojo Undo PDFs, docs/hojo_undo_extracted.txt, and equipment-specific source PDFs.",candidate
C00699,src/content/hojo-undo/kongoken/function.md,base,Kata toepassingen,line 49,general,Sepai: Geavanceerde klem- en werptechnieken,"Use Hojo Undo PDFs, docs/hojo_undo_extracted.txt, and equipment-specific source PDFs.",candidate
C00700,src/content/hojo-undo/kongoken/function.md,base,Kumite toepassingen,line 51,general,Kumite toepassingen,"Use Hojo Undo PDFs, docs/hojo_undo_extracted.txt, and equipment-specific source PDFs.",candidate
C00701,src/content/hojo-undo/kongoken/function.md,base,Kumite toepassingen,line 52,general,Nabijgevecht: Voor het ontwikkelen van kracht in close combat situaties,"Use Hojo Undo PDFs, docs/hojo_undo_extracted.txt, and equipment-specific source PDFs.",candidate
C00702,src/content/hojo-undo/kongoken/function.md,base,Kumite toepassingen,line 53,general,Klemtechnieken: Voor het versterken van grepen en klemmen,"Use Hojo Undo PDFs, docs/hojo_undo_extracted.txt, and equipment-specific source PDFs.",candidate
C00703,src/content/hojo-undo/kongoken/function.md,base,Kumite toepassingen,line 54,general,Balans verstoring: Voor het effectief verstoren van de balans van tegenstanders,"Use Hojo Undo PDFs, docs/hojo_undo_extracted.txt, and equipment-specific source PDFs.",candidate
C00704,src/content/hojo-undo/kongoken/function.md,base,Training principes:,line 56,general,Training principes:,"Use Hojo Undo PDFs, docs/hojo_undo_extracted.txt, and equipment-specific source PDFs.",candidate
C00705,src/content/hojo-undo/kongoken/function.md,base,Complexe training,line 58,general,Complexe training,"Use Hojo Undo PDFs, docs/hojo_undo_extracted.txt, and equipment-specific source PDFs.",candidate
C00706,src/content/hojo-undo/kongoken/function.md,base,Complexe training,line 59,general,De Kongoken wordt vaak gebruikt in combinatie met andere trainingselementen:,"Use Hojo Undo PDFs, docs/hojo_undo_extracted.txt, and equipment-specific source PDFs.",candidate
C00707,src/content/hojo-undo/kongoken/function.md,base,Complexe training,line 60,general,Kanteloefeningen gevolgd door partner oefeningen,"Use Hojo Undo PDFs, docs/hojo_undo_extracted.txt, and equipment-specific source PDFs.",candidate
C00708,src/content/hojo-undo/kongoken/function.md,base,Complexe training,line 61,general,Kongoken training geïntegreerd in kumite sessies,"Use Hojo Undo PDFs, docs/hojo_undo_extracted.txt, and equipment-specific source PDFs.",candidate
C00709,src/content/hojo-undo/kongoken/function.md,base,Complexe training,line 62,technique,Kata bewegingen uitgevoerd met Kongoken,"Use Hojo Undo PDFs, docs/hojo_undo_extracted.txt, and equipment-specific source PDFs.",candidate
C00710,src/content/hojo-undo/kongoken/function.md,base,Contrast training,line 64,general,Contrast training,"Use Hojo Undo PDFs, docs/hojo_undo_extracted.txt, and equipment-specific source PDFs.",candidate
C00711,src/content/hojo-undo/kongoken/function.md,base,Contrast training,line 65,general,Een effectieve trainingsmethode is het gebruik van Kongokens van verschillende gewichten:,"Use Hojo Undo PDFs, docs/hojo_undo_extracted.txt, and equipment-specific source PDFs.",candidate
C00712,src/content/hojo-undo/kongoken/function.md,base,Contrast training,line 66,general,Zware Kongoken: Voor krachtontwikkeling,"Use Hojo Undo PDFs, docs/hojo_undo_extracted.txt, and equipment-specific source PDFs.",candidate
C00713,src/content/hojo-undo/kongoken/function.md,base,Contrast training,line 67,general,Lichtere Kongoken: Voor snelheid en coördinatie,"Use Hojo Undo PDFs, docs/hojo_undo_extracted.txt, and equipment-specific source PDFs.",candidate
C00714,src/content/hojo-undo/kongoken/function.md,base,Contrast training,line 68,general,Afwisseling: Voor optimale trainingseffecten,"Use Hojo Undo PDFs, docs/hojo_undo_extracted.txt, and equipment-specific source PDFs.",candidate
C00715,src/content/hojo-undo/kongoken/function.md,base,Veiligheidsrichtlijnen:,line 70,safety,Veiligheidsrichtlijnen:,"Use Hojo Undo PDFs, docs/hojo_undo_extracted.txt, and equipment-specific source PDFs.",candidate
C00716,src/content/hojo-undo/kongoken/function.md,base,Veiligheidsrichtlijnen:,line 72,general,Begin met lichtere gewichten: 15-20 kg voor beginners,"Use Hojo Undo PDFs, docs/hojo_undo_extracted.txt, and equipment-specific source PDFs.",candidate
C00717,src/content/hojo-undo/kongoken/function.md,base,Veiligheidsrichtlijnen:,line 73,general,Focus op techniek: Correcte uitvoering voor gewicht,"Use Hojo Undo PDFs, docs/hojo_undo_extracted.txt, and equipment-specific source PDFs.",candidate
C00718,src/content/hojo-undo/kongoken/function.md,base,Veiligheidsrichtlijnen:,line 74,general,Warm-up: Zorg voor goede warming-up van rug en benen,"Use Hojo Undo PDFs, docs/hojo_undo_extracted.txt, and equipment-specific source PDFs.",candidate
C00719,src/content/hojo-undo/kongoken/function.md,base,Veiligheidsrichtlijnen:,line 75,general,Begeleiding: Train onder deskundige begeleiding,"Use Hojo Undo PDFs, docs/hojo_undo_extracted.txt, and equipment-specific source PDFs.",candidate
C00720,src/content/hojo-undo/kongoken/function.md,base,Veiligheidsrichtlijnen:,line 76,general,Rust: Neem voldoende rust tussen oefenseries,"Use Hojo Undo PDFs, docs/hojo_undo_extracted.txt, and equipment-specific source PDFs.",candidate
C00721,src/content/hojo-undo/kongoken/function.md,base,Veiligheidsrichtlijnen:,line 77,general,Progressive overload: Bouw geleidelijk op in gewicht en intensiteit,"Use Hojo Undo PDFs, docs/hojo_undo_extracted.txt, and equipment-specific source PDFs.",candidate
C00722,src/content/hojo-undo/kongoken/function.md,base,Belangrijke aandachtspunten:,line 79,general,Belangrijke aandachtspunten:,"Use Hojo Undo PDFs, docs/hojo_undo_extracted.txt, and equipment-specific source PDFs.",candidate
C00723,src/content/hojo-undo/kongoken/function.md,base,Belangrijke aandachtspunten:,line 81,general,Houding: Behoud correcte houding tijdens alle oefeningen,"Use Hojo Undo PDFs, docs/hojo_undo_extracted.txt, and equipment-specific source PDFs.",candidate
C00724,src/content/hojo-undo/kongoken/function.md,base,Belangrijke aandachtspunten:,line 82,general,Ademhaling: Integreer ademhaling met beweging,"Use Hojo Undo PDFs, docs/hojo_undo_extracted.txt, and equipment-specific source PDFs.",candidate
C00725,src/content/hojo-undo/kongoken/function.md,base,Belangrijke aandachtspunten:,line 83,general,Balans: Focus op balans en stabiliteit,"Use Hojo Undo PDFs, docs/hojo_undo_extracted.txt, and equipment-specific source PDFs.",candidate
C00726,src/content/hojo-undo/kongoken/function.md,base,Belangrijke aandachtspunten:,line 84,general,Controle: Voer bewegingen gecontroleerd en bewust uit,"Use Hojo Undo PDFs, docs/hojo_undo_extracted.txt, and equipment-specific source PDFs.",candidate
C00727,src/content/hojo-undo/kongoken/function.md,base,Belangrijke aandachtspunten:,line 85,general,Geduld: Bouw geleidelijk op in intensiteit en gewicht,"Use Hojo Undo PDFs, docs/hojo_undo_extracted.txt, and equipment-specific source PDFs.",candidate
C00728,src/content/hojo-undo/nigiri-game/attention-points.md,base,Aandachtspunten (Points of Attention),line 1,general,Aandachtspunten (Points of Attention),"Use Hojo Undo PDFs, docs/hojo_undo_extracted.txt, and equipment-specific source PDFs.",candidate
C00729,src/content/hojo-undo/nigiri-game/attention-points.md,base,Aandachtspunten (Points of Attention),line 3,definition,"De aandachtspunten in de basisoefeningen met de nigiri game komen overeen met sanchin kata. De volgende aandachtspunten steeds benadrukt, ze zijn letterlijk vertaald van teksten of uitspraken van Higaonna Sensei. Het is echter de moeite waard om je eigen woorden te kiezen die naar jou idee en gevoel de beste brug vormen tussen praktijk en theorie.","Use Hojo Undo PDFs, docs/hojo_undo_extracted.txt, and equipment-specific source PDFs.",candidate
C00730,src/content/hojo-undo/nigiri-game/attention-points.md,base,Aandachtspunten (Points of Attention),line 5,general,'Hou de ruggegraat recht',"Use Hojo Undo PDFs, docs/hojo_undo_extracted.txt, and equipment-specific source PDFs.",candidate
C00731,src/content/hojo-undo/nigiri-game/attention-points.md,base,Aandachtspunten (Points of Attention),line 6,general,'Trek de kin in',"Use Hojo Undo PDFs, docs/hojo_undo_extracted.txt, and equipment-specific source PDFs.",candidate
C00732,src/content/hojo-undo/nigiri-game/attention-points.md,base,Aandachtspunten (Points of Attention),line 7,general,'Duw krachtig op de grond met de zolen van de voeten',"Use Hojo Undo PDFs, docs/hojo_undo_extracted.txt, and equipment-specific source PDFs.",candidate
C00733,src/content/hojo-undo/nigiri-game/attention-points.md,base,Aandachtspunten (Points of Attention),line 8,general,'Span het hele lichaam aan'.,"Use Hojo Undo PDFs, docs/hojo_undo_extracted.txt, and equipment-specific source PDFs.",candidate
C00734,src/content/hojo-undo/nigiri-game/attention-points.md,base,Aandachtspunten (Points of Attention),line 9,general,'Zet de schouder naar beneden toe vast',"Use Hojo Undo PDFs, docs/hojo_undo_extracted.txt, and equipment-specific source PDFs.",candidate
C00735,src/content/hojo-undo/nigiri-game/attention-points.md,base,Aandachtspunten (Points of Attention),line 10,general,'Span de Latissimus dorsi aan',"Use Hojo Undo PDFs, docs/hojo_undo_extracted.txt, and equipment-specific source PDFs.",candidate
C00736,src/content/hojo-undo/nigiri-game/attention-points.md,base,Aandachtspunten (Points of Attention),line 11,general,'Grijp vast',"Use Hojo Undo PDFs, docs/hojo_undo_extracted.txt, and equipment-specific source PDFs.",candidate
C00737,src/content/hojo-undo/nigiri-game/attention-points.md,base,Aandachtspunten (Points of Attention),line 12,general,'Adem uit vanuit het tanden',"Use Hojo Undo PDFs, docs/hojo_undo_extracted.txt, and equipment-specific source PDFs.",candidate
C00738,src/content/hojo-undo/nigiri-game/attention-points.md,base,Aandachtspunten (Points of Attention),line 13,general,'Combineer de externe spierkracht en de interne kracht van de adem',"Use Hojo Undo PDFs, docs/hojo_undo_extracted.txt, and equipment-specific source PDFs.",candidate
C00739,src/content/hojo-undo/nigiri-game/attention-points.md,base,Aandachtspunten (Points of Attention),line 15,technique,"De meeste van deze aandachtspunten komen ook veelvuldig terug bij kihon, sanchin kata, e.a.","Use Hojo Undo PDFs, docs/hojo_undo_extracted.txt, and equipment-specific source PDFs.",candidate
C00740,src/content/hojo-undo/nigiri-game/construction.md,base,Constructie (Construction),line 1,general,Constructie (Construction),"Use Hojo Undo PDFs, docs/hojo_undo_extracted.txt, and equipment-specific source PDFs.",candidate
C00741,src/content/hojo-undo/nigiri-game/construction.md,base,Constructie (Construction),line 3,general,Oorspronkelijk werden echte vazen gebruikt die werden gemaakt door een pottenbakker. Vandaag de dag worden veelal namaak nigiri game gebruikt. De constructies variëren van jam potten tot stalen pijpen.,"Use Hojo Undo PDFs, docs/hojo_undo_extracted.txt, and equipment-specific source PDFs.",candidate
C00742,src/content/hojo-undo/nigiri-game/construction.md,base,Constructie (Construction),line 5,technique,"Van belang bij het ontwerp is de diameter van de bovenkant, daar waar je beetpakt. Hiervoor is geen vaste maat te geven omdat handen immers ook verschillen in grootte. De richtlijn is echter dat iemand de ring of schijf moet kunnen beetpakken met een tijgerklauw. Hierbij zijn de vingers gebogen vanaf het tweede kootje, en sluit de duim aan bij de hand. De tijgerklauw sluit nauw aan bij de handvorm zoals die gebruikt wordt in de kata, bijvoorbeeld bij tora guchi (tijger bek) en hiki uke.","Use Hojo Undo PDFs, docs/hojo_undo_extracted.txt, and equipment-specific source PDFs.",candidate
C00743,src/content/hojo-undo/nigiri-game/construction.md,base,Constructie (Construction),line 7,general,Om mee te beginnen gebruik je idealiter een nigiri game met een rand waar je om heen kunt pakken. Later kun je overgaan naar een nigiri game zonder rand. Je kunt het nog spannender maken door er olie op te smeren.,"Use Hojo Undo PDFs, docs/hojo_undo_extracted.txt, and equipment-specific source PDFs.",candidate
C00744,src/content/hojo-undo/nigiri-game/construction.md,base,Constructie (Construction),line 9,grading,"Een nigiri game van 3 kg is al behoorlijk zwaar voor een minuut of tien oefenen. Niet omdat 3 kg zwaar is om te tillen , maar wel om lange tijd vast te houden. Zolang men de nigiri game namelijk niet neer zet moeten de onderarm en hand spieren continu (isometrisch) blijven werken. Meestal moet men dan ook opgeven omdat men de nigiri game niet meer vast kan houden. Niet omdat hij niet meer opgetild kan worden.","Use Hojo Undo PDFs, docs/hojo_undo_extracted.txt, and equipment-specific source PDFs.",candidate
C00745,src/content/hojo-undo/nigiri-game/construction.md,base,Constructie (Construction),line 11,general,Ideaal zijn nigiri game die eenvoudig zwaarder of lichter gemaakt kunnen worden.,"Use Hojo Undo PDFs, docs/hojo_undo_extracted.txt, and equipment-specific source PDFs.",candidate
C00746,src/content/hojo-undo/nigiri-game/exercises.md,base,Oefeningen (Exercises),line 1,general,Oefeningen (Exercises),"Use Hojo Undo PDFs, docs/hojo_undo_extracted.txt, and equipment-specific source PDFs.",candidate
C00747,src/content/hojo-undo/nigiri-game/exercises.md,base,Oefeningen (Exercises),line 3,technique,"De basisoefening voor de nigiri game is het lopen in sanchin dachi. Hiervoor gelden dezelfde aandachtspunten t.a.v. houding, concentratie en ademhaling als bij sanchin kata. Het lichaam blijft dus gedurende de hele oefening gespannen, de ademhaling is diep en gereguleerd met behulp van voorstelling en klanken en je houdt de adem vast bij het stappen. Om didactische redenen kan het echter zinvol zijn om de oefening aan te passen. Bijvoorbeeld: het lichaam ontspannen bij het stappen en/of de inademing.","Use Hojo Undo PDFs, docs/hojo_undo_extracted.txt, and equipment-specific source PDFs.",candidate
C00748,src/content/hojo-undo/nigiri-game/exercises.md,base,Oefeningen (Exercises),line 5,general,De klanken spelen een belangrijke rol bij het leren reguleren van de ademhaling. Wanneer men dit onder de knie heeft en de oefening sneller wordt uitgevoerd kan de ademhaling ook zonder geluid verlopen.,"Use Hojo Undo PDFs, docs/hojo_undo_extracted.txt, and equipment-specific source PDFs.",candidate
C00749,src/content/hojo-undo/nigiri-game/exercises.md,base,Oefeningen (Exercises),line 7,general,"De schouderbladen zijn naar achteren getrokken en de armen naar binnen gedraaid. Andere posities van de schouders/armen, d.w.z. naast of voor het lichaam, gelden als variaties. Deze activeren andere spierketens.","Use Hojo Undo PDFs, docs/hojo_undo_extracted.txt, and equipment-specific source PDFs.",candidate
C00750,src/content/hojo-undo/nigiri-game/exercises.md,base,Oefeningen (Exercises),line 9,general,Nadat het lopen met de nigiri game is aangeleerd komen de til oefeningen. De nigiri game worden bij deze oefeningen voorwaarts of zijwaarts opgetild. Om en om of allebei tegelijk.,"Use Hojo Undo PDFs, docs/hojo_undo_extracted.txt, and equipment-specific source PDFs.",candidate
C00751,src/content/hojo-undo/nigiri-game/exercises.md,base,Oefeningen (Exercises),line 11,history,"De bovenstaande oefeningen staan uitvoerig beschreven en weergegeven in het boek 'Traditional Karate, volume 1' van Morio Higaonna. Interessant is dat de ademhaling die hier beschreven wordt, tegengesteld is aan wat gebruikelijk is binnen het Okinawa goju-ryu Karate. Er wordt namelijk voor geschreven dat je inademt bij de grootste inspanning, het optillen van de vazen , en uitademt bij het laten zakken. Hoewel dit niet in overeenstemming is met wat ik hierover persoonlijk van Higaonna Sensei heb vernomen, is het een interessant experiment om deze ademhalingscoördinatie uit te proberen.","Use Hojo Undo PDFs, docs/hojo_undo_extracted.txt, and equipment-specific source PDFs.",candidate
C00752,src/content/hojo-undo/nigiri-game/exercises.md,base,Oefeningen (Exercises),line 13,technique,De til oefeningen worden ook uitgevoerd (meestal tweehandig en zijwaarts) in shiko dachi en neko ashi dachi. Bij de oefeningen in neko ashi dachi komt het element lichtvoetigheid om de hoek kijken.,"Use Hojo Undo PDFs, docs/hojo_undo_extracted.txt, and equipment-specific source PDFs.",candidate
C00753,src/content/hojo-undo/nigiri-game/exercises.md,base,Oefeningen (Exercises),line 15,grading,Bij het oefenen met de nigiri game kun je de aandachtspunten uit de lessen bewegingsleer & energetica integreren. Zo kun je bij een oefening er bijvoorbeeld op letten of je voortdurend optimaal op je voeten blijft steunen of dat je in de strijd met het gewicht jezelf ontworteld; je de beweging maakt van uit je tanden of een geïsoleerde beweging maakt vanuit je schouder; de beweging strookt met je ademhaling; etc. In zekere zin is dat moeilijker dan bij de oefeningen met de chi ishi. Bij de oefeningen met de chi ishi heeft je lichaam meer bewegingsvrijheid. Je maakt niet alleen intern maar ook extern een totaal beweging. Bij de oefeningen met de nigiri game beweegt extern gezien alleen je arm (bij het tillen) maar moet je intern toch een totaalbeweging maken.,"Use Hojo Undo PDFs, docs/hojo_undo_extracted.txt, and equipment-specific source PDFs.",candidate
C00754,src/content/hojo-undo/nigiri-game/exercises.md,base,Oefeningen (Exercises),line 17,grading,"Doordat je met een gewicht werkt krijg zet je het behoud van aarding, worteling, centrering, etc. meer onder druk. Gebruik je meer gewicht dan is het trainingseffect t.a.v. kracht, doorzettingsvermogen, e.d. groter maar bestaat het risico dat je de bewegingsprincipes los laat in de strijd met het gewicht. Je vernielt dan je lichaam en leert jezelf inefficiënte bewegingspatronen aan. Omgekeerd, als je alleen met lichte gewichten traint is het makkelijker om in lijn met de bewegingsprincipes te blijven bewegen, je leert dan echter niet om deze onder druk vast te houden.","Use Hojo Undo PDFs, docs/hojo_undo_extracted.txt, and equipment-specific source PDFs.",candidate
C00755,src/content/hojo-undo/nigiri-game/exercises.md,base,Oefeningen (Exercises),line 19,general,"Hoewel eerder werd gesproken over een standaard diameter van het grijp gedeelte, kan het trainen met nigiri game met een andere diameter uiteraard toch zinvol zijn. Het in dezelfde oefening afwisselen van nigiri game met verschillend gewicht en diameter kan beschouwd worden als een vorm van 'contrast training'. Dit is een zinvolle variatie voor gevorderden in de uitbouwfase van hun krachttraining.","Use Hojo Undo PDFs, docs/hojo_undo_extracted.txt, and equipment-specific source PDFs.",candidate
C00756,src/content/hojo-undo/nigiri-game/exercises.md,base,Oefeningen (Exercises),line 21,general,Ook 'Complexe trainingsvormen' met de nigiri game zijn denkbaar. Bijvoorbeeld:,"Use Hojo Undo PDFs, docs/hojo_undo_extracted.txt, and equipment-specific source PDFs.",candidate
C00757,src/content/hojo-undo/nigiri-game/exercises.md,base,Oefeningen (Exercises),line 23,general,Nigiri game basisoefening.,"Use Hojo Undo PDFs, docs/hojo_undo_extracted.txt, and equipment-specific source PDFs.",candidate
C00758,src/content/hojo-undo/nigiri-game/exercises.md,base,Oefeningen (Exercises),line 24,general,Gooien met zware zandzakjes.,"Use Hojo Undo PDFs, docs/hojo_undo_extracted.txt, and equipment-specific source PDFs.",candidate
C00759,src/content/hojo-undo/nigiri-game/exercises.md,base,Oefeningen (Exercises),line 25,technique,Kote kitae oefening met hiki uke.,"Use Hojo Undo PDFs, docs/hojo_undo_extracted.txt, and equipment-specific source PDFs.",candidate
C00760,src/content/hojo-undo/nigiri-game/function.md,base,Functie (Function),line 1,general,Functie (Function),"Use Hojo Undo PDFs, docs/hojo_undo_extracted.txt, and equipment-specific source PDFs.",candidate
C00761,src/content/hojo-undo/nigiri-game/function.md,base,Functie (Function),line 3,general,"De nigiri game zijn 'grijp vazen'. Het is een trainingshulpmiddel dat in verschillende streken van China werd en wordt gebruikt. De vooral in vroegere tijden gebruikte vazen, waren alledaagse vazen die gebruikt werden voor het opslaan van water en voedsel.","Use Hojo Undo PDFs, docs/hojo_undo_extracted.txt, and equipment-specific source PDFs.",candidate
C00762,src/content/hojo-undo/nigiri-game/function.md,base,Belangrijkste functies,line 5,general,Belangrijkste functies,"Use Hojo Undo PDFs, docs/hojo_undo_extracted.txt, and equipment-specific source PDFs.",candidate
C00763,src/content/hojo-undo/nigiri-game/function.md,base,Spierversterking,line 7,general,Spierversterking,"Use Hojo Undo PDFs, docs/hojo_undo_extracted.txt, and equipment-specific source PDFs.",candidate
C00764,src/content/hojo-undo/nigiri-game/function.md,base,Spierversterking,line 8,technique,"Versterkt met name de spieren van de onderarm en hand. Het versterkt de grip, wat een belangrijke rol speelt bij allerlei technieken van het nabije gevecht, zoals trek-, werp- en klemtechnieken en hiki uke.","Use Hojo Undo PDFs, docs/hojo_undo_extracted.txt, and equipment-specific source PDFs.",candidate
C00765,src/content/hojo-undo/nigiri-game/function.md,base,Vitale punten training,line 10,general,Vitale punten training,"Use Hojo Undo PDFs, docs/hojo_undo_extracted.txt, and equipment-specific source PDFs.",candidate
C00766,src/content/hojo-undo/nigiri-game/function.md,base,Vitale punten training,line 11,grading,Ook voor het effectief aanvallen (beetpakken) van vitale punten (kyusho) is een krachtige grip noodzakelijk.,"Use Hojo Undo PDFs, docs/hojo_undo_extracted.txt, and equipment-specific source PDFs.",candidate
C00767,src/content/hojo-undo/nigiri-game/function.md,base,Krachtontwikkeling,line 13,general,Krachtontwikkeling,"Use Hojo Undo PDFs, docs/hojo_undo_extracted.txt, and equipment-specific source PDFs.",candidate
C00768,src/content/hojo-undo/nigiri-game/function.md,base,Krachtontwikkeling,line 14,general,"Muchimi kracht: Ontwikkelt de muchimi kracht, op voorwaarde dat de beweging niet te explosief wordt uitgevoerd","Use Hojo Undo PDFs, docs/hojo_undo_extracted.txt, and equipment-specific source PDFs.",candidate
C00769,src/content/hojo-undo/nigiri-game/function.md,base,Krachtontwikkeling,line 15,technique,"Chinkuchi kakin kracht: Aan het einde van de beweging wordt de grijpkracht kortstondig gemaximaliseerd, net als in sanchin kata","Use Hojo Undo PDFs, docs/hojo_undo_extracted.txt, and equipment-specific source PDFs.",candidate
C00770,src/content/hojo-undo/nigiri-game/function.md,base,Relatie met Sanchin Kata,line 17,technique,Relatie met Sanchin Kata,"Use Hojo Undo PDFs, docs/hojo_undo_extracted.txt, and equipment-specific source PDFs.",candidate
C00771,src/content/hojo-undo/nigiri-game/function.md,base,Vergelijkbare principes,line 19,general,Vergelijkbare principes,"Use Hojo Undo PDFs, docs/hojo_undo_extracted.txt, and equipment-specific source PDFs.",candidate
C00772,src/content/hojo-undo/nigiri-game/function.md,base,Vergelijkbare principes,line 20,technique,"Omdat de basisoefening wordt uitgevoerd vanuit (het lopen) in sanchin met gebruik van dezelfde principes t.a.v. ademhaling, houding, krachtgebruik, etc., heeft het een vergelijkbare uitwerking als sanchin kata.","Use Hojo Undo PDFs, docs/hojo_undo_extracted.txt, and equipment-specific source PDFs.",candidate
C00773,src/content/hojo-undo/nigiri-game/function.md,base,Belangrijk verschil,line 22,general,Belangrijk verschil,"Use Hojo Undo PDFs, docs/hojo_undo_extracted.txt, and equipment-specific source PDFs.",candidate
C00774,src/content/hojo-undo/nigiri-game/function.md,base,Belangrijk verschil,line 23,technique,Een belangrijk verschil met sanchin kata is echter dat de krachtrichting bij de nigiri game oefeningen vooral omhoog is. Het is daardoor een goede oefening voor het (actieve) aarden.,"Use Hojo Undo PDFs, docs/hojo_undo_extracted.txt, and equipment-specific source PDFs.",candidate
C00775,src/content/hojo-undo/nigiri-game/function.md,base,Aarding training,line 25,general,Aarding training,"Use Hojo Undo PDFs, docs/hojo_undo_extracted.txt, and equipment-specific source PDFs.",candidate
C00776,src/content/hojo-undo/nigiri-game/function.md,base,Aarding training,line 26,general,"Wanneer de last zwaar is, neig je ertoe om niet alleen de nigiri game, maar ook meer van jezelf (schouders, borst, etc.) mee omhoog te tillen. De bedoeling is dit te voorkomen.","Use Hojo Undo PDFs, docs/hojo_undo_extracted.txt, and equipment-specific source PDFs.",candidate
C00777,src/content/hojo-undo/nigiri-game/function.md,base,Worteling vs. Sanchin Kata,line 28,technique,Worteling vs. Sanchin Kata,"Use Hojo Undo PDFs, docs/hojo_undo_extracted.txt, and equipment-specific source PDFs.",candidate
C00778,src/content/hojo-undo/nigiri-game/function.md,base,Worteling vs. Sanchin Kata,line 30,grading,"Hoewel in de basisoefening dus dezelfde principes t.a.v. wortelen worden gehanteerd als bij sanchin kata, wordt de worteling minder op de proef gesteld dan bij sanchin kata met Shime. Bij de laatste ondervindt je immers ook krachten in het horizontale vlak vanuit verschillende richtingen.","Use Hojo Undo PDFs, docs/hojo_undo_extracted.txt, and equipment-specific source PDFs.",candidate
C00779,src/content/hojo-undo/nigiri-game/function.md,base,Trainingseffecten,line 32,general,Trainingseffecten,"Use Hojo Undo PDFs, docs/hojo_undo_extracted.txt, and equipment-specific source PDFs.",candidate
C00780,src/content/hojo-undo/nigiri-game/function.md,base,Fysieke effecten,line 34,general,Fysieke effecten,"Use Hojo Undo PDFs, docs/hojo_undo_extracted.txt, and equipment-specific source PDFs.",candidate
C00781,src/content/hojo-undo/nigiri-game/function.md,base,Fysieke effecten,line 35,general,Grijpkracht: Versterking van hand- en onderarmspieren,"Use Hojo Undo PDFs, docs/hojo_undo_extracted.txt, and equipment-specific source PDFs.",candidate
C00782,src/content/hojo-undo/nigiri-game/function.md,base,Fysieke effecten,line 36,general,Uithoudingsvermogen: Isometrische training van grijpspieren,"Use Hojo Undo PDFs, docs/hojo_undo_extracted.txt, and equipment-specific source PDFs.",candidate
C00783,src/content/hojo-undo/nigiri-game/function.md,base,Fysieke effecten,line 37,general,Stabiliteit: Verbetering van polsstabiliteit,"Use Hojo Undo PDFs, docs/hojo_undo_extracted.txt, and equipment-specific source PDFs.",candidate
C00784,src/content/hojo-undo/nigiri-game/function.md,base,Technische effecten,line 39,general,Technische effecten,"Use Hojo Undo PDFs, docs/hojo_undo_extracted.txt, and equipment-specific source PDFs.",candidate
C00785,src/content/hojo-undo/nigiri-game/function.md,base,Technische effecten,line 40,general,Krachtoverdracht: Leert efficiënte krachtoverdracht van benen naar handen,"Use Hojo Undo PDFs, docs/hojo_undo_extracted.txt, and equipment-specific source PDFs.",candidate
C00786,src/content/hojo-undo/nigiri-game/function.md,base,Technische effecten,line 41,general,Ademhalingscoördinatie: Integreert ademhaling met beweging,"Use Hojo Undo PDFs, docs/hojo_undo_extracted.txt, and equipment-specific source PDFs.",candidate
C00787,src/content/hojo-undo/nigiri-game/function.md,base,Technische effecten,line 42,general,Houding: Verbetert houding en stabiliteit,"Use Hojo Undo PDFs, docs/hojo_undo_extracted.txt, and equipment-specific source PDFs.",candidate
C00788,src/content/hojo-undo/nigiri-game/function.md,base,Gevechtstoepassingen,line 44,general,Gevechtstoepassingen,"Use Hojo Undo PDFs, docs/hojo_undo_extracted.txt, and equipment-specific source PDFs.",candidate
C00789,src/content/hojo-undo/nigiri-game/function.md,base,Gevechtstoepassingen,line 45,general,"Nabijgevecht: Essentieel voor trek-, werp- en klemtechnieken","Use Hojo Undo PDFs, docs/hojo_undo_extracted.txt, and equipment-specific source PDFs.",candidate
C00790,src/content/hojo-undo/nigiri-game/function.md,base,Gevechtstoepassingen,line 46,grading,Vitale punten: Voor effectieve aanval van kyusho,"Use Hojo Undo PDFs, docs/hojo_undo_extracted.txt, and equipment-specific source PDFs.",candidate
C00791,src/content/hojo-undo/nigiri-game/function.md,base,Gevechtstoepassingen,line 47,technique,Hiki uke: Voor trekkende blokken,"Use Hojo Undo PDFs, docs/hojo_undo_extracted.txt, and equipment-specific source PDFs.",candidate
C00792,src/content/hojo-undo/nigiri-game/function.md,base,Gevechtstoepassingen,line 48,general,Gi pakken: Voor het beetpakken van de karate gi,"Use Hojo Undo PDFs, docs/hojo_undo_extracted.txt, and equipment-specific source PDFs.",candidate
C00793,src/content/hojo-undo/nigiri-game/function.md,base,Historische context,line 50,general,Historische context,"Use Hojo Undo PDFs, docs/hojo_undo_extracted.txt, and equipment-specific source PDFs.",candidate
C00794,src/content/hojo-undo/nigiri-game/function.md,base,Historische context,line 52,general,De nigiri game heeft een rijke geschiedenis in Chinese vechtkunsten en werd traditioneel gebruikt door:,"Use Hojo Undo PDFs, docs/hojo_undo_extracted.txt, and equipment-specific source PDFs.",candidate
C00795,src/content/hojo-undo/nigiri-game/function.md,base,Historische context,line 53,general,Shaolin monniken,"Use Hojo Undo PDFs, docs/hojo_undo_extracted.txt, and equipment-specific source PDFs.",candidate
C00796,src/content/hojo-undo/nigiri-game/function.md,base,Historische context,line 54,general,Chinese krijgers,"Use Hojo Undo PDFs, docs/hojo_undo_extracted.txt, and equipment-specific source PDFs.",candidate
C00797,src/content/hojo-undo/nigiri-game/function.md,base,Historische context,line 55,general,Okinawaanse karateka,"Use Hojo Undo PDFs, docs/hojo_undo_extracted.txt, and equipment-specific source PDFs.",candidate
C00798,src/content/hojo-undo/nigiri-game/function.md,base,Historische context,line 56,general,Moderne Goju Ryu beoefenaars,"Use Hojo Undo PDFs, docs/hojo_undo_extracted.txt, and equipment-specific source PDFs.",candidate
C00799,src/content/hojo-undo/nigiri-game/function.md,base,Moderne toepassingen,line 58,general,Moderne toepassingen,"Use Hojo Undo PDFs, docs/hojo_undo_extracted.txt, and equipment-specific source PDFs.",candidate
C00800,src/content/hojo-undo/nigiri-game/function.md,base,Moderne toepassingen,line 60,general,Naast traditionele training wordt de nigiri game ook gebruikt voor:,"Use Hojo Undo PDFs, docs/hojo_undo_extracted.txt, and equipment-specific source PDFs.",candidate
C00801,src/content/hojo-undo/nigiri-game/function.md,base,Moderne toepassingen,line 61,safety,Revalidatie: Herstel van hand- en polsblessures,"Use Hojo Undo PDFs, docs/hojo_undo_extracted.txt, and equipment-specific source PDFs.",candidate
C00802,src/content/hojo-undo/nigiri-game/function.md,base,Moderne toepassingen,line 62,general,Sportprestaties: Verbetering van grijpkracht voor andere sporten,"Use Hojo Undo PDFs, docs/hojo_undo_extracted.txt, and equipment-specific source PDFs.",candidate
C00803,src/content/hojo-undo/nigiri-game/function.md,base,Moderne toepassingen,line 63,general,Functionele training: Dagelijkse activiteiten die grijpkracht vereisen,"Use Hojo Undo PDFs, docs/hojo_undo_extracted.txt, and equipment-specific source PDFs.",candidate
C00804,src/content/hojo-undo/ude-tanren/exercises.md,base,Ude Tanren - Oefeningen,line 1,general,Ude Tanren - Oefeningen,"Use Hojo Undo PDFs, docs/hojo_undo_extracted.txt, and equipment-specific source PDFs.",candidate
C00805,src/content/hojo-undo/ude-tanren/exercises.md,base,Basis Oefeningen,line 3,general,Basis Oefeningen,"Use Hojo Undo PDFs, docs/hojo_undo_extracted.txt, and equipment-specific source PDFs.",candidate
C00806,src/content/hojo-undo/ude-tanren/exercises.md,base,Swinging Arm Drill,line 5,general,Swinging Arm Drill,"Use Hojo Undo PDFs, docs/hojo_undo_extracted.txt, and equipment-specific source PDFs.",candidate
C00807,src/content/hojo-undo/ude-tanren/exercises.md,base,Swinging Arm Drill,line 6,general,"Beide partners zwaaien de linkerarm ontspannen tegen elkaar aan (binnenkant van de arm). Bouw op naar buitenwaartse en binnenwaartse blokken, en wissel af van arm tot arm.","Use Hojo Undo PDFs, docs/hojo_undo_extracted.txt, and equipment-specific source PDFs.",candidate
C00808,src/content/hojo-undo/ude-tanren/exercises.md,base,Swinging Arm Drill,line 9,general,"Begin met lichte, ontspannen zwaaibewegingen","Use Hojo Undo PDFs, docs/hojo_undo_extracted.txt, and equipment-specific source PDFs.",candidate
C00809,src/content/hojo-undo/ude-tanren/exercises.md,base,Swinging Arm Drill,line 10,safety,Maak contact met de binnenkant van de onderarm,"Use Hojo Undo PDFs, docs/hojo_undo_extracted.txt, and equipment-specific source PDFs.",candidate
C00810,src/content/hojo-undo/ude-tanren/exercises.md,base,Swinging Arm Drill,line 11,general,Bouw geleidelijk op naar meer gecontroleerde bewegingen,"Use Hojo Undo PDFs, docs/hojo_undo_extracted.txt, and equipment-specific source PDFs.",candidate
C00811,src/content/hojo-undo/ude-tanren/exercises.md,base,Swinging Arm Drill,line 12,general,Wissel regelmatig van arm,"Use Hojo Undo PDFs, docs/hojo_undo_extracted.txt, and equipment-specific source PDFs.",candidate
C00812,src/content/hojo-undo/ude-tanren/exercises.md,base,Stepping & Blocking Drill,line 14,general,Stepping & Blocking Drill,"Use Hojo Undo PDFs, docs/hojo_undo_extracted.txt, and equipment-specific source PDFs.",candidate
C00813,src/content/hojo-undo/ude-tanren/exercises.md,base,Stepping & Blocking Drill,line 15,general,"Eén persoon stapt naar voren en stoot, de ander stapt achteruit en blokt met open hand, gevolgd door een openhandige slag. Rollen worden omgedraaid.","Use Hojo Undo PDFs, docs/hojo_undo_extracted.txt, and equipment-specific source PDFs.",candidate
C00814,src/content/hojo-undo/ude-tanren/exercises.md,base,Stepping & Blocking Drill,line 18,general,Partner A stapt naar voren met een stoot,"Use Hojo Undo PDFs, docs/hojo_undo_extracted.txt, and equipment-specific source PDFs.",candidate
C00815,src/content/hojo-undo/ude-tanren/exercises.md,base,Stepping & Blocking Drill,line 19,general,Partner B stapt achteruit en blokt met open hand,"Use Hojo Undo PDFs, docs/hojo_undo_extracted.txt, and equipment-specific source PDFs.",candidate
C00816,src/content/hojo-undo/ude-tanren/exercises.md,base,Stepping & Blocking Drill,line 20,general,Partner B volgt op met een openhandige slag,"Use Hojo Undo PDFs, docs/hojo_undo_extracted.txt, and equipment-specific source PDFs.",candidate
C00817,src/content/hojo-undo/ude-tanren/exercises.md,base,Stepping & Blocking Drill,line 21,general,Wissel rollen en herhaal,"Use Hojo Undo PDFs, docs/hojo_undo_extracted.txt, and equipment-specific source PDFs.",candidate
C00818,src/content/hojo-undo/ude-tanren/exercises.md,base,Geavanceerde Oefeningen,line 23,general,Geavanceerde Oefeningen,"Use Hojo Undo PDFs, docs/hojo_undo_extracted.txt, and equipment-specific source PDFs.",candidate
C00819,src/content/hojo-undo/ude-tanren/exercises.md,base,Ippon Uke Barai (One-Step Blocking Practice),line 25,technique,Ippon Uke Barai (One-Step Blocking Practice),"Use Hojo Undo PDFs, docs/hojo_undo_extracted.txt, and equipment-specific source PDFs.",candidate
C00820,src/content/hojo-undo/ude-tanren/exercises.md,base,Ippon Uke Barai (One-Step Blocking Practice),line 26,grading,"Beide partners stappen naar voren in sanchin dachi en blokkeren met jodan age uke. Stap terug, herhaal met chudan uke en gedan uke.","Use Hojo Undo PDFs, docs/hojo_undo_extracted.txt, and equipment-specific source PDFs.",candidate
C00821,src/content/hojo-undo/ude-tanren/exercises.md,base,Ippon Uke Barai (One-Step Blocking Practice),line 29,technique,Behoud sanchin dachi positie,"Use Hojo Undo PDFs, docs/hojo_undo_extracted.txt, and equipment-specific source PDFs.",candidate
C00822,src/content/hojo-undo/ude-tanren/exercises.md,base,Ippon Uke Barai (One-Step Blocking Practice),line 30,general,Synchroniseer bewegingen met partner,"Use Hojo Undo PDFs, docs/hojo_undo_extracted.txt, and equipment-specific source PDFs.",candidate
C00823,src/content/hojo-undo/ude-tanren/exercises.md,base,Ippon Uke Barai (One-Step Blocking Practice),line 31,general,Focus op ritme en ademhaling,"Use Hojo Undo PDFs, docs/hojo_undo_extracted.txt, and equipment-specific source PDFs.",candidate
C00824,src/content/hojo-undo/ude-tanren/exercises.md,base,Ippon Uke Barai (One-Step Blocking Practice),line 32,general,Controleer impact en timing,"Use Hojo Undo PDFs, docs/hojo_undo_extracted.txt, and equipment-specific source PDFs.",candidate
C00825,src/content/hojo-undo/ude-tanren/exercises.md,base,Sandan Uke Barai (Three-Step Blocking Practice),line 34,grading,Sandan Uke Barai (Three-Step Blocking Practice),"Use Hojo Undo PDFs, docs/hojo_undo_extracted.txt, and equipment-specific source PDFs.",candidate
C00826,src/content/hojo-undo/ude-tanren/exercises.md,base,Sandan Uke Barai (Three-Step Blocking Practice),line 35,grading,"Drie opeenvolgende stappen en blokken: jodan, chudan, gedan. Daarna rollen omdraaien.","Use Hojo Undo PDFs, docs/hojo_undo_extracted.txt, and equipment-specific source PDFs.",candidate
C00827,src/content/hojo-undo/ude-tanren/exercises.md,base,Sandan Uke Barai (Three-Step Blocking Practice),line 38,safety,"Niet ontwijken, maar contact maken","Use Hojo Undo PDFs, docs/hojo_undo_extracted.txt, and equipment-specific source PDFs.",candidate
C00828,src/content/hojo-undo/ude-tanren/exercises.md,base,Sandan Uke Barai (Three-Step Blocking Practice),line 39,general,Oefen timing en ritme,"Use Hojo Undo PDFs, docs/hojo_undo_extracted.txt, and equipment-specific source PDFs.",candidate
C00829,src/content/hojo-undo/ude-tanren/exercises.md,base,Sandan Uke Barai (Three-Step Blocking Practice),line 40,general,Behoud juiste vorm en positie,"Use Hojo Undo PDFs, docs/hojo_undo_extracted.txt, and equipment-specific source PDFs.",candidate
C00830,src/content/hojo-undo/ude-tanren/exercises.md,base,Sandan Uke Barai (Three-Step Blocking Practice),line 41,general,Bouw intensiteit geleidelijk op,"Use Hojo Undo PDFs, docs/hojo_undo_extracted.txt, and equipment-specific source PDFs.",candidate
C00831,src/content/hojo-undo/ude-tanren/exercises.md,base,Wrist Rotation,line 43,general,Wrist Rotation,"Use Hojo Undo PDFs, docs/hojo_undo_extracted.txt, and equipment-specific source PDFs.",candidate
C00832,src/content/hojo-undo/ude-tanren/exercises.md,base,Wrist Rotation,line 44,safety,"Sta tegenover elkaar in sanchin dachi, polsen tegen elkaar. Draai de handen naar je toe, dan van je af, houd contact.","Use Hojo Undo PDFs, docs/hojo_undo_extracted.txt, and equipment-specific source PDFs.",candidate
C00833,src/content/hojo-undo/ude-tanren/exercises.md,base,Wrist Rotation,line 47,general,Verbetert verbinding (muchimi),"Use Hojo Undo PDFs, docs/hojo_undo_extracted.txt, and equipment-specific source PDFs.",candidate
C00834,src/content/hojo-undo/ude-tanren/exercises.md,base,Wrist Rotation,line 48,general,Ontwikkelt kracht in het bovenlichaam,"Use Hojo Undo PDFs, docs/hojo_undo_extracted.txt, and equipment-specific source PDFs.",candidate
C00835,src/content/hojo-undo/ude-tanren/exercises.md,base,Wrist Rotation,line 49,general,Verbetert polsstabiliteit,"Use Hojo Undo PDFs, docs/hojo_undo_extracted.txt, and equipment-specific source PDFs.",candidate
C00836,src/content/hojo-undo/ude-tanren/exercises.md,base,Wrist Rotation,line 50,general,Versterkt partner synchronisatie,"Use Hojo Undo PDFs, docs/hojo_undo_extracted.txt, and equipment-specific source PDFs.",candidate
C00837,src/content/hojo-undo/ude-tanren/exercises.md,base,Training Routines,line 52,general,Training Routines,"Use Hojo Undo PDFs, docs/hojo_undo_extracted.txt, and equipment-specific source PDFs.",candidate
C00838,src/content/hojo-undo/ude-tanren/exercises.md,base,Beginners Routine,line 54,general,Beginners Routine,"Use Hojo Undo PDFs, docs/hojo_undo_extracted.txt, and equipment-specific source PDFs.",candidate
C00839,src/content/hojo-undo/ude-tanren/exercises.md,base,Beginners Routine,line 55,general,Swinging Arm Drill - 5 minuten,"Use Hojo Undo PDFs, docs/hojo_undo_extracted.txt, and equipment-specific source PDFs.",candidate
C00840,src/content/hojo-undo/ude-tanren/exercises.md,base,Beginners Routine,line 56,general,Stepping & Blocking Drill - 5 minuten,"Use Hojo Undo PDFs, docs/hojo_undo_extracted.txt, and equipment-specific source PDFs.",candidate
C00841,src/content/hojo-undo/ude-tanren/exercises.md,base,Beginners Routine,line 57,general,Wrist Rotation - 3 minuten,"Use Hojo Undo PDFs, docs/hojo_undo_extracted.txt, and equipment-specific source PDFs.",candidate
C00842,src/content/hojo-undo/ude-tanren/exercises.md,base,Gevorderden Routine,line 59,general,Gevorderden Routine,"Use Hojo Undo PDFs, docs/hojo_undo_extracted.txt, and equipment-specific source PDFs.",candidate
C00843,src/content/hojo-undo/ude-tanren/exercises.md,base,Gevorderden Routine,line 60,technique,Ippon Uke Barai - 10 minuten,"Use Hojo Undo PDFs, docs/hojo_undo_extracted.txt, and equipment-specific source PDFs.",candidate
C00844,src/content/hojo-undo/ude-tanren/exercises.md,base,Gevorderden Routine,line 61,grading,Sandan Uke Barai - 10 minuten,"Use Hojo Undo PDFs, docs/hojo_undo_extracted.txt, and equipment-specific source PDFs.",candidate
C00845,src/content/hojo-undo/ude-tanren/exercises.md,base,Gevorderden Routine,line 62,general,Gecombineerde oefeningen - 10 minuten,"Use Hojo Undo PDFs, docs/hojo_undo_extracted.txt, and equipment-specific source PDFs.",candidate
C00846,src/content/hojo-undo/ude-tanren/exercises.md,base,Expert Routine,line 64,general,Expert Routine,"Use Hojo Undo PDFs, docs/hojo_undo_extracted.txt, and equipment-specific source PDFs.",candidate
C00847,src/content/hojo-undo/ude-tanren/exercises.md,base,Expert Routine,line 65,general,Alle oefeningen in volgorde,"Use Hojo Undo PDFs, docs/hojo_undo_extracted.txt, and equipment-specific source PDFs.",candidate
C00848,src/content/hojo-undo/ude-tanren/exercises.md,base,Expert Routine,line 66,general,Verhoogde intensiteit en snelheid,"Use Hojo Undo PDFs, docs/hojo_undo_extracted.txt, and equipment-specific source PDFs.",candidate
C00849,src/content/hojo-undo/ude-tanren/exercises.md,base,Expert Routine,line 67,general,Langere sessies (20-30 minuten per oefening),"Use Hojo Undo PDFs, docs/hojo_undo_extracted.txt, and equipment-specific source PDFs.",candidate
C00850,src/content/hojo-undo/ude-tanren/exercises.md,base,Expert Routine,line 68,technique,Integratie met kata bewegingen,"Use Hojo Undo PDFs, docs/hojo_undo_extracted.txt, and equipment-specific source PDFs.",candidate
C00851,src/content/hojo-undo/ude-tanren/exercises.md,base,Progressie Tips,line 70,general,Progressie Tips,"Use Hojo Undo PDFs, docs/hojo_undo_extracted.txt, and equipment-specific source PDFs.",candidate
C00852,src/content/hojo-undo/ude-tanren/exercises.md,base,Fase 1: Basis Contact,line 72,safety,Fase 1: Basis Contact,"Use Hojo Undo PDFs, docs/hojo_undo_extracted.txt, and equipment-specific source PDFs.",candidate
C00853,src/content/hojo-undo/ude-tanren/exercises.md,base,Fase 1: Basis Contact,line 73,general,Begin met lichte aanraking,"Use Hojo Undo PDFs, docs/hojo_undo_extracted.txt, and equipment-specific source PDFs.",candidate
C00854,src/content/hojo-undo/ude-tanren/exercises.md,base,Fase 1: Basis Contact,line 74,general,Focus op juiste positie en houding,"Use Hojo Undo PDFs, docs/hojo_undo_extracted.txt, and equipment-specific source PDFs.",candidate
C00855,src/content/hojo-undo/ude-tanren/exercises.md,base,Fase 1: Basis Contact,line 75,general,Leer je partner kennen,"Use Hojo Undo PDFs, docs/hojo_undo_extracted.txt, and equipment-specific source PDFs.",candidate
C00856,src/content/hojo-undo/ude-tanren/exercises.md,base,Fase 2: Gecontroleerde Impact,line 77,general,Fase 2: Gecontroleerde Impact,"Use Hojo Undo PDFs, docs/hojo_undo_extracted.txt, and equipment-specific source PDFs.",candidate
C00857,src/content/hojo-undo/ude-tanren/exercises.md,base,Fase 2: Gecontroleerde Impact,line 78,general,Verhoog geleidelijk de impact,"Use Hojo Undo PDFs, docs/hojo_undo_extracted.txt, and equipment-specific source PDFs.",candidate
C00858,src/content/hojo-undo/ude-tanren/exercises.md,base,Fase 2: Gecontroleerde Impact,line 79,general,Behoud juiste techniek,"Use Hojo Undo PDFs, docs/hojo_undo_extracted.txt, and equipment-specific source PDFs.",candidate
C00859,src/content/hojo-undo/ude-tanren/exercises.md,base,Fase 2: Gecontroleerde Impact,line 80,general,Synchroniseer met partner,"Use Hojo Undo PDFs, docs/hojo_undo_extracted.txt, and equipment-specific source PDFs.",candidate
C00860,src/content/hojo-undo/ude-tanren/exercises.md,base,Fase 3: Dynamische Training,line 82,general,Fase 3: Dynamische Training,"Use Hojo Undo PDFs, docs/hojo_undo_extracted.txt, and equipment-specific source PDFs.",candidate
C00861,src/content/hojo-undo/ude-tanren/exercises.md,base,Fase 3: Dynamische Training,line 83,general,Verhoog snelheid en intensiteit,"Use Hojo Undo PDFs, docs/hojo_undo_extracted.txt, and equipment-specific source PDFs.",candidate
C00862,src/content/hojo-undo/ude-tanren/exercises.md,base,Fase 3: Dynamische Training,line 84,general,Integreer met andere technieken,"Use Hojo Undo PDFs, docs/hojo_undo_extracted.txt, and equipment-specific source PDFs.",candidate
C00863,src/content/hojo-undo/ude-tanren/exercises.md,base,Fase 3: Dynamische Training,line 85,general,Ontwikkel uithoudingsvermogen,"Use Hojo Undo PDFs, docs/hojo_undo_extracted.txt, and equipment-specific source PDFs.",candidate
C00864,src/content/kata-theory/bunkai-and-techniques.md,base,Bunkai and Techniques,line 1,technique,Bunkai and Techniques,"Use kata theory PDFs, Hoei Juku manual, and lineage-specific instructor notes.",candidate
C00865,src/content/kata-theory/kata-and-karate.md,base,Kata and Karate,line 1,technique,Kata and Karate,"Use kata theory PDFs, Hoei Juku manual, and lineage-specific instructor notes.",candidate
C00866,src/content/kata-theory/kata-origins.md,base,Kata Origins,line 1,technique,Kata Origins,"Use kata theory PDFs, Hoei Juku manual, and lineage-specific instructor notes.",candidate
C00867,src/content/kata-theory/kata-techniques.de.md,de,Die Techniken der Kata,line 1,technique,Die Techniken der Kata,"Use kata theory PDFs, Hoei Juku manual, and lineage-specific instructor notes.",candidate
C00868,src/content/kata-theory/kata-techniques.de.md,de,Erklärung der verwendeten Begriffe,line 3,general,Erklärung der verwendeten Begriffe,"Use kata theory PDFs, Hoei Juku manual, and lineage-specific instructor notes.",candidate
C00869,src/content/kata-theory/kata-techniques.de.md,de,Erklärung der verwendeten Begriffe,line 5,general,"In den Kampfkünsten werden im Allgemeinen japanische Namen für die verschiedenen Techniken verwendet, und von Karateka wird erwartet, dass sie schließlich die wichtigsten lernen. Das ist nicht so einfach. Daher wird in dieser Einführung und bei Gekisai dai ichi und Ni der niederländische Begriff verwendet, wobei der japanische in Klammern hinzugefügt wird. Ab Saifa wird der japanische Begriff verwendet, wobei der niederländische in Klammern hinzugefügt wird (manchmal nicht, wenn es sich um einen neuen Begriff handelt).","Use kata theory PDFs, Hoei Juku manual, and lineage-specific instructor notes.",candidate
C00870,src/content/kata-theory/kata-techniques.de.md,de,Erklärung der verwendeten Begriffe,line 7,technique,"Die fünf wichtigsten Stände werden als bekannt vorausgesetzt. Dies sind: Sanchin Dachi (zwei Fuß lang), Zenkutsu Dachi (Vorwärtsstand), Shiko Dachi (breitbeiniger Stand), Nekoashi Dachi (Katzenstand) und Musubi Dachi (Aufmerksamkeitsstand). Der Begriff für das Zurückziehen des anderen Arms zur Seite wird ebenfalls nicht übersetzt und immer ""Hikite"" genannt. Gelegentlich wird auf Vitalpunkte Bezug genommen. Eine Übersicht über die Lage der Vitalpunkte findet sich im bereits erwähnten Traditional Karate Vol 1 und in der ""Terminologie"" (die auch die anderen verwendeten japanischen Begriffe enthält), letztere kann auch von der Kenkon- oder IOGKF-Nl-Website heruntergeladen werden.","Use kata theory PDFs, Hoei Juku manual, and lineage-specific instructor notes.",candidate
C00871,src/content/kata-theory/kata-techniques.de.md,de,Höhe der Techniken,line 9,general,Höhe der Techniken,"Use kata theory PDFs, Hoei Juku manual, and lineage-specific instructor notes.",candidate
C00872,src/content/kata-theory/kata-techniques.de.md,de,Höhe der Techniken,line 11,technique,"Schließlich noch etwas zur Höhe der Ausführung der Techniken. Die Techniken in der Kata werden immer auf Vitalpunkte einer Person ausgeführt, die genau so groß ist wie Sie selbst. Ein Schlag auf mittlerer Höhe zielt also immer auf Ganka oder Suigetsu in Ihrer eigenen Höhe. Wenn Sie selbst in einem tiefen Stand stehen und die Technik somit tiefer ausgeführt wird, befindet sich der entsprechende virtuelle Gegner ebenfalls in einem tieferen Stand.","Use kata theory PDFs, Hoei Juku manual, and lineage-specific instructor notes.",candidate
C00873,src/content/kata-theory/kata-techniques.de.md,de,Anfang und Ende der Kata,line 13,technique,Anfang und Ende der Kata,"Use kata theory PDFs, Hoei Juku manual, and lineage-specific instructor notes.",candidate
C00874,src/content/kata-theory/kata-techniques.de.md,de,Anfang und Ende der Kata,line 15,technique,"Karate beginnt und endet mit einer Verbeugung, und so auch die Kata. Sie stehen im Musubi Dachi und entspannen Ihren Körper; die Arme liegen entspannt neben dem Körper. Sie erden, zentrieren und sind präsent; die Atmung geht zum Tanden. Halten Sie Ihre Aufmerksamkeit in Ihren Händen (drücken Sie den Daumen gegen den Ballen des Zeigefingers), Füßen und Tanden und kontrollieren Sie die tiefe Atmung.","Use kata theory PDFs, Hoei Juku manual, and lineage-specific instructor notes.",candidate
C00875,src/content/kata-theory/kata-techniques.de.md,de,Anfang und Ende der Kata,line 17,grading,"Sie werden angewiesen, sich zu verbeugen (""Rei""). Im Musubi Dachi verbeugen Sie sich vom Tanden aus und schauen auf den Boden einige Meter vor sich (wenn Sie sich vor einem Partner verbeugen, wie beim Kumite-Training, verbeugen Sie sich vor Ihrem Partner und schauen ihn weiterhin an). Sie sagen: ""Onegai shimasu"", was so viel bedeutet wie ""bitte helfen Sie mir""; ein Ausdruck der Dankbarkeit gegenüber anderen Menschen, einschließlich derer, die es Ihnen ermöglicht haben, jetzt hier zu sein und die Kata ausführen zu können.","Use kata theory PDFs, Hoei Juku manual, and lineage-specific instructor notes.",candidate
C00876,src/content/kata-theory/kata-techniques.de.md,de,Anfang und Ende der Kata,line 19,technique,"Sie werden angewiesen, sich mit ""Yoi"" bereit zu machen. Sie bewegen Ihre Hände nach innen und legen Ihre linke Hand auf den Rücken der rechten, die Arme immer noch entspannt nach unten. Sie sagen den Namen der Kata, die Sie ausführen werden. Mit ""Hajime"" zeigt der Lehrer an, dass Sie mit der Kata beginnen können.","Use kata theory PDFs, Hoei Juku manual, and lineage-specific instructor notes.",candidate
C00877,src/content/kata-theory/kata-techniques.de.md,de,Anfang und Ende der Kata,line 21,technique,"Es gibt einige Unterschiede zwischen Ländern und Dojos in der Art und Weise, wie der Anfang der Kata ausgeführt wird. Es gibt auch manchmal einen Unterschied zwischen dem Anfang von Heishugata und Kaishugata, aber die Essenz ist überall gleich.","Use kata theory PDFs, Hoei Juku manual, and lineage-specific instructor notes.",candidate
C00878,src/content/kata-theory/kata-techniques.es.md,es,Las Técnicas del Kata,line 1,technique,Las Técnicas del Kata,"Use kata theory PDFs, Hoei Juku manual, and lineage-specific instructor notes.",candidate
C00879,src/content/kata-theory/kata-techniques.es.md,es,Explicación de los Términos Utilizados,line 3,general,Explicación de los Términos Utilizados,"Use kata theory PDFs, Hoei Juku manual, and lineage-specific instructor notes.",candidate
C00880,src/content/kata-theory/kata-techniques.es.md,es,Explicación de los Términos Utilizados,line 5,grading,"En las artes marciales, generalmente se utilizan nombres japoneses para las diversas técnicas, y se espera que los karatekas aprendan finalmente las más importantes. Eso no es tan fácil. Por lo tanto, en esta introducción y con Gekisai dai ichi y Ni, se utiliza el término holandés con el japonés añadido entre paréntesis. A partir de Saifa, se utiliza el término japonés con el holandés añadido entre paréntesis (a veces no si se trata de un término nuevo).","Use kata theory PDFs, Hoei Juku manual, and lineage-specific instructor notes.",candidate
C00881,src/content/kata-theory/kata-techniques.es.md,es,Explicación de los Términos Utilizados,line 7,technique,"Se supone que las cinco posturas más importantes son conocidas. Estas son: sanchin dachi (dos pies de largo), zenkutsu dachi (postura adelantada), shiko dachi (postura de 'piernas anchas'), nekoashi dachi (postura de gato) y musubi dachi (postura de atención). El término para retraer el otro brazo hacia un lado tampoco se traduce y siempre se llama 'hikite'. Ocasionalmente, se hace referencia a puntos vitales. Se puede encontrar una descripción general de la ubicación de los puntos vitales en el ya mencionado Traditional Karate Vol 1 y en 'Terminología' (que también incluye los otros términos japoneses utilizados), este último también se puede descargar del sitio web de Kenkon o IOGKF-Nl.","Use kata theory PDFs, Hoei Juku manual, and lineage-specific instructor notes.",candidate
C00882,src/content/kata-theory/kata-techniques.es.md,es,Altura de las Técnicas,line 9,general,Altura de las Técnicas,"Use kata theory PDFs, Hoei Juku manual, and lineage-specific instructor notes.",candidate
C00883,src/content/kata-theory/kata-techniques.es.md,es,Altura de las Técnicas,line 11,technique,"Finalmente, algo sobre la altura de la ejecución de las técnicas. Las técnicas en el kata siempre se realizan hacia los puntos vitales de una persona que tiene exactamente la misma altura que tú. Por lo tanto, un golpe a media altura siempre va dirigido a ganka o suigetsu a tu propia altura. Si tú mismo estás en una postura baja y, por lo tanto, la técnica se realiza más abajo, el oponente virtual relevante también está en una postura más baja.","Use kata theory PDFs, Hoei Juku manual, and lineage-specific instructor notes.",candidate
C00884,src/content/kata-theory/kata-techniques.es.md,es,Comienzo y Fin del Kata,line 13,technique,Comienzo y Fin del Kata,"Use kata theory PDFs, Hoei Juku manual, and lineage-specific instructor notes.",candidate
C00885,src/content/kata-theory/kata-techniques.es.md,es,Comienzo y Fin del Kata,line 15,technique,"El kárate comienza y termina con una reverencia, al igual que los katas. Te paras en musubi dachi y relajas tu cuerpo; los brazos descansan relajados junto al cuerpo. Te conectas a tierra, te centras y estás presente; la respiración va al tanden. Mantén tu atención en tus manos (presiona el pulgar contra la yema del dedo índice), pies y tanden, y controla la respiración profunda.","Use kata theory PDFs, Hoei Juku manual, and lineage-specific instructor notes.",candidate
C00886,src/content/kata-theory/kata-techniques.es.md,es,Comienzo y Fin del Kata,line 17,technique,"Se te indica que hagas una reverencia (""rei""). En musubi dachi, haces una reverencia desde el tanden y miras al suelo a unos metros delante de ti (si haces una reverencia a un compañero, como en el entrenamiento de kumite, haces una reverencia a tu compañero y sigues mirándolo). Dices: ""onegai shimasu"", que significa algo así como ""por favor, ayúdame""; una expresión de gratitud hacia otras personas, incluidas aquellas que han hecho posible que estés aquí ahora y puedas realizar el kata.","Use kata theory PDFs, Hoei Juku manual, and lineage-specific instructor notes.",candidate
C00887,src/content/kata-theory/kata-techniques.es.md,es,Comienzo y Fin del Kata,line 19,technique,"Se te indica que te prepares con ""yoi"". Mueves las manos hacia adentro y colocas la mano izquierda sobre el dorso de la derecha, con los brazos aún relajados hacia abajo. Dices el nombre del kata que vas a realizar. Con ""hajime"", el profesor indica que puedes comenzar el kata.","Use kata theory PDFs, Hoei Juku manual, and lineage-specific instructor notes.",candidate
C00888,src/content/kata-theory/kata-techniques.es.md,es,Comienzo y Fin del Kata,line 21,technique,"Existe alguna diferencia entre países y dojos en cómo se realiza el comienzo del kata. También a veces hay una diferencia entre el comienzo de heishugata y kaishugata, pero la esencia es la misma en todas partes.","Use kata theory PDFs, Hoei Juku manual, and lineage-specific instructor notes.",candidate
C00889,src/content/kata-theory/kata-techniques.fr.md,fr,Les Techniques du Kata,line 1,technique,Les Techniques du Kata,"Use kata theory PDFs, Hoei Juku manual, and lineage-specific instructor notes.",candidate
C00890,src/content/kata-theory/kata-techniques.fr.md,fr,Explication des Termes Utilisés,line 3,general,Explication des Termes Utilisés,"Use kata theory PDFs, Hoei Juku manual, and lineage-specific instructor notes.",candidate
C00891,src/content/kata-theory/kata-techniques.fr.md,fr,Explication des Termes Utilisés,line 5,grading,"Dans les arts martiaux, les noms japonais sont généralement utilisés pour les différentes techniques, et on attend des karatékas qu'ils apprennent finalement les plus importants. Ce n'est pas si facile. Par conséquent, dans cette introduction et avec Gekisai dai ichi et Ni, le terme néerlandais est utilisé avec le japonais ajouté entre parenthèses. À partir de Saifa, le terme japonais est utilisé avec le néerlandais ajouté entre parenthèses (parfois pas s'il s'agit d'un nouveau terme).","Use kata theory PDFs, Hoei Juku manual, and lineage-specific instructor notes.",candidate
C00892,src/content/kata-theory/kata-techniques.fr.md,fr,Explication des Termes Utilisés,line 7,grading,"Les cinq positions les plus importantes sont supposées connues. Ce sont : sanchin dachi (deux pieds de long), zenkutsu dachi (position avant), shiko dachi (position 'jambes larges'), nekoashi dachi (position du chat), et musubi dachi (position d'attention). Le terme désignant le retrait de l'autre bras sur le côté n'est pas non plus traduit et est toujours appelé 'hikite'. Occasionnellement, il est fait référence à des points vitaux. Un aperçu de l'emplacement des points vitaux se trouve dans le Traditional Karate Vol 1 déjà mentionné et dans la 'Terminologie' (qui comprend également les autres termes japonais utilisés), cette dernière pouvant également être téléchargée sur le site Web de Kenkon ou de l'IOGKF-Nl.","Use kata theory PDFs, Hoei Juku manual, and lineage-specific instructor notes.",candidate
C00893,src/content/kata-theory/kata-techniques.fr.md,fr,Hauteur des Techniques,line 9,general,Hauteur des Techniques,"Use kata theory PDFs, Hoei Juku manual, and lineage-specific instructor notes.",candidate
C00894,src/content/kata-theory/kata-techniques.fr.md,fr,Hauteur des Techniques,line 11,grading,"Enfin, quelque chose sur la hauteur d'exécution des techniques. Les techniques du kata sont toujours exécutées vers les points vitaux d'une personne qui a exactement la même taille que vous. Ainsi, un coup de poing à mi-hauteur est toujours dirigé vers ganka ou suigetsu à votre propre hauteur. Si vous êtes vous-même dans une position basse et que la technique est donc exécutée plus bas, l'adversaire virtuel concerné est également dans une position plus basse.","Use kata theory PDFs, Hoei Juku manual, and lineage-specific instructor notes.",candidate
C00895,src/content/kata-theory/kata-techniques.fr.md,fr,Début et Fin du Kata,line 13,technique,Début et Fin du Kata,"Use kata theory PDFs, Hoei Juku manual, and lineage-specific instructor notes.",candidate
C00896,src/content/kata-theory/kata-techniques.fr.md,fr,Début et Fin du Kata,line 15,grading,"Le karaté commence et se termine par un salut, tout comme les katas. Vous vous tenez en musubi dachi et détendez votre corps ; les bras reposent détendus le long du corps. Vous vous ancrez, vous centrez et êtes présent ; la respiration va au tanden. Maintenez votre attention dans vos mains (appuyez le pouce contre la base de l'index), vos pieds et votre tanden, et contrôlez la respiration profonde.","Use kata theory PDFs, Hoei Juku manual, and lineage-specific instructor notes.",candidate
C00897,src/content/kata-theory/kata-techniques.fr.md,fr,Début et Fin du Kata,line 17,technique,"On vous demande de saluer (""rei""). En musubi dachi, vous saluez à partir du tanden et regardez le sol à quelques mètres devant vous (si vous saluez un partenaire, comme lors d'un entraînement de kumite, vous saluez votre partenaire et continuez à le regarder). Vous dites : ""onegai shimasu"", ce qui signifie quelque chose comme ""aidez-moi s'il vous plaît"" ; une expression de gratitude envers les autres personnes, y compris celles qui vous ont permis d'être ici maintenant et d'exécuter le kata.","Use kata theory PDFs, Hoei Juku manual, and lineage-specific instructor notes.",candidate
C00898,src/content/kata-theory/kata-techniques.fr.md,fr,Début et Fin du Kata,line 19,technique,"On vous demande de vous préparer avec ""yoi"". Vous rentrez vos mains et placez votre main gauche sur le dos de la droite, les bras toujours détendus vers le bas. Vous dites le nom du kata que vous allez exécuter. Avec ""hajime"", l'enseignant indique que vous pouvez commencer le kata.","Use kata theory PDFs, Hoei Juku manual, and lineage-specific instructor notes.",candidate
C00899,src/content/kata-theory/kata-techniques.fr.md,fr,Début et Fin du Kata,line 21,grading,"Il existe quelques différences entre les pays et les dojos dans la manière dont le début du kata est exécuté. Il y a aussi parfois une différence entre le début des heishugata et des kaishugata, mais l'essence est la même partout.","Use kata theory PDFs, Hoei Juku manual, and lineage-specific instructor notes.",candidate
C00900,src/content/kata-theory/kata-techniques.it.md,it,Le Tecniche del Kata,line 1,technique,Le Tecniche del Kata,"Use kata theory PDFs, Hoei Juku manual, and lineage-specific instructor notes.",candidate
C00901,src/content/kata-theory/kata-techniques.it.md,it,Spiegazione dei Termini Utilizzati,line 3,general,Spiegazione dei Termini Utilizzati,"Use kata theory PDFs, Hoei Juku manual, and lineage-specific instructor notes.",candidate
C00902,src/content/kata-theory/kata-techniques.it.md,it,Spiegazione dei Termini Utilizzati,line 5,general,"Nelle arti marziali, vengono generalmente utilizzati nomi giapponesi per le varie tecniche, e ci si aspetta che i karateka imparino alla fine le più importanti. Non è così facile. Pertanto, in questa introduzione e con Gekisai dai ichi e Ni, viene utilizzato il termine olandese con l'aggiunta del giapponese tra parentesi. Da Saifa in poi, viene utilizzato il termine giapponese con l'aggiunta dell'olandese tra parentesi (a volte no se si tratta di un termine nuovo).","Use kata theory PDFs, Hoei Juku manual, and lineage-specific instructor notes.",candidate
C00903,src/content/kata-theory/kata-techniques.it.md,it,Spiegazione dei Termini Utilizzati,line 7,technique,"Si presume che le cinque posizioni più importanti siano note. Queste sono: sanchin dachi (lunga due piedi), zenkutsu dachi (posizione avanzata), shiko dachi (posizione a 'gambe larghe'), nekoashi dachi (posizione del gatto) e musubi dachi (posizione di attenzione). Anche il termine per ritrarre l'altro braccio di lato non viene tradotto e viene sempre chiamato 'hikite'. Occasionalmente, si fa riferimento a punti vitali. Una panoramica della posizione dei punti vitali si trova nel già citato Traditional Karate Vol 1 e in 'Terminologia' (che include anche gli altri termini giapponesi utilizzati), quest'ultima scaricabile anche dal sito web di Kenkon o IOGKF-Nl.","Use kata theory PDFs, Hoei Juku manual, and lineage-specific instructor notes.",candidate
C00904,src/content/kata-theory/kata-techniques.it.md,it,Altezza delle Tecniche,line 9,general,Altezza delle Tecniche,"Use kata theory PDFs, Hoei Juku manual, and lineage-specific instructor notes.",candidate
C00905,src/content/kata-theory/kata-techniques.it.md,it,Altezza delle Tecniche,line 11,technique,"Infine, qualcosa sull'altezza dell'esecuzione delle tecniche. Le tecniche nel kata vengono sempre eseguite verso i punti vitali di una persona che ha esattamente la tua stessa altezza. Quindi un pugno a media altezza è sempre diretto verso ganka o suigetsu alla tua stessa altezza. Se tu stesso sei in una posizione bassa e la tecnica viene quindi eseguita più in basso, anche l'avversario virtuale pertinente è in una posizione più bassa.","Use kata theory PDFs, Hoei Juku manual, and lineage-specific instructor notes.",candidate
C00906,src/content/kata-theory/kata-techniques.it.md,it,Inizio e Fine del Kata,line 13,technique,Inizio e Fine del Kata,"Use kata theory PDFs, Hoei Juku manual, and lineage-specific instructor notes.",candidate
C00907,src/content/kata-theory/kata-techniques.it.md,it,Inizio e Fine del Kata,line 15,technique,"Il karate inizia e finisce con un inchino, e così anche i kata. Ti trovi in musubi dachi e rilassi il corpo; le braccia giacciono rilassate lungo il corpo. Ti radi, ti centri e sei presente; la respirazione va al tanden. Mantieni l'attenzione nelle mani (premi il pollice contro la base dell'indice), nei piedi e nel tanden, e controlla la respirazione profonda.","Use kata theory PDFs, Hoei Juku manual, and lineage-specific instructor notes.",candidate
C00908,src/content/kata-theory/kata-techniques.it.md,it,Inizio e Fine del Kata,line 17,technique,"Ti viene chiesto di inchinarti (""rei""). In musubi dachi, ti inchini dal tanden e guardi il terreno a pochi metri davanti a te (se ti inchini a un partner, come nell'allenamento di kumite, ti inchini al tuo partner e continui a guardarlo). Dici: ""onegai shimasu"", che significa qualcosa come ""per favore aiutami""; un'espressione di gratitudine verso altre persone, comprese quelle che ti hanno permesso di essere qui ora e di poter eseguire il kata.","Use kata theory PDFs, Hoei Juku manual, and lineage-specific instructor notes.",candidate
C00909,src/content/kata-theory/kata-techniques.it.md,it,Inizio e Fine del Kata,line 19,technique,"Ti viene chiesto di prepararti con ""yoi"". Muovi le mani verso l'interno e metti la mano sinistra sul dorso della destra, con le braccia ancora rilassate verso il basso. Dici il nome del kata che stai per eseguire. Con ""hajime"", l'insegnante indica che puoi iniziare il kata.","Use kata theory PDFs, Hoei Juku manual, and lineage-specific instructor notes.",candidate
C00910,src/content/kata-theory/kata-techniques.it.md,it,Inizio e Fine del Kata,line 21,technique,"C'è qualche differenza tra paesi e dojo nel modo in cui viene eseguito l'inizio del kata. A volte c'è anche una differenza tra l'inizio di heishugata e kaishugata, ma l'essenza è la stessa ovunque.","Use kata theory PDFs, Hoei Juku manual, and lineage-specific instructor notes.",candidate
C00911,src/content/kata-theory/kata-techniques.md,base,The Techniques of the Kata,line 1,technique,The Techniques of the Kata,"Use kata theory PDFs, Hoei Juku manual, and lineage-specific instructor notes.",candidate
C00912,src/content/kata-theory/kata-techniques.md,base,Explanation of Used Terms,line 3,general,Explanation of Used Terms,"Use kata theory PDFs, Hoei Juku manual, and lineage-specific instructor notes.",candidate
C00913,src/content/kata-theory/kata-techniques.md,base,Explanation of Used Terms,line 5,general,"In martial arts, Japanese names are generally used for the various techniques, and karateka are expected to eventually learn the most important ones. That is not so easy. Therefore, in this introduction and with Gekisai dai ichi and Ni, the Dutch term is used with the Japanese added in parentheses. From Saifa onwards, the Japanese term is used with the Dutch added in parentheses (sometimes not if it concerns a new term).","Use kata theory PDFs, Hoei Juku manual, and lineage-specific instructor notes.",candidate
C00914,src/content/kata-theory/kata-techniques.md,base,Explanation of Used Terms,line 7,technique,"The five most important stances are assumed to be known. These are: sanchin dachi (two feet long), zenkutsu dachi (forward stance), shiko dachi ('wide-legged' stance), nekoashi dachi (cat stance), and musubi dachi (attention stance). The term for retracting the other arm to the side is also not translated and always called 'hikite'. Occasionally, reference is made to vital points. An overview of the locations of the vital points can be found in the already mentioned Traditional Karate Vol 1 and in 'Terminology' (which also includes the other Japanese terms used), the latter can also be downloaded from the Kenkon or IOGKF-Nl website.","Use kata theory PDFs, Hoei Juku manual, and lineage-specific instructor notes.",candidate
C00915,src/content/kata-theory/kata-techniques.md,base,Height of Techniques,line 9,general,Height of Techniques,"Use kata theory PDFs, Hoei Juku manual, and lineage-specific instructor notes.",candidate
C00916,src/content/kata-theory/kata-techniques.md,base,Height of Techniques,line 11,technique,"Finally, something about the height of the execution of the techniques. The techniques in the kata are always performed towards vital points of a person who is exactly the same height as yourself. So a punch at middle height is always towards ganka or suigetsu at your own height. If you are in a low stance yourself and the technique is thus performed lower, the relevant virtual opponent is also in a lower stance.","Use kata theory PDFs, Hoei Juku manual, and lineage-specific instructor notes.",candidate
C00917,src/content/kata-theory/kata-techniques.md,base,Beginning and End of the Kata,line 13,technique,Beginning and End of the Kata,"Use kata theory PDFs, Hoei Juku manual, and lineage-specific instructor notes.",candidate
C00918,src/content/kata-theory/kata-techniques.md,base,Beginning and End of the Kata,line 15,technique,"Karate begins and ends with a bow, and so do the kata. You stand in musubi dachi and relax your body; the arms lie relaxed next to the body. You ground, center, and are present; the breathing goes to the tanden. Keep your attention in your hands (press the thumb against the ball of the index finger), feet, and tanden, and check the deep breathing.","Use kata theory PDFs, Hoei Juku manual, and lineage-specific instructor notes.",candidate
C00919,src/content/kata-theory/kata-techniques.md,base,Beginning and End of the Kata,line 17,definition,"You are instructed to bow (""rei""). In musubi dachi, you bow from the tanden and look at the ground a few meters in front of you (if you bow to a partner, as in kumite training, you bow to your partner and keep looking at them). You say: ""onegai shimasu"", which means something like ""please help me""; an expression of gratitude to other people, including those who have made it possible for you to be here now and able to perform the kata.","Use kata theory PDFs, Hoei Juku manual, and lineage-specific instructor notes.",candidate
C00920,src/content/kata-theory/kata-techniques.md,base,Beginning and End of the Kata,line 19,technique,"You are instructed to get ready with ""yoi"". You move your hands inward and place your left hand on the back of the right, the arms still relaxed downward. You say the name of the kata you are about to perform. With ""hajime"", the teacher indicates that you can start the kata.","Use kata theory PDFs, Hoei Juku manual, and lineage-specific instructor notes.",candidate
C00921,src/content/kata-theory/kata-techniques.md,base,Beginning and End of the Kata,line 21,technique,"There is some difference between countries and dojos in how the beginning of the kata is performed. There is also sometimes a difference between the beginning of heishugata and kaishugata, but the essence is the same everywhere.","Use kata theory PDFs, Hoei Juku manual, and lineage-specific instructor notes.",candidate
C00922,src/content/kata-theory/kata-techniques.nl.md,nl,De Technieken van de Kata,line 1,technique,De Technieken van de Kata,"Use kata theory PDFs, Hoei Juku manual, and lineage-specific instructor notes.",candidate
C00923,src/content/kata-theory/kata-techniques.nl.md,nl,Uitleg van Gebruikte Termen,line 3,general,Uitleg van Gebruikte Termen,"Use kata theory PDFs, Hoei Juku manual, and lineage-specific instructor notes.",candidate
C00924,src/content/kata-theory/kata-techniques.nl.md,nl,Uitleg van Gebruikte Termen,line 5,general,"In de krijgskunsten worden over het algemeen Japanse namen gebruikt voor de verschillende technieken, en van karateka's wordt verwacht dat ze uiteindelijk de belangrijkste leren. Dat is niet zo eenvoudig. Daarom wordt in deze inleiding en bij Gekisai dai ichi en Ni de Nederlandse term gebruikt met de Japanse tussen haakjes toegevoegd. Vanaf Saifa wordt de Japanse term gebruikt met de Nederlandse tussen haakjes toegevoegd (soms niet als het een nieuwe term betreft).","Use kata theory PDFs, Hoei Juku manual, and lineage-specific instructor notes.",candidate
C00925,src/content/kata-theory/kata-techniques.nl.md,nl,Uitleg van Gebruikte Termen,line 7,technique,"De vijf belangrijkste standen worden als bekend verondersteld. Dit zijn: sanchin dachi (twee voeten lang), zenkutsu dachi (voorwaartse stand), shiko dachi ('breedbenige' stand), nekoashi dachi (katstand), en musubi dachi (aandachtsstand). De term voor het terugtrekken van de andere arm naar de zij wordt ook niet vertaald en altijd 'hikite' genoemd. Af en toe wordt verwezen naar vitale punten. Een overzicht van de locaties van de vitale punten is te vinden in het reeds genoemde Traditional Karate Vol 1 en in 'Terminologie' (waarin ook de andere gebruikte Japanse termen zijn opgenomen), dit laatste kan ook worden gedownload van de Kenkon of IOGKF-Nl website.","Use kata theory PDFs, Hoei Juku manual, and lineage-specific instructor notes.",candidate
C00926,src/content/kata-theory/kata-techniques.nl.md,nl,Hoogte van Technieken,line 9,general,Hoogte van Technieken,"Use kata theory PDFs, Hoei Juku manual, and lineage-specific instructor notes.",candidate
C00927,src/content/kata-theory/kata-techniques.nl.md,nl,Hoogte van Technieken,line 11,technique,"Tot slot iets over de hoogte van de uitvoering van de technieken. De technieken in de kata worden altijd uitgevoerd naar vitale punten van een persoon die precies even lang is als jijzelf. Dus een stoot op middelhoogte is altijd naar ganka of suigetsu op jouw eigen hoogte. Als je zelf in een lage stand staat en de techniek dus lager wordt uitgevoerd, staat de betreffende virtuele tegenstander ook in een lagere stand.","Use kata theory PDFs, Hoei Juku manual, and lineage-specific instructor notes.",candidate
C00928,src/content/kata-theory/kata-techniques.nl.md,nl,Begin en Einde van de Kata,line 13,technique,Begin en Einde van de Kata,"Use kata theory PDFs, Hoei Juku manual, and lineage-specific instructor notes.",candidate
C00929,src/content/kata-theory/kata-techniques.nl.md,nl,Begin en Einde van de Kata,line 15,technique,"Karate begint en eindigt met een buiging, en zo ook de kata. Je staat in musubi dachi en ontspant je lichaam; de armen liggen ontspannen naast het lichaam. Je aardt, centreert en bent aanwezig; de ademhaling gaat naar de tanden. Houd je aandacht in je handen (druk de duim tegen de bal van de wijsvinger), voeten en tanden, en controleer de diepe ademhaling.","Use kata theory PDFs, Hoei Juku manual, and lineage-specific instructor notes.",candidate
C00930,src/content/kata-theory/kata-techniques.nl.md,nl,Begin en Einde van de Kata,line 17,definition,"Je wordt geïnstrueerd om te buigen (""rei""). In musubi dachi buig je vanuit de tanden en kijk je naar de grond een paar meter voor je (als je buigt naar een partner, zoals bij kumite training, buig je naar je partner en blijf je naar hem kijken). Je zegt: ""onegai shimasu"", wat zoiets betekent als ""help me alstublieft""; een uiting van dankbaarheid aan andere mensen, inclusief degenen die het mogelijk hebben gemaakt dat je hier nu bent en de kata kunt uitvoeren.","Use kata theory PDFs, Hoei Juku manual, and lineage-specific instructor notes.",candidate
C00931,src/content/kata-theory/kata-techniques.nl.md,nl,Begin en Einde van de Kata,line 19,technique,"Je wordt geïnstrueerd om je klaar te maken met ""yoi"". Je beweegt je handen naar binnen en plaatst je linkerhand op de rug van de rechter, de armen nog steeds ontspannen naar beneden. Je zegt de naam van de kata die je gaat uitvoeren. Met ""hajime"" geeft de leraar aan dat je met de kata kunt beginnen.","Use kata theory PDFs, Hoei Juku manual, and lineage-specific instructor notes.",candidate
C00932,src/content/kata-theory/kata-techniques.nl.md,nl,Begin en Einde van de Kata,line 21,technique,"Er is enig verschil tussen landen en dojo's in hoe het begin van de kata wordt uitgevoerd. Er is ook soms een verschil tussen het begin van heishugata en kaishugata, maar de essentie is overal hetzelfde.","Use kata theory PDFs, Hoei Juku manual, and lineage-specific instructor notes.",candidate
C00933,src/content/kata-theory/okinawan-concepts.md,base,Six Okinawan Concepts,line 1,general,Six Okinawan Concepts,"Use kata theory PDFs, Hoei Juku manual, and lineage-specific instructor notes.",candidate
C00934,src/content/kata-theory/okinawan-concepts.md,base,Six Okinawan Concepts,line 3,technique,"Before discussing the transfer and processing of power, six Okinawan concepts are explained that are frequently used and relate to the execution of techniques. There are (many) more concepts, but these six are the most important. They appear frequently in all kata. It is not necessary to know them to enjoy karate training (a lot goes well on its own), but understanding these terms may provide better insight into the movement and possibilities for improvement.","Use kata theory PDFs, Hoei Juku manual, and lineage-specific instructor notes.",candidate
C00935,src/content/kata-theory/okinawan-concepts.md,base,Six Okinawan Concepts,line 5,general,"The terms are chinkuchi kakin, muchimi, chiru no chan chan, chikara nu nujisashi, te no omomi, and shimeijurasan.","Use kata theory PDFs, Hoei Juku manual, and lineage-specific instructor notes.",candidate
C00936,src/content/kata-theory/okinawan-concepts.md,base,Chinkuchi Kakin (Kime),line 7,general,Chinkuchi Kakin (Kime),"Use kata theory PDFs, Hoei Juku manual, and lineage-specific instructor notes.",candidate
C00937,src/content/kata-theory/okinawan-concepts.md,base,Chinkuchi Kakin (Kime),line 9,safety,"Chinkuchi kakin is a (short) tension of the muscles at the moment of hitting; it is also referred to as 'kime' or 'focus'. The term refers to the short contraction of the muscles which fixes the joints at the moment of hitting and focuses the concentration on the point of contact. The stance is strengthened by fixing the muscles and joints of ankles, knees, and pelvis (briefly) and grabbing the ground with the feet. After the moment of hitting, the body is immediately relaxed and the joints released, ready for the next action.","Use kata theory PDFs, Hoei Juku manual, and lineage-specific instructor notes.",candidate
C00938,src/content/kata-theory/okinawan-concepts.md,base,Chinkuchi Kakin (Kime),line 11,technique,"Chinkuchi kakin consists of two components that (ultimately) work together. On one hand, the momentary tensing of the muscles that provides stability and prevents the weight of the opponent from rebounding. For this, the stance is grounded, and the muscles, especially in the lower body, are tensed. On the other hand, there is a focus on the connection between the point of hitting and the tanden. The power is directed outward; you 'extend' the technique (imaginatively) in the direction where the power is being thrust.","Use kata theory PDFs, Hoei Juku manual, and lineage-specific instructor notes.",candidate
C00939,src/content/kata-theory/okinawan-concepts.md,base,Chinkuchi Kakin (Kime),line 13,technique,"Chinkuchi kakin provides a stable stance when punching, blocking, and kicking (and enables faster movements). It is more or less present in all techniques, explicitly in punches and kicks, because they end with a focus (and least in continuous, non-focused movements).","Use kata theory PDFs, Hoei Juku manual, and lineage-specific instructor notes.",candidate
C00940,src/content/kata-theory/okinawan-concepts.md,base,Chinkuchi Kakin (Kime),line 15,safety,"You develop chinkuchi kakin by focusing well and correctly tensing and relaxing the muscles during kihon and kata. It is present in all movements of the kata and can thus be trained continuously. Ensure relaxed movements with a good kime at the moment of hitting, strive for a connection between tanden and the point of contact, such as the knuckles. Stay well-grounded and move from your pelvis. Especially the Gekisai dai-kata with their simple alternation between tension and relaxation are very suitable for practicing kime. The less focus in a technique, the less chinkuchi kakin. Punches and kekomi kicks therefore have more chinkuchi kakin than strikes and striking, keage kicks.","Use kata theory PDFs, Hoei Juku manual, and lineage-specific instructor notes.",candidate
C00941,src/content/kata-theory/okinawan-concepts.md,base,Muchimi,line 19,technique,"Movements with muchimi are heavy and sticky, but flowing movements. Execution is slow, controlled, continuous, and concentrated, from overview, calmness, and alertness. The movement builds up tension that is palpable and starts from the ground and the tanden. It is used for techniques that deliver power over a longer distance, such as controlling blocks (osae uke), locks (kansetsu waza), strangulations (jime waza), liberation techniques (hazushi waza), pushing and pulling movements (oshi and hiki waza); especially techniques in the medium and short-distance fight. Because these movements require a lot of power to be delivered for a long time, they are always supported by the large muscles of the lower body and the torso.","Use kata theory PDFs, Hoei Juku manual, and lineage-specific instructor notes.",candidate
C00942,src/content/kata-theory/okinawan-concepts.md,base,Muchimi,line 21,technique,"Movements with muchimi occur in all kata. You train muchimi not only in the kata but also by moving weights, such as the chi ishi and the nigiri game (grip vases). Application of muchimi with a partner can be trained during kakie. Keep paying attention to the execution from the bottom and the pelvis.","Use kata theory PDFs, Hoei Juku manual, and lineage-specific instructor notes.",candidate
C00943,src/content/kata-theory/okinawan-concepts.md,base,Chiru No Chan Chan,line 23,general,Chiru No Chan Chan,"Use kata theory PDFs, Hoei Juku manual, and lineage-specific instructor notes.",candidate
C00944,src/content/kata-theory/okinawan-concepts.md,base,Chiru No Chan Chan,line 25,general,"Chiru no chan chan is described as explosion power, spring power, starting power, beginning power, push-off power, or initial impulse. It relates to the power input at the beginning of the movement. Execution is from legs and pelvis. The concept also includes a quick reaction to an action, like a starting shot or a click; in combat, a reaction to a shoulder movement, a pelvic insert, or - in close-range combat - a change in balance. The concept is somewhat broader and also includes the state of the muscles, which for chiru no chan chan must be steel-hard but also flexible and springy.","Use kata theory PDFs, Hoei Juku manual, and lineage-specific instructor notes.",candidate
C00945,src/content/kata-theory/okinawan-concepts.md,base,Chiru No Chan Chan,line 27,technique,"Chiru no chan chan is present in every movement, more explicitly in techniques with a powerful initial impulse such as throws, release techniques, and strikes. You get a powerful, quick push-off by moving a lot in/to/from shiko dachi. But knee bends (squats) and jumps are also suitable for this. Seiyunchin, with its many shiko dachi's and low, substantial body movements, is an important kata for the development of chiru no chan chan.","Use kata theory PDFs, Hoei Juku manual, and lineage-specific instructor notes.",candidate
C00946,src/content/kata-theory/okinawan-concepts.md,base,Chikara Nu Nujisashi,line 29,general,Chikara Nu Nujisashi,"Use kata theory PDFs, Hoei Juku manual, and lineage-specific instructor notes.",candidate
C00947,src/content/kata-theory/okinawan-concepts.md,base,Chikara Nu Nujisashi,line 31,safety,"Chikara nu nujisashi is the in and out of power. It refers to the interplay of power when following up techniques. The basis for a good execution is the relaxation of the muscles after tensing at the moment of contact of a technique (also part of chinkuchi kakin). This makes it possible to 'thrust' the power from the tanden and 'bring it back in' to the tanden, so it can be used for a next technique/action. The power then goes 'in' (during relaxation and inhalation: rest) - out (tensing, executing technique, exhaling: action) - in (relaxing: rest) - out (action) - in (rest)... and so on. Chikara no nijisashi should be present in every series of movements.","Use kata theory PDFs, Hoei Juku manual, and lineage-specific instructor notes.",candidate
C00948,src/content/kata-theory/okinawan-concepts.md,base,Chikara Nu Nujisashi,line 33,technique,"You can train chikara no nujisaschi in all series of techniques by consciously paying attention to tension and relaxation, inhalation and exhalation, and retrieving and pushing out power from the tanden. All kata are therefore suitable for developing this technique, especially the Gekisai dai-kata with their clear rhythm. Incidentally, many people count in their heads along with the movements of the kata, as is also done in class. This is initially fine, but as one becomes more practiced, this can be replaced by the rhythm of breathing.","Use kata theory PDFs, Hoei Juku manual, and lineage-specific instructor notes.",candidate
C00949,src/content/kata-theory/okinawan-concepts.md,base,Chikara Nu Nujisashi,line 35,definition,Closely related to the term chikara nu nujisashi is chikara no kyojaku (literal translation: power of hard and soft). This term refers to the correct application of tension and relaxation (and thus correct execution of power) in techniques and actions.,"Use kata theory PDFs, Hoei Juku manual, and lineage-specific instructor notes.",candidate
C00950,src/content/kata-theory/okinawan-concepts.md,base,Te No Omomi,line 39,definition,"The term te no omomi (literally: heavy hands) refers to the use of relaxed arms or legs during the execution of a technique. The impact of the technique in te no omomi comes from the weight and speed given to a body part. You only use the weight of the body part concerned (and the impulse you have given it). By keeping the body part relaxed, it has more impact to be effective. Examples are a falling, downward block (otoshi uke) with a relaxed arm, a circular kick (mawashi geri) or swing kick (furi geri) with a relaxed leg, and all strikes, which indeed only use the weight and speed of the arm.","Use kata theory PDFs, Hoei Juku manual, and lineage-specific instructor notes.",candidate
C00951,src/content/kata-theory/okinawan-concepts.md,base,Te No Omomi,line 41,grading,"Te no omomi can be well trained in kihon, on the makiwara, or with cushions and partner. Most kata include te no omomi techniques. Examples are the low sweeping block (gedan barai) in the Gekisai dai-kata and the swing strike (furi uchi) and the thumb hand strike (haito uchi) in Saifa.","Use kata theory PDFs, Hoei Juku manual, and lineage-specific instructor notes.",candidate
C00952,src/content/kata-theory/okinawan-concepts.md,base,Shimeijurasan,line 43,general,Shimeijurasan,"Use kata theory PDFs, Hoei Juku manual, and lineage-specific instructor notes.",candidate
C00953,src/content/kata-theory/okinawan-concepts.md,base,Shimeijurasan,line 45,technique,Shimeijurasan refers to the perfect execution of the kata. It is the unattainable goal that everyone should (regularly) strive for.,"Use kata theory PDFs, Hoei Juku manual, and lineage-specific instructor notes.",candidate
C00954,src/content/kata-theory/power-and-movement.md,base,Power and Movement,line 1,general,Power and Movement,"Use kata theory PDFs, Hoei Juku manual, and lineage-specific instructor notes.",candidate
C00955,src/content/kata-theory/power-transfer.de.md,de,Kraftübertragung und -verarbeitung,line 1,general,Kraftübertragung und -verarbeitung,"Use kata theory PDFs, Hoei Juku manual, and lineage-specific instructor notes.",candidate
C00956,src/content/kata-theory/power-transfer.de.md,de,Kraftübertragung und -verarbeitung,line 3,general,"Die Kraftübertragung bezieht sich hauptsächlich auf Schläge, Stöße und Tritte; die Kraftverarbeitung auf Blocks und Ausweichmanöver. Für die Kraftübertragung ist es natürlich wichtig, ob es sich um eine Arm- oder Beintechnik handelt, aber auch, ob es sich um einen Schlag (kreisförmig) oder einen Stoß (geradlinig) handelt.","Use kata theory PDFs, Hoei Juku manual, and lineage-specific instructor notes.",candidate
C00957,src/content/kata-theory/power-transfer.de.md,de,Schläge und Stöße,line 5,general,Schläge und Stöße,"Use kata theory PDFs, Hoei Juku manual, and lineage-specific instructor notes.",candidate
C00958,src/content/kata-theory/power-transfer.de.md,de,Schläge und Stöße,line 7,technique,"Ein Stoß ist im Allgemeinen geradlinig. Im Moment des Treffens gibt es immer einen Fokus. Ein Schlag hat im Allgemeinen eine kreisförmige Bahn. Bei einem 'schweren Schlag' wird die Wirkung durch die Geschwindigkeit und Masse des Arms oder Beins (te no omomi) bestimmt. Ein 'harter Schlag' ist fokussiert, und die Gelenke werden im Moment des Treffens kurz fixiert. Ein Beispiel ist der Kreisschlag (mawashi furi zuki) in Sepai und der Hammerschlag (tettsui uchi) in Saifa.","Use kata theory PDFs, Hoei Juku manual, and lineage-specific instructor notes.",candidate
C00959,src/content/kata-theory/power-transfer.de.md,de,Schläge und Stöße,line 9,general,"Bei einem 'kontinuierlichen Schlag' wird die kreisförmige Bahn der Technik sozusagen 'durch den Körper des Gegners gezogen'. Je nach Grad der Muskelspannung im Moment des Treffens ähnelt dies einem schweren oder harten Schlag. Der letzte ist der 'Peitschenschlag'. Hier schnellt der Arm oder Fuß nach dem Treffen zurück. Es gibt keinen Fokus, und diese Techniken werden ohne Spannung in den Muskeln und Gelenken des Oberkörpers ausgeführt. Solche Techniken haben weniger Wirkung und werden am Anfang von Kombinationen oder bei Angriffen auf Vitalpunkte ausgeführt. Zum Beispiel der Knöchelschlag (uraken uchi) in den Gekisai Dai's und der Uraken Uchi in Saifa und Seiyunchin auf den Vitalpunkt direkt über der Oberlippe (jinchu).","Use kata theory PDFs, Hoei Juku manual, and lineage-specific instructor notes.",candidate
C00960,src/content/kata-theory/power-transfer.de.md,de,Schläge und Stöße,line 11,technique,"Nicht alle Bewegungen sind auf einen Moment fokussiert. Dies sind im Allgemeinen kontinuierliche Bewegungen, zum Beispiel bestimmte Blocks, die in einer mehr oder weniger kreisförmigen Bewegung ausgeführt werden. Der Karateka muss sicherstellen, dass während der Ausführung in der Kata die Aufmerksamkeit auf den imaginären (manchmal gleitenden) Kontaktpunkt dieser Bewegung gerichtet ist. Dies ist bei vielen Blocks der Fall, wie dem Tora Uchi (""Tigermund""), dem Ziehblock (Hiki Uke) in Saifa und vielen subtilen Blocks in den höheren Kata.","Use kata theory PDFs, Hoei Juku manual, and lineage-specific instructor notes.",candidate
C00961,src/content/kata-theory/power-transfer.de.md,de,Schläge und Stöße,line 13,general,"Drücken und Ziehen sind ebenfalls nicht im Moment des Kontakts fokussiert. Es gibt keinen harten Kontakt, und die Bewegung wird über eine längere Bahn ausgeführt. Die Kraft für den Stoß wird immer aus dem Boden erzeugt.","Use kata theory PDFs, Hoei Juku manual, and lineage-specific instructor notes.",candidate
C00962,src/content/kata-theory/power-transfer.de.md,de,Tritte,line 17,technique,"Bei der Klassifizierung von Tritten werden die Begriffe 'Keage' und 'Kekomi' verwendet. Keage bezeichnet einen schlagenden Tritt. Dieser ist im Moment des Treffens weniger fokussiert und wird im Allgemeinen ohne Beckenkippung/-drehung ausgeführt, möglicherweise mit einer (kleinen) Beckendehnung. Sie sind oft auf Vitalpunkte wie den Schritt (mit dem Fußballen in den Gekisai's, Saifa, Shisochin, Sanseru und Kururunfa) oder die Hoden (mit dem Spann oder Fußballen) bei Kin Geri gerichtet.","Use kata theory PDFs, Hoei Juku manual, and lineage-specific instructor notes.",candidate
C00963,src/content/kata-theory/power-transfer.de.md,de,Tritte,line 19,technique,"Kekomi bezeichnet einen stoßenden Tritt. Dieser ist immer fokussiert, und der Einsatz des Beckens wird explizit genutzt. Fast alle Tritte in der Kata sind Keage; nur der Seitwärtstritt (Kansetsu Geri) in Sanseru ist Kekomi. Kekomi-Tritte müssen jedoch häufig trainiert werden (es wird angegeben, dass für eine gute Entwicklung der Muskeln für Tritte etwa die Hälfte auf einem Schlagpolster oder Makiwara ausgeführt werden sollte).","Use kata theory PDFs, Hoei Juku manual, and lineage-specific instructor notes.",candidate
C00964,src/content/kata-theory/power-transfer.de.md,de,Blocks und Ausweichmanöver,line 21,general,Blocks und Ausweichmanöver,"Use kata theory PDFs, Hoei Juku manual, and lineage-specific instructor notes.",candidate
C00965,src/content/kata-theory/power-transfer.de.md,de,Blocks und Ausweichmanöver,line 23,technique,"Als Selbstverteidigungskunst befasst sich Karate natürlich mit Blocks und Ausweichmanövern. Am konfrontativsten ist der harte, zusammenstoßende Block (sehr ""go""), bei dem es kein Ausweichen gibt und der Angriff vollständig geblockt wird. Hier trainieren Sie nicht nur die Aufrechterhaltung Ihres eigenen Raums, sondern auch die richtige Haltung während dieser harten Konfrontation; Sie lernen, ""nicht auszuweichen"". Vergleichbar damit, aber etwas schwieriger, ist das Zurückdrängen des Angriffs. Hier dringen Sie als Verteidiger in den Raum des Angreifers ein. Sie kommen also beim Blocken nach vorne. Die Ausführung des Offenhandblocks (Shotei Uchi Uke) gleichzeitig mit der Vorwärtsbewegung des gesamten Körpers in Seiyunchin ist ein Beispiel dafür.","Use kata theory PDFs, Hoei Juku manual, and lineage-specific instructor notes.",candidate
C00966,src/content/kata-theory/power-transfer.de.md,de,Blocks und Ausweichmanöver,line 25,grading,"Eine dritte Möglichkeit zum ""Blocken"" ist das Absorbieren des Angriffs. Natürlich werden die Muskeln im Moment des Kontakts angespannt; nicht jeder Körperteil eignet sich hierfür gleichermaßen gut. Ein Beispiel für eine Technik mit einem Körper, ""der einen Schlag einstecken kann"", ist die sogenannte ""Mittagsatmung"". Hier halten Sie den Atem an, damit der Körper angespannt bleibt. Der tiefe Fegeblock (Gedan Harai Uke) mit dem Offenhandstoß (Shotei Oshi) in Sepai wird mit dieser Atmung ausgeführt. Beim Absorbieren einer Kraft können Sie die Kraft des Gegners absorbieren und in Ihrer nachfolgenden Technik verwenden. Im Kaki-e üben Sie dies, und es wird auch 'Schlucken-und-Spucken' genannt.","Use kata theory PDFs, Hoei Juku manual, and lineage-specific instructor notes.",candidate
C00967,src/content/kata-theory/power-transfer.de.md,de,Blocks und Ausweichmanöver,line 27,technique,"Beim Ablenken wird die Kraft der Aktion des Gegners aufgefangen und in einer kreisförmigen Bewegung in der Richtung geändert und an Ihnen vorbeigeführt. Dies ist der häufigste Block in der Kata. Es kann auch vorkommen, dass beim Ablenken die Kraft des Gegners verlängert wird, wie es bei einem Ziehblock (Hiki Uke) der Fall ist.","Use kata theory PDFs, Hoei Juku manual, and lineage-specific instructor notes.",candidate
C00968,src/content/kata-theory/power-transfer.de.md,de,Blocks und Ausweichmanöver,line 29,technique,"Der letzte Block ist das Ausweichen. Hier wird die Kraft des Gegners nicht mehr absorbiert. Idealerweise wird nicht nur ausgewichen, damit der Angriff verfehlt, sondern es wird auch eine strategisch günstige Position für einen Gegenangriff eingenommen. Versuchen Sie, den Gegner aus dem Gleichgewicht zu bringen und stellen Sie sicher, dass Sie nach dem Ausweichen in einer Kampfhaltung landen, die auch für einen Angriff geeignet ist. Natürlich trainieren Sie ein solches Ausweichen mit allen größeren seitlichen und rückwärtigen Bewegungen aus der Kata.","Use kata theory PDFs, Hoei Juku manual, and lineage-specific instructor notes.",candidate
C00969,src/content/kata-theory/power-transfer.es.md,es,Transferencia y Procesamiento de Poder,line 1,general,Transferencia y Procesamiento de Poder,"Use kata theory PDFs, Hoei Juku manual, and lineage-specific instructor notes.",candidate
C00970,src/content/kata-theory/power-transfer.es.md,es,Transferencia y Procesamiento de Poder,line 3,general,"La transferencia de poder se relaciona principalmente con puñetazos, golpes y patadas; el procesamiento de poder con bloqueos y evasiones. Para la transferencia de poder, es importante, por supuesto, si se trata de una técnica de brazo o pierna, pero también si es un golpe (circular) o un puñetazo (directo).","Use kata theory PDFs, Hoei Juku manual, and lineage-specific instructor notes.",candidate
C00971,src/content/kata-theory/power-transfer.es.md,es,Golpes y Puñetazos,line 5,general,Golpes y Puñetazos,"Use kata theory PDFs, Hoei Juku manual, and lineage-specific instructor notes.",candidate
C00972,src/content/kata-theory/power-transfer.es.md,es,Golpes y Puñetazos,line 7,technique,"Un puñetazo es generalmente directo. En el momento del impacto, siempre hay concentración. Un golpe generalmente tiene una trayectoria circular. Con un 'golpe pesado', el impacto está determinado por la velocidad y la masa del brazo o la pierna (te no omomi). Un 'golpe duro' está concentrado y las articulaciones se fijan brevemente en el momento del impacto. Un ejemplo es el golpe circular (mawashi furi zuki) en Sepai y el golpe de martillo (tettsui uchi) en Saifa.","Use kata theory PDFs, Hoei Juku manual, and lineage-specific instructor notes.",candidate
C00973,src/content/kata-theory/power-transfer.es.md,es,Golpes y Puñetazos,line 9,general,"Con un 'golpe continuo', la trayectoria circular de la técnica es, por así decirlo, 'arrastrada a través del cuerpo del oponente'. Dependiendo del grado de tensión muscular en el momento del impacto, esto se asemeja a un golpe pesado o duro. El último es el 'golpe de látigo'. Aquí, el brazo o el pie retroceden después del impacto. No hay concentración, y estas técnicas se realizan sin tensión en los músculos y articulaciones de la parte superior del cuerpo. Dichas técnicas tienen menos impacto y se realizan al comienzo de las combinaciones o con ataques a puntos vitales. Por ejemplo, el golpe de nudillos (uraken uchi) en los Gekisai dai y el uraken uchi en Saifa y Seiyunchin hacia el punto vital justo encima del labio superior (jinchu).","Use kata theory PDFs, Hoei Juku manual, and lineage-specific instructor notes.",candidate
C00974,src/content/kata-theory/power-transfer.es.md,es,Golpes y Puñetazos,line 11,safety,"No todos los movimientos se enfocan en un momento. Generalmente son movimientos continuos, por ejemplo, ciertos bloqueos que se realizan en un movimiento más o menos circular. El karateka debe asegurarse de que durante la ejecución en el kata, la atención se dirija al punto de contacto imaginario (a veces deslizante) de este movimiento. Este es el caso de muchos bloqueos, como el tora uchi (""boca de tigre""), el bloqueo de tracción (hiki uke) en Saifa y muchos bloqueos sutiles en los katas superiores.","Use kata theory PDFs, Hoei Juku manual, and lineage-specific instructor notes.",candidate
C00975,src/content/kata-theory/power-transfer.es.md,es,Golpes y Puñetazos,line 13,safety,Empujar y tirar tampoco se enfocan en el momento del contacto. No hay contacto duro y el movimiento se realiza sobre una trayectoria más larga. El poder para el empujón siempre se genera desde el suelo.,"Use kata theory PDFs, Hoei Juku manual, and lineage-specific instructor notes.",candidate
C00976,src/content/kata-theory/power-transfer.es.md,es,Patadas,line 17,technique,"En la clasificación de las patadas, se utilizan los términos 'keage' y 'kekomi'. Keage se refiere a una patada de golpe. Esta está menos enfocada en el momento del impacto y generalmente se realiza sin inclinación/rotación pélvica, posiblemente con un (pequeño) estiramiento pélvico. A menudo se dirigen a puntos vitales como la ingle (con la bola del pie en los Gekisai, Saifa, Shisochin, Sanseru y Kururunfa) o los testículos (con el empeine o la bola del pie) en kin geri.","Use kata theory PDFs, Hoei Juku manual, and lineage-specific instructor notes.",candidate
C00977,src/content/kata-theory/power-transfer.es.md,es,Patadas,line 19,technique,"Kekomi se refiere a una patada de empuje. Esta siempre está enfocada, y se utiliza explícitamente el uso de la pelvis. Casi todas las patadas en el kata son keage; solo la patada lateral (kansetsu geri) en Sanseru es kekomi. Sin embargo, las patadas kekomi deben entrenarse con frecuencia (se afirma que para un buen desarrollo de los músculos para las patadas, aproximadamente la mitad debe realizarse sobre un cojín de golpeo o makiwara).","Use kata theory PDFs, Hoei Juku manual, and lineage-specific instructor notes.",candidate
C00978,src/content/kata-theory/power-transfer.es.md,es,Bloqueos y Evasiones,line 21,general,Bloqueos y Evasiones,"Use kata theory PDFs, Hoei Juku manual, and lineage-specific instructor notes.",candidate
C00979,src/content/kata-theory/power-transfer.es.md,es,Bloqueos y Evasiones,line 23,technique,"Como arte de autodefensa, el karate, por supuesto, se ocupa de bloqueos y evasiones. El más conflictivo es el bloqueo duro y contundente (muy ""go""), donde no hay evasión y el ataque se bloquea por completo. Aquí, no solo entrenas el mantenimiento de tu propio espacio, sino también la postura correcta durante esta dura confrontación; aprendes a ""no apartarte"". Comparable a esto, pero algo más difícil, es rechazar el ataque. Aquí, como defensor, penetras en el espacio del atacante. Así que avanzas mientras bloqueas. La ejecución del bloqueo de mano abierta (shotei uchi uke) simultáneamente con el movimiento hacia adelante de todo el cuerpo en Seiyunchin es un ejemplo de esto.","Use kata theory PDFs, Hoei Juku manual, and lineage-specific instructor notes.",candidate
C00980,src/content/kata-theory/power-transfer.es.md,es,Bloqueos y Evasiones,line 25,safety,"Una tercera posibilidad para ""bloquear"" es absorber el ataque. Por supuesto, los músculos se tensan en el momento del contacto; no todas las partes del cuerpo se prestan igualmente bien a esto. Un ejemplo de una técnica con un cuerpo ""que puede recibir un golpe"" es con la llamada ""respiración de mediodía"". Aquí, contienes la respiración para que el cuerpo permanezca tenso. El bloqueo de barrido bajo (gedan harai uke) con el empujón de mano abierta (shotei oshi) en Sepai se realiza con esta respiración. Al absorber una fuerza, puedes absorber el poder del oponente y usarlo en tu técnica posterior. En kaki-e, practicas esto, y también se llama 'tragar y escupir'.","Use kata theory PDFs, Hoei Juku manual, and lineage-specific instructor notes.",candidate
C00981,src/content/kata-theory/power-transfer.es.md,es,Bloqueos y Evasiones,line 27,technique,"Con la desviación, la fuerza de la acción del oponente se atrapa y se cambia de dirección en un movimiento circular y se guía más allá de ti. Este es el bloqueo más común en el kata. También puede suceder que al desviar, la fuerza del oponente se extienda, como es el caso con un bloqueo de tracción (hiki uke).","Use kata theory PDFs, Hoei Juku manual, and lineage-specific instructor notes.",candidate
C00982,src/content/kata-theory/power-transfer.es.md,es,Bloqueos y Evasiones,line 29,technique,"El último bloqueo es la evasión. Aquí, la fuerza del oponente ya no se absorbe. Idealmente, no solo se realiza una evasión para que el ataque falle, sino que también se toma una posición estratégicamente favorable para un contraataque. Intenta desequilibrar al oponente y asegúrate de que después de la evasión, termines en una postura de lucha que también sea adecuada para atacar. Por supuesto, entrenas tal evasión con todos los movimientos laterales y hacia atrás más grandes del kata.","Use kata theory PDFs, Hoei Juku manual, and lineage-specific instructor notes.",candidate
C00983,src/content/kata-theory/power-transfer.fr.md,fr,Transférer et Traiter la Puissance,line 1,general,Transférer et Traiter la Puissance,"Use kata theory PDFs, Hoei Juku manual, and lineage-specific instructor notes.",candidate
C00984,src/content/kata-theory/power-transfer.fr.md,fr,Transférer et Traiter la Puissance,line 3,general,"Transférer la puissance concerne principalement les coups de poing, les frappes et les coups de pied ; traiter la puissance concerne les blocages et les esquives. Pour le transfert de puissance, il est bien sûr important de savoir s'il s'agit d'une technique de bras ou de jambe, mais aussi s'il s'agit d'une frappe (circulaire) ou d'un coup de poing (direct).","Use kata theory PDFs, Hoei Juku manual, and lineage-specific instructor notes.",candidate
C00985,src/content/kata-theory/power-transfer.fr.md,fr,Frappes et Coups de Poing,line 5,general,Frappes et Coups de Poing,"Use kata theory PDFs, Hoei Juku manual, and lineage-specific instructor notes.",candidate
C00986,src/content/kata-theory/power-transfer.fr.md,fr,Frappes et Coups de Poing,line 7,grading,"Un coup de poing est généralement direct. Au moment de l'impact, il y a toujours une concentration. Une frappe a généralement une trajectoire circulaire. Avec une 'frappe lourde', l'impact est déterminé par la vitesse et la masse du bras ou de la jambe (te no omomi). Une 'frappe dure' est concentrée, et les articulations sont brièvement fixées au moment de l'impact. Un exemple est la frappe circulaire (mawashi furi zuki) dans Sepai et la frappe marteau (tettsui uchi) dans Saifa.","Use kata theory PDFs, Hoei Juku manual, and lineage-specific instructor notes.",candidate
C00987,src/content/kata-theory/power-transfer.fr.md,fr,Frappes et Coups de Poing,line 9,grading,"Avec une 'frappe continue', la trajectoire circulaire de la technique est, pour ainsi dire, tirée 'à travers le corps de l'adversaire'. Selon le degré de tension musculaire au moment de l'impact, cela ressemble à une frappe lourde ou dure. La dernière est la 'frappe fouettée'. Ici, le bras ou le pied revient en arrière après l'impact. Il n'y a pas de concentration, et ces techniques sont exécutées sans tension dans les muscles et les articulations du haut du corps. De telles techniques ont moins d'impact et sont exécutées au début des combinaisons ou lors d'attaques sur des points vitaux. Par exemple, la frappe du revers du poing (uraken uchi) dans les Gekisai dai et l'uraken uchi dans Saifa et Seiyunchin vers le point vital juste au-dessus de la lèvre supérieure (jinchu).","Use kata theory PDFs, Hoei Juku manual, and lineage-specific instructor notes.",candidate
C00988,src/content/kata-theory/power-transfer.fr.md,fr,Frappes et Coups de Poing,line 11,safety,"Tous les mouvements ne sont pas concentrés à un seul moment. Ce sont généralement des mouvements continus, par exemple, certains blocages qui sont exécutés dans un mouvement plus ou moins circulaire. Le karatéka doit s'assurer que pendant l'exécution dans le kata, l'attention se porte sur le point de contact imaginaire (parfois glissant) de ce mouvement. C'est le cas de nombreux blocages, tels que le tora uchi (""bouche du tigre""), le blocage en traction (hiki uke) dans Saifa, et de nombreux blocages subtils dans les katas supérieurs.","Use kata theory PDFs, Hoei Juku manual, and lineage-specific instructor notes.",candidate
C00989,src/content/kata-theory/power-transfer.fr.md,fr,Frappes et Coups de Poing,line 13,safety,"Les poussées et les tractions ne sont pas non plus concentrées au moment du contact. Il n'y a pas de contact dur, et le mouvement est exécuté sur une trajectoire plus longue. La puissance de la poussée est toujours générée à partir du sol.","Use kata theory PDFs, Hoei Juku manual, and lineage-specific instructor notes.",candidate
C00990,src/content/kata-theory/power-transfer.fr.md,fr,Coups de Pied,line 15,general,Coups de Pied,"Use kata theory PDFs, Hoei Juku manual, and lineage-specific instructor notes.",candidate
C00991,src/content/kata-theory/power-transfer.fr.md,fr,Coups de Pied,line 17,grading,"Dans la classification des coups de pied, les termes 'keage' et 'kekomi' sont utilisés. Keage concerne un coup de pied frappé. Celui-ci est moins concentré au moment de l'impact et est généralement exécuté sans basculement/rotation du bassin, éventuellement avec une (petite) extension du bassin. Ils sont souvent dirigés vers des points vitaux tels que l'entrejambe (avec la plante du pied dans les Gekisai, Saifa, Shisochin, Sanseru et Kururunfa) ou les testicules (avec le cou-de-pied ou la plante du pied) dans le kin geri.","Use kata theory PDFs, Hoei Juku manual, and lineage-specific instructor notes.",candidate
C00992,src/content/kata-theory/power-transfer.fr.md,fr,Coups de Pied,line 19,grading,"Kekomi concerne un coup de pied pénétrant. Celui-ci est toujours concentré, et l'utilisation du bassin est explicitement employée. Presque tous les coups de pied dans les katas sont des keage ; seul le coup de pied latéral (kansetsu geri) dans Sanseru est un kekomi. Les coups de pied kekomi doivent cependant être fréquemment entraînés (il est indiqué que pour un bon développement des muscles pour les coups de pied, environ la moitié doit être exécutée sur un coussin de frappe ou un makiwara).","Use kata theory PDFs, Hoei Juku manual, and lineage-specific instructor notes.",candidate
C00993,src/content/kata-theory/power-transfer.fr.md,fr,Blocages et Esquives,line 21,general,Blocages et Esquives,"Use kata theory PDFs, Hoei Juku manual, and lineage-specific instructor notes.",candidate
C00994,src/content/kata-theory/power-transfer.fr.md,fr,Blocages et Esquives,line 23,grading,"En tant qu'art d'autodéfense, le karaté traite bien sûr des blocages et des esquives. Le plus conflictuel est le blocage dur et percutant (très ""go""), où il n'y a pas d'esquive et où l'attaque est complètement bloquée. Ici, vous entraînez non seulement le maintien de votre propre espace mais aussi la posture correcte lors de cette confrontation difficile ; vous apprenez à ""ne pas vous écarter"". Comparable à cela, mais un peu plus difficile, est de repousser l'attaque. Ici, en tant que défenseur, vous pénétrez dans l'espace de l'attaquant. Vous avancez donc en bloquant. L'exécution du blocage à main ouverte (shotei uchi uke) simultanément avec le mouvement vers l'avant de tout le corps dans Seiyunchin en est un exemple.","Use kata theory PDFs, Hoei Juku manual, and lineage-specific instructor notes.",candidate
C00995,src/content/kata-theory/power-transfer.fr.md,fr,Blocages et Esquives,line 25,safety,"Une troisième possibilité de ""blocage"" est d'absorber l'attaque. Bien sûr, les muscles sont tendus au moment du contact ; toutes les parties du corps ne s'y prêtent pas aussi bien. Un exemple de technique avec un corps ""qui peut encaisser un coup"" est la respiration dite ""de midi"". Ici, vous retenez votre souffle pour que le corps reste tendu. Le blocage bas balayé (gedan harai uke) avec la poussée à main ouverte (shotei oshi) dans Sepai est exécuté avec cette respiration. En absorbant une force, vous pouvez absorber la puissance de l'adversaire et l'utiliser dans votre technique suivante. En kaki-e, vous pratiquez cela, et cela s'appelle aussi 'avaler-et-cracher'.","Use kata theory PDFs, Hoei Juku manual, and lineage-specific instructor notes.",candidate
C00996,src/content/kata-theory/power-transfer.fr.md,fr,Blocages et Esquives,line 27,grading,"Avec la déviation, la force de l'action de l'adversaire est captée et changée de direction dans un mouvement circulaire et guidée au-delà de vous. C'est le blocage le plus courant dans les katas. Il peut également arriver que lors de la déviation, la force de l'adversaire soit prolongée, comme c'est le cas avec un blocage en traction (hiki uke).","Use kata theory PDFs, Hoei Juku manual, and lineage-specific instructor notes.",candidate
C00997,src/content/kata-theory/power-transfer.fr.md,fr,Blocages et Esquives,line 29,grading,"Le dernier blocage est l'esquive. Ici, la force de l'adversaire n'est plus absorbée. Idéalement, non seulement une esquive est faite pour que l'attaque manque, mais une position stratégiquement favorable est également prise pour une contre-attaque. Essayez de déséquilibrer l'adversaire et assurez-vous qu'après l'esquive, vous vous retrouvez dans une posture de combat qui convient également à l'attaque. Bien sûr, vous entraînez une telle esquive avec tous les mouvements latéraux et arrière plus importants du kata.","Use kata theory PDFs, Hoei Juku manual, and lineage-specific instructor notes.",candidate
C00998,src/content/kata-theory/power-transfer.it.md,it,Trasferimento ed Elaborazione della Potenza,line 1,general,Trasferimento ed Elaborazione della Potenza,"Use kata theory PDFs, Hoei Juku manual, and lineage-specific instructor notes.",candidate
C00999,src/content/kata-theory/power-transfer.it.md,it,Trasferimento ed Elaborazione della Potenza,line 3,general,"Il trasferimento della potenza si riferisce principalmente a pugni, colpi e calci; l'elaborazione della potenza a parate ed evasioni. Per il trasferimento della potenza, è ovviamente importante se si tratta di una tecnica di braccio o di gamba, ma anche se si tratta di un colpo (circolare) o di un pugno (rettilineo).","Use kata theory PDFs, Hoei Juku manual, and lineage-specific instructor notes.",candidate
C01000,src/content/kata-theory/power-transfer.it.md,it,Colpi e Pugni,line 5,general,Colpi e Pugni,"Use kata theory PDFs, Hoei Juku manual, and lineage-specific instructor notes.",candidate
C01001,src/content/kata-theory/power-transfer.it.md,it,Colpi e Pugni,line 7,technique,"Un pugno è generalmente rettilineo. Al momento dell'impatto, c'è sempre concentrazione. Un colpo ha generalmente una traiettoria circolare. Con un 'colpo pesante', l'impatto è determinato dalla velocità e dalla massa del braccio o della gamba (te no omomi). Un 'colpo duro' è concentrato e le articolazioni vengono brevemente fissate al momento dell'impatto. Un esempio è il colpo circolare (mawashi furi zuki) in Sepai e il colpo a martello (tettsui uchi) in Saifa.","Use kata theory PDFs, Hoei Juku manual, and lineage-specific instructor notes.",candidate
C01002,src/content/kata-theory/power-transfer.it.md,it,Colpi e Pugni,line 9,general,"Con un 'colpo continuo', la traiettoria circolare della tecnica viene, per così dire, 'tirata attraverso il corpo dell'avversario'. A seconda del grado di tensione muscolare al momento dell'impatto, questo assomiglia a un colpo pesante o duro. L'ultimo è il 'colpo a frusta'. Qui, il braccio o il piede scattano indietro dopo l'impatto. Non c'è concentrazione e queste tecniche vengono eseguite senza tensione nei muscoli e nelle articolazioni della parte superiore del corpo. Tali tecniche hanno un impatto minore e vengono eseguite all'inizio delle combinazioni o con attacchi a punti vitali. Ad esempio, il colpo con le nocche (uraken uchi) nei Gekisai dai e l'uraken uchi in Saifa e Seiyunchin verso il punto vitale appena sopra il labbro superiore (jinchu).","Use kata theory PDFs, Hoei Juku manual, and lineage-specific instructor notes.",candidate
C01003,src/content/kata-theory/power-transfer.it.md,it,Colpi e Pugni,line 11,technique,"Tutti i movimenti non sono concentrati in un unico momento. Si tratta generalmente di movimenti continui, ad esempio, alcune parate che vengono eseguite con un movimento più o meno circolare. Il karateka deve assicurarsi che durante l'esecuzione nel kata, l'attenzione vada al punto di contatto immaginario (a volte scorrevole) di questo movimento. Questo è il caso di molte parate, come il tora uchi (""bocca di tigre""), la parata che tira (hiki uke) in Saifa e molte parate sottili nei kata superiori.","Use kata theory PDFs, Hoei Juku manual, and lineage-specific instructor notes.",candidate
C01004,src/content/kata-theory/power-transfer.it.md,it,Colpi e Pugni,line 13,general,Anche spingere e tirare non sono concentrati al momento del contatto. Non c'è contatto duro e il movimento viene eseguito su una traiettoria più lunga. La potenza per la spinta viene sempre generata dal suolo.,"Use kata theory PDFs, Hoei Juku manual, and lineage-specific instructor notes.",candidate
C01005,src/content/kata-theory/power-transfer.it.md,it,Calci,line 17,technique,"Nella classificazione dei calci, vengono utilizzati i termini 'keage' e 'kekomi'. Keage riguarda un calcio che colpisce. Questo è meno concentrato al momento dell'impatto e viene generalmente eseguito senza inclinazione/rotazione pelvica, eventualmente con una (piccola) estensione pelvica. Sono spesso diretti a punti vitali come l'inguine (con la pianta del piede nei Gekisai, Saifa, Shisochin, Sanseru e Kururunfa) o i testicoli (con il collo del piede o la pianta del piede) nel kin geri.","Use kata theory PDFs, Hoei Juku manual, and lineage-specific instructor notes.",candidate
C01006,src/content/kata-theory/power-transfer.it.md,it,Calci,line 19,technique,"Kekomi riguarda un calcio di spinta. Questo è sempre concentrato e l'uso del bacino è esplicitamente impiegato. Quasi tutti i calci nel kata sono keage; solo il calcio laterale (kansetsu geri) in Sanseru è kekomi. I calci kekomi devono, tuttavia, essere allenati frequentemente (si afferma che per un buon sviluppo dei muscoli per i calci, circa la metà dovrebbe essere eseguita su un cuscino da colpire o makiwara).","Use kata theory PDFs, Hoei Juku manual, and lineage-specific instructor notes.",candidate
C01007,src/content/kata-theory/power-transfer.it.md,it,Parate ed Evasioni,line 21,general,Parate ed Evasioni,"Use kata theory PDFs, Hoei Juku manual, and lineage-specific instructor notes.",candidate
C01008,src/content/kata-theory/power-transfer.it.md,it,Parate ed Evasioni,line 23,technique,"Come arte di autodifesa, il karate ovviamente si occupa di parate ed evasioni. La più conflittuale è la parata dura e collisionale (molto ""go""), dove non c'è evasione e l'attacco viene completamente bloccato. Qui, alleni non solo a mantenere il tuo spazio, ma anche la postura corretta durante questo duro confronto; impari a ""non farti da parte"". Paragonabile a questo, ma un po' più difficile, è respingere l'attacco. Qui, come difensore, penetri nello spazio dell'attaccante. Quindi avanzi mentre pari. L'esecuzione della parata a mano aperta (shotei uchi uke) contemporaneamente al movimento in avanti di tutto il corpo in Seiyunchin ne è un esempio.","Use kata theory PDFs, Hoei Juku manual, and lineage-specific instructor notes.",candidate
C01009,src/content/kata-theory/power-transfer.it.md,it,Parate ed Evasioni,line 25,grading,"Una terza possibilità per ""parare"" è assorbire l'attacco. Naturalmente, i muscoli sono tesi al momento del contatto; non tutte le parti del corpo si prestano ugualmente bene a questo. Un esempio di una tecnica con un corpo ""che può incassare un colpo"" è con la cosiddetta ""respirazione di mezzogiorno"". Qui, trattieni il respiro in modo che il corpo rimanga teso. La parata bassa spazzata (gedan harai uke) con la spinta a mano aperta (shotei oshi) in Sepai viene eseguita con questa respirazione. Quando si assorbe una forza, è possibile assorbire la potenza dell'avversario e utilizzarla nella tecnica successiva. In kaki-e, pratichi questo, ed è anche chiamato 'inghiottire e sputare'.","Use kata theory PDFs, Hoei Juku manual, and lineage-specific instructor notes.",candidate
C01010,src/content/kata-theory/power-transfer.it.md,it,Parate ed Evasioni,line 27,technique,"Con la deviazione, la forza dell'azione dell'avversario viene catturata e cambiata di direzione con un movimento circolare e guidata oltre te. Questa è la parata più comune nel kata. Può anche accadere che deviando, la forza dell'avversario venga estesa, come nel caso di una parata che tira (hiki uke).","Use kata theory PDFs, Hoei Juku manual, and lineage-specific instructor notes.",candidate
C01011,src/content/kata-theory/power-transfer.it.md,it,Parate ed Evasioni,line 29,technique,"L'ultima parata è l'evasione. Qui, la forza dell'avversario non viene più assorbita. Idealmente, non solo si effettua un'evasione in modo che l'attacco manchi, ma si assume anche una posizione strategicamente favorevole per un contrattacco. Cerca di far perdere l'equilibrio all'avversario e assicurati che dopo l'evasione, tu finisca in una postura di combattimento adatta anche per attaccare. Ovviamente, alleni tale evasione con tutti i movimenti laterali e all'indietro più ampi del kata.","Use kata theory PDFs, Hoei Juku manual, and lineage-specific instructor notes.",candidate
C01012,src/content/kata-theory/power-transfer.md,base,Transferring and Processing Power,line 1,general,Transferring and Processing Power,"Use kata theory PDFs, Hoei Juku manual, and lineage-specific instructor notes.",candidate
C01013,src/content/kata-theory/power-transfer.md,base,Transferring and Processing Power,line 3,general,"Transferring power primarily relates to punches, strikes, and kicks; processing power to blocks and evasions. For the transfer of power, it is of course important whether it concerns an arm or leg technique, but also whether it is a strike (circular) or a punch (straight).","Use kata theory PDFs, Hoei Juku manual, and lineage-specific instructor notes.",candidate
C01014,src/content/kata-theory/power-transfer.md,base,Strikes and Punches,line 5,general,Strikes and Punches,"Use kata theory PDFs, Hoei Juku manual, and lineage-specific instructor notes.",candidate
C01015,src/content/kata-theory/power-transfer.md,base,Strikes and Punches,line 7,grading,"A punch is generally straight-line. At the moment of hitting, there is always focus. A strike generally has a circular path. With a 'heavy strike', the impact is determined by the speed and mass of the arm or leg (te no omomi). A 'tough strike' is focused, and the joints are fixed briefly at the moment of hitting. An example is the circular strike (mawashi furi zuki) in Sepai and the hammer strike (tettsui uchi) in Saifa.","Use kata theory PDFs, Hoei Juku manual, and lineage-specific instructor notes.",candidate
C01016,src/content/kata-theory/power-transfer.md,base,Strikes and Punches,line 9,grading,"With a 'continuous strike', the circular path of the technique is, as it were, pulled 'through the opponent's body'. Depending on the degree of muscle tension at the moment of hitting, this resembles a heavy or tough strike. The last is the 'whip strike'. Here, the arm or foot snaps back after hitting. There is no focus, and these techniques are performed without tension in the muscles and joints of the upper body. Such techniques have less impact and are performed at the beginning of combinations or with attacks to vital points. For example, the knuckle strike (uraken uchi) in the Gekisai dai's and the uraken uchi in Saifa and Seiyunchin towards the vital point just above the upper lip (jinchu).","Use kata theory PDFs, Hoei Juku manual, and lineage-specific instructor notes.",candidate
C01017,src/content/kata-theory/power-transfer.md,base,Strikes and Punches,line 11,safety,"Not all movements are focused at one moment. These are generally continuous movements, for example, certain blocks that are performed in a more or less circular movement. The karateka must ensure that during the execution in the kata, the attention goes to the imaginary (sometimes sliding) point of contact of this movement. This is the case with many blocks, such as the tora uchi (""tiger mouth""), the pulling block (hiki uke) in Saifa, and many subtle blocks in the higher kata.","Use kata theory PDFs, Hoei Juku manual, and lineage-specific instructor notes.",candidate
C01018,src/content/kata-theory/power-transfer.md,base,Strikes and Punches,line 13,safety,"Pushing and pulling are also not focused at the moment of contact. There is no hard contact, and the movement is performed over a longer trajectory. The power for the push is always generated from the ground.","Use kata theory PDFs, Hoei Juku manual, and lineage-specific instructor notes.",candidate
C01019,src/content/kata-theory/power-transfer.md,base,Kicks,line 17,technique,"In the classification of kicks, the terms 'keage' and 'kekomi' are used. Keage concerns a striking kick. This is less focused at the moment of hitting and is generally performed without pelvic tilting/rotation, possibly with a (small) pelvic stretch. They are often directed at vital points such as the crotch (with the ball of the foot in the Gekisai's, Saifa, Shisochin, Sanseru, and Kururunfa) or the testicles (with the instep or ball of the foot) in kin geri.","Use kata theory PDFs, Hoei Juku manual, and lineage-specific instructor notes.",candidate
C01020,src/content/kata-theory/power-transfer.md,base,Kicks,line 19,technique,"Kekomi concerns a thrusting kick. This is always focused, and the use of the pelvis is explicitly used. Almost all kicks in the kata are keage; only the side kick (kansetsu geri) in Sanseru is kekomi. Kekomi kicks must, however, be trained frequently (it is stated that for a good development of the muscles for kicks, about half should be performed on a punching cushion or makiwara).","Use kata theory PDFs, Hoei Juku manual, and lineage-specific instructor notes.",candidate
C01021,src/content/kata-theory/power-transfer.md,base,Blocks and Evasions,line 21,general,Blocks and Evasions,"Use kata theory PDFs, Hoei Juku manual, and lineage-specific instructor notes.",candidate
C01022,src/content/kata-theory/power-transfer.md,base,Blocks and Evasions,line 23,grading,"As a self-defense art, karate of course deals with blocks and evasions. The most confrontational is the hard, colliding block (very ""go""), where there is no evasion and the attack is completely blocked. Here, you train not only maintaining your own space but also the correct posture during this hard confrontation; you learn ""not to step aside"". Comparable to this, but somewhat more difficult, is pushing back the attack. Here, as a defender, you penetrate the attacker's space. So you come forward while blocking. The execution of the open hand block (shotei uchi uke) simultaneously with the forward movement of the entire body in Seiyunchin is an example of this.","Use kata theory PDFs, Hoei Juku manual, and lineage-specific instructor notes.",candidate
C01023,src/content/kata-theory/power-transfer.md,base,Blocks and Evasions,line 25,safety,"A third possibility for ""blocking"" is absorbing the attack. Of course, the muscles are tensed at the moment of contact; not every body part lends itself equally well to this. An example of a technique with a body ""that can take a hit"" is with the so-called ""noon-breathing"". Here, you hold your breath so that the body remains tense. The low sweeping block (gedan harai uke) with the open hand push (shotei oshi) in Sepai is performed with this breathing. When absorbing a force, you can absorb the opponent's power and use it in your subsequent technique. In kaki-e, you practice this, and it is also called 'swallowing-and-spitting'.","Use kata theory PDFs, Hoei Juku manual, and lineage-specific instructor notes.",candidate
C01024,src/content/kata-theory/power-transfer.md,base,Blocks and Evasions,line 27,technique,"With deflection, the force of the opponent's action is caught and changed in direction in a circular movement and guided past you. This is the most common block in the kata. It can also happen that when deflecting, the opponent's force is extended, as is the case with a pulling block (hiki uke).","Use kata theory PDFs, Hoei Juku manual, and lineage-specific instructor notes.",candidate
C01025,src/content/kata-theory/power-transfer.md,base,Blocks and Evasions,line 29,technique,"The last block is the evasion. Here, the opponent's force is no longer absorbed. Ideally, not only is an evasion made so that the attack misses, but a strategically favorable position is also taken for a counterattack. Try to get the opponent off balance and ensure that after the evasion, you end up in a fighting posture that is also suitable for attacking. Of course, you train such an evasion with all larger side and backward movements from the kata.","Use kata theory PDFs, Hoei Juku manual, and lineage-specific instructor notes.",candidate
C01026,src/content/kata-theory/power-transfer.nl.md,nl,Kracht Overbrengen en Verwerken,line 1,general,Kracht Overbrengen en Verwerken,"Use kata theory PDFs, Hoei Juku manual, and lineage-specific instructor notes.",candidate
C01027,src/content/kata-theory/power-transfer.nl.md,nl,Kracht Overbrengen en Verwerken,line 3,general,"Kracht overbrengen heeft voornamelijk betrekking op stoten, slagen en trappen; kracht verwerken op blokkeringen en ontwijkingen. Voor de krachtoverbrenging is het uiteraard van belang of het een arm- of beentechniek betreft, maar ook of het een slag (circulair) of een stoot (rechtlijnig) is.","Use kata theory PDFs, Hoei Juku manual, and lineage-specific instructor notes.",candidate
C01028,src/content/kata-theory/power-transfer.nl.md,nl,Slagen en Stoten,line 5,general,Slagen en Stoten,"Use kata theory PDFs, Hoei Juku manual, and lineage-specific instructor notes.",candidate
C01029,src/content/kata-theory/power-transfer.nl.md,nl,Slagen en Stoten,line 7,technique,"Een stoot is over het algemeen rechtlijnig. Op het moment van raken is er altijd focus. Een slag heeft over het algemeen een circulaire baan. Bij een 'zware slag' wordt de impact bepaald door de snelheid en massa van de arm of het been (te no omomi). Een 'harde slag' is gefocust, en de gewrichten worden kort vastgezet op het moment van raken. Een voorbeeld is de circulaire slag (mawashi furi zuki) in Sepai en de hamerslag (tettsui uchi) in Saifa.","Use kata theory PDFs, Hoei Juku manual, and lineage-specific instructor notes.",candidate
C01030,src/content/kata-theory/power-transfer.nl.md,nl,Slagen en Stoten,line 9,general,"Bij een 'continue slag' wordt de circulaire baan van de techniek als het ware 'door het lichaam van de tegenstander getrokken'. Afhankelijk van de mate van spierspanning op het moment van raken, lijkt dit op een zware of harde slag. De laatste is de 'zweepslag'. Hierbij klapt de arm of voet terug na het raken. Er is geen focus, en deze technieken worden uitgevoerd zonder spanning in de spieren en gewrichten van het bovenlichaam. Dergelijke technieken hebben minder impact en worden uitgevoerd aan het begin van combinaties of bij aanvallen op vitale punten. Bijvoorbeeld de knokkelslag (uraken uchi) in de Gekisai dai's en de uraken uchi in Saifa en Seiyunchin naar het vitale punt net boven de bovenlip (jinchu).","Use kata theory PDFs, Hoei Juku manual, and lineage-specific instructor notes.",candidate
C01031,src/content/kata-theory/power-transfer.nl.md,nl,Slagen en Stoten,line 11,technique,"Niet alle bewegingen worden op één moment gefocust. Dit zijn over het algemeen continue bewegingen, bijvoorbeeld bepaalde blokkeringen die in een min of meer circulaire beweging worden uitgevoerd. De karateka moet ervoor zorgen dat tijdens de uitvoering in de kata de aandacht uitgaat naar het denkbeeldige (soms glijdende) raakpunt van deze beweging. Dit is het geval bij veel blokkeringen, zoals de tora uchi (""tijgermuil""), de trekblokkering (hiki uke) in Saifa, en veel subtiele blokkeringen in de hogere kata.","Use kata theory PDFs, Hoei Juku manual, and lineage-specific instructor notes.",candidate
C01032,src/content/kata-theory/power-transfer.nl.md,nl,Slagen en Stoten,line 13,safety,"Duwen en trekken worden ook niet gefocust op het moment van contact. Er is geen hard contact, en de beweging wordt uitgevoerd over een langer traject. De kracht voor de duw wordt altijd vanuit de grond gegenereerd.","Use kata theory PDFs, Hoei Juku manual, and lineage-specific instructor notes.",candidate
C01033,src/content/kata-theory/power-transfer.nl.md,nl,Trappen,line 17,technique,"Bij de classificatie van trappen worden de termen 'keage' en 'kekomi' gebruikt. Keage betreft een slaande trap. Deze is minder gefocust op het moment van raken en wordt over het algemeen uitgevoerd zonder bekkenkanteling/-rotatie, eventueel met een (kleine) bekkenstrekking. Ze zijn vaak gericht op vitale punten zoals het kruis (met de bal van de voet in de Gekisai's, Saifa, Shisochin, Sanseru en Kururunfa) of de testikels (met de wreef of bal van de voet) bij kin geri.","Use kata theory PDFs, Hoei Juku manual, and lineage-specific instructor notes.",candidate
C01034,src/content/kata-theory/power-transfer.nl.md,nl,Trappen,line 19,technique,"Kekomi betreft een stotende trap. Deze is altijd gefocust, en het gebruik van het bekken wordt expliciet gebruikt. Bijna alle trappen in de kata zijn keage; alleen de zijwaartse trap (kansetsu geri) in Sanseru is kekomi. Kekomi trappen moeten echter wel frequent getraind worden (er wordt gesteld dat voor een goede ontwikkeling van de spieren voor trappen ongeveer de helft uitgevoerd dient te worden op een stootkussen of makiwara).","Use kata theory PDFs, Hoei Juku manual, and lineage-specific instructor notes.",candidate
C01035,src/content/kata-theory/power-transfer.nl.md,nl,Blokkeringen en Ontwijkingen,line 21,general,Blokkeringen en Ontwijkingen,"Use kata theory PDFs, Hoei Juku manual, and lineage-specific instructor notes.",candidate
C01036,src/content/kata-theory/power-transfer.nl.md,nl,Blokkeringen en Ontwijkingen,line 23,technique,"Als zelfverdedigingskunst behandelt karate uiteraard blokkeringen en ontwijkingen. De meest confronterende is de harde, botsende blokkering (zeer ""go""), waarbij er geen ontwijking is en de aanval volledig wordt geblokkeerd. Hier train je niet alleen het behouden van je eigen ruimte, maar ook de juiste houding tijdens deze harde confrontatie; je leert ""niet opzij te stappen"". Vergelijkbaar hiermee, maar iets moeilijker, is het terugduwen van de aanval. Hierbij dring je als verdediger de ruimte van de aanvaller binnen. Je komt dus naar voren tijdens het blokkeren. De uitvoering van de openhandblokkering (shotei uchi uke) tegelijkertijd met de voorwaartse beweging van het hele lichaam in Seiyunchin is hiervan een voorbeeld.","Use kata theory PDFs, Hoei Juku manual, and lineage-specific instructor notes.",candidate
C01037,src/content/kata-theory/power-transfer.nl.md,nl,Blokkeringen en Ontwijkingen,line 25,safety,"Een derde mogelijkheid voor ""blokkeren"" is het absorberen van de aanval. Uiteraard worden de spieren op het moment van contact aangespannen; niet elk lichaamsdeel leent zich hier even goed voor. Een voorbeeld van een techniek met een lichaam ""dat tegen een stootje kan"" is met de zogenaamde ""middagademhaling"". Hierbij houd je je adem in zodat het lichaam gespannen blijft. De lage veegblokkering (gedan harai uke) met de openhandduw (shotei oshi) in Sepai wordt met deze ademhaling uitgevoerd. Bij het absorberen van een kracht kun je de kracht van de tegenstander absorberen en gebruiken in je daaropvolgende techniek. In kaki-e oefen je dit, en het wordt ook wel 'slikken-en-spugen' genoemd.","Use kata theory PDFs, Hoei Juku manual, and lineage-specific instructor notes.",candidate
C01038,src/content/kata-theory/power-transfer.nl.md,nl,Blokkeringen en Ontwijkingen,line 27,technique,"Bij afweren wordt de kracht van de actie van de tegenstander opgevangen en van richting veranderd in een circulaire beweging en langs je geleid. Dit is de meest voorkomende blokkering in de kata. Het kan ook gebeuren dat bij het afweren de kracht van de tegenstander wordt verlengd, zoals het geval is bij een trekblokkering (hiki uke).","Use kata theory PDFs, Hoei Juku manual, and lineage-specific instructor notes.",candidate
C01039,src/content/kata-theory/power-transfer.nl.md,nl,Blokkeringen en Ontwijkingen,line 29,technique,"De laatste blokkering is de ontwijking. Hierbij wordt de kracht van de tegenstander niet langer geabsorbeerd. Idealiter wordt niet alleen een ontwijking gemaakt zodat de aanval mist, maar wordt ook een strategisch gunstige positie ingenomen voor een tegenaanval. Probeer de tegenstander uit balans te brengen en zorg ervoor dat je na de ontwijking in een vechthouding terechtkomt die ook geschikt is om aan te vallen. Uiteraard train je een dergelijke ontwijking met alle grotere zij- en achterwaartse bewegingen uit de kata.","Use kata theory PDFs, Hoei Juku manual, and lineage-specific instructor notes.",candidate
C01040,src/content/kata-theory/sources-of-power.de.md,de,Kraftquellen,line 1,general,Kraftquellen,"Use kata theory PDFs, Hoei Juku manual, and lineage-specific instructor notes.",candidate
C01041,src/content/kata-theory/sources-of-power.de.md,de,Kraftquellen,line 3,general,"Die Art und Weise, wie Kraft in Bewegung und Wirkung umgewandelt wird, unterscheidet sich bei jeder Technik. Im Goju-Ryu-Karate lassen sich drei Arten der Kraftentwicklung unterscheiden. Die drei Kraftquellen sind: Erzeugung aus dem Boden (Schubkraft), Entladungskraft (Entladungs- oder Federkraft) und Fallen (Schwerkraft). Darüber hinaus kann auch Muskelkraft eingesetzt werden, aber in unserem System gibt es keine einzige Bewegung, bei der die Kraft ausschließlich aus Muskelkraft gewonnen wird.","Use kata theory PDFs, Hoei Juku manual, and lineage-specific instructor notes.",candidate
C01042,src/content/kata-theory/sources-of-power.de.md,de,Kraft aus dem Boden (Abstoßkraft),line 5,general,Kraft aus dem Boden (Abstoßkraft),"Use kata theory PDFs, Hoei Juku manual, and lineage-specific instructor notes.",candidate
C01043,src/content/kata-theory/sources-of-power.de.md,de,Kraft aus dem Boden (Abstoßkraft),line 7,technique,"Diese Kraft wird durch Abstoßen vom Boden gewonnen. Sie tritt in verschiedenen Abstufungen auf. Sie basiert immer auf einem Stoß, der in eine Beckenbewegung umgewandelt wird. Zum Beispiel beim Abstoßen für einen Stoß (Oshi) oder einen Schritt (Ashi), möglicherweise kombiniert mit einem Schlag. Kraft wird auch aus dem Boden gewonnen, wenn man sich für einen Schlag abstößt, bei dem sich das Becken nach innen dreht, wie beim Gyaku Zuki (Gegenschlag) in Gekisai Dai Ichi oder als kleinere und subtilere Bewegung beispielsweise beim Tanden Zuki.","Use kata theory PDFs, Hoei Juku manual, and lineage-specific instructor notes.",candidate
C01044,src/content/kata-theory/sources-of-power.de.md,de,Kraft aus dem Boden (Abstoßkraft),line 9,general,"Ein geerdeter und zentrierter Karateka kann bei fast allen Techniken mehr oder weniger Kraft aus dem Boden erzeugen und nutzt diese für einen Kraftimpuls aus den Beinen und dem Becken. Die Reaktion (der Masse) des Gegners im Moment des Aufpralls (Aktion = - Reaktion) wird oft absorbiert, indem sie auf den Boden geleitet wird (siehe auch Chinkuchi Kakin im nächsten Abschnitt).","Use kata theory PDFs, Hoei Juku manual, and lineage-specific instructor notes.",candidate
C01045,src/content/kata-theory/sources-of-power.de.md,de,Entladungskraft (Entladungs- oder Federkraft),line 11,general,Entladungskraft (Entladungs- oder Federkraft),"Use kata theory PDFs, Hoei Juku manual, and lineage-specific instructor notes.",candidate
C01046,src/content/kata-theory/sources-of-power.de.md,de,Entladungskraft (Entladungs- oder Federkraft),line 13,general,"Diese Kraft wird durch das Lösen einer Vorspannung der Muskeln gewonnen, vergleichbar mit einem Pfeil, der davonfliegt, nachdem die Sehne des gespannten Bogens losgelassen wurde. Sie ist deutlich vorhanden bei der Aufwärts-Ellenbogenhebe-/-Befreiungstechnik (Hiji Age) in Seiyunchin, bei der der Körper zunächst eingerollt und während der Ausführung der Befreiungstechnik wieder gelöst wird.","Use kata theory PDFs, Hoei Juku manual, and lineage-specific instructor notes.",candidate
C01047,src/content/kata-theory/sources-of-power.de.md,de,Entladungskraft (Entladungs- oder Federkraft),line 15,general,"Sie ist subtiler vorhanden, zum Beispiel beim Messerhandschlag (Shuto Uchi) in Gekisai Dai Ichi, bei dem die Schulterblätter zunächst auseinandergezogen werden und bei der Ausführung des Shuto Uchi zurückschnellen. Zusätzlich kann der Körperteil, der die Aktion ausführt, festgehalten werden, wonach er beim Loslassen nach außen oder hinten schießt. Dies geschieht zum Beispiel beim Rückwärts-Ellbogenschlag (Ushiro Hiji Ate) in Seiyunchin, bei dem die Faust des ausführenden Arms zunächst von der anderen Hand zurückgehalten wird.","Use kata theory PDFs, Hoei Juku manual, and lineage-specific instructor notes.",candidate
C01048,src/content/kata-theory/sources-of-power.de.md,de,Kraft durch Schwerkraft,line 17,general,Kraft durch Schwerkraft,"Use kata theory PDFs, Hoei Juku manual, and lineage-specific instructor notes.",candidate
C01049,src/content/kata-theory/sources-of-power.de.md,de,Kraft durch Schwerkraft,line 19,grading,"Diese Kraft wird gewonnen, indem man seinen Körper oder einen Körperteil fallen lässt. Der Kreuzblock (Kosa Uke) in Sanseru und der Doppelschlag mit der Mittelfingerfaust (Morote Nakadaka Ippon Zuki) in Sepai sind Beispiele, bei denen die Kraft aus dem Fallen in einen tiefen Shiko Dachi gewonnen wird. Beispiele für das Fallenlassen eines Körperteils sind der Abwärtsblock (Otoshi Uke) in Seiyunchin und der tiefe Schwungschlag (Gedan Furi Uchi) in Saifa.","Use kata theory PDFs, Hoei Juku manual, and lineage-specific instructor notes.",candidate
C01050,src/content/kata-theory/sources-of-power.es.md,es,Fuentes de Poder,line 1,general,Fuentes de Poder,"Use kata theory PDFs, Hoei Juku manual, and lineage-specific instructor notes.",candidate
C01051,src/content/kata-theory/sources-of-power.es.md,es,Fuentes de Poder,line 3,general,"La forma en que el poder se convierte en movimiento e impacto difiere en cada técnica. Se pueden distinguir tres formas en que se desarrolla el poder en el karate Goju-ryu. Las tres fuentes de poder son: generar desde el suelo (fuerza de empuje), poder de descarga (descarga o poder de resorte) y caída (gravedad). Además, también se puede utilizar el poder muscular, pero en nuestro sistema, no hay un solo movimiento en el que el poder se derive exclusivamente del poder muscular.","Use kata theory PDFs, Hoei Juku manual, and lineage-specific instructor notes.",candidate
C01052,src/content/kata-theory/sources-of-power.es.md,es,Poder desde el Suelo (Fuerza de Empuje),line 5,general,Poder desde el Suelo (Fuerza de Empuje),"Use kata theory PDFs, Hoei Juku manual, and lineage-specific instructor notes.",candidate
C01053,src/content/kata-theory/sources-of-power.es.md,es,Poder desde el Suelo (Fuerza de Empuje),line 7,technique,"Este poder se obtiene empujando contra el suelo. Ocurre en varias gradaciones. Siempre se basa en un empujón que se convierte en un movimiento pélvico. Por ejemplo, al empujar para un empujón (oshi), o un paso (ashi), posiblemente combinado con un puñetazo. El poder también se deriva del suelo al empujar para un puñetazo donde la pelvis gira hacia adentro, como el gyaku zuki (puñetazo inverso) en Gekisai dai ichi o como un movimiento más pequeño y sutil en tanden zuki, por ejemplo.","Use kata theory PDFs, Hoei Juku manual, and lineage-specific instructor notes.",candidate
C01054,src/content/kata-theory/sources-of-power.es.md,es,Poder desde el Suelo (Fuerza de Empuje),line 9,general,Un karateka conectado a tierra y centrado puede generar más o menos poder desde el suelo en casi todas las técnicas y lo utiliza para un impulso de poder desde las piernas y la pelvis. La reacción de (la masa de) el oponente en el momento del impacto (acción = - reacción) a menudo se absorbe dirigiéndola al suelo (ver también chinkuchi kakin en el siguiente párrafo).,"Use kata theory PDFs, Hoei Juku manual, and lineage-specific instructor notes.",candidate
C01055,src/content/kata-theory/sources-of-power.es.md,es,Poder de Descarga (Descarga o Poder de Resorte),line 11,general,Poder de Descarga (Descarga o Poder de Resorte),"Use kata theory PDFs, Hoei Juku manual, and lineage-specific instructor notes.",candidate
C01056,src/content/kata-theory/sources-of-power.es.md,es,Poder de Descarga (Descarga o Poder de Resorte),line 13,general,"Este poder se obtiene liberando una pretensión de los músculos, comparable a una flecha que vuela después de que se suelta la cuerda del arco tensado. Está claramente presente en la técnica de elevación/liberación del codo hacia arriba (hiji age) en Seiyunchin, donde el cuerpo primero se encoge y se libera durante la ejecución de la técnica de liberación.","Use kata theory PDFs, Hoei Juku manual, and lineage-specific instructor notes.",candidate
C01057,src/content/kata-theory/sources-of-power.es.md,es,Poder de Descarga (Descarga o Poder de Resorte),line 15,general,"Está presente de forma más sutil, por ejemplo, en el golpe de mano de cuchillo (shuto uchi) en Gekisai dai ichi, donde los omóplatos primero se separan y retroceden durante la ejecución del shuto uchi. Además, la parte del cuerpo que realiza la acción puede sujetarse, después de lo cual se dispara hacia afuera o hacia atrás cuando se suelta. Esto sucede, por ejemplo, en el golpe de codo hacia atrás (ushiro hiji ate) en Seiyunchin, donde el puño del brazo ejecutor es inicialmente sujetado por la otra mano.","Use kata theory PDFs, Hoei Juku manual, and lineage-specific instructor notes.",candidate
C01058,src/content/kata-theory/sources-of-power.es.md,es,Poder a través de la Gravedad,line 17,general,Poder a través de la Gravedad,"Use kata theory PDFs, Hoei Juku manual, and lineage-specific instructor notes.",candidate
C01059,src/content/kata-theory/sources-of-power.es.md,es,Poder a través de la Gravedad,line 19,grading,Este poder se obtiene dejando caer el cuerpo o una parte del cuerpo. El bloqueo cruzado (kosa uke) en Sanseru y el doble puñetazo con el puño del dedo medio (morote nakadaka ippon zuki) en Sepai son ejemplos donde el poder se deriva de caer en un shiko dachi profundo. Ejemplos de dejar caer una parte del cuerpo son el bloqueo hacia abajo (otoshi uke) en Seiyunchin y el golpe de barrido bajo (gedan furi uchi) en Saifa.,"Use kata theory PDFs, Hoei Juku manual, and lineage-specific instructor notes.",candidate
C01060,src/content/kata-theory/sources-of-power.fr.md,fr,Sources de Puissance,line 1,general,Sources de Puissance,"Use kata theory PDFs, Hoei Juku manual, and lineage-specific instructor notes.",candidate
C01061,src/content/kata-theory/sources-of-power.fr.md,fr,Sources de Puissance,line 3,grading,"La manière dont la puissance est convertie en mouvement et en impact diffère pour chaque technique. On peut distinguer trois façons dont la puissance est développée dans le karaté Goju-ryu. Les trois sources de puissance sont : la génération à partir du sol (force de poussée), la puissance de décharge (puissance de décharge ou de ressort), et la chute (gravité). De plus, la puissance musculaire peut également être utilisée, mais dans notre système, il n'y a aucun mouvement unique dans lequel la puissance est dérivée exclusivement de la puissance musculaire.","Use kata theory PDFs, Hoei Juku manual, and lineage-specific instructor notes.",candidate
C01062,src/content/kata-theory/sources-of-power.fr.md,fr,Puissance provenant du Sol (Force de Poussée),line 5,general,Puissance provenant du Sol (Force de Poussée),"Use kata theory PDFs, Hoei Juku manual, and lineage-specific instructor notes.",candidate
C01063,src/content/kata-theory/sources-of-power.fr.md,fr,Puissance provenant du Sol (Force de Poussée),line 7,grading,"Cette puissance est obtenue en poussant contre le sol. Elle se manifeste à différents degrés. Elle est toujours basée sur une poussée qui est convertie en un mouvement pelvien. Par exemple, en poussant pour une poussée (oshi), ou un pas (ashi), éventuellement combiné à un coup de poing. La puissance est également dérivée du sol en poussant pour un coup de poing où le bassin tourne vers l'intérieur, comme le gyaku zuki (coup de poing inversé) dans Gekisai dai ichi ou comme un mouvement plus petit et plus subtil dans le tanden zuki, par exemple.","Use kata theory PDFs, Hoei Juku manual, and lineage-specific instructor notes.",candidate
C01064,src/content/kata-theory/sources-of-power.fr.md,fr,Puissance provenant du Sol (Force de Poussée),line 9,grading,Un karatéka ancré et centré peut générer plus ou moins de puissance à partir du sol dans presque toutes les techniques et l'utilise pour une impulsion de puissance provenant des jambes et du bassin. La réaction (de la masse) de l'adversaire au moment de l'impact (action = - réaction) est souvent absorbée en la dirigeant vers le sol (voir aussi chinkuchi kakin dans le paragraphe suivant).,"Use kata theory PDFs, Hoei Juku manual, and lineage-specific instructor notes.",candidate
C01065,src/content/kata-theory/sources-of-power.fr.md,fr,Puissance de Décharge (Puissance de Décharge ou de Ressort),line 11,general,Puissance de Décharge (Puissance de Décharge ou de Ressort),"Use kata theory PDFs, Hoei Juku manual, and lineage-specific instructor notes.",candidate
C01066,src/content/kata-theory/sources-of-power.fr.md,fr,Puissance de Décharge (Puissance de Décharge ou de Ressort),line 13,grading,"Cette puissance est obtenue en relâchant une pré-tension des muscles, comparable à une flèche qui s'envole après que la corde de l'arc tendu est relâchée. Elle est clairement présente dans la technique de levage/libération du coude vers le haut (hiji age) à Seiyunchin, où le corps est d'abord enroulé puis relâché lors de l'exécution de la technique de libération.","Use kata theory PDFs, Hoei Juku manual, and lineage-specific instructor notes.",candidate
C01067,src/content/kata-theory/sources-of-power.fr.md,fr,Puissance de Décharge (Puissance de Décharge ou de Ressort),line 15,grading,"Elle est plus subtilement présente, par exemple, dans le coup de tranchant de la main (shuto uchi) à Gekisai dai ichi, où les omoplates sont d'abord écartées puis reviennent en place lors de l'exécution du shuto uchi. De plus, la partie du corps effectuant l'action peut être maintenue contre, après quoi elle jaillit vers l'extérieur ou vers l'arrière lorsqu'elle est relâchée. Cela se produit, par exemple, dans le coup de coude arrière (ushiro hiji ate) à Seiyunchin, où le poing du bras exécutant est initialement retenu par l'autre main.","Use kata theory PDFs, Hoei Juku manual, and lineage-specific instructor notes.",candidate
C01068,src/content/kata-theory/sources-of-power.fr.md,fr,Puissance par la Gravité,line 17,general,Puissance par la Gravité,"Use kata theory PDFs, Hoei Juku manual, and lineage-specific instructor notes.",candidate
C01069,src/content/kata-theory/sources-of-power.fr.md,fr,Puissance par la Gravité,line 19,grading,Cette puissance est obtenue en laissant tomber votre corps ou une partie de votre corps. Le blocage croisé (kosa uke) à Sanseru et le double coup de poing avec le poing du majeur (morote nakadaka ippon zuki) à Sepai sont des exemples où la puissance est dérivée de la chute dans un shiko dachi profond. Des exemples de chute d'une partie du corps sont le blocage vers le bas (otoshi uke) à Seiyunchin et le coup de balayage bas (gedan furi uchi) à Saifa.,"Use kata theory PDFs, Hoei Juku manual, and lineage-specific instructor notes.",candidate
C01070,src/content/kata-theory/sources-of-power.it.md,it,Fonti di Potenza,line 1,general,Fonti di Potenza,"Use kata theory PDFs, Hoei Juku manual, and lineage-specific instructor notes.",candidate
C01071,src/content/kata-theory/sources-of-power.it.md,it,Fonti di Potenza,line 3,general,"Il modo in cui la potenza viene convertita in movimento e impatto differisce in ogni tecnica. Si possono distinguere tre modi in cui la potenza viene sviluppata nel karate Goju-ryu. Le tre fonti di potenza sono: generazione dal suolo (forza di spinta), potenza di scarico (scarico o potenza elastica) e caduta (gravità). Inoltre, può essere utilizzata anche la potenza muscolare, ma nel nostro sistema non esiste un singolo movimento in cui la potenza derivi esclusivamente dalla potenza muscolare.","Use kata theory PDFs, Hoei Juku manual, and lineage-specific instructor notes.",candidate
C01072,src/content/kata-theory/sources-of-power.it.md,it,Potenza dal Suolo (Forza di Spinta),line 5,general,Potenza dal Suolo (Forza di Spinta),"Use kata theory PDFs, Hoei Juku manual, and lineage-specific instructor notes.",candidate
C01073,src/content/kata-theory/sources-of-power.it.md,it,Potenza dal Suolo (Forza di Spinta),line 7,technique,"Questa potenza si ottiene spingendo contro il suolo. Si manifesta in varie gradazioni. Si basa sempre su una spinta che viene convertita in un movimento pelvico. Ad esempio, quando si spinge per una spinta (oshi), o un passo (ashi), eventualmente combinato con un pugno. La potenza deriva anche dal suolo quando si spinge per un pugno in cui il bacino ruota verso l'interno, come il gyaku zuki (pugno inverso) nel Gekisai dai ichi o come un movimento più piccolo e sottile nel tanden zuki, ad esempio.","Use kata theory PDFs, Hoei Juku manual, and lineage-specific instructor notes.",candidate
C01074,src/content/kata-theory/sources-of-power.it.md,it,Potenza dal Suolo (Forza di Spinta),line 9,general,Un karateka radicato e centrato può generare più o meno potenza dal suolo in quasi tutte le tecniche e la utilizza per un impulso di potenza dalle gambe e dal bacino. La reazione (della massa) dell'avversario al momento dell'impatto (azione = - reazione) viene spesso assorbita dirigendola verso il suolo (vedi anche chinkuchi kakin nel paragrafo successivo).,"Use kata theory PDFs, Hoei Juku manual, and lineage-specific instructor notes.",candidate
C01075,src/content/kata-theory/sources-of-power.it.md,it,Potenza di Scarico (Scarico o Potenza Elastica),line 11,general,Potenza di Scarico (Scarico o Potenza Elastica),"Use kata theory PDFs, Hoei Juku manual, and lineage-specific instructor notes.",candidate
C01076,src/content/kata-theory/sources-of-power.it.md,it,Potenza di Scarico (Scarico o Potenza Elastica),line 13,general,"Questa potenza si ottiene rilasciando una pre-tensione dei muscoli, paragonabile a una freccia che vola via dopo che la corda dell'arco teso viene rilasciata. È chiaramente presente nella tecnica di sollevamento/liberazione del gomito verso l'alto (hiji age) in Seiyunchin, dove il corpo viene prima raccolto e rilasciato durante l'esecuzione della tecnica di liberazione.","Use kata theory PDFs, Hoei Juku manual, and lineage-specific instructor notes.",candidate
C01077,src/content/kata-theory/sources-of-power.it.md,it,Potenza di Scarico (Scarico o Potenza Elastica),line 15,general,"È presente in modo più sottile, ad esempio, nel colpo di taglio della mano (shuto uchi) nel Gekisai dai ichi, dove le scapole vengono prima separate e poi scattano indietro durante l'esecuzione dello shuto uchi. Inoltre, la parte del corpo che esegue l'azione può essere trattenuta, dopodiché scatta verso l'esterno o all'indietro quando viene rilasciata. Ciò accade, ad esempio, nel colpo di gomito all'indietro (ushiro hiji ate) in Seiyunchin, dove il pugno del braccio che esegue viene inizialmente trattenuto dall'altra mano.","Use kata theory PDFs, Hoei Juku manual, and lineage-specific instructor notes.",candidate
C01078,src/content/kata-theory/sources-of-power.it.md,it,Potenza attraverso la Gravità,line 17,general,Potenza attraverso la Gravità,"Use kata theory PDFs, Hoei Juku manual, and lineage-specific instructor notes.",candidate
C01079,src/content/kata-theory/sources-of-power.it.md,it,Potenza attraverso la Gravità,line 19,grading,Questa potenza si ottiene lasciando cadere il corpo o una parte del corpo. Il blocco incrociato (kosa uke) in Sanseru e il doppio pugno con il pugno del dito medio (morote nakadaka ippon zuki) in Sepai sono esempi in cui la potenza deriva dalla caduta in uno shiko dachi profondo. Esempi di caduta di una parte del corpo sono il blocco verso il basso (otoshi uke) in Seiyunchin e il colpo oscillante basso (gedan furi uchi) in Saifa.,"Use kata theory PDFs, Hoei Juku manual, and lineage-specific instructor notes.",candidate
C01080,src/content/kata-theory/sources-of-power.md,base,Sources of Power,line 1,general,Sources of Power,"Use kata theory PDFs, Hoei Juku manual, and lineage-specific instructor notes.",candidate
C01081,src/content/kata-theory/sources-of-power.md,base,Sources of Power,line 3,general,"The way power is converted into movement and impact differs in each technique. Three ways can be distinguished in which power is developed in Goju-ryu karate. The three sources of power are: generating from the ground (pushing force), discharging power (discharge or spring power), and falling (gravity). In addition, muscle power can also be used, but in our system, there is no single movement in which power is derived exclusively from muscle power.","Use kata theory PDFs, Hoei Juku manual, and lineage-specific instructor notes.",candidate
C01082,src/content/kata-theory/sources-of-power.md,base,Power from the Ground (Push-off Force),line 5,general,Power from the Ground (Push-off Force),"Use kata theory PDFs, Hoei Juku manual, and lineage-specific instructor notes.",candidate
C01083,src/content/kata-theory/sources-of-power.md,base,Power from the Ground (Push-off Force),line 7,grading,"This power is obtained by pushing off against the ground. It occurs in various gradations. It is always based on a push that is converted into a pelvic movement. For example, when pushing off for a push (oshi), or a step (ashi), possibly combined with a punch. Power is also derived from the ground when pushing off for a punch where the pelvis turns inward, such as the gyaku zuki (reverse punch) in Gekisai dai ichi or as a smaller and more subtle movement in tanden zuki, for example.","Use kata theory PDFs, Hoei Juku manual, and lineage-specific instructor notes.",candidate
C01084,src/content/kata-theory/sources-of-power.md,base,Power from the Ground (Push-off Force),line 9,general,A grounded and centered karateka can generate more or less power from the ground in almost all techniques and uses this for a power impulse from the legs and pelvis. The reaction of (the mass of) the opponent at the moment of impact (action = - reaction) is often absorbed by directing it to the ground (see also chinkuchi kakin in the next paragraph).,"Use kata theory PDFs, Hoei Juku manual, and lineage-specific instructor notes.",candidate
C01085,src/content/kata-theory/sources-of-power.md,base,Discharging Power (Discharge or Spring Power),line 11,general,Discharging Power (Discharge or Spring Power),"Use kata theory PDFs, Hoei Juku manual, and lineage-specific instructor notes.",candidate
C01086,src/content/kata-theory/sources-of-power.md,base,Discharging Power (Discharge or Spring Power),line 13,general,"This power is obtained by releasing a pre-tension of the muscles, comparable to an arrow that flies away after the string of the tensioned bow is released. It is clearly present in the upward elbow lift/liberation technique (hiji age) in Seiyunchin, where the body is first curled up and released during the execution of the liberation technique.","Use kata theory PDFs, Hoei Juku manual, and lineage-specific instructor notes.",candidate
C01087,src/content/kata-theory/sources-of-power.md,base,Discharging Power (Discharge or Spring Power),line 15,grading,"It is more subtly present in, for example, the knife hand strike (shuto uchi) in Gekisai dai ichi, where the shoulder blades are first pulled apart and snap back during the execution of the shuto uchi. Additionally, the body part performing the action can be held against, after which it shoots out or back when it is released. This happens, for example, in the backward elbow strike (ushiro hiji ate) in Seiyunchin, where the fist of the executing arm is initially held back by the other hand.","Use kata theory PDFs, Hoei Juku manual, and lineage-specific instructor notes.",candidate
C01088,src/content/kata-theory/sources-of-power.md,base,Power through Gravity,line 17,general,Power through Gravity,"Use kata theory PDFs, Hoei Juku manual, and lineage-specific instructor notes.",candidate
C01089,src/content/kata-theory/sources-of-power.md,base,Power through Gravity,line 19,grading,This power is obtained by letting your body or a body part fall. The cross block (kosa uke) in Sanseru and the double punch with the middle finger fist (morote nakadaka ippon zuki) in Sepai are examples where the power is derived from falling into a deep shiko dachi. Examples of dropping a body part are the downward block (otoshi uke) in Seiyunchin and the low swing strike (gedan furi uchi) in Saifa.,"Use kata theory PDFs, Hoei Juku manual, and lineage-specific instructor notes.",candidate
C01090,src/content/kata-theory/sources-of-power.nl.md,nl,Krachtbronnen,line 1,general,Krachtbronnen,"Use kata theory PDFs, Hoei Juku manual, and lineage-specific instructor notes.",candidate
C01091,src/content/kata-theory/sources-of-power.nl.md,nl,Krachtbronnen,line 3,general,"De manier waarop kracht wordt omgezet in beweging en impact verschilt per techniek. Er kunnen drie manieren worden onderscheiden waarop kracht wordt ontwikkeld in Goju-ryu karate. De drie krachtbronnen zijn: genereren vanuit de grond (duwkracht), ontladingskracht (ontladings- of veerkracht), en vallen (zwaartekracht). Daarnaast kan ook spierkracht worden gebruikt, maar in ons systeem is er geen enkele beweging waarbij kracht uitsluitend uit spierkracht wordt gehaald.","Use kata theory PDFs, Hoei Juku manual, and lineage-specific instructor notes.",candidate
C01092,src/content/kata-theory/sources-of-power.nl.md,nl,Kracht vanuit de Grond (Duwkracht),line 5,general,Kracht vanuit de Grond (Duwkracht),"Use kata theory PDFs, Hoei Juku manual, and lineage-specific instructor notes.",candidate
C01093,src/content/kata-theory/sources-of-power.nl.md,nl,Kracht vanuit de Grond (Duwkracht),line 7,technique,"Deze kracht wordt verkregen door af te zetten tegen de grond. Het komt in verschillende gradaties voor. Het is altijd gebaseerd op een duw die wordt omgezet in een bekkenbeweging. Bijvoorbeeld bij het afzetten voor een duw (oshi), of een stap (ashi), eventueel gecombineerd met een stoot. Kracht wordt ook uit de grond gehaald bij het afzetten voor een stoot waarbij het bekken naar binnen draait, zoals de gyaku zuki (tegengestelde stoot) in Gekisai dai ichi of als een kleinere en subtielere beweging in tanden zuki, bijvoorbeeld.","Use kata theory PDFs, Hoei Juku manual, and lineage-specific instructor notes.",candidate
C01094,src/content/kata-theory/sources-of-power.nl.md,nl,Kracht vanuit de Grond (Duwkracht),line 9,general,Een geaarde en gecentreerde karateka kan in bijna alle technieken min of meer kracht uit de grond genereren en gebruikt dit voor een krachtimpuls vanuit de benen en het bekken. De reactie van (de massa van) de tegenstander op het moment van impact (actie = - reactie) wordt vaak opgevangen door deze naar de grond te leiden (zie ook chinkuchi kakin in de volgende paragraaf).,"Use kata theory PDFs, Hoei Juku manual, and lineage-specific instructor notes.",candidate
C01095,src/content/kata-theory/sources-of-power.nl.md,nl,Ontladingskracht (Ontladings- of Veerkracht),line 11,general,Ontladingskracht (Ontladings- of Veerkracht),"Use kata theory PDFs, Hoei Juku manual, and lineage-specific instructor notes.",candidate
C01096,src/content/kata-theory/sources-of-power.nl.md,nl,Ontladingskracht (Ontladings- of Veerkracht),line 13,general,"Deze kracht wordt verkregen door het loslaten van een voorspanning van de spieren, vergelijkbaar met een pijl die wegvliegt nadat de pees van de gespannen boog is losgelaten. Het is duidelijk aanwezig in de opwaartse ellebooglift/bevrijdingstechniek (hiji age) in Seiyunchin, waarbij het lichaam eerst wordt opgerold en losgelaten tijdens de uitvoering van de bevrijdingstechniek.","Use kata theory PDFs, Hoei Juku manual, and lineage-specific instructor notes.",candidate
C01097,src/content/kata-theory/sources-of-power.nl.md,nl,Ontladingskracht (Ontladings- of Veerkracht),line 15,general,"Het is subtieler aanwezig in bijvoorbeeld de meshandslag (shuto uchi) in Gekisai dai ichi, waarbij de schouderbladen eerst uit elkaar worden getrokken en terugspringen tijdens de uitvoering van de shuto uchi. Daarnaast kan het lichaamsdeel dat de actie uitvoert, worden tegengehouden, waarna het naar buiten of naar achteren schiet wanneer het wordt losgelaten. Dit gebeurt bijvoorbeeld bij de achterwaartse elleboogstoot (ushiro hiji ate) in Seiyunchin, waarbij de vuist van de uitvoerende arm aanvankelijk wordt tegengehouden door de andere hand.","Use kata theory PDFs, Hoei Juku manual, and lineage-specific instructor notes.",candidate
C01098,src/content/kata-theory/sources-of-power.nl.md,nl,Kracht door Zwaartekracht,line 17,general,Kracht door Zwaartekracht,"Use kata theory PDFs, Hoei Juku manual, and lineage-specific instructor notes.",candidate
C01099,src/content/kata-theory/sources-of-power.nl.md,nl,Kracht door Zwaartekracht,line 19,grading,Deze kracht wordt verkregen door je lichaam of een lichaamsdeel te laten vallen. De kruisblokkering (kosa uke) in Sanseru en de dubbele stoot met de middelvingervuist (morote nakadaka ippon zuki) in Sepai zijn voorbeelden waarbij de kracht wordt gehaald uit het vallen in een diepe shiko dachi. Voorbeelden van het laten vallen van een lichaamsdeel zijn de neerwaartse blokkering (otoshi uke) in Seiyunchin en de lage zwaaislag (gedan furi uchi) in Saifa.,"Use kata theory PDFs, Hoei Juku manual, and lineage-specific instructor notes.",candidate
C01100,src/content/kata-theory/what-are-kata.de.md,de,Was sind Kata?,line 1,technique,Was sind Kata?,"Use kata theory PDFs, Hoei Juku manual, and lineage-specific instructor notes.",candidate
C01101,src/content/kata-theory/what-are-kata.de.md,de,Was sind Kata?,line 3,technique,"Kata sind individuelle Übungen, die aus einer Reihe verschiedener Techniken bestehen, die in einer festgelegten und logischen Weise aufeinander folgen. Die Ausführung ist detailliert vorgeschrieben. Obwohl sie nicht alle Techniken eines bestimmten Stils enthalten, enthalten sie doch die meisten davon und alle Grundprinzipien bezüglich Kampfszenarien, Haltung, Kraftentfaltung usw.","Use kata theory PDFs, Hoei Juku manual, and lineage-specific instructor notes.",candidate
C01102,src/content/kata-theory/what-are-kata.de.md,de,Was sind Kata?,line 5,technique,"Kata sind ein zentraler Bestandteil der Karatepraxis und charakteristisch für einen bestimmten Stil. Die Kata des Goju-Ryu werden in Heishugata (geschlossene Hand) und Kaishugata (offene Hand) unterteilt. Bei den ""geschlossene Hand""-Kata ist das Tanden kontinuierlich geschlossen. Das bedeutet, dass Ihr Unterbauch kontinuierlich angespannt ist und Ihr Becken nach hinten gekippt ist, als ob der Atem im Unterbauch aufgerollt wäre. Bei den ""offene Hand""-Kata wird das Tanden nur im Moment des Fokus geschlossen. Sie zeichnen sich durch den Wechsel von Spannung und Entspannung aus.","Use kata theory PDFs, Hoei Juku manual, and lineage-specific instructor notes.",candidate
C01103,src/content/kata-theory/what-are-kata.de.md,de,Was sind Kata?,line 7,technique,"Goju-Ryu hat 12 Kata, von denen zwei Heishugata sind: Sanchin und Tensho. Sanchin wird in zwei Formen trainiert: die von Sensei Kanryo Higaonna gelehrte Form und die von Chojun Miyagi, dem Begründer unseres Stils, entwickelte Sanchin. Die anderen 10 Kata sind Kaishugata. Dies sind Gekisai dai ichi, Gekisai dai ni, Saifa, Seiyunchin, Shisochin, Sanseru, Sepai, Kururunfa, Sesan und Peichurin.","Use kata theory PDFs, Hoei Juku manual, and lineage-specific instructor notes.",candidate
C01104,src/content/kata-theory/what-are-kata.de.md,de,Was sind Kata?,line 9,technique,"Die Kata wurden von Meistern der Kampfkünste entwickelt, und es ist oft nicht bekannt, wer, wann und warum die Kata geschaffen hat. Da die ursprüngliche Absicht des Schöpfers oft unbekannt ist, ist es unerwünscht, eine Kata zu verändern.","Use kata theory PDFs, Hoei Juku manual, and lineage-specific instructor notes.",candidate
C01105,src/content/kata-theory/what-are-kata.es.md,es,¿Qué son los Kata?,line 1,technique,¿Qué son los Kata?,"Use kata theory PDFs, Hoei Juku manual, and lineage-specific instructor notes.",candidate
C01106,src/content/kata-theory/what-are-kata.es.md,es,¿Qué son los Kata?,line 3,technique,"Los kata son ejercicios individuales que consisten en una serie de técnicas diferentes que se suceden de forma fija y lógica. La ejecución está prescrita en detalle. Aunque no contienen todas las técnicas de un estilo particular, sí contienen la mayoría de ellas y todos los principios básicos relativos a escenarios de combate, postura, entrega de potencia, etc.","Use kata theory PDFs, Hoei Juku manual, and lineage-specific instructor notes.",candidate
C01107,src/content/kata-theory/what-are-kata.es.md,es,¿Qué son los Kata?,line 5,technique,"Los kata son una parte central de la práctica del karate y son característicos de un estilo particular. Los kata de Goju-ryu se dividen en heishugata (mano cerrada) y kaishugata (mano abierta). En los kata de ""mano cerrada"", el tanden está continuamente cerrado. Esto significa que la parte inferior del abdomen está continuamente tensa y la pelvis inclinada hacia atrás, como si la respiración en la parte inferior del abdomen estuviera enrollada. En los kata de ""mano abierta"", el tanden solo se cierra en el momento de la concentración. Se caracterizan por la alternancia de tensión y relajación.","Use kata theory PDFs, Hoei Juku manual, and lineage-specific instructor notes.",candidate
C01108,src/content/kata-theory/what-are-kata.es.md,es,¿Qué son los Kata?,line 7,technique,"Goju-Ryu tiene 12 kata, dos de los cuales son heishugata: Sanchin y Tensho. Sanchin se entrena en dos formas: la forma enseñada por Sensei Kanryo Higaonna y el Sanchin desarrollado por Chojun Miyagi, el fundador de nuestro estilo. Los otros 10 kata son kaishugata. Estos son Gekisai dai ichi, Gekisai dai ni, Saifa, Seiyunchin, Shisochin, Sanseru, Sepai, Kururunfa, Sesan y Peichurin.","Use kata theory PDFs, Hoei Juku manual, and lineage-specific instructor notes.",candidate
C01109,src/content/kata-theory/what-are-kata.es.md,es,¿Qué son los Kata?,line 9,technique,"Los kata fueron desarrollados por maestros en las artes marciales y a menudo no se sabe quién, cuándo y por qué creó el kata. Debido a que la intención original del creador a menudo se desconoce, no es deseable cambiar un kata.","Use kata theory PDFs, Hoei Juku manual, and lineage-specific instructor notes.",candidate
C01110,src/content/kata-theory/what-are-kata.fr.md,fr,Que sont les Kata ?,line 1,technique,Que sont les Kata ?,"Use kata theory PDFs, Hoei Juku manual, and lineage-specific instructor notes.",candidate
C01111,src/content/kata-theory/what-are-kata.fr.md,fr,Que sont les Kata ?,line 3,technique,"Les katas sont des exercices individuels composés d'un certain nombre de techniques différentes qui se succèdent de manière fixe et logique. L'exécution est prescrite en détail. Bien qu'ils ne contiennent pas toutes les techniques d'un style particulier, ils en contiennent la plupart ainsi que tous les principes de base concernant les scénarios de combat, la posture, la transmission de la puissance, etc.","Use kata theory PDFs, Hoei Juku manual, and lineage-specific instructor notes.",candidate
C01112,src/content/kata-theory/what-are-kata.fr.md,fr,Que sont les Kata ?,line 5,grading,"Les katas constituent un élément central de la pratique du karaté et sont caractéristiques d'un style particulier. Les katas du Goju-ryu sont divisés en heishugata (main fermée) et kaishugata (main ouverte). Dans les katas à « main fermée », le tanden est continuellement fermé. Cela signifie que votre bas-ventre est continuellement tendu et que votre bassin est basculé vers l'arrière, comme si le souffle dans le bas-ventre était enroulé. Dans les katas à « main ouverte », le tanden n'est fermé qu'au moment de la concentration. Ils se caractérisent par l'alternance de tension et de relâchement.","Use kata theory PDFs, Hoei Juku manual, and lineage-specific instructor notes.",candidate
C01113,src/content/kata-theory/what-are-kata.fr.md,fr,Que sont les Kata ?,line 7,technique,"Le Goju-Ryu compte 12 katas, dont deux sont des heishugata : Sanchin et Tensho. Sanchin est entraîné sous deux formes : la forme enseignée par Sensei Kanryo Higaonna et le Sanchin développé par Chojun Miyagi, le fondateur de notre style. Les 10 autres katas sont des kaishugata. Ce sont Gekisai dai ichi, Gekisai dai ni, Saifa, Seiyunchin, Shisochin, Sanseru, Sepai, Kururunfa, Sesan et Peichurin.","Use kata theory PDFs, Hoei Juku manual, and lineage-specific instructor notes.",candidate
C01114,src/content/kata-theory/what-are-kata.fr.md,fr,Que sont les Kata ?,line 9,technique,"Les katas ont été développés par des maîtres des arts martiaux et on ne sait souvent pas qui, quand et pourquoi a créé le kata. L'intention originelle du créateur étant souvent inconnue, il n'est pas souhaitable de modifier un kata.","Use kata theory PDFs, Hoei Juku manual, and lineage-specific instructor notes.",candidate
C01115,src/content/kata-theory/what-are-kata.it.md,it,Cosa sono i Kata?,line 1,technique,Cosa sono i Kata?,"Use kata theory PDFs, Hoei Juku manual, and lineage-specific instructor notes.",candidate
C01116,src/content/kata-theory/what-are-kata.it.md,it,Cosa sono i Kata?,line 3,technique,"I kata sono esercizi individuali costituiti da una serie di tecniche diverse che si susseguono in modo fisso e logico. L'esecuzione è prescritta in dettaglio. Sebbene non contengano tutte le tecniche di uno stile particolare, ne contengono la maggior parte e tutti i principi di base relativi a scenari di combattimento, postura, erogazione della potenza e così via.","Use kata theory PDFs, Hoei Juku manual, and lineage-specific instructor notes.",candidate
C01117,src/content/kata-theory/what-are-kata.it.md,it,Cosa sono i Kata?,line 5,technique,"I kata sono una parte centrale della pratica del karate e sono caratteristici di uno stile particolare. I kata del Goju-ryu sono divisi in heishugata (mano chiusa) e kaishugata (mano aperta). Nei kata a ""mano chiusa"", il tanden è continuamente chiuso. Ciò significa che la parte inferiore dell'addome è continuamente tesa e il bacino è inclinato all'indietro, come se il respiro nella parte inferiore dell'addome fosse arrotolato. Nei kata a ""mano aperta"", il tanden viene chiuso solo al momento della concentrazione. Sono caratterizzati dall'alternanza di tensione e rilassamento.","Use kata theory PDFs, Hoei Juku manual, and lineage-specific instructor notes.",candidate
C01118,src/content/kata-theory/what-are-kata.it.md,it,Cosa sono i Kata?,line 7,technique,"Il Goju-Ryu ha 12 kata, due dei quali sono heishugata: Sanchin e Tensho. Sanchin viene allenato in due forme: la forma insegnata da Sensei Kanryo Higaonna e il Sanchin sviluppato da Chojun Miyagi, il fondatore del nostro stile. Gli altri 10 kata sono kaishugata. Questi sono Gekisai dai ichi, Gekisai dai ni, Saifa, Seiyunchin, Shisochin, Sanseru, Sepai, Kururunfa, Sesan e Peichurin.","Use kata theory PDFs, Hoei Juku manual, and lineage-specific instructor notes.",candidate
C01119,src/content/kata-theory/what-are-kata.it.md,it,Cosa sono i Kata?,line 9,technique,"I kata sono stati sviluppati da maestri nelle arti marziali e spesso non si sa chi, quando e perché abbia creato il kata. Poiché l'intenzione originale del creatore è spesso sconosciuta, non è desiderabile modificare un kata.","Use kata theory PDFs, Hoei Juku manual, and lineage-specific instructor notes.",candidate
C01120,src/content/kata-theory/what-are-kata.md,base,What are Kata?,line 1,technique,What are Kata?,"Use kata theory PDFs, Hoei Juku manual, and lineage-specific instructor notes.",candidate
C01121,src/content/kata-theory/what-are-kata.md,base,What are Kata?,line 3,technique,"Kata are individual exercises consisting of a number of different techniques that follow each other in a fixed and logical way. The execution is prescribed in detail. Although they do not contain all the techniques of a particular style, they do contain most of them and all the basic principles regarding combat scenarios, posture, power delivery, and so on.","Use kata theory PDFs, Hoei Juku manual, and lineage-specific instructor notes.",candidate
C01122,src/content/kata-theory/what-are-kata.md,base,What are Kata?,line 5,definition,"Kata are a central part of the practice of karate and are characteristic of a particular style. The kata of Goju ryu are divided into heishugata (closed hand) and kaishugata (open hand). In the ""closed hand"" kata, the tanden is continuously closed. This means that your lower abdomen is continuously tensed and your pelvis is tilted backwards, as if the breath in the lower abdomen is rolled up. In the ""open hand"" kata, the tanden is only closed at the moment of focus. They are characterized by the alternation of tension and relaxation.","Use kata theory PDFs, Hoei Juku manual, and lineage-specific instructor notes.",candidate
C01123,src/content/kata-theory/what-are-kata.md,base,What are Kata?,line 7,technique,"Goju-Ryu has 12 kata, two of which are heishugata: Sanchin and Tensho. Sanchin is trained in two forms: the form taught by Sensei Kanryo Higaonna and the Sanchin developed by Chojun Miyagi, the founder of our style. The other 10 kata are kaishugata. These are Gekisai dai ichi, Gekisai dai ni, Saifa, Seiyunchin, Shisochin, Sanseru, Sepai, Kururunfa, Sesan and Peichuin.","Use kata theory PDFs, Hoei Juku manual, and lineage-specific instructor notes.",candidate
C01124,src/content/kata-theory/what-are-kata.md,base,What are Kata?,line 9,technique,"The kata were developed by masters in the martial arts and it is often not known who, when and why created the kata. Because the original intention of the creator is often unknown, it is undesirable to change a kata.","Use kata theory PDFs, Hoei Juku manual, and lineage-specific instructor notes.",candidate
C01125,src/content/kata-theory/what-are-kata.nl.md,nl,Wat zijn Kata?,line 1,technique,Wat zijn Kata?,"Use kata theory PDFs, Hoei Juku manual, and lineage-specific instructor notes.",candidate
C01126,src/content/kata-theory/what-are-kata.nl.md,nl,Wat zijn Kata?,line 3,technique,"Kata zijn individuele oefeningen die bestaan uit een aantal verschillende technieken die elkaar op een vaste en logische manier opvolgen. De uitvoering is tot in detail voorgeschreven. Hoewel ze niet alle technieken van een bepaalde stijl bevatten, bevatten ze wel de meeste ervan en alle basisprincipes met betrekking tot gevechtsscenario's, houding, krachtoverbrenging, enzovoort.","Use kata theory PDFs, Hoei Juku manual, and lineage-specific instructor notes.",candidate
C01127,src/content/kata-theory/what-are-kata.nl.md,nl,Wat zijn Kata?,line 5,definition,"Kata vormen een centraal onderdeel van de karatebeoefening en zijn kenmerkend voor een bepaalde stijl. De kata van Goju-ryu worden verdeeld in heishugata (gesloten hand) en kaishugata (open hand). Bij de ""gesloten hand"" kata is de tanden continu gesloten. Dit betekent dat je onderbuik continu gespannen is en je bekken achterover gekanteld, alsof de adem in de onderbuik wordt opgerold. Bij de ""open hand"" kata wordt de tanden alleen gesloten op het moment van focus. Ze worden gekenmerkt door de afwisseling van spanning en ontspanning.","Use kata theory PDFs, Hoei Juku manual, and lineage-specific instructor notes.",candidate
C01128,src/content/kata-theory/what-are-kata.nl.md,nl,Wat zijn Kata?,line 7,technique,"Goju-Ryu kent 12 kata, waarvan er twee heishugata zijn: Sanchin en Tensho. Sanchin wordt in twee vormen getraind: de vorm die door Sensei Kanryo Higaonna werd onderwezen en de Sanchin die door Chojun Miyagi, de grondlegger van onze stijl, werd ontwikkeld. De andere 10 kata zijn kaishugata. Dit zijn Gekisai dai ichi, Gekisai dai ni, Saifa, Seiyunchin, Shisochin, Sanseru, Sepai, Kururunfa, Sesan en Peichurin.","Use kata theory PDFs, Hoei Juku manual, and lineage-specific instructor notes.",candidate
C01129,src/content/kata-theory/what-are-kata.nl.md,nl,Wat zijn Kata?,line 9,technique,"De kata zijn ontwikkeld door meesters in de krijgskunsten en het is vaak niet bekend wie, wanneer en waarom de kata heeft gecreëerd. Omdat de oorspronkelijke bedoeling van de maker vaak onbekend is, is het ongewenst om een kata te veranderen.","Use kata theory PDFs, Hoei Juku manual, and lineage-specific instructor notes.",candidate
C01130,src/content/kumite/competition.md,base,Kumite Competition,line 1,general,Kumite Competition,Use docs/kumite.pdf and docs/kumite_extracted.txt first; verify safety wording carefully.,candidate
C01131,src/content/kumite/competition.md,base,Competition Organizations,line 3,general,Competition Organizations,Use docs/kumite.pdf and docs/kumite_extracted.txt first; verify safety wording carefully.,candidate
C01132,src/content/kumite/competition.md,base,Competition Organizations,line 5,general,The current rules of kumite competition are analyzed from four major sports karate organizations:,Use docs/kumite.pdf and docs/kumite_extracted.txt first; verify safety wording carefully.,candidate
C01133,src/content/kumite/competition.md,base,World Karate Federation (WKF),line 7,general,World Karate Federation (WKF),Use docs/kumite.pdf and docs/kumite_extracted.txt first; verify safety wording carefully.,candidate
C01134,src/content/kumite/competition.md,base,World Karate Federation (WKF),line 8,general,The largest and most recognized karate organization,Use docs/kumite.pdf and docs/kumite_extracted.txt first; verify safety wording carefully.,candidate
C01135,src/content/kumite/competition.md,base,World Karate Federation (WKF),line 9,general,Olympic sport status since 2020,Use docs/kumite.pdf and docs/kumite_extracted.txt first; verify safety wording carefully.,candidate
C01136,src/content/kumite/competition.md,base,World Karate Federation (WKF),line 10,safety,Strict rules for safety and fair competition,Use docs/kumite.pdf and docs/kumite_extracted.txt first; verify safety wording carefully.,candidate
C01137,src/content/kumite/competition.md,base,World Karate Federation (WKF),line 11,general,International competition standards,Use docs/kumite.pdf and docs/kumite_extracted.txt first; verify safety wording carefully.,candidate
C01138,src/content/kumite/competition.md,base,World Karate Confederation (WKC),line 13,general,World Karate Confederation (WKC),Use docs/kumite.pdf and docs/kumite_extracted.txt first; verify safety wording carefully.,candidate
C01139,src/content/kumite/competition.md,base,World Karate Confederation (WKC),line 14,general,Alternative international organization,Use docs/kumite.pdf and docs/kumite_extracted.txt first; verify safety wording carefully.,candidate
C01140,src/content/kumite/competition.md,base,World Karate Confederation (WKC),line 15,general,Different rule interpretations,Use docs/kumite.pdf and docs/kumite_extracted.txt first; verify safety wording carefully.,candidate
C01141,src/content/kumite/competition.md,base,World Karate Confederation (WKC),line 16,general,Focus on traditional karate values,Use docs/kumite.pdf and docs/kumite_extracted.txt first; verify safety wording carefully.,candidate
C01142,src/content/kumite/competition.md,base,World Karate Confederation (WKC),line 17,general,Global competition circuit,Use docs/kumite.pdf and docs/kumite_extracted.txt first; verify safety wording carefully.,candidate
C01143,src/content/kumite/competition.md,base,World Union of Karate-Do Federations (WUKF),line 19,general,World Union of Karate-Do Federations (WUKF),Use docs/kumite.pdf and docs/kumite_extracted.txt first; verify safety wording carefully.,candidate
C01144,src/content/kumite/competition.md,base,World Union of Karate-Do Federations (WUKF),line 20,general,Traditional karate organization,Use docs/kumite.pdf and docs/kumite_extracted.txt first; verify safety wording carefully.,candidate
C01145,src/content/kumite/competition.md,base,World Union of Karate-Do Federations (WUKF),line 21,general,Emphasis on martial arts principles,Use docs/kumite.pdf and docs/kumite_extracted.txt first; verify safety wording carefully.,candidate
C01146,src/content/kumite/competition.md,base,World Union of Karate-Do Federations (WUKF),line 22,general,Different competition formats,Use docs/kumite.pdf and docs/kumite_extracted.txt first; verify safety wording carefully.,candidate
C01147,src/content/kumite/competition.md,base,World Union of Karate-Do Federations (WUKF),line 23,general,International recognition,Use docs/kumite.pdf and docs/kumite_extracted.txt first; verify safety wording carefully.,candidate
C01148,src/content/kumite/competition.md,base,World Karate Martial Arts Organization (WKMO),line 25,general,World Karate Martial Arts Organization (WKMO),Use docs/kumite.pdf and docs/kumite_extracted.txt first; verify safety wording carefully.,candidate
C01149,src/content/kumite/competition.md,base,World Karate Martial Arts Organization (WKMO),line 26,general,Alternative competition organization,Use docs/kumite.pdf and docs/kumite_extracted.txt first; verify safety wording carefully.,candidate
C01150,src/content/kumite/competition.md,base,World Karate Martial Arts Organization (WKMO),line 27,general,Different rule sets and formats,Use docs/kumite.pdf and docs/kumite_extracted.txt first; verify safety wording carefully.,candidate
C01151,src/content/kumite/competition.md,base,World Karate Martial Arts Organization (WKMO),line 28,general,Focus on martial arts development,Use docs/kumite.pdf and docs/kumite_extracted.txt first; verify safety wording carefully.,candidate
C01152,src/content/kumite/competition.md,base,World Karate Martial Arts Organization (WKMO),line 29,general,International events,Use docs/kumite.pdf and docs/kumite_extracted.txt first; verify safety wording carefully.,candidate
C01153,src/content/kumite/competition.md,base,Competition Rules,line 31,general,Competition Rules,Use docs/kumite.pdf and docs/kumite_extracted.txt first; verify safety wording carefully.,candidate
C01154,src/content/kumite/competition.md,base,Scoring System,line 33,general,Scoring System,Use docs/kumite.pdf and docs/kumite_extracted.txt first; verify safety wording carefully.,candidate
C01155,src/content/kumite/competition.md,base,Scoring Areas,line 35,general,Scoring Areas,Use docs/kumite.pdf and docs/kumite_extracted.txt first; verify safety wording carefully.,candidate
C01156,src/content/kumite/competition.md,base,Scoring Areas,line 36,general,"Head, Face, Neck: High-value targets",Use docs/kumite.pdf and docs/kumite_extracted.txt first; verify safety wording carefully.,candidate
C01157,src/content/kumite/competition.md,base,Scoring Areas,line 37,general,"Chest, Abdomen: Primary scoring areas",Use docs/kumite.pdf and docs/kumite_extracted.txt first; verify safety wording carefully.,candidate
C01158,src/content/kumite/competition.md,base,Scoring Areas,line 38,general,"Back, Side: Secondary scoring areas",Use docs/kumite.pdf and docs/kumite_extracted.txt first; verify safety wording carefully.,candidate
C01159,src/content/kumite/competition.md,base,Scoring Areas,line 39,general,"Arms, Legs: Limited scoring potential",Use docs/kumite.pdf and docs/kumite_extracted.txt first; verify safety wording carefully.,candidate
C01160,src/content/kumite/competition.md,base,Scoring Values,line 41,general,Scoring Values,Use docs/kumite.pdf and docs/kumite_extracted.txt first; verify safety wording carefully.,candidate
C01161,src/content/kumite/competition.md,base,Scoring Values,line 42,general,Ippon (3 points): High-level techniques to head/face,Use docs/kumite.pdf and docs/kumite_extracted.txt first; verify safety wording carefully.,candidate
C01162,src/content/kumite/competition.md,base,Scoring Values,line 43,general,Waza-ari (2 points): Medium-level techniques to body,Use docs/kumite.pdf and docs/kumite_extracted.txt first; verify safety wording carefully.,candidate
C01163,src/content/kumite/competition.md,base,Scoring Values,line 44,general,Yuko (1 point): Basic techniques to scoring areas,Use docs/kumite.pdf and docs/kumite_extracted.txt first; verify safety wording carefully.,candidate
C01164,src/content/kumite/competition.md,base,Technique Requirements,line 46,grading,Technique Requirements,Use docs/kumite.pdf and docs/kumite_extracted.txt first; verify safety wording carefully.,candidate
C01165,src/content/kumite/competition.md,base,Valid Techniques,line 48,general,Valid Techniques,Use docs/kumite.pdf and docs/kumite_extracted.txt first; verify safety wording carefully.,candidate
C01166,src/content/kumite/competition.md,base,Valid Techniques,line 49,general,Only the 34 allowed techniques are permitted,Use docs/kumite.pdf and docs/kumite_extracted.txt first; verify safety wording carefully.,candidate
C01167,src/content/kumite/competition.md,base,Valid Techniques,line 50,general,Techniques must be controlled and executed properly,Use docs/kumite.pdf and docs/kumite_extracted.txt first; verify safety wording carefully.,candidate
C01168,src/content/kumite/competition.md,base,Valid Techniques,line 51,safety,Contact must be appropriate for the target area,Use docs/kumite.pdf and docs/kumite_extracted.txt first; verify safety wording carefully.,candidate
C01169,src/content/kumite/competition.md,base,Valid Techniques,line 52,general,Techniques must demonstrate proper form and power,Use docs/kumite.pdf and docs/kumite_extracted.txt first; verify safety wording carefully.,candidate
C01170,src/content/kumite/competition.md,base,Invalid Techniques,line 54,general,Invalid Techniques,Use docs/kumite.pdf and docs/kumite_extracted.txt first; verify safety wording carefully.,candidate
C01171,src/content/kumite/competition.md,base,Invalid Techniques,line 55,general,Techniques not in the allowed list,Use docs/kumite.pdf and docs/kumite_extracted.txt first; verify safety wording carefully.,candidate
C01172,src/content/kumite/competition.md,base,Invalid Techniques,line 56,safety,Excessive contact or uncontrolled techniques,Use docs/kumite.pdf and docs/kumite_extracted.txt first; verify safety wording carefully.,candidate
C01173,src/content/kumite/competition.md,base,Invalid Techniques,line 57,general,Techniques to non-scoring areas,Use docs/kumite.pdf and docs/kumite_extracted.txt first; verify safety wording carefully.,candidate
C01174,src/content/kumite/competition.md,base,Invalid Techniques,line 58,safety,Dangerous or prohibited techniques,Use docs/kumite.pdf and docs/kumite_extracted.txt first; verify safety wording carefully.,candidate
C01175,src/content/kumite/competition.md,base,Match Structure,line 60,general,Match Structure,Use docs/kumite.pdf and docs/kumite_extracted.txt first; verify safety wording carefully.,candidate
C01176,src/content/kumite/competition.md,base,Time Limits,line 63,general,"Individual Matches: 3 minutes for men, 2 minutes for women",Use docs/kumite.pdf and docs/kumite_extracted.txt first; verify safety wording carefully.,candidate
C01177,src/content/kumite/competition.md,base,Time Limits,line 64,general,Team Matches: Variable time limits,Use docs/kumite.pdf and docs/kumite_extracted.txt first; verify safety wording carefully.,candidate
C01178,src/content/kumite/competition.md,base,Time Limits,line 65,general,Overtime: Additional time for tied matches,Use docs/kumite.pdf and docs/kumite_extracted.txt first; verify safety wording carefully.,candidate
C01179,src/content/kumite/competition.md,base,Time Limits,line 66,general,Sudden Death: First to score wins,Use docs/kumite.pdf and docs/kumite_extracted.txt first; verify safety wording carefully.,candidate
C01180,src/content/kumite/competition.md,base,Match Format,line 68,general,Match Format,Use docs/kumite.pdf and docs/kumite_extracted.txt first; verify safety wording carefully.,candidate
C01181,src/content/kumite/competition.md,base,Match Format,line 69,general,Individual Competition: One-on-one matches,Use docs/kumite.pdf and docs/kumite_extracted.txt first; verify safety wording carefully.,candidate
C01182,src/content/kumite/competition.md,base,Match Format,line 70,general,Team Competition: Team vs. team format,Use docs/kumite.pdf and docs/kumite_extracted.txt first; verify safety wording carefully.,candidate
C01183,src/content/kumite/competition.md,base,Match Format,line 71,general,Elimination: Single elimination or round-robin,Use docs/kumite.pdf and docs/kumite_extracted.txt first; verify safety wording carefully.,candidate
C01184,src/content/kumite/competition.md,base,Match Format,line 72,general,Finals: Championship matches,Use docs/kumite.pdf and docs/kumite_extracted.txt first; verify safety wording carefully.,candidate
C01185,src/content/kumite/competition.md,base,Penalties and Warnings,line 74,safety,Penalties and Warnings,Use docs/kumite.pdf and docs/kumite_extracted.txt first; verify safety wording carefully.,candidate
C01186,src/content/kumite/competition.md,base,Minor Violations (Chukoku),line 76,general,Minor Violations (Chukoku),Use docs/kumite.pdf and docs/kumite_extracted.txt first; verify safety wording carefully.,candidate
C01187,src/content/kumite/competition.md,base,Minor Violations (Chukoku),line 77,general,First warning for rule violations,Use docs/kumite.pdf and docs/kumite_extracted.txt first; verify safety wording carefully.,candidate
C01188,src/content/kumite/competition.md,base,Minor Violations (Chukoku),line 78,general,No point deduction,Use docs/kumite.pdf and docs/kumite_extracted.txt first; verify safety wording carefully.,candidate
C01189,src/content/kumite/competition.md,base,Minor Violations (Chukoku),line 79,general,Verbal warning from referee,Use docs/kumite.pdf and docs/kumite_extracted.txt first; verify safety wording carefully.,candidate
C01190,src/content/kumite/competition.md,base,Major Violations (Keikoku),line 81,general,Major Violations (Keikoku),Use docs/kumite.pdf and docs/kumite_extracted.txt first; verify safety wording carefully.,candidate
C01191,src/content/kumite/competition.md,base,Major Violations (Keikoku),line 82,general,Second warning,Use docs/kumite.pdf and docs/kumite_extracted.txt first; verify safety wording carefully.,candidate
C01192,src/content/kumite/competition.md,base,Major Violations (Keikoku),line 83,general,Opponent receives 1 point,Use docs/kumite.pdf and docs/kumite_extracted.txt first; verify safety wording carefully.,candidate
C01193,src/content/kumite/competition.md,base,Major Violations (Keikoku),line 84,general,More serious rule violations,Use docs/kumite.pdf and docs/kumite_extracted.txt first; verify safety wording carefully.,candidate
C01194,src/content/kumite/competition.md,base,Disqualification (Hansoku),line 86,general,Disqualification (Hansoku),Use docs/kumite.pdf and docs/kumite_extracted.txt first; verify safety wording carefully.,candidate
C01195,src/content/kumite/competition.md,base,Disqualification (Hansoku),line 87,general,Third warning or serious violation,Use docs/kumite.pdf and docs/kumite_extracted.txt first; verify safety wording carefully.,candidate
C01196,src/content/kumite/competition.md,base,Disqualification (Hansoku),line 88,general,Automatic loss of match,Use docs/kumite.pdf and docs/kumite_extracted.txt first; verify safety wording carefully.,candidate
C01197,src/content/kumite/competition.md,base,Disqualification (Hansoku),line 89,general,Possible tournament disqualification,Use docs/kumite.pdf and docs/kumite_extracted.txt first; verify safety wording carefully.,candidate
C01198,src/content/kumite/competition.md,base,Competition Preparation,line 91,general,Competition Preparation,Use docs/kumite.pdf and docs/kumite_extracted.txt first; verify safety wording carefully.,candidate
C01199,src/content/kumite/competition.md,base,Physical Preparation,line 93,general,Physical Preparation,Use docs/kumite.pdf and docs/kumite_extracted.txt first; verify safety wording carefully.,candidate
C01200,src/content/kumite/competition.md,base,Conditioning,line 95,general,Conditioning,Use docs/kumite.pdf and docs/kumite_extracted.txt first; verify safety wording carefully.,candidate
C01201,src/content/kumite/competition.md,base,Conditioning,line 96,general,Cardiovascular fitness for match endurance,Use docs/kumite.pdf and docs/kumite_extracted.txt first; verify safety wording carefully.,candidate
C01202,src/content/kumite/competition.md,base,Conditioning,line 97,general,Strength training for power and stability,Use docs/kumite.pdf and docs/kumite_extracted.txt first; verify safety wording carefully.,candidate
C01203,src/content/kumite/competition.md,base,Conditioning,line 98,general,Flexibility for technique execution,Use docs/kumite.pdf and docs/kumite_extracted.txt first; verify safety wording carefully.,candidate
C01204,src/content/kumite/competition.md,base,Conditioning,line 99,general,Speed and agility training,Use docs/kumite.pdf and docs/kumite_extracted.txt first; verify safety wording carefully.,candidate
C01205,src/content/kumite/competition.md,base,Technical Preparation,line 101,general,Technical Preparation,Use docs/kumite.pdf and docs/kumite_extracted.txt first; verify safety wording carefully.,candidate
C01206,src/content/kumite/competition.md,base,Technical Preparation,line 102,general,Mastery of all 34 allowed techniques,Use docs/kumite.pdf and docs/kumite_extracted.txt first; verify safety wording carefully.,candidate
C01207,src/content/kumite/competition.md,base,Technical Preparation,line 103,general,Perfect form and execution under pressure,Use docs/kumite.pdf and docs/kumite_extracted.txt first; verify safety wording carefully.,candidate
C01208,src/content/kumite/competition.md,base,Technical Preparation,line 104,general,Consistent technique performance,Use docs/kumite.pdf and docs/kumite_extracted.txt first; verify safety wording carefully.,candidate
C01209,src/content/kumite/competition.md,base,Technical Preparation,line 105,general,Adaptability to different situations,Use docs/kumite.pdf and docs/kumite_extracted.txt first; verify safety wording carefully.,candidate
C01210,src/content/kumite/competition.md,base,Mental Preparation,line 107,general,Mental Preparation,Use docs/kumite.pdf and docs/kumite_extracted.txt first; verify safety wording carefully.,candidate
C01211,src/content/kumite/competition.md,base,Competition Mindset,line 109,general,Competition Mindset,Use docs/kumite.pdf and docs/kumite_extracted.txt first; verify safety wording carefully.,candidate
C01212,src/content/kumite/competition.md,base,Competition Mindset,line 110,general,Focus and concentration during matches,Use docs/kumite.pdf and docs/kumite_extracted.txt first; verify safety wording carefully.,candidate
C01213,src/content/kumite/competition.md,base,Competition Mindset,line 111,general,Emotional control under pressure,Use docs/kumite.pdf and docs/kumite_extracted.txt first; verify safety wording carefully.,candidate
C01214,src/content/kumite/competition.md,base,Competition Mindset,line 112,general,Confidence in abilities and training,Use docs/kumite.pdf and docs/kumite_extracted.txt first; verify safety wording carefully.,candidate
C01215,src/content/kumite/competition.md,base,Competition Mindset,line 113,general,Mental toughness and resilience,Use docs/kumite.pdf and docs/kumite_extracted.txt first; verify safety wording carefully.,candidate
C01216,src/content/kumite/competition.md,base,Strategy Development,line 115,general,Strategy Development,Use docs/kumite.pdf and docs/kumite_extracted.txt first; verify safety wording carefully.,candidate
C01217,src/content/kumite/competition.md,base,Strategy Development,line 116,general,Understanding opponent analysis,Use docs/kumite.pdf and docs/kumite_extracted.txt first; verify safety wording carefully.,candidate
C01218,src/content/kumite/competition.md,base,Strategy Development,line 117,general,Tactical planning for different styles,Use docs/kumite.pdf and docs/kumite_extracted.txt first; verify safety wording carefully.,candidate
C01219,src/content/kumite/competition.md,base,Strategy Development,line 118,general,Adaptability during matches,Use docs/kumite.pdf and docs/kumite_extracted.txt first; verify safety wording carefully.,candidate
C01220,src/content/kumite/competition.md,base,Strategy Development,line 119,general,Decision-making under pressure,Use docs/kumite.pdf and docs/kumite_extracted.txt first; verify safety wording carefully.,candidate
C01221,src/content/kumite/competition.md,base,Tactical Preparation,line 121,general,Tactical Preparation,Use docs/kumite.pdf and docs/kumite_extracted.txt first; verify safety wording carefully.,candidate
C01222,src/content/kumite/competition.md,base,Match Strategy,line 123,general,Match Strategy,Use docs/kumite.pdf and docs/kumite_extracted.txt first; verify safety wording carefully.,candidate
C01223,src/content/kumite/competition.md,base,Match Strategy,line 124,general,Opening strategy and approach,Use docs/kumite.pdf and docs/kumite_extracted.txt first; verify safety wording carefully.,candidate
C01224,src/content/kumite/competition.md,base,Match Strategy,line 125,general,Mid-match adjustments,Use docs/kumite.pdf and docs/kumite_extracted.txt first; verify safety wording carefully.,candidate
C01225,src/content/kumite/competition.md,base,Match Strategy,line 126,general,Closing strategy for victory,Use docs/kumite.pdf and docs/kumite_extracted.txt first; verify safety wording carefully.,candidate
C01226,src/content/kumite/competition.md,base,Match Strategy,line 127,general,Time management during matches,Use docs/kumite.pdf and docs/kumite_extracted.txt first; verify safety wording carefully.,candidate
C01227,src/content/kumite/competition.md,base,Opponent Analysis,line 129,general,Opponent Analysis,Use docs/kumite.pdf and docs/kumite_extracted.txt first; verify safety wording carefully.,candidate
C01228,src/content/kumite/competition.md,base,Opponent Analysis,line 130,general,Studying opponent's strengths and weaknesses,Use docs/kumite.pdf and docs/kumite_extracted.txt first; verify safety wording carefully.,candidate
C01229,src/content/kumite/competition.md,base,Opponent Analysis,line 131,general,Identifying patterns and tendencies,Use docs/kumite.pdf and docs/kumite_extracted.txt first; verify safety wording carefully.,candidate
C01230,src/content/kumite/competition.md,base,Opponent Analysis,line 132,general,Developing counter-strategies,Use docs/kumite.pdf and docs/kumite_extracted.txt first; verify safety wording carefully.,candidate
C01231,src/content/kumite/competition.md,base,Opponent Analysis,line 133,general,Adapting to different fighting styles,Use docs/kumite.pdf and docs/kumite_extracted.txt first; verify safety wording carefully.,candidate
C01232,src/content/kumite/competition.md,base,Competition Safety,line 135,safety,Competition Safety,Use docs/kumite.pdf and docs/kumite_extracted.txt first; verify safety wording carefully.,candidate
C01233,src/content/kumite/competition.md,base,Equipment Requirements,line 137,grading,Equipment Requirements,Use docs/kumite.pdf and docs/kumite_extracted.txt first; verify safety wording carefully.,candidate
C01234,src/content/kumite/competition.md,base,Protective Gear,line 139,general,Protective Gear,Use docs/kumite.pdf and docs/kumite_extracted.txt first; verify safety wording carefully.,candidate
C01235,src/content/kumite/competition.md,base,Protective Gear,line 140,safety,Head Protection: Approved headgear for safety,Use docs/kumite.pdf and docs/kumite_extracted.txt first; verify safety wording carefully.,candidate
C01236,src/content/kumite/competition.md,base,Protective Gear,line 141,general,Body Protection: Chest protectors for some divisions,Use docs/kumite.pdf and docs/kumite_extracted.txt first; verify safety wording carefully.,candidate
C01237,src/content/kumite/competition.md,base,Protective Gear,line 142,safety,Hand Protection: Gloves for controlled contact,Use docs/kumite.pdf and docs/kumite_extracted.txt first; verify safety wording carefully.,candidate
C01238,src/content/kumite/competition.md,base,Protective Gear,line 143,general,Foot Protection: Approved footwear,Use docs/kumite.pdf and docs/kumite_extracted.txt first; verify safety wording carefully.,candidate
C01239,src/content/kumite/competition.md,base,Safety Standards,line 145,safety,Safety Standards,Use docs/kumite.pdf and docs/kumite_extracted.txt first; verify safety wording carefully.,candidate
C01240,src/content/kumite/competition.md,base,Safety Standards,line 146,safety,All equipment must meet safety standards,Use docs/kumite.pdf and docs/kumite_extracted.txt first; verify safety wording carefully.,candidate
C01241,src/content/kumite/competition.md,base,Safety Standards,line 147,general,Regular inspection and maintenance,Use docs/kumite.pdf and docs/kumite_extracted.txt first; verify safety wording carefully.,candidate
C01242,src/content/kumite/competition.md,base,Safety Standards,line 148,general,Proper fit and adjustment,Use docs/kumite.pdf and docs/kumite_extracted.txt first; verify safety wording carefully.,candidate
C01243,src/content/kumite/competition.md,base,Safety Standards,line 149,general,Compliance with organization rules,Use docs/kumite.pdf and docs/kumite_extracted.txt first; verify safety wording carefully.,candidate
C01244,src/content/kumite/competition.md,base,Medical Considerations,line 151,general,Medical Considerations,Use docs/kumite.pdf and docs/kumite_extracted.txt first; verify safety wording carefully.,candidate
C01245,src/content/kumite/competition.md,base,Pre-Competition,line 153,general,Pre-Competition,Use docs/kumite.pdf and docs/kumite_extracted.txt first; verify safety wording carefully.,candidate
C01246,src/content/kumite/competition.md,base,Pre-Competition,line 154,general,Medical clearance for participation,Use docs/kumite.pdf and docs/kumite_extracted.txt first; verify safety wording carefully.,candidate
C01247,src/content/kumite/competition.md,base,Pre-Competition,line 155,safety,Injury assessment and management,Use docs/kumite.pdf and docs/kumite_extracted.txt first; verify safety wording carefully.,candidate
C01248,src/content/kumite/competition.md,base,Pre-Competition,line 156,general,Health monitoring and maintenance,Use docs/kumite.pdf and docs/kumite_extracted.txt first; verify safety wording carefully.,candidate
C01249,src/content/kumite/competition.md,base,Pre-Competition,line 157,general,Proper nutrition and hydration,Use docs/kumite.pdf and docs/kumite_extracted.txt first; verify safety wording carefully.,candidate
C01250,src/content/kumite/competition.md,base,During Competition,line 159,general,During Competition,Use docs/kumite.pdf and docs/kumite_extracted.txt first; verify safety wording carefully.,candidate
C01251,src/content/kumite/competition.md,base,During Competition,line 160,general,Medical staff availability,Use docs/kumite.pdf and docs/kumite_extracted.txt first; verify safety wording carefully.,candidate
C01252,src/content/kumite/competition.md,base,During Competition,line 161,safety,Injury assessment and treatment,Use docs/kumite.pdf and docs/kumite_extracted.txt first; verify safety wording carefully.,candidate
C01253,src/content/kumite/competition.md,base,During Competition,line 162,general,Concussion protocols,Use docs/kumite.pdf and docs/kumite_extracted.txt first; verify safety wording carefully.,candidate
C01254,src/content/kumite/competition.md,base,During Competition,line 163,general,Emergency response procedures,Use docs/kumite.pdf and docs/kumite_extracted.txt first; verify safety wording carefully.,candidate
C01255,src/content/kumite/competition.md,base,Competition Experience,line 165,general,Competition Experience,Use docs/kumite.pdf and docs/kumite_extracted.txt first; verify safety wording carefully.,candidate
C01256,src/content/kumite/competition.md,base,Benefits of Competition,line 167,general,Benefits of Competition,Use docs/kumite.pdf and docs/kumite_extracted.txt first; verify safety wording carefully.,candidate
C01257,src/content/kumite/competition.md,base,Skill Development,line 169,general,Skill Development,Use docs/kumite.pdf and docs/kumite_extracted.txt first; verify safety wording carefully.,candidate
C01258,src/content/kumite/competition.md,base,Skill Development,line 170,general,Testing techniques under pressure,Use docs/kumite.pdf and docs/kumite_extracted.txt first; verify safety wording carefully.,candidate
C01259,src/content/kumite/competition.md,base,Skill Development,line 171,technique,Improving timing and distance,Use docs/kumite.pdf and docs/kumite_extracted.txt first; verify safety wording carefully.,candidate
C01260,src/content/kumite/competition.md,base,Skill Development,line 172,general,Developing tactical thinking,Use docs/kumite.pdf and docs/kumite_extracted.txt first; verify safety wording carefully.,candidate
C01261,src/content/kumite/competition.md,base,Skill Development,line 173,general,Building confidence and mental toughness,Use docs/kumite.pdf and docs/kumite_extracted.txt first; verify safety wording carefully.,candidate
C01262,src/content/kumite/competition.md,base,Personal Growth,line 175,general,Personal Growth,Use docs/kumite.pdf and docs/kumite_extracted.txt first; verify safety wording carefully.,candidate
C01263,src/content/kumite/competition.md,base,Personal Growth,line 176,general,Overcoming challenges and adversity,Use docs/kumite.pdf and docs/kumite_extracted.txt first; verify safety wording carefully.,candidate
C01264,src/content/kumite/competition.md,base,Personal Growth,line 177,general,Building character and discipline,Use docs/kumite.pdf and docs/kumite_extracted.txt first; verify safety wording carefully.,candidate
C01265,src/content/kumite/competition.md,base,Personal Growth,line 178,general,Developing sportsmanship,Use docs/kumite.pdf and docs/kumite_extracted.txt first; verify safety wording carefully.,candidate
C01266,src/content/kumite/competition.md,base,Personal Growth,line 179,general,Learning from wins and losses,Use docs/kumite.pdf and docs/kumite_extracted.txt first; verify safety wording carefully.,candidate
C01267,src/content/kumite/competition.md,base,Competition Etiquette,line 181,general,Competition Etiquette,Use docs/kumite.pdf and docs/kumite_extracted.txt first; verify safety wording carefully.,candidate
C01268,src/content/kumite/competition.md,base,Respect,line 184,general,"Respect for opponents, officials, and spectators",Use docs/kumite.pdf and docs/kumite_extracted.txt first; verify safety wording carefully.,candidate
C01269,src/content/kumite/competition.md,base,Respect,line 185,general,Proper bowing and etiquette,Use docs/kumite.pdf and docs/kumite_extracted.txt first; verify safety wording carefully.,candidate
C01270,src/content/kumite/competition.md,base,Respect,line 186,general,Gracious winning and losing,Use docs/kumite.pdf and docs/kumite_extracted.txt first; verify safety wording carefully.,candidate
C01271,src/content/kumite/competition.md,base,Respect,line 187,general,Sportsmanship in all situations,Use docs/kumite.pdf and docs/kumite_extracted.txt first; verify safety wording carefully.,candidate
C01272,src/content/kumite/competition.md,base,Conduct,line 190,general,Following competition rules and regulations,Use docs/kumite.pdf and docs/kumite_extracted.txt first; verify safety wording carefully.,candidate
C01273,src/content/kumite/competition.md,base,Conduct,line 191,general,Proper behavior in competition area,Use docs/kumite.pdf and docs/kumite_extracted.txt first; verify safety wording carefully.,candidate
C01274,src/content/kumite/competition.md,base,Conduct,line 192,general,Respect for facility and equipment,Use docs/kumite.pdf and docs/kumite_extracted.txt first; verify safety wording carefully.,candidate
C01275,src/content/kumite/competition.md,base,Conduct,line 193,general,Professional conduct at all times,Use docs/kumite.pdf and docs/kumite_extracted.txt first; verify safety wording carefully.,candidate
C01276,src/content/kumite/competition.md,base,Conclusion,line 197,general,"Competition in kumite provides valuable opportunities for skill development, personal growth, and martial arts advancement. Success in competition requires comprehensive preparation in physical, technical, tactical, and mental aspects. The structured environment of competition helps develop important life skills while advancing karate abilities. Understanding and following competition rules ensures fair and safe competition for all participants.",Use docs/kumite.pdf and docs/kumite_extracted.txt first; verify safety wording carefully.,candidate
C01277,src/content/kumite/introduction.md,base,Kumite: Sparring in Karate,line 1,general,Kumite: Sparring in Karate,Use docs/kumite.pdf and docs/kumite_extracted.txt first; verify safety wording carefully.,candidate
C01278,src/content/kumite/introduction.md,base,Kumite: Sparring in Karate,line 3,technique,"Kumite (組手) is the practice of sparring or fighting in karate. It is one of the three main components of karate training, alongside kata (forms) and kihon (basics).",Use docs/kumite.pdf and docs/kumite_extracted.txt first; verify safety wording carefully.,candidate
C01279,src/content/kumite/introduction.md,base,What is Kumite?,line 5,general,What is Kumite?,Use docs/kumite.pdf and docs/kumite_extracted.txt first; verify safety wording carefully.,candidate
C01280,src/content/kumite/introduction.md,base,What is Kumite?,line 7,definition,"Kumite literally means ""grappling hands"" and refers to the practice of fighting techniques with a partner. It is the practical application of the techniques learned in kata and kihon training.",Use docs/kumite.pdf and docs/kumite_extracted.txt first; verify safety wording carefully.,candidate
C01281,src/content/kumite/introduction.md,base,Types of Kumite,line 9,general,Types of Kumite,Use docs/kumite.pdf and docs/kumite_extracted.txt first; verify safety wording carefully.,candidate
C01282,src/content/kumite/introduction.md,base,Types of Kumite,line 11,general,There are several types of kumite practiced in karate:,Use docs/kumite.pdf and docs/kumite_extracted.txt first; verify safety wording carefully.,candidate
C01283,src/content/kumite/introduction.md,base,Ippon Kumite (One-Step Sparring),line 13,general,Ippon Kumite (One-Step Sparring),Use docs/kumite.pdf and docs/kumite_extracted.txt first; verify safety wording carefully.,candidate
C01284,src/content/kumite/introduction.md,base,Ippon Kumite (One-Step Sparring),line 14,general,Pre-arranged attacks and defenses,Use docs/kumite.pdf and docs/kumite_extracted.txt first; verify safety wording carefully.,candidate
C01285,src/content/kumite/introduction.md,base,Ippon Kumite (One-Step Sparring),line 15,technique,Helps develop timing and distance,Use docs/kumite.pdf and docs/kumite_extracted.txt first; verify safety wording carefully.,candidate
C01286,src/content/kumite/introduction.md,base,Ippon Kumite (One-Step Sparring),line 16,general,Builds confidence in technique application,Use docs/kumite.pdf and docs/kumite_extracted.txt first; verify safety wording carefully.,candidate
C01287,src/content/kumite/introduction.md,base,Sanbon Kumite (Three-Step Sparring),line 18,general,Sanbon Kumite (Three-Step Sparring),Use docs/kumite.pdf and docs/kumite_extracted.txt first; verify safety wording carefully.,candidate
C01288,src/content/kumite/introduction.md,base,Sanbon Kumite (Three-Step Sparring),line 19,general,Three-step pre-arranged sequences,Use docs/kumite.pdf and docs/kumite_extracted.txt first; verify safety wording carefully.,candidate
C01289,src/content/kumite/introduction.md,base,Sanbon Kumite (Three-Step Sparring),line 20,general,Develops rhythm and coordination,Use docs/kumite.pdf and docs/kumite_extracted.txt first; verify safety wording carefully.,candidate
C01290,src/content/kumite/introduction.md,base,Sanbon Kumite (Three-Step Sparring),line 21,general,Teaches proper distancing and timing,Use docs/kumite.pdf and docs/kumite_extracted.txt first; verify safety wording carefully.,candidate
C01291,src/content/kumite/introduction.md,base,Gohon Kumite (Five-Step Sparring),line 23,general,Gohon Kumite (Five-Step Sparring),Use docs/kumite.pdf and docs/kumite_extracted.txt first; verify safety wording carefully.,candidate
C01292,src/content/kumite/introduction.md,base,Gohon Kumite (Five-Step Sparring),line 24,general,Five-step sequences,Use docs/kumite.pdf and docs/kumite_extracted.txt first; verify safety wording carefully.,candidate
C01293,src/content/kumite/introduction.md,base,Gohon Kumite (Five-Step Sparring),line 25,general,More complex combinations,Use docs/kumite.pdf and docs/kumite_extracted.txt first; verify safety wording carefully.,candidate
C01294,src/content/kumite/introduction.md,base,Gohon Kumite (Five-Step Sparring),line 26,technique,Advanced timing and distance control,Use docs/kumite.pdf and docs/kumite_extracted.txt first; verify safety wording carefully.,candidate
C01295,src/content/kumite/introduction.md,base,Jiyu Kumite (Free Sparring),line 28,general,Jiyu Kumite (Free Sparring),Use docs/kumite.pdf and docs/kumite_extracted.txt first; verify safety wording carefully.,candidate
C01296,src/content/kumite/introduction.md,base,Jiyu Kumite (Free Sparring),line 29,general,Unrestricted fighting,Use docs/kumite.pdf and docs/kumite_extracted.txt first; verify safety wording carefully.,candidate
C01297,src/content/kumite/introduction.md,base,Jiyu Kumite (Free Sparring),line 30,general,Develops spontaneity and adaptability,Use docs/kumite.pdf and docs/kumite_extracted.txt first; verify safety wording carefully.,candidate
C01298,src/content/kumite/introduction.md,base,Jiyu Kumite (Free Sparring),line 31,general,Tests real fighting skills,Use docs/kumite.pdf and docs/kumite_extracted.txt first; verify safety wording carefully.,candidate
C01299,src/content/kumite/introduction.md,base,Shiai Kumite (Competition Sparring),line 33,general,Shiai Kumite (Competition Sparring),Use docs/kumite.pdf and docs/kumite_extracted.txt first; verify safety wording carefully.,candidate
C01300,src/content/kumite/introduction.md,base,Shiai Kumite (Competition Sparring),line 34,general,Rule-based competitive fighting,Use docs/kumite.pdf and docs/kumite_extracted.txt first; verify safety wording carefully.,candidate
C01301,src/content/kumite/introduction.md,base,Shiai Kumite (Competition Sparring),line 35,general,Focuses on scoring points,Use docs/kumite.pdf and docs/kumite_extracted.txt first; verify safety wording carefully.,candidate
C01302,src/content/kumite/introduction.md,base,Shiai Kumite (Competition Sparring),line 36,general,Develops tactical thinking,Use docs/kumite.pdf and docs/kumite_extracted.txt first; verify safety wording carefully.,candidate
C01303,src/content/kumite/introduction.md,base,Purpose of Kumite,line 38,general,Purpose of Kumite,Use docs/kumite.pdf and docs/kumite_extracted.txt first; verify safety wording carefully.,candidate
C01304,src/content/kumite/introduction.md,base,Purpose of Kumite,line 40,general,Kumite serves several important purposes in karate training:,Use docs/kumite.pdf and docs/kumite_extracted.txt first; verify safety wording carefully.,candidate
C01305,src/content/kumite/introduction.md,base,Purpose of Kumite,line 42,general,Practical Application: Tests techniques in realistic situations,Use docs/kumite.pdf and docs/kumite_extracted.txt first; verify safety wording carefully.,candidate
C01306,src/content/kumite/introduction.md,base,Purpose of Kumite,line 43,technique,Timing and Distance: Develops sense of ma-ai (fighting distance),Use docs/kumite.pdf and docs/kumite_extracted.txt first; verify safety wording carefully.,candidate
C01307,src/content/kumite/introduction.md,base,Purpose of Kumite,line 44,general,Mental Discipline: Builds confidence and mental toughness,Use docs/kumite.pdf and docs/kumite_extracted.txt first; verify safety wording carefully.,candidate
C01308,src/content/kumite/introduction.md,base,Purpose of Kumite,line 45,general,Physical Conditioning: Improves fitness and reflexes,Use docs/kumite.pdf and docs/kumite_extracted.txt first; verify safety wording carefully.,candidate
C01309,src/content/kumite/introduction.md,base,Purpose of Kumite,line 46,general,Tactical Thinking: Develops strategy and decision-making,Use docs/kumite.pdf and docs/kumite_extracted.txt first; verify safety wording carefully.,candidate
C01310,src/content/kumite/introduction.md,base,Safety in Kumite,line 48,safety,Safety in Kumite,Use docs/kumite.pdf and docs/kumite_extracted.txt first; verify safety wording carefully.,candidate
C01311,src/content/kumite/introduction.md,base,Safety in Kumite,line 52,general,Control: All techniques must be controlled,Use docs/kumite.pdf and docs/kumite_extracted.txt first; verify safety wording carefully.,candidate
C01312,src/content/kumite/introduction.md,base,Safety in Kumite,line 53,safety,Protective Equipment: Use appropriate safety gear,Use docs/kumite.pdf and docs/kumite_extracted.txt first; verify safety wording carefully.,candidate
C01313,src/content/kumite/introduction.md,base,Safety in Kumite,line 54,general,Supervision: Always practice under qualified instruction,Use docs/kumite.pdf and docs/kumite_extracted.txt first; verify safety wording carefully.,candidate
C01314,src/content/kumite/introduction.md,base,Safety in Kumite,line 55,general,Respect: Show respect for your training partner,Use docs/kumite.pdf and docs/kumite_extracted.txt first; verify safety wording carefully.,candidate
C01315,src/content/kumite/introduction.md,base,Safety in Kumite,line 56,general,Progressive Training: Start with basic forms before advanced sparring,Use docs/kumite.pdf and docs/kumite_extracted.txt first; verify safety wording carefully.,candidate
C01316,src/content/kumite/introduction.md,base,Competition Rules,line 58,general,Competition Rules,Use docs/kumite.pdf and docs/kumite_extracted.txt first; verify safety wording carefully.,candidate
C01317,src/content/kumite/introduction.md,base,Competition Rules,line 60,general,"In sports karate competition, specific rules govern kumite:",Use docs/kumite.pdf and docs/kumite_extracted.txt first; verify safety wording carefully.,candidate
C01318,src/content/kumite/introduction.md,base,Competition Rules,line 62,general,"Scoring Areas: Head, face, neck, chest, abdomen, back, and side",Use docs/kumite.pdf and docs/kumite_extracted.txt first; verify safety wording carefully.,candidate
C01319,src/content/kumite/introduction.md,base,Competition Rules,line 63,general,Techniques: Only controlled techniques are allowed,Use docs/kumite.pdf and docs/kumite_extracted.txt first; verify safety wording carefully.,candidate
C01320,src/content/kumite/introduction.md,base,Competition Rules,line 64,safety,Contact: Light contact is permitted in some areas,Use docs/kumite.pdf and docs/kumite_extracted.txt first; verify safety wording carefully.,candidate
C01321,src/content/kumite/introduction.md,base,Competition Rules,line 65,safety,Penalties: Excessive contact or dangerous techniques result in penalties,Use docs/kumite.pdf and docs/kumite_extracted.txt first; verify safety wording carefully.,candidate
C01322,src/content/kumite/introduction.md,base,Competition Rules,line 66,general,Time Limits: Matches have specific time limits,Use docs/kumite.pdf and docs/kumite_extracted.txt first; verify safety wording carefully.,candidate
C01323,src/content/kumite/introduction.md,base,Training Progression,line 68,general,Training Progression,Use docs/kumite.pdf and docs/kumite_extracted.txt first; verify safety wording carefully.,candidate
C01324,src/content/kumite/introduction.md,base,Training Progression,line 70,general,Kumite training follows a logical progression:,Use docs/kumite.pdf and docs/kumite_extracted.txt first; verify safety wording carefully.,candidate
C01325,src/content/kumite/introduction.md,base,Training Progression,line 72,general,Basic Techniques: Master individual techniques,Use docs/kumite.pdf and docs/kumite_extracted.txt first; verify safety wording carefully.,candidate
C01326,src/content/kumite/introduction.md,base,Training Progression,line 73,general,Combination Practice: Learn technique combinations,Use docs/kumite.pdf and docs/kumite_extracted.txt first; verify safety wording carefully.,candidate
C01327,src/content/kumite/introduction.md,base,Training Progression,line 74,general,Pre-arranged Sparring: Practice structured sequences,Use docs/kumite.pdf and docs/kumite_extracted.txt first; verify safety wording carefully.,candidate
C01328,src/content/kumite/introduction.md,base,Training Progression,line 75,general,Semi-free Sparring: Limited free practice,Use docs/kumite.pdf and docs/kumite_extracted.txt first; verify safety wording carefully.,candidate
C01329,src/content/kumite/introduction.md,base,Training Progression,line 76,general,Free Sparring: Unrestricted fighting practice,Use docs/kumite.pdf and docs/kumite_extracted.txt first; verify safety wording carefully.,candidate
C01330,src/content/kumite/introduction.md,base,Training Progression,line 77,general,Competition: Apply skills in competitive environment,Use docs/kumite.pdf and docs/kumite_extracted.txt first; verify safety wording carefully.,candidate
C01331,src/content/kumite/introduction.md,base,Mental Aspects,line 79,general,Mental Aspects,Use docs/kumite.pdf and docs/kumite_extracted.txt first; verify safety wording carefully.,candidate
C01332,src/content/kumite/introduction.md,base,Mental Aspects,line 83,general,Zanshin: Remaining aware after technique execution,Use docs/kumite.pdf and docs/kumite_extracted.txt first; verify safety wording carefully.,candidate
C01333,src/content/kumite/introduction.md,base,Mental Aspects,line 84,general,"Mushin: Mind without thought, natural response",Use docs/kumite.pdf and docs/kumite_extracted.txt first; verify safety wording carefully.,candidate
C01334,src/content/kumite/introduction.md,base,Mental Aspects,line 85,general,"Fudoshin: Immovable mind, mental stability",Use docs/kumite.pdf and docs/kumite_extracted.txt first; verify safety wording carefully.,candidate
C01335,src/content/kumite/introduction.md,base,Mental Aspects,line 86,general,"Senshin: Purified mind, spiritual awareness",Use docs/kumite.pdf and docs/kumite_extracted.txt first; verify safety wording carefully.,candidate
C01336,src/content/kumite/introduction.md,base,Conclusion,line 90,technique,"Kumite is essential for developing practical fighting skills in karate. It bridges the gap between kata practice and real self-defense situations, while developing physical, mental, and spiritual qualities necessary for martial arts mastery.",Use docs/kumite.pdf and docs/kumite_extracted.txt first; verify safety wording carefully.,candidate
C01337,src/content/kumite/introduction/safety-and-rules.en.md,en,Safety and Rules in Kumite,line 1,safety,Safety and Rules in Kumite,Use docs/kumite.pdf and docs/kumite_extracted.txt first; verify safety wording carefully.,candidate
C01338,src/content/kumite/introduction/safety-and-rules.en.md,en,Safety and Rules in Kumite,line 3,safety,"Safety is of utmost importance in kumite practice. Without proper safety measures, kumite can be dangerous.",Use docs/kumite.pdf and docs/kumite_extracted.txt first; verify safety wording carefully.,candidate
C01339,src/content/kumite/introduction/safety-and-rules.en.md,en,Safety in Kumite,line 5,safety,Safety in Kumite,Use docs/kumite.pdf and docs/kumite_extracted.txt first; verify safety wording carefully.,candidate
C01340,src/content/kumite/introduction/safety-and-rules.en.md,en,Basic Safety Principles,line 7,safety,Basic Safety Principles,Use docs/kumite.pdf and docs/kumite_extracted.txt first; verify safety wording carefully.,candidate
C01341,src/content/kumite/introduction/safety-and-rules.en.md,en,Basic Safety Principles,line 9,general,Control: All techniques must be controlled,Use docs/kumite.pdf and docs/kumite_extracted.txt first; verify safety wording carefully.,candidate
C01342,src/content/kumite/introduction/safety-and-rules.en.md,en,Basic Safety Principles,line 10,safety,Protective Equipment: Use appropriate safety gear,Use docs/kumite.pdf and docs/kumite_extracted.txt first; verify safety wording carefully.,candidate
C01343,src/content/kumite/introduction/safety-and-rules.en.md,en,Basic Safety Principles,line 11,general,Supervision: Always practice under qualified instruction,Use docs/kumite.pdf and docs/kumite_extracted.txt first; verify safety wording carefully.,candidate
C01344,src/content/kumite/introduction/safety-and-rules.en.md,en,Basic Safety Principles,line 12,general,Respect: Show respect for your training partner,Use docs/kumite.pdf and docs/kumite_extracted.txt first; verify safety wording carefully.,candidate
C01345,src/content/kumite/introduction/safety-and-rules.en.md,en,Basic Safety Principles,line 13,general,Progressive Training: Start with basic forms before advanced sparring,Use docs/kumite.pdf and docs/kumite_extracted.txt first; verify safety wording carefully.,candidate
C01346,src/content/kumite/introduction/safety-and-rules.en.md,en,Safety Equipment,line 15,safety,Safety Equipment,Use docs/kumite.pdf and docs/kumite_extracted.txt first; verify safety wording carefully.,candidate
C01347,src/content/kumite/introduction/safety-and-rules.en.md,en,Safety Equipment,line 18,general,Hand Protectors: For protection of hands and wrists,Use docs/kumite.pdf and docs/kumite_extracted.txt first; verify safety wording carefully.,candidate
C01348,src/content/kumite/introduction/safety-and-rules.en.md,en,Safety Equipment,line 19,general,Foot Protectors: For protection of feet and ankles,Use docs/kumite.pdf and docs/kumite_extracted.txt first; verify safety wording carefully.,candidate
C01349,src/content/kumite/introduction/safety-and-rules.en.md,en,Safety Equipment,line 20,general,Mouth Guard: For protection of teeth and mouth,Use docs/kumite.pdf and docs/kumite_extracted.txt first; verify safety wording carefully.,candidate
C01350,src/content/kumite/introduction/safety-and-rules.en.md,en,Safety Equipment,line 21,general,Groin Protector: For male practitioners,Use docs/kumite.pdf and docs/kumite_extracted.txt first; verify safety wording carefully.,candidate
C01351,src/content/kumite/introduction/safety-and-rules.en.md,en,Safety Equipment,line 24,safety,Head Protection: For extra safety,Use docs/kumite.pdf and docs/kumite_extracted.txt first; verify safety wording carefully.,candidate
C01352,src/content/kumite/introduction/safety-and-rules.en.md,en,Safety Equipment,line 25,general,Chest Protector: For female practitioners,Use docs/kumite.pdf and docs/kumite_extracted.txt first; verify safety wording carefully.,candidate
C01353,src/content/kumite/introduction/safety-and-rules.en.md,en,Safety Equipment,line 26,general,Shin Guards: For extra leg protection,Use docs/kumite.pdf and docs/kumite_extracted.txt first; verify safety wording carefully.,candidate
C01354,src/content/kumite/introduction/safety-and-rules.en.md,en,Competition Rules,line 28,general,Competition Rules,Use docs/kumite.pdf and docs/kumite_extracted.txt first; verify safety wording carefully.,candidate
C01355,src/content/kumite/introduction/safety-and-rules.en.md,en,Competition Rules,line 30,general,"In sports karate competition, specific rules govern kumite:",Use docs/kumite.pdf and docs/kumite_extracted.txt first; verify safety wording carefully.,candidate
C01356,src/content/kumite/introduction/safety-and-rules.en.md,en,Allowed Areas,line 32,general,Allowed Areas,Use docs/kumite.pdf and docs/kumite_extracted.txt first; verify safety wording carefully.,candidate
C01357,src/content/kumite/introduction/safety-and-rules.en.md,en,Allowed Areas,line 35,general,"Head, face, neck",Use docs/kumite.pdf and docs/kumite_extracted.txt first; verify safety wording carefully.,candidate
C01358,src/content/kumite/introduction/safety-and-rules.en.md,en,Allowed Areas,line 36,general,"Chest, abdomen, back, side",Use docs/kumite.pdf and docs/kumite_extracted.txt first; verify safety wording carefully.,candidate
C01359,src/content/kumite/introduction/safety-and-rules.en.md,en,Allowed Areas,line 37,general,Arms and legs (limited),Use docs/kumite.pdf and docs/kumite_extracted.txt first; verify safety wording carefully.,candidate
C01360,src/content/kumite/introduction/safety-and-rules.en.md,en,Allowed Techniques,line 45,general,Allowed Techniques,Use docs/kumite.pdf and docs/kumite_extracted.txt first; verify safety wording carefully.,candidate
C01361,src/content/kumite/introduction/safety-and-rules.en.md,en,Allowed Techniques,line 47,general,Control: Only controlled techniques are allowed,Use docs/kumite.pdf and docs/kumite_extracted.txt first; verify safety wording carefully.,candidate
C01362,src/content/kumite/introduction/safety-and-rules.en.md,en,Allowed Techniques,line 48,safety,Contact: Light contact is permitted in some areas,Use docs/kumite.pdf and docs/kumite_extracted.txt first; verify safety wording carefully.,candidate
C01363,src/content/kumite/introduction/safety-and-rules.en.md,en,Allowed Techniques,line 49,safety,Force: Excessive force is forbidden,Use docs/kumite.pdf and docs/kumite_extracted.txt first; verify safety wording carefully.,candidate
C01364,src/content/kumite/introduction/safety-and-rules.en.md,en,Allowed Techniques,line 50,general,Techniques: Only approved techniques are allowed,Use docs/kumite.pdf and docs/kumite_extracted.txt first; verify safety wording carefully.,candidate
C01365,src/content/kumite/introduction/safety-and-rules.en.md,en,Penalties,line 55,general,Chukoku: First warning,Use docs/kumite.pdf and docs/kumite_extracted.txt first; verify safety wording carefully.,candidate
C01366,src/content/kumite/introduction/safety-and-rules.en.md,en,Penalties,line 56,general,Keikoku: Second warning,Use docs/kumite.pdf and docs/kumite_extracted.txt first; verify safety wording carefully.,candidate
C01367,src/content/kumite/introduction/safety-and-rules.en.md,en,Penalties,line 57,general,Hansoku: Disqualification,Use docs/kumite.pdf and docs/kumite_extracted.txt first; verify safety wording carefully.,candidate
C01368,src/content/kumite/introduction/safety-and-rules.en.md,en,Penalties,line 60,safety,Excessive contact,Use docs/kumite.pdf and docs/kumite_extracted.txt first; verify safety wording carefully.,candidate
C01369,src/content/kumite/introduction/safety-and-rules.en.md,en,Penalties,line 61,safety,Dangerous techniques,Use docs/kumite.pdf and docs/kumite_extracted.txt first; verify safety wording carefully.,candidate
C01370,src/content/kumite/introduction/safety-and-rules.en.md,en,Penalties,line 62,general,Unsportsmanlike behavior,Use docs/kumite.pdf and docs/kumite_extracted.txt first; verify safety wording carefully.,candidate
C01371,src/content/kumite/introduction/safety-and-rules.en.md,en,Penalties,line 63,general,Rule violations,Use docs/kumite.pdf and docs/kumite_extracted.txt first; verify safety wording carefully.,candidate
C01372,src/content/kumite/introduction/safety-and-rules.en.md,en,Time Limits,line 67,general,Match Duration: 2-3 minutes per round,Use docs/kumite.pdf and docs/kumite_extracted.txt first; verify safety wording carefully.,candidate
C01373,src/content/kumite/introduction/safety-and-rules.en.md,en,Time Limits,line 68,general,Breaks: Short breaks between rounds,Use docs/kumite.pdf and docs/kumite_extracted.txt first; verify safety wording carefully.,candidate
C01374,src/content/kumite/introduction/safety-and-rules.en.md,en,Time Limits,line 69,general,Extensions: In case of tie,Use docs/kumite.pdf and docs/kumite_extracted.txt first; verify safety wording carefully.,candidate
C01375,src/content/kumite/introduction/safety-and-rules.en.md,en,Training Safety,line 71,safety,Training Safety,Use docs/kumite.pdf and docs/kumite_extracted.txt first; verify safety wording carefully.,candidate
C01376,src/content/kumite/introduction/safety-and-rules.en.md,en,Before Training,line 73,general,Before Training,Use docs/kumite.pdf and docs/kumite_extracted.txt first; verify safety wording carefully.,candidate
C01377,src/content/kumite/introduction/safety-and-rules.en.md,en,Before Training,line 75,general,Warm-up: Always warm up properly,Use docs/kumite.pdf and docs/kumite_extracted.txt first; verify safety wording carefully.,candidate
C01378,src/content/kumite/introduction/safety-and-rules.en.md,en,Before Training,line 76,general,Stretching: Flexibility exercises,Use docs/kumite.pdf and docs/kumite_extracted.txt first; verify safety wording carefully.,candidate
C01379,src/content/kumite/introduction/safety-and-rules.en.md,en,Before Training,line 77,general,Check: Check equipment,Use docs/kumite.pdf and docs/kumite_extracted.txt first; verify safety wording carefully.,candidate
C01380,src/content/kumite/introduction/safety-and-rules.en.md,en,Before Training,line 78,general,Communication: Discuss level with partner,Use docs/kumite.pdf and docs/kumite_extracted.txt first; verify safety wording carefully.,candidate
C01381,src/content/kumite/introduction/safety-and-rules.en.md,en,During Training,line 80,general,During Training,Use docs/kumite.pdf and docs/kumite_extracted.txt first; verify safety wording carefully.,candidate
C01382,src/content/kumite/introduction/safety-and-rules.en.md,en,During Training,line 82,general,Control: Always maintain control over techniques,Use docs/kumite.pdf and docs/kumite_extracted.txt first; verify safety wording carefully.,candidate
C01383,src/content/kumite/introduction/safety-and-rules.en.md,en,During Training,line 83,general,Communication: Communicate with your partner,Use docs/kumite.pdf and docs/kumite_extracted.txt first; verify safety wording carefully.,candidate
C01384,src/content/kumite/introduction/safety-and-rules.en.md,en,During Training,line 84,general,Respect: Show respect for skill level,Use docs/kumite.pdf and docs/kumite_extracted.txt first; verify safety wording carefully.,candidate
C01385,src/content/kumite/introduction/safety-and-rules.en.md,en,During Training,line 85,general,Stop: Stop immediately if problems arise,Use docs/kumite.pdf and docs/kumite_extracted.txt first; verify safety wording carefully.,candidate
C01386,src/content/kumite/introduction/safety-and-rules.en.md,en,After Training,line 87,general,After Training,Use docs/kumite.pdf and docs/kumite_extracted.txt first; verify safety wording carefully.,candidate
C01387,src/content/kumite/introduction/safety-and-rules.en.md,en,After Training,line 89,general,Cool-down: Do cool-down routine,Use docs/kumite.pdf and docs/kumite_extracted.txt first; verify safety wording carefully.,candidate
C01388,src/content/kumite/introduction/safety-and-rules.en.md,en,After Training,line 90,general,Hydration: Drink sufficient water,Use docs/kumite.pdf and docs/kumite_extracted.txt first; verify safety wording carefully.,candidate
C01389,src/content/kumite/introduction/safety-and-rules.en.md,en,After Training,line 91,general,Evaluation: Discuss training with instructor,Use docs/kumite.pdf and docs/kumite_extracted.txt first; verify safety wording carefully.,candidate
C01390,src/content/kumite/introduction/safety-and-rules.en.md,en,After Training,line 92,general,Rest: Take sufficient rest,Use docs/kumite.pdf and docs/kumite_extracted.txt first; verify safety wording carefully.,candidate
C01391,src/content/kumite/introduction/safety-and-rules.en.md,en,Mental Safety,line 94,safety,Mental Safety,Use docs/kumite.pdf and docs/kumite_extracted.txt first; verify safety wording carefully.,candidate
C01392,src/content/kumite/introduction/safety-and-rules.en.md,en,Respect and Etiquette,line 96,general,Respect and Etiquette,Use docs/kumite.pdf and docs/kumite_extracted.txt first; verify safety wording carefully.,candidate
C01393,src/content/kumite/introduction/safety-and-rules.en.md,en,Respect and Etiquette,line 98,general,Rei: Bow to your partner and instructor,Use docs/kumite.pdf and docs/kumite_extracted.txt first; verify safety wording carefully.,candidate
C01394,src/content/kumite/introduction/safety-and-rules.en.md,en,Respect and Etiquette,line 99,general,Attitude: Maintain proper mental attitude,Use docs/kumite.pdf and docs/kumite_extracted.txt first; verify safety wording carefully.,candidate
C01395,src/content/kumite/introduction/safety-and-rules.en.md,en,Respect and Etiquette,line 100,general,"Learning: Focus on learning, not winning",Use docs/kumite.pdf and docs/kumite_extracted.txt first; verify safety wording carefully.,candidate
C01396,src/content/kumite/introduction/safety-and-rules.en.md,en,Respect and Etiquette,line 101,general,Boundaries: Respect your partner's boundaries,Use docs/kumite.pdf and docs/kumite_extracted.txt first; verify safety wording carefully.,candidate
C01397,src/content/kumite/introduction/safety-and-rules.en.md,en,Fear and Nerves,line 103,general,Fear and Nerves,Use docs/kumite.pdf and docs/kumite_extracted.txt first; verify safety wording carefully.,candidate
C01398,src/content/kumite/introduction/safety-and-rules.en.md,en,Fear and Nerves,line 105,general,Breathing: Use proper breathing techniques,Use docs/kumite.pdf and docs/kumite_extracted.txt first; verify safety wording carefully.,candidate
C01399,src/content/kumite/introduction/safety-and-rules.en.md,en,Fear and Nerves,line 106,general,"Focus: Concentrate on technique, not fear",Use docs/kumite.pdf and docs/kumite_extracted.txt first; verify safety wording carefully.,candidate
C01400,src/content/kumite/introduction/safety-and-rules.en.md,en,Fear and Nerves,line 107,general,Confidence: Build confidence gradually,Use docs/kumite.pdf and docs/kumite_extracted.txt first; verify safety wording carefully.,candidate
C01401,src/content/kumite/introduction/safety-and-rules.en.md,en,Fear and Nerves,line 108,general,Support: Seek support from instructor,Use docs/kumite.pdf and docs/kumite_extracted.txt first; verify safety wording carefully.,candidate
C01402,src/content/kumite/introduction/safety-and-rules.md,base,Veiligheid en Regels in Kumite,line 1,safety,Veiligheid en Regels in Kumite,Use docs/kumite.pdf and docs/kumite_extracted.txt first; verify safety wording carefully.,candidate
C01403,src/content/kumite/introduction/safety-and-rules.md,base,Veiligheid en Regels in Kumite,line 3,safety,Veiligheid is van het grootste belang in kumite praktijk. Zonder de juiste veiligheidsmaatregelen kan kumite gevaarlijk zijn.,Use docs/kumite.pdf and docs/kumite_extracted.txt first; verify safety wording carefully.,candidate
C01404,src/content/kumite/introduction/safety-and-rules.md,base,Veiligheid in Kumite,line 5,safety,Veiligheid in Kumite,Use docs/kumite.pdf and docs/kumite_extracted.txt first; verify safety wording carefully.,candidate
C01405,src/content/kumite/introduction/safety-and-rules.md,base,Basis Veiligheidsprincipes,line 7,safety,Basis Veiligheidsprincipes,Use docs/kumite.pdf and docs/kumite_extracted.txt first; verify safety wording carefully.,candidate
C01406,src/content/kumite/introduction/safety-and-rules.md,base,Basis Veiligheidsprincipes,line 9,general,Controle: Alle technieken moeten gecontroleerd zijn,Use docs/kumite.pdf and docs/kumite_extracted.txt first; verify safety wording carefully.,candidate
C01407,src/content/kumite/introduction/safety-and-rules.md,base,Basis Veiligheidsprincipes,line 10,safety,Beschermende Uitrusting: Gebruik geschikte veiligheidsuitrusting,Use docs/kumite.pdf and docs/kumite_extracted.txt first; verify safety wording carefully.,candidate
C01408,src/content/kumite/introduction/safety-and-rules.md,base,Basis Veiligheidsprincipes,line 11,general,Toezicht: Oefen altijd onder gekwalificeerde instructie,Use docs/kumite.pdf and docs/kumite_extracted.txt first; verify safety wording carefully.,candidate
C01409,src/content/kumite/introduction/safety-and-rules.md,base,Basis Veiligheidsprincipes,line 12,general,Respect: Toon respect voor je trainingspartner,Use docs/kumite.pdf and docs/kumite_extracted.txt first; verify safety wording carefully.,candidate
C01410,src/content/kumite/introduction/safety-and-rules.md,base,Basis Veiligheidsprincipes,line 13,general,Progressieve Training: Begin met basisvormen voor geavanceerd sparring,Use docs/kumite.pdf and docs/kumite_extracted.txt first; verify safety wording carefully.,candidate
C01411,src/content/kumite/introduction/safety-and-rules.md,base,Veiligheidsuitrusting,line 15,safety,Veiligheidsuitrusting,Use docs/kumite.pdf and docs/kumite_extracted.txt first; verify safety wording carefully.,candidate
C01412,src/content/kumite/introduction/safety-and-rules.md,base,Veiligheidsuitrusting,line 18,safety,Handbeschermers: Voor bescherming van handen en polsen,Use docs/kumite.pdf and docs/kumite_extracted.txt first; verify safety wording carefully.,candidate
C01413,src/content/kumite/introduction/safety-and-rules.md,base,Veiligheidsuitrusting,line 19,safety,Voetbeschermers: Voor bescherming van voeten en enkels,Use docs/kumite.pdf and docs/kumite_extracted.txt first; verify safety wording carefully.,candidate
C01414,src/content/kumite/introduction/safety-and-rules.md,base,Veiligheidsuitrusting,line 20,safety,Mondbeschermer: Voor bescherming van tanden en mond,Use docs/kumite.pdf and docs/kumite_extracted.txt first; verify safety wording carefully.,candidate
C01415,src/content/kumite/introduction/safety-and-rules.md,base,Veiligheidsuitrusting,line 21,safety,Kruisbeschermer: Voor mannelijke beoefenaars,Use docs/kumite.pdf and docs/kumite_extracted.txt first; verify safety wording carefully.,candidate
C01416,src/content/kumite/introduction/safety-and-rules.md,base,Veiligheidsuitrusting,line 24,safety,Hoofdbescherming: Voor extra veiligheid,Use docs/kumite.pdf and docs/kumite_extracted.txt first; verify safety wording carefully.,candidate
C01417,src/content/kumite/introduction/safety-and-rules.md,base,Veiligheidsuitrusting,line 25,safety,Borstbescherming: Voor vrouwelijke beoefenaars,Use docs/kumite.pdf and docs/kumite_extracted.txt first; verify safety wording carefully.,candidate
C01418,src/content/kumite/introduction/safety-and-rules.md,base,Veiligheidsuitrusting,line 26,safety,Scheenbeschermers: Voor extra beenbescherming,Use docs/kumite.pdf and docs/kumite_extracted.txt first; verify safety wording carefully.,candidate
C01419,src/content/kumite/introduction/safety-and-rules.md,base,Competitieregels,line 28,general,Competitieregels,Use docs/kumite.pdf and docs/kumite_extracted.txt first; verify safety wording carefully.,candidate
C01420,src/content/kumite/introduction/safety-and-rules.md,base,Competitieregels,line 30,general,In sportkarate competitie gelden specifieke regels voor kumite:,Use docs/kumite.pdf and docs/kumite_extracted.txt first; verify safety wording carefully.,candidate
C01421,src/content/kumite/introduction/safety-and-rules.md,base,Toegestane Gebieden,line 32,general,Toegestane Gebieden,Use docs/kumite.pdf and docs/kumite_extracted.txt first; verify safety wording carefully.,candidate
C01422,src/content/kumite/introduction/safety-and-rules.md,base,Toegestane Gebieden,line 35,general,"Hoofd, gezicht, nek",Use docs/kumite.pdf and docs/kumite_extracted.txt first; verify safety wording carefully.,candidate
C01423,src/content/kumite/introduction/safety-and-rules.md,base,Toegestane Gebieden,line 36,general,"Borst, buik, rug, zijkant",Use docs/kumite.pdf and docs/kumite_extracted.txt first; verify safety wording carefully.,candidate
C01424,src/content/kumite/introduction/safety-and-rules.md,base,Toegestane Gebieden,line 37,general,Armen en benen (beperkt),Use docs/kumite.pdf and docs/kumite_extracted.txt first; verify safety wording carefully.,candidate
C01425,src/content/kumite/introduction/safety-and-rules.md,base,Toegestane Technieken,line 45,general,Toegestane Technieken,Use docs/kumite.pdf and docs/kumite_extracted.txt first; verify safety wording carefully.,candidate
C01426,src/content/kumite/introduction/safety-and-rules.md,base,Toegestane Technieken,line 47,general,Controle: Alleen gecontroleerde technieken zijn toegestaan,Use docs/kumite.pdf and docs/kumite_extracted.txt first; verify safety wording carefully.,candidate
C01427,src/content/kumite/introduction/safety-and-rules.md,base,Toegestane Technieken,line 48,safety,Contact: Licht contact is toegestaan in sommige gebieden,Use docs/kumite.pdf and docs/kumite_extracted.txt first; verify safety wording carefully.,candidate
C01428,src/content/kumite/introduction/safety-and-rules.md,base,Toegestane Technieken,line 49,safety,Kracht: Overmatige kracht is verboden,Use docs/kumite.pdf and docs/kumite_extracted.txt first; verify safety wording carefully.,candidate
C01429,src/content/kumite/introduction/safety-and-rules.md,base,Toegestane Technieken,line 50,general,Technieken: Alleen goedgekeurde technieken zijn toegestaan,Use docs/kumite.pdf and docs/kumite_extracted.txt first; verify safety wording carefully.,candidate
C01430,src/content/kumite/introduction/safety-and-rules.md,base,Penalties,line 55,general,Chukoku: Eerste waarschuwing,Use docs/kumite.pdf and docs/kumite_extracted.txt first; verify safety wording carefully.,candidate
C01431,src/content/kumite/introduction/safety-and-rules.md,base,Penalties,line 56,general,Keikoku: Tweede waarschuwing,Use docs/kumite.pdf and docs/kumite_extracted.txt first; verify safety wording carefully.,candidate
C01432,src/content/kumite/introduction/safety-and-rules.md,base,Penalties,line 57,general,Hansoku: Diskwalificatie,Use docs/kumite.pdf and docs/kumite_extracted.txt first; verify safety wording carefully.,candidate
C01433,src/content/kumite/introduction/safety-and-rules.md,base,Penalties,line 60,safety,Overmatig contact,Use docs/kumite.pdf and docs/kumite_extracted.txt first; verify safety wording carefully.,candidate
C01434,src/content/kumite/introduction/safety-and-rules.md,base,Penalties,line 61,safety,Gevaarlijke technieken,Use docs/kumite.pdf and docs/kumite_extracted.txt first; verify safety wording carefully.,candidate
C01435,src/content/kumite/introduction/safety-and-rules.md,base,Penalties,line 62,general,Onsportief gedrag,Use docs/kumite.pdf and docs/kumite_extracted.txt first; verify safety wording carefully.,candidate
C01436,src/content/kumite/introduction/safety-and-rules.md,base,Penalties,line 63,general,Regelovertredingen,Use docs/kumite.pdf and docs/kumite_extracted.txt first; verify safety wording carefully.,candidate
C01437,src/content/kumite/introduction/safety-and-rules.md,base,Tijdslimieten,line 65,general,Tijdslimieten,Use docs/kumite.pdf and docs/kumite_extracted.txt first; verify safety wording carefully.,candidate
C01438,src/content/kumite/introduction/safety-and-rules.md,base,Tijdslimieten,line 67,general,Wedstrijdduur: 2-3 minuten per ronde,Use docs/kumite.pdf and docs/kumite_extracted.txt first; verify safety wording carefully.,candidate
C01439,src/content/kumite/introduction/safety-and-rules.md,base,Tijdslimieten,line 68,general,Pauzes: Korte pauzes tussen rondes,Use docs/kumite.pdf and docs/kumite_extracted.txt first; verify safety wording carefully.,candidate
C01440,src/content/kumite/introduction/safety-and-rules.md,base,Tijdslimieten,line 69,general,Verlengingen: Bij gelijke stand,Use docs/kumite.pdf and docs/kumite_extracted.txt first; verify safety wording carefully.,candidate
C01441,src/content/kumite/introduction/safety-and-rules.md,base,Training Veiligheid,line 71,safety,Training Veiligheid,Use docs/kumite.pdf and docs/kumite_extracted.txt first; verify safety wording carefully.,candidate
C01442,src/content/kumite/introduction/safety-and-rules.md,base,Voor de Training,line 73,general,Voor de Training,Use docs/kumite.pdf and docs/kumite_extracted.txt first; verify safety wording carefully.,candidate
C01443,src/content/kumite/introduction/safety-and-rules.md,base,Voor de Training,line 75,general,Opwarmen: Altijd goed opwarmen,Use docs/kumite.pdf and docs/kumite_extracted.txt first; verify safety wording carefully.,candidate
C01444,src/content/kumite/introduction/safety-and-rules.md,base,Voor de Training,line 76,general,Uitrekken: Flexibiliteitsoefeningen,Use docs/kumite.pdf and docs/kumite_extracted.txt first; verify safety wording carefully.,candidate
C01445,src/content/kumite/introduction/safety-and-rules.md,base,Voor de Training,line 77,general,Controle: Controleer uitrusting,Use docs/kumite.pdf and docs/kumite_extracted.txt first; verify safety wording carefully.,candidate
C01446,src/content/kumite/introduction/safety-and-rules.md,base,Voor de Training,line 78,general,Communicatie: Bespreek niveau met partner,Use docs/kumite.pdf and docs/kumite_extracted.txt first; verify safety wording carefully.,candidate
C01447,src/content/kumite/introduction/safety-and-rules.md,base,Tijdens de Training,line 80,general,Tijdens de Training,Use docs/kumite.pdf and docs/kumite_extracted.txt first; verify safety wording carefully.,candidate
C01448,src/content/kumite/introduction/safety-and-rules.md,base,Tijdens de Training,line 82,general,Controle: Houd altijd controle over technieken,Use docs/kumite.pdf and docs/kumite_extracted.txt first; verify safety wording carefully.,candidate
C01449,src/content/kumite/introduction/safety-and-rules.md,base,Tijdens de Training,line 83,general,Communicatie: Communiceer met je partner,Use docs/kumite.pdf and docs/kumite_extracted.txt first; verify safety wording carefully.,candidate
C01450,src/content/kumite/introduction/safety-and-rules.md,base,Tijdens de Training,line 84,general,Respect: Toon respect voor vaardigheidsniveau,Use docs/kumite.pdf and docs/kumite_extracted.txt first; verify safety wording carefully.,candidate
C01451,src/content/kumite/introduction/safety-and-rules.md,base,Tijdens de Training,line 85,general,Stop: Stop onmiddellijk bij problemen,Use docs/kumite.pdf and docs/kumite_extracted.txt first; verify safety wording carefully.,candidate
C01452,src/content/kumite/introduction/safety-and-rules.md,base,Na de Training,line 87,general,Na de Training,Use docs/kumite.pdf and docs/kumite_extracted.txt first; verify safety wording carefully.,candidate
C01453,src/content/kumite/introduction/safety-and-rules.md,base,Na de Training,line 89,general,Afkoelen: Doe afkoelingsroutine,Use docs/kumite.pdf and docs/kumite_extracted.txt first; verify safety wording carefully.,candidate
C01454,src/content/kumite/introduction/safety-and-rules.md,base,Na de Training,line 90,general,Hydratatie: Drink voldoende water,Use docs/kumite.pdf and docs/kumite_extracted.txt first; verify safety wording carefully.,candidate
C01455,src/content/kumite/introduction/safety-and-rules.md,base,Na de Training,line 91,general,Evaluatie: Bespreek training met instructeur,Use docs/kumite.pdf and docs/kumite_extracted.txt first; verify safety wording carefully.,candidate
C01456,src/content/kumite/introduction/safety-and-rules.md,base,Na de Training,line 92,general,Rust: Neem voldoende rust,Use docs/kumite.pdf and docs/kumite_extracted.txt first; verify safety wording carefully.,candidate
C01457,src/content/kumite/introduction/safety-and-rules.md,base,Mentale Veiligheid,line 94,safety,Mentale Veiligheid,Use docs/kumite.pdf and docs/kumite_extracted.txt first; verify safety wording carefully.,candidate
C01458,src/content/kumite/introduction/safety-and-rules.md,base,Respect en Etiquette,line 96,general,Respect en Etiquette,Use docs/kumite.pdf and docs/kumite_extracted.txt first; verify safety wording carefully.,candidate
C01459,src/content/kumite/introduction/safety-and-rules.md,base,Respect en Etiquette,line 98,general,Rei: Groet je partner en instructeur,Use docs/kumite.pdf and docs/kumite_extracted.txt first; verify safety wording carefully.,candidate
C01460,src/content/kumite/introduction/safety-and-rules.md,base,Respect en Etiquette,line 99,general,Houding: Behoud juiste mentale houding,Use docs/kumite.pdf and docs/kumite_extracted.txt first; verify safety wording carefully.,candidate
C01461,src/content/kumite/introduction/safety-and-rules.md,base,Respect en Etiquette,line 100,general,"Leren: Focus op leren, niet winnen",Use docs/kumite.pdf and docs/kumite_extracted.txt first; verify safety wording carefully.,candidate
C01462,src/content/kumite/introduction/safety-and-rules.md,base,Respect en Etiquette,line 101,general,Grenzen: Respecteer grenzen van je partner,Use docs/kumite.pdf and docs/kumite_extracted.txt first; verify safety wording carefully.,candidate
C01463,src/content/kumite/introduction/safety-and-rules.md,base,Angst en Zenuwen,line 103,general,Angst en Zenuwen,Use docs/kumite.pdf and docs/kumite_extracted.txt first; verify safety wording carefully.,candidate
C01464,src/content/kumite/introduction/safety-and-rules.md,base,Angst en Zenuwen,line 105,general,Ademhaling: Gebruik juiste ademhalingstechnieken,Use docs/kumite.pdf and docs/kumite_extracted.txt first; verify safety wording carefully.,candidate
C01465,src/content/kumite/introduction/safety-and-rules.md,base,Angst en Zenuwen,line 106,general,"Focus: Concentreer op techniek, niet angst",Use docs/kumite.pdf and docs/kumite_extracted.txt first; verify safety wording carefully.,candidate
C01466,src/content/kumite/introduction/safety-and-rules.md,base,Angst en Zenuwen,line 107,general,Vertrouwen: Bouw geleidelijk vertrouwen op,Use docs/kumite.pdf and docs/kumite_extracted.txt first; verify safety wording carefully.,candidate
C01467,src/content/kumite/introduction/safety-and-rules.md,base,Angst en Zenuwen,line 108,general,Ondersteuning: Zoek ondersteuning van instructeur,Use docs/kumite.pdf and docs/kumite_extracted.txt first; verify safety wording carefully.,candidate
C01468,src/content/kumite/introduction/types-of-kumite.en.md,en,Types of Kumite,line 1,general,Types of Kumite,Use docs/kumite.pdf and docs/kumite_extracted.txt first; verify safety wording carefully.,candidate
C01469,src/content/kumite/introduction/types-of-kumite.en.md,en,Types of Kumite,line 3,general,"There are different types of kumite practiced in karate, each with their own purpose and level of complexity.",Use docs/kumite.pdf and docs/kumite_extracted.txt first; verify safety wording carefully.,candidate
C01470,src/content/kumite/introduction/types-of-kumite.en.md,en,Ippon Kumite (One-Step Sparring),line 5,general,Ippon Kumite (One-Step Sparring),Use docs/kumite.pdf and docs/kumite_extracted.txt first; verify safety wording carefully.,candidate
C01471,src/content/kumite/introduction/types-of-kumite.en.md,en,Ippon Kumite (One-Step Sparring),line 7,general,Description: Pre-arranged attacks and defenses,Use docs/kumite.pdf and docs/kumite_extracted.txt first; verify safety wording carefully.,candidate
C01472,src/content/kumite/introduction/types-of-kumite.en.md,en,Ippon Kumite (One-Step Sparring),line 10,technique,Develops timing and distance,Use docs/kumite.pdf and docs/kumite_extracted.txt first; verify safety wording carefully.,candidate
C01473,src/content/kumite/introduction/types-of-kumite.en.md,en,Ippon Kumite (One-Step Sparring),line 11,general,Builds confidence in technique application,Use docs/kumite.pdf and docs/kumite_extracted.txt first; verify safety wording carefully.,candidate
C01474,src/content/kumite/introduction/types-of-kumite.en.md,en,Ippon Kumite (One-Step Sparring),line 12,general,Teaches basic defense patterns,Use docs/kumite.pdf and docs/kumite_extracted.txt first; verify safety wording carefully.,candidate
C01475,src/content/kumite/introduction/types-of-kumite.en.md,en,Ippon Kumite (One-Step Sparring),line 15,general,"One attack, one defense",Use docs/kumite.pdf and docs/kumite_extracted.txt first; verify safety wording carefully.,candidate
C01476,src/content/kumite/introduction/types-of-kumite.en.md,en,Ippon Kumite (One-Step Sparring),line 16,general,Controlled execution,Use docs/kumite.pdf and docs/kumite_extracted.txt first; verify safety wording carefully.,candidate
C01477,src/content/kumite/introduction/types-of-kumite.en.md,en,Ippon Kumite (One-Step Sparring),line 17,general,Focus on correct technique,Use docs/kumite.pdf and docs/kumite_extracted.txt first; verify safety wording carefully.,candidate
C01478,src/content/kumite/introduction/types-of-kumite.en.md,en,Sanbon Kumite (Three-Step Sparring),line 19,general,Sanbon Kumite (Three-Step Sparring),Use docs/kumite.pdf and docs/kumite_extracted.txt first; verify safety wording carefully.,candidate
C01479,src/content/kumite/introduction/types-of-kumite.en.md,en,Sanbon Kumite (Three-Step Sparring),line 21,general,Description: Three-step pre-arranged sequences,Use docs/kumite.pdf and docs/kumite_extracted.txt first; verify safety wording carefully.,candidate
C01480,src/content/kumite/introduction/types-of-kumite.en.md,en,Sanbon Kumite (Three-Step Sparring),line 24,general,Develops rhythm and coordination,Use docs/kumite.pdf and docs/kumite_extracted.txt first; verify safety wording carefully.,candidate
C01481,src/content/kumite/introduction/types-of-kumite.en.md,en,Sanbon Kumite (Three-Step Sparring),line 25,technique,Teaches proper distance and timing,Use docs/kumite.pdf and docs/kumite_extracted.txt first; verify safety wording carefully.,candidate
C01482,src/content/kumite/introduction/types-of-kumite.en.md,en,Sanbon Kumite (Three-Step Sparring),line 26,general,Builds endurance,Use docs/kumite.pdf and docs/kumite_extracted.txt first; verify safety wording carefully.,candidate
C01483,src/content/kumite/introduction/types-of-kumite.en.md,en,Sanbon Kumite (Three-Step Sparring),line 29,general,Three consecutive attacks,Use docs/kumite.pdf and docs/kumite_extracted.txt first; verify safety wording carefully.,candidate
C01484,src/content/kumite/introduction/types-of-kumite.en.md,en,Sanbon Kumite (Three-Step Sparring),line 30,general,Controlled defense,Use docs/kumite.pdf and docs/kumite_extracted.txt first; verify safety wording carefully.,candidate
C01485,src/content/kumite/introduction/types-of-kumite.en.md,en,Sanbon Kumite (Three-Step Sparring),line 31,general,Flowing movements,Use docs/kumite.pdf and docs/kumite_extracted.txt first; verify safety wording carefully.,candidate
C01486,src/content/kumite/introduction/types-of-kumite.en.md,en,Gohon Kumite (Five-Step Sparring),line 33,general,Gohon Kumite (Five-Step Sparring),Use docs/kumite.pdf and docs/kumite_extracted.txt first; verify safety wording carefully.,candidate
C01487,src/content/kumite/introduction/types-of-kumite.en.md,en,Gohon Kumite (Five-Step Sparring),line 38,general,More complex combinations,Use docs/kumite.pdf and docs/kumite_extracted.txt first; verify safety wording carefully.,candidate
C01488,src/content/kumite/introduction/types-of-kumite.en.md,en,Gohon Kumite (Five-Step Sparring),line 39,technique,Advanced timing and distance control,Use docs/kumite.pdf and docs/kumite_extracted.txt first; verify safety wording carefully.,candidate
C01489,src/content/kumite/introduction/types-of-kumite.en.md,en,Gohon Kumite (Five-Step Sparring),line 40,general,Develops tactical insight,Use docs/kumite.pdf and docs/kumite_extracted.txt first; verify safety wording carefully.,candidate
C01490,src/content/kumite/introduction/types-of-kumite.en.md,en,Gohon Kumite (Five-Step Sparring),line 43,general,Five consecutive attacks,Use docs/kumite.pdf and docs/kumite_extracted.txt first; verify safety wording carefully.,candidate
C01491,src/content/kumite/introduction/types-of-kumite.en.md,en,Gohon Kumite (Five-Step Sparring),line 44,general,Varied defense techniques,Use docs/kumite.pdf and docs/kumite_extracted.txt first; verify safety wording carefully.,candidate
C01492,src/content/kumite/introduction/types-of-kumite.en.md,en,Gohon Kumite (Five-Step Sparring),line 45,general,Higher intensity,Use docs/kumite.pdf and docs/kumite_extracted.txt first; verify safety wording carefully.,candidate
C01493,src/content/kumite/introduction/types-of-kumite.en.md,en,Jiyu Kumite (Free Sparring),line 47,general,Jiyu Kumite (Free Sparring),Use docs/kumite.pdf and docs/kumite_extracted.txt first; verify safety wording carefully.,candidate
C01494,src/content/kumite/introduction/types-of-kumite.en.md,en,Jiyu Kumite (Free Sparring),line 52,general,Develops spontaneity and adaptability,Use docs/kumite.pdf and docs/kumite_extracted.txt first; verify safety wording carefully.,candidate
C01495,src/content/kumite/introduction/types-of-kumite.en.md,en,Jiyu Kumite (Free Sparring),line 53,general,Tests real fighting skills,Use docs/kumite.pdf and docs/kumite_extracted.txt first; verify safety wording carefully.,candidate
C01496,src/content/kumite/introduction/types-of-kumite.en.md,en,Jiyu Kumite (Free Sparring),line 54,general,Builds self-confidence,Use docs/kumite.pdf and docs/kumite_extracted.txt first; verify safety wording carefully.,candidate
C01497,src/content/kumite/introduction/types-of-kumite.en.md,en,Jiyu Kumite (Free Sparring),line 57,general,Unpredictable attacks,Use docs/kumite.pdf and docs/kumite_extracted.txt first; verify safety wording carefully.,candidate
C01498,src/content/kumite/introduction/types-of-kumite.en.md,en,Jiyu Kumite (Free Sparring),line 58,general,Free defense,Use docs/kumite.pdf and docs/kumite_extracted.txt first; verify safety wording carefully.,candidate
C01499,src/content/kumite/introduction/types-of-kumite.en.md,en,Jiyu Kumite (Free Sparring),line 59,general,Realistic fighting situations,Use docs/kumite.pdf and docs/kumite_extracted.txt first; verify safety wording carefully.,candidate
C01500,src/content/kumite/introduction/types-of-kumite.en.md,en,Shiai Kumite (Competition Sparring),line 61,general,Shiai Kumite (Competition Sparring),Use docs/kumite.pdf and docs/kumite_extracted.txt first; verify safety wording carefully.,candidate
C01501,src/content/kumite/introduction/types-of-kumite.en.md,en,Shiai Kumite (Competition Sparring),line 63,general,Description: Rule-based competitive fighting,Use docs/kumite.pdf and docs/kumite_extracted.txt first; verify safety wording carefully.,candidate
C01502,src/content/kumite/introduction/types-of-kumite.en.md,en,Shiai Kumite (Competition Sparring),line 66,general,Focus on scoring points,Use docs/kumite.pdf and docs/kumite_extracted.txt first; verify safety wording carefully.,candidate
C01503,src/content/kumite/introduction/types-of-kumite.en.md,en,Shiai Kumite (Competition Sparring),line 67,general,Develops tactical thinking,Use docs/kumite.pdf and docs/kumite_extracted.txt first; verify safety wording carefully.,candidate
C01504,src/content/kumite/introduction/types-of-kumite.en.md,en,Shiai Kumite (Competition Sparring),line 68,general,Prepares for competitions,Use docs/kumite.pdf and docs/kumite_extracted.txt first; verify safety wording carefully.,candidate
C01505,src/content/kumite/introduction/types-of-kumite.en.md,en,Shiai Kumite (Competition Sparring),line 71,general,Specific rules and limitations,Use docs/kumite.pdf and docs/kumite_extracted.txt first; verify safety wording carefully.,candidate
C01506,src/content/kumite/introduction/types-of-kumite.en.md,en,Shiai Kumite (Competition Sparring),line 72,general,Point scoring system,Use docs/kumite.pdf and docs/kumite_extracted.txt first; verify safety wording carefully.,candidate
C01507,src/content/kumite/introduction/types-of-kumite.en.md,en,Training Progression,line 75,general,Training Progression,Use docs/kumite.pdf and docs/kumite_extracted.txt first; verify safety wording carefully.,candidate
C01508,src/content/kumite/introduction/types-of-kumite.en.md,en,Training Progression,line 77,general,The different types of kumite follow a logical progression:,Use docs/kumite.pdf and docs/kumite_extracted.txt first; verify safety wording carefully.,candidate
C01509,src/content/kumite/introduction/types-of-kumite.en.md,en,Training Progression,line 79,general,Basic: Ippon Kumite for fundamental skills,Use docs/kumite.pdf and docs/kumite_extracted.txt first; verify safety wording carefully.,candidate
C01510,src/content/kumite/introduction/types-of-kumite.en.md,en,Training Progression,line 80,general,Expansion: Sanbon and Gohon for complexity,Use docs/kumite.pdf and docs/kumite_extracted.txt first; verify safety wording carefully.,candidate
C01511,src/content/kumite/introduction/types-of-kumite.en.md,en,Training Progression,line 81,general,Freedom: Jiyu Kumite for spontaneity,Use docs/kumite.pdf and docs/kumite_extracted.txt first; verify safety wording carefully.,candidate
C01512,src/content/kumite/introduction/types-of-kumite.en.md,en,Training Progression,line 82,general,Competition: Shiai Kumite for competition experience,Use docs/kumite.pdf and docs/kumite_extracted.txt first; verify safety wording carefully.,candidate
C01513,src/content/kumite/introduction/types-of-kumite.en.md,en,Safety,line 87,general,Control: All techniques must be controlled,Use docs/kumite.pdf and docs/kumite_extracted.txt first; verify safety wording carefully.,candidate
C01514,src/content/kumite/introduction/types-of-kumite.en.md,en,Safety,line 88,general,Supervision: Always under qualified instruction,Use docs/kumite.pdf and docs/kumite_extracted.txt first; verify safety wording carefully.,candidate
C01515,src/content/kumite/introduction/types-of-kumite.en.md,en,Safety,line 89,general,Respect: Show respect for your training partner,Use docs/kumite.pdf and docs/kumite_extracted.txt first; verify safety wording carefully.,candidate
C01516,src/content/kumite/introduction/types-of-kumite.en.md,en,Safety,line 90,general,Progressive Training: Start with basic forms,Use docs/kumite.pdf and docs/kumite_extracted.txt first; verify safety wording carefully.,candidate
C01517,src/content/kumite/introduction/types-of-kumite.md,base,Soorten Kumite,line 1,general,Soorten Kumite,Use docs/kumite.pdf and docs/kumite_extracted.txt first; verify safety wording carefully.,candidate
C01518,src/content/kumite/introduction/types-of-kumite.md,base,Soorten Kumite,line 3,general,"Er zijn verschillende soorten kumite die beoefend worden in karate, elk met hun eigen doel en niveau van complexiteit.",Use docs/kumite.pdf and docs/kumite_extracted.txt first; verify safety wording carefully.,candidate
C01519,src/content/kumite/introduction/types-of-kumite.md,base,Ippon Kumite (One-Step Sparring),line 5,general,Ippon Kumite (One-Step Sparring),Use docs/kumite.pdf and docs/kumite_extracted.txt first; verify safety wording carefully.,candidate
C01520,src/content/kumite/introduction/types-of-kumite.md,base,Ippon Kumite (One-Step Sparring),line 7,general,Beschrijving: Vooraf afgesproken aanvallen en verdedigingen,Use docs/kumite.pdf and docs/kumite_extracted.txt first; verify safety wording carefully.,candidate
C01521,src/content/kumite/introduction/types-of-kumite.md,base,Ippon Kumite (One-Step Sparring),line 10,general,Ontwikkelt timing en afstand,Use docs/kumite.pdf and docs/kumite_extracted.txt first; verify safety wording carefully.,candidate
C01522,src/content/kumite/introduction/types-of-kumite.md,base,Ippon Kumite (One-Step Sparring),line 11,general,Bouwt vertrouwen in techniektoepassing,Use docs/kumite.pdf and docs/kumite_extracted.txt first; verify safety wording carefully.,candidate
C01523,src/content/kumite/introduction/types-of-kumite.md,base,Ippon Kumite (One-Step Sparring),line 12,general,Leert basis verdedigingspatronen,Use docs/kumite.pdf and docs/kumite_extracted.txt first; verify safety wording carefully.,candidate
C01524,src/content/kumite/introduction/types-of-kumite.md,base,Ippon Kumite (One-Step Sparring),line 15,general,"Eén aanval, één verdediging",Use docs/kumite.pdf and docs/kumite_extracted.txt first; verify safety wording carefully.,candidate
C01525,src/content/kumite/introduction/types-of-kumite.md,base,Ippon Kumite (One-Step Sparring),line 16,general,Gecontroleerde uitvoering,Use docs/kumite.pdf and docs/kumite_extracted.txt first; verify safety wording carefully.,candidate
C01526,src/content/kumite/introduction/types-of-kumite.md,base,Ippon Kumite (One-Step Sparring),line 17,general,Focus op correcte techniek,Use docs/kumite.pdf and docs/kumite_extracted.txt first; verify safety wording carefully.,candidate
C01527,src/content/kumite/introduction/types-of-kumite.md,base,Sanbon Kumite (Three-Step Sparring),line 19,general,Sanbon Kumite (Three-Step Sparring),Use docs/kumite.pdf and docs/kumite_extracted.txt first; verify safety wording carefully.,candidate
C01528,src/content/kumite/introduction/types-of-kumite.md,base,Sanbon Kumite (Three-Step Sparring),line 21,general,Beschrijving: Drie-stap vooraf afgesproken sequenties,Use docs/kumite.pdf and docs/kumite_extracted.txt first; verify safety wording carefully.,candidate
C01529,src/content/kumite/introduction/types-of-kumite.md,base,Sanbon Kumite (Three-Step Sparring),line 24,general,Ontwikkelt ritme en coördinatie,Use docs/kumite.pdf and docs/kumite_extracted.txt first; verify safety wording carefully.,candidate
C01530,src/content/kumite/introduction/types-of-kumite.md,base,Sanbon Kumite (Three-Step Sparring),line 25,general,Leert juiste afstand en timing,Use docs/kumite.pdf and docs/kumite_extracted.txt first; verify safety wording carefully.,candidate
C01531,src/content/kumite/introduction/types-of-kumite.md,base,Sanbon Kumite (Three-Step Sparring),line 26,general,Bouwt uithoudingsvermogen op,Use docs/kumite.pdf and docs/kumite_extracted.txt first; verify safety wording carefully.,candidate
C01532,src/content/kumite/introduction/types-of-kumite.md,base,Sanbon Kumite (Three-Step Sparring),line 29,general,Drie opeenvolgende aanvallen,Use docs/kumite.pdf and docs/kumite_extracted.txt first; verify safety wording carefully.,candidate
C01533,src/content/kumite/introduction/types-of-kumite.md,base,Sanbon Kumite (Three-Step Sparring),line 30,general,Gecontroleerde verdediging,Use docs/kumite.pdf and docs/kumite_extracted.txt first; verify safety wording carefully.,candidate
C01534,src/content/kumite/introduction/types-of-kumite.md,base,Sanbon Kumite (Three-Step Sparring),line 31,general,Vloeiende bewegingen,Use docs/kumite.pdf and docs/kumite_extracted.txt first; verify safety wording carefully.,candidate
C01535,src/content/kumite/introduction/types-of-kumite.md,base,Gohon Kumite (Five-Step Sparring),line 33,general,Gohon Kumite (Five-Step Sparring),Use docs/kumite.pdf and docs/kumite_extracted.txt first; verify safety wording carefully.,candidate
C01536,src/content/kumite/introduction/types-of-kumite.md,base,Gohon Kumite (Five-Step Sparring),line 38,general,Complexere combinaties,Use docs/kumite.pdf and docs/kumite_extracted.txt first; verify safety wording carefully.,candidate
C01537,src/content/kumite/introduction/types-of-kumite.md,base,Gohon Kumite (Five-Step Sparring),line 39,general,Geavanceerde timing en afstandscontrole,Use docs/kumite.pdf and docs/kumite_extracted.txt first; verify safety wording carefully.,candidate
C01538,src/content/kumite/introduction/types-of-kumite.md,base,Gohon Kumite (Five-Step Sparring),line 40,general,Ontwikkelt tactisch inzicht,Use docs/kumite.pdf and docs/kumite_extracted.txt first; verify safety wording carefully.,candidate
C01539,src/content/kumite/introduction/types-of-kumite.md,base,Gohon Kumite (Five-Step Sparring),line 43,general,Vijf opeenvolgende aanvallen,Use docs/kumite.pdf and docs/kumite_extracted.txt first; verify safety wording carefully.,candidate
C01540,src/content/kumite/introduction/types-of-kumite.md,base,Gohon Kumite (Five-Step Sparring),line 44,general,Gevarieerde verdedigingstechnieken,Use docs/kumite.pdf and docs/kumite_extracted.txt first; verify safety wording carefully.,candidate
C01541,src/content/kumite/introduction/types-of-kumite.md,base,Gohon Kumite (Five-Step Sparring),line 45,general,Hogere intensiteit,Use docs/kumite.pdf and docs/kumite_extracted.txt first; verify safety wording carefully.,candidate
C01542,src/content/kumite/introduction/types-of-kumite.md,base,Jiyu Kumite (Free Sparring),line 47,general,Jiyu Kumite (Free Sparring),Use docs/kumite.pdf and docs/kumite_extracted.txt first; verify safety wording carefully.,candidate
C01543,src/content/kumite/introduction/types-of-kumite.md,base,Jiyu Kumite (Free Sparring),line 52,general,Ontwikkelt spontaniteit en aanpassingsvermogen,Use docs/kumite.pdf and docs/kumite_extracted.txt first; verify safety wording carefully.,candidate
C01544,src/content/kumite/introduction/types-of-kumite.md,base,Jiyu Kumite (Free Sparring),line 53,general,Test echte vechtvaardigheden,Use docs/kumite.pdf and docs/kumite_extracted.txt first; verify safety wording carefully.,candidate
C01545,src/content/kumite/introduction/types-of-kumite.md,base,Jiyu Kumite (Free Sparring),line 54,general,Bouwt zelfvertrouwen op,Use docs/kumite.pdf and docs/kumite_extracted.txt first; verify safety wording carefully.,candidate
C01546,src/content/kumite/introduction/types-of-kumite.md,base,Jiyu Kumite (Free Sparring),line 57,general,Onvoorspelbare aanvallen,Use docs/kumite.pdf and docs/kumite_extracted.txt first; verify safety wording carefully.,candidate
C01547,src/content/kumite/introduction/types-of-kumite.md,base,Jiyu Kumite (Free Sparring),line 58,general,Vrije verdediging,Use docs/kumite.pdf and docs/kumite_extracted.txt first; verify safety wording carefully.,candidate
C01548,src/content/kumite/introduction/types-of-kumite.md,base,Jiyu Kumite (Free Sparring),line 59,general,Realistische vechtsituaties,Use docs/kumite.pdf and docs/kumite_extracted.txt first; verify safety wording carefully.,candidate
C01549,src/content/kumite/introduction/types-of-kumite.md,base,Shiai Kumite (Competition Sparring),line 61,general,Shiai Kumite (Competition Sparring),Use docs/kumite.pdf and docs/kumite_extracted.txt first; verify safety wording carefully.,candidate
C01550,src/content/kumite/introduction/types-of-kumite.md,base,Shiai Kumite (Competition Sparring),line 63,general,Beschrijving: Regelgebaseerd competitief vechten,Use docs/kumite.pdf and docs/kumite_extracted.txt first; verify safety wording carefully.,candidate
C01551,src/content/kumite/introduction/types-of-kumite.md,base,Shiai Kumite (Competition Sparring),line 66,general,Focus op scoren van punten,Use docs/kumite.pdf and docs/kumite_extracted.txt first; verify safety wording carefully.,candidate
C01552,src/content/kumite/introduction/types-of-kumite.md,base,Shiai Kumite (Competition Sparring),line 67,general,Ontwikkelt tactisch denken,Use docs/kumite.pdf and docs/kumite_extracted.txt first; verify safety wording carefully.,candidate
C01553,src/content/kumite/introduction/types-of-kumite.md,base,Shiai Kumite (Competition Sparring),line 68,general,Voorbereidt op wedstrijden,Use docs/kumite.pdf and docs/kumite_extracted.txt first; verify safety wording carefully.,candidate
C01554,src/content/kumite/introduction/types-of-kumite.md,base,Shiai Kumite (Competition Sparring),line 71,general,Specifieke regels en beperkingen,Use docs/kumite.pdf and docs/kumite_extracted.txt first; verify safety wording carefully.,candidate
C01555,src/content/kumite/introduction/types-of-kumite.md,base,Shiai Kumite (Competition Sparring),line 72,general,Punten scoring systeem,Use docs/kumite.pdf and docs/kumite_extracted.txt first; verify safety wording carefully.,candidate
C01556,src/content/kumite/introduction/types-of-kumite.md,base,Shiai Kumite (Competition Sparring),line 73,general,Tijdslimieten,Use docs/kumite.pdf and docs/kumite_extracted.txt first; verify safety wording carefully.,candidate
C01557,src/content/kumite/introduction/types-of-kumite.md,base,Progressie in Training,line 75,general,Progressie in Training,Use docs/kumite.pdf and docs/kumite_extracted.txt first; verify safety wording carefully.,candidate
C01558,src/content/kumite/introduction/types-of-kumite.md,base,Progressie in Training,line 77,general,De verschillende soorten kumite volgen een logische progressie:,Use docs/kumite.pdf and docs/kumite_extracted.txt first; verify safety wording carefully.,candidate
C01559,src/content/kumite/introduction/types-of-kumite.md,base,Progressie in Training,line 79,general,Basis: Ippon Kumite voor fundamentele vaardigheden,Use docs/kumite.pdf and docs/kumite_extracted.txt first; verify safety wording carefully.,candidate
C01560,src/content/kumite/introduction/types-of-kumite.md,base,Progressie in Training,line 80,general,Uitbreiding: Sanbon en Gohon voor complexiteit,Use docs/kumite.pdf and docs/kumite_extracted.txt first; verify safety wording carefully.,candidate
C01561,src/content/kumite/introduction/types-of-kumite.md,base,Progressie in Training,line 81,general,Vrijheid: Jiyu Kumite voor spontaniteit,Use docs/kumite.pdf and docs/kumite_extracted.txt first; verify safety wording carefully.,candidate
C01562,src/content/kumite/introduction/types-of-kumite.md,base,Progressie in Training,line 82,general,Competitie: Shiai Kumite voor wedstrijdervaring,Use docs/kumite.pdf and docs/kumite_extracted.txt first; verify safety wording carefully.,candidate
C01563,src/content/kumite/introduction/types-of-kumite.md,base,Veiligheid,line 87,general,Controle: Alle technieken moeten gecontroleerd zijn,Use docs/kumite.pdf and docs/kumite_extracted.txt first; verify safety wording carefully.,candidate
C01564,src/content/kumite/introduction/types-of-kumite.md,base,Veiligheid,line 88,general,Toezicht: Altijd onder gekwalificeerde instructie,Use docs/kumite.pdf and docs/kumite_extracted.txt first; verify safety wording carefully.,candidate
C01565,src/content/kumite/introduction/types-of-kumite.md,base,Veiligheid,line 89,general,Respect: Toon respect voor je trainingspartner,Use docs/kumite.pdf and docs/kumite_extracted.txt first; verify safety wording carefully.,candidate
C01566,src/content/kumite/introduction/types-of-kumite.md,base,Veiligheid,line 90,general,Progressieve Training: Begin met basisvormen,Use docs/kumite.pdf and docs/kumite_extracted.txt first; verify safety wording carefully.,candidate
C01567,src/content/kumite/introduction/what-is-kumite.en.md,en,What is Kumite?,line 1,general,What is Kumite?,Use docs/kumite.pdf and docs/kumite_extracted.txt first; verify safety wording carefully.,candidate
C01568,src/content/kumite/introduction/what-is-kumite.en.md,en,What is Kumite?,line 3,technique,"Kumite (組手) is the practice of sparring or fighting in karate. It is one of the three main components of karate training, alongside kata (forms) and kihon (basics).",Use docs/kumite.pdf and docs/kumite_extracted.txt first; verify safety wording carefully.,candidate
C01569,src/content/kumite/introduction/what-is-kumite.en.md,en,Meaning,line 7,definition,"Kumite literally means ""grappling hands"" and refers to the practice of fighting techniques with a partner. It is the practical application of the techniques learned in kata and kihon training.",Use docs/kumite.pdf and docs/kumite_extracted.txt first; verify safety wording carefully.,candidate
C01570,src/content/kumite/introduction/what-is-kumite.en.md,en,Purpose of Kumite,line 9,general,Purpose of Kumite,Use docs/kumite.pdf and docs/kumite_extracted.txt first; verify safety wording carefully.,candidate
C01571,src/content/kumite/introduction/what-is-kumite.en.md,en,Purpose of Kumite,line 11,general,Kumite serves several important purposes in karate training:,Use docs/kumite.pdf and docs/kumite_extracted.txt first; verify safety wording carefully.,candidate
C01572,src/content/kumite/introduction/what-is-kumite.en.md,en,Purpose of Kumite,line 13,general,Practical Application: Tests techniques in realistic situations,Use docs/kumite.pdf and docs/kumite_extracted.txt first; verify safety wording carefully.,candidate
C01573,src/content/kumite/introduction/what-is-kumite.en.md,en,Purpose of Kumite,line 14,technique,Timing and Distance: Develops sense of ma-ai (fighting distance),Use docs/kumite.pdf and docs/kumite_extracted.txt first; verify safety wording carefully.,candidate
C01574,src/content/kumite/introduction/what-is-kumite.en.md,en,Purpose of Kumite,line 15,general,Mental Discipline: Builds confidence and mental toughness,Use docs/kumite.pdf and docs/kumite_extracted.txt first; verify safety wording carefully.,candidate
C01575,src/content/kumite/introduction/what-is-kumite.en.md,en,Purpose of Kumite,line 16,general,Physical Conditioning: Improves fitness and reflexes,Use docs/kumite.pdf and docs/kumite_extracted.txt first; verify safety wording carefully.,candidate
C01576,src/content/kumite/introduction/what-is-kumite.en.md,en,Purpose of Kumite,line 17,general,Tactical Thinking: Develops strategy and decision-making,Use docs/kumite.pdf and docs/kumite_extracted.txt first; verify safety wording carefully.,candidate
C01577,src/content/kumite/introduction/what-is-kumite.en.md,en,Importance in Karate,line 19,general,Importance in Karate,Use docs/kumite.pdf and docs/kumite_extracted.txt first; verify safety wording carefully.,candidate
C01578,src/content/kumite/introduction/what-is-kumite.en.md,en,Importance in Karate,line 21,technique,"Kumite is essential for developing practical fighting skills in karate. It bridges the gap between kata practice and real self-defense situations, while developing physical, mental, and spiritual qualities necessary for martial arts mastery.",Use docs/kumite.pdf and docs/kumite_extracted.txt first; verify safety wording carefully.,candidate
C01579,src/content/kumite/introduction/what-is-kumite.md,base,Wat is Kumite?,line 1,general,Wat is Kumite?,Use docs/kumite.pdf and docs/kumite_extracted.txt first; verify safety wording carefully.,candidate
C01580,src/content/kumite/introduction/what-is-kumite.md,base,Wat is Kumite?,line 3,technique,"Kumite (組手) is de praktijk van sparring of vechten in karate. Het is een van de drie hoofdcomponenten van karate training, naast kata (vormen) en kihon (basis).",Use docs/kumite.pdf and docs/kumite_extracted.txt first; verify safety wording carefully.,candidate
C01581,src/content/kumite/introduction/what-is-kumite.md,base,Betekenis,line 7,definition,"Kumite betekent letterlijk ""grappling hands"" en verwijst naar de praktijk van vechttechnieken met een partner. Het is de praktische toepassing van de technieken die geleerd worden in kata en kihon training.",Use docs/kumite.pdf and docs/kumite_extracted.txt first; verify safety wording carefully.,candidate
C01582,src/content/kumite/introduction/what-is-kumite.md,base,Doel van Kumite,line 9,general,Doel van Kumite,Use docs/kumite.pdf and docs/kumite_extracted.txt first; verify safety wording carefully.,candidate
C01583,src/content/kumite/introduction/what-is-kumite.md,base,Doel van Kumite,line 11,general,Kumite dient verschillende belangrijke doelen in karate training:,Use docs/kumite.pdf and docs/kumite_extracted.txt first; verify safety wording carefully.,candidate
C01584,src/content/kumite/introduction/what-is-kumite.md,base,Doel van Kumite,line 13,general,Praktische Toepassing: Test technieken in realistische situaties,Use docs/kumite.pdf and docs/kumite_extracted.txt first; verify safety wording carefully.,candidate
C01585,src/content/kumite/introduction/what-is-kumite.md,base,Doel van Kumite,line 14,general,Timing en Afstand: Ontwikkelt gevoel voor ma-ai (vechtafstand),Use docs/kumite.pdf and docs/kumite_extracted.txt first; verify safety wording carefully.,candidate
C01586,src/content/kumite/introduction/what-is-kumite.md,base,Doel van Kumite,line 15,general,Mentale Discipline: Bouwt vertrouwen en mentale weerbaarheid op,Use docs/kumite.pdf and docs/kumite_extracted.txt first; verify safety wording carefully.,candidate
C01587,src/content/kumite/introduction/what-is-kumite.md,base,Doel van Kumite,line 16,general,Fysieke Conditie: Verbetert conditie en reflexen,Use docs/kumite.pdf and docs/kumite_extracted.txt first; verify safety wording carefully.,candidate
C01588,src/content/kumite/introduction/what-is-kumite.md,base,Doel van Kumite,line 17,general,Tactisch Denken: Ontwikkelt strategie en besluitvorming,Use docs/kumite.pdf and docs/kumite_extracted.txt first; verify safety wording carefully.,candidate
C01589,src/content/kumite/introduction/what-is-kumite.md,base,Belang in Karate,line 19,general,Belang in Karate,Use docs/kumite.pdf and docs/kumite_extracted.txt first; verify safety wording carefully.,candidate
C01590,src/content/kumite/introduction/what-is-kumite.md,base,Belang in Karate,line 21,technique,"Kumite is essentieel voor het ontwikkelen van praktische vechtvaardigheden in karate. Het overbrugt de kloof tussen kata praktijk en echte zelfverdedigingssituaties, terwijl het fysieke, mentale en spirituele kwaliteiten ontwikkelt die nodig zijn voor martial arts beheersing.",Use docs/kumite.pdf and docs/kumite_extracted.txt first; verify safety wording carefully.,candidate
C01591,src/content/kumite/introduction/what-is-kumite.nl.md,nl,Wat is Kumite?,line 1,general,Wat is Kumite?,Use docs/kumite.pdf and docs/kumite_extracted.txt first; verify safety wording carefully.,candidate
C01592,src/content/kumite/introduction/what-is-kumite.nl.md,nl,Wat is Kumite?,line 3,technique,"Kumite (組手) is de praktijk van sparring of vechten in karate. Het is een van de drie hoofdcomponenten van karate training, naast kata (vormen) en kihon (basis).",Use docs/kumite.pdf and docs/kumite_extracted.txt first; verify safety wording carefully.,candidate
C01593,src/content/kumite/introduction/what-is-kumite.nl.md,nl,Betekenis,line 7,definition,"Kumite betekent letterlijk ""grappling hands"" en verwijst naar de praktijk van vechttechnieken met een partner. Het is de praktische toepassing van de technieken die geleerd worden in kata en kihon training.",Use docs/kumite.pdf and docs/kumite_extracted.txt first; verify safety wording carefully.,candidate
C01594,src/content/kumite/introduction/what-is-kumite.nl.md,nl,Doel van Kumite,line 9,general,Doel van Kumite,Use docs/kumite.pdf and docs/kumite_extracted.txt first; verify safety wording carefully.,candidate
C01595,src/content/kumite/introduction/what-is-kumite.nl.md,nl,Doel van Kumite,line 11,general,Kumite dient verschillende belangrijke doelen in karate training:,Use docs/kumite.pdf and docs/kumite_extracted.txt first; verify safety wording carefully.,candidate
C01596,src/content/kumite/introduction/what-is-kumite.nl.md,nl,Doel van Kumite,line 13,general,Praktische Toepassing: Test technieken in realistische situaties,Use docs/kumite.pdf and docs/kumite_extracted.txt first; verify safety wording carefully.,candidate
C01597,src/content/kumite/introduction/what-is-kumite.nl.md,nl,Doel van Kumite,line 14,general,Timing en Afstand: Ontwikkelt gevoel voor ma-ai (vechtafstand),Use docs/kumite.pdf and docs/kumite_extracted.txt first; verify safety wording carefully.,candidate
C01598,src/content/kumite/introduction/what-is-kumite.nl.md,nl,Doel van Kumite,line 15,general,Mentale Discipline: Bouwt vertrouwen en mentale weerbaarheid op,Use docs/kumite.pdf and docs/kumite_extracted.txt first; verify safety wording carefully.,candidate
C01599,src/content/kumite/introduction/what-is-kumite.nl.md,nl,Doel van Kumite,line 16,general,Fysieke Conditie: Verbetert conditie en reflexen,Use docs/kumite.pdf and docs/kumite_extracted.txt first; verify safety wording carefully.,candidate
C01600,src/content/kumite/introduction/what-is-kumite.nl.md,nl,Doel van Kumite,line 17,general,Tactisch Denken: Ontwikkelt strategie en besluitvorming,Use docs/kumite.pdf and docs/kumite_extracted.txt first; verify safety wording carefully.,candidate
C01601,src/content/kumite/introduction/what-is-kumite.nl.md,nl,Belang in Karate,line 19,general,Belang in Karate,Use docs/kumite.pdf and docs/kumite_extracted.txt first; verify safety wording carefully.,candidate
C01602,src/content/kumite/introduction/what-is-kumite.nl.md,nl,Belang in Karate,line 21,technique,"Kumite is essentieel voor het ontwikkelen van praktische vechtvaardigheden in karate. Het overbrugt de kloof tussen kata praktijk en echte zelfverdedigingssituaties, terwijl het fysieke, mentale en spirituele kwaliteiten ontwikkelt die nodig zijn voor martial arts beheersing.",Use docs/kumite.pdf and docs/kumite_extracted.txt first; verify safety wording carefully.,candidate
C01603,src/content/kumite/principles.md,base,Kumite Principles and Training Philosophy,line 1,general,Kumite Principles and Training Philosophy,Use docs/kumite.pdf and docs/kumite_extracted.txt first; verify safety wording carefully.,candidate
C01604,src/content/kumite/principles.md,base,Core Training Principles,line 3,general,Core Training Principles,Use docs/kumite.pdf and docs/kumite_extracted.txt first; verify safety wording carefully.,candidate
C01605,src/content/kumite/principles.md,base,Technical Correctness,line 5,general,Technical Correctness,Use docs/kumite.pdf and docs/kumite_extracted.txt first; verify safety wording carefully.,candidate
C01606,src/content/kumite/principles.md,base,Technical Correctness,line 6,general,"Technical correctness is only one of the factors that affect the end result of a fight. It can be improved by motor accents in technical training, because motor preparation during a fight significantly determines the result of the technique performed.",Use docs/kumite.pdf and docs/kumite_extracted.txt first; verify safety wording carefully.,candidate
C01607,src/content/kumite/principles.md,base,Motor Skills Development,line 8,general,Motor Skills Development,Use docs/kumite.pdf and docs/kumite_extracted.txt first; verify safety wording carefully.,candidate
C01608,src/content/kumite/principles.md,base,Motor Skills Development,line 9,general,The appropriate relationship between motor skills and the motor potential of a karateka is formed during a long-term training process. The stage of learning karate techniques is always the shortest and easiest.,Use docs/kumite.pdf and docs/kumite_extracted.txt first; verify safety wording carefully.,candidate
C01609,src/content/kumite/principles.md,base,Progressive Mastery,line 11,general,Progressive Mastery,Use docs/kumite.pdf and docs/kumite_extracted.txt first; verify safety wording carefully.,candidate
C01610,src/content/kumite/principles.md,base,Progressive Mastery,line 12,general,The pace of mastering techniques depends on the karateka's motor susceptibility. Then the skills of combining and using the functions of given techniques in a specific situation depending on the opponent are perfected.,Use docs/kumite.pdf and docs/kumite_extracted.txt first; verify safety wording carefully.,candidate
C01611,src/content/kumite/principles.md,base,Mental Preparation,line 14,general,Mental Preparation,Use docs/kumite.pdf and docs/kumite_extracted.txt first; verify safety wording carefully.,candidate
C01612,src/content/kumite/principles.md,base,Zanshin (残心) - Remaining Mind,line 16,general,Zanshin (残心) - Remaining Mind,Use docs/kumite.pdf and docs/kumite_extracted.txt first; verify safety wording carefully.,candidate
C01613,src/content/kumite/principles.md,base,Zanshin (残心) - Remaining Mind,line 17,general,Maintaining awareness after technique execution,Use docs/kumite.pdf and docs/kumite_extracted.txt first; verify safety wording carefully.,candidate
C01614,src/content/kumite/principles.md,base,Zanshin (残心) - Remaining Mind,line 18,general,Staying alert and ready for follow-up actions,Use docs/kumite.pdf and docs/kumite_extracted.txt first; verify safety wording carefully.,candidate
C01615,src/content/kumite/principles.md,base,Zanshin (残心) - Remaining Mind,line 19,general,Complete mental presence throughout the encounter,Use docs/kumite.pdf and docs/kumite_extracted.txt first; verify safety wording carefully.,candidate
C01616,src/content/kumite/principles.md,base,Mushin (無心) - Mind Without Thought,line 21,general,Mushin (無心) - Mind Without Thought,Use docs/kumite.pdf and docs/kumite_extracted.txt first; verify safety wording carefully.,candidate
C01617,src/content/kumite/principles.md,base,Mushin (無心) - Mind Without Thought,line 22,general,Natural response without conscious thought,Use docs/kumite.pdf and docs/kumite_extracted.txt first; verify safety wording carefully.,candidate
C01618,src/content/kumite/principles.md,base,Mushin (無心) - Mind Without Thought,line 23,general,Spontaneous reaction to situations,Use docs/kumite.pdf and docs/kumite_extracted.txt first; verify safety wording carefully.,candidate
C01619,src/content/kumite/principles.md,base,Mushin (無心) - Mind Without Thought,line 24,general,State of mind where techniques flow naturally,Use docs/kumite.pdf and docs/kumite_extracted.txt first; verify safety wording carefully.,candidate
C01620,src/content/kumite/principles.md,base,Fudoshin (不動心) - Immovable Mind,line 26,general,Fudoshin (不動心) - Immovable Mind,Use docs/kumite.pdf and docs/kumite_extracted.txt first; verify safety wording carefully.,candidate
C01621,src/content/kumite/principles.md,base,Fudoshin (不動心) - Immovable Mind,line 27,general,Mental stability under pressure,Use docs/kumite.pdf and docs/kumite_extracted.txt first; verify safety wording carefully.,candidate
C01622,src/content/kumite/principles.md,base,Fudoshin (不動心) - Immovable Mind,line 28,general,Unwavering focus during combat,Use docs/kumite.pdf and docs/kumite_extracted.txt first; verify safety wording carefully.,candidate
C01623,src/content/kumite/principles.md,base,Fudoshin (不動心) - Immovable Mind,line 29,general,Emotional control in all situations,Use docs/kumite.pdf and docs/kumite_extracted.txt first; verify safety wording carefully.,candidate
C01624,src/content/kumite/principles.md,base,Senshin (先心) - Purified Mind,line 31,general,Senshin (先心) - Purified Mind,Use docs/kumite.pdf and docs/kumite_extracted.txt first; verify safety wording carefully.,candidate
C01625,src/content/kumite/principles.md,base,Senshin (先心) - Purified Mind,line 32,general,Spiritual awareness and clarity,Use docs/kumite.pdf and docs/kumite_extracted.txt first; verify safety wording carefully.,candidate
C01626,src/content/kumite/principles.md,base,Senshin (先心) - Purified Mind,line 33,general,Higher level of consciousness,Use docs/kumite.pdf and docs/kumite_extracted.txt first; verify safety wording carefully.,candidate
C01627,src/content/kumite/principles.md,base,Senshin (先心) - Purified Mind,line 34,general,"Integration of mind, body, and spirit",Use docs/kumite.pdf and docs/kumite_extracted.txt first; verify safety wording carefully.,candidate
C01628,src/content/kumite/principles.md,base,Tactical Principles,line 36,general,Tactical Principles,Use docs/kumite.pdf and docs/kumite_extracted.txt first; verify safety wording carefully.,candidate
C01629,src/content/kumite/principles.md,base,Ma-ai (間合い) - Fighting Distance,line 38,technique,Ma-ai (間合い) - Fighting Distance,Use docs/kumite.pdf and docs/kumite_extracted.txt first; verify safety wording carefully.,candidate
C01630,src/content/kumite/principles.md,base,Ma-ai (間合い) - Fighting Distance,line 39,technique,Understanding and controlling the distance between opponents,Use docs/kumite.pdf and docs/kumite_extracted.txt first; verify safety wording carefully.,candidate
C01631,src/content/kumite/principles.md,base,Ma-ai (間合い) - Fighting Distance,line 40,general,"Knowing when to attack, defend, or move",Use docs/kumite.pdf and docs/kumite_extracted.txt first; verify safety wording carefully.,candidate
C01632,src/content/kumite/principles.md,base,Ma-ai (間合い) - Fighting Distance,line 41,technique,Timing techniques based on distance,Use docs/kumite.pdf and docs/kumite_extracted.txt first; verify safety wording carefully.,candidate
C01633,src/content/kumite/principles.md,base,Sen (先) - Initiative,line 43,general,Sen (先) - Initiative,Use docs/kumite.pdf and docs/kumite_extracted.txt first; verify safety wording carefully.,candidate
C01634,src/content/kumite/principles.md,base,Sen (先) - Initiative,line 44,general,Taking the initiative in combat,Use docs/kumite.pdf and docs/kumite_extracted.txt first; verify safety wording carefully.,candidate
C01635,src/content/kumite/principles.md,base,Sen (先) - Initiative,line 45,general,Anticipating and responding to opponent's actions,Use docs/kumite.pdf and docs/kumite_extracted.txt first; verify safety wording carefully.,candidate
C01636,src/content/kumite/principles.md,base,Sen (先) - Initiative,line 46,general,Controlling the rhythm and pace of the fight,Use docs/kumite.pdf and docs/kumite_extracted.txt first; verify safety wording carefully.,candidate
C01637,src/content/kumite/principles.md,base,Go No Sen (後の先) - Response to Attack,line 48,general,Go No Sen (後の先) - Response to Attack,Use docs/kumite.pdf and docs/kumite_extracted.txt first; verify safety wording carefully.,candidate
C01638,src/content/kumite/principles.md,base,Go No Sen (後の先) - Response to Attack,line 49,general,Counter-attacking after defending,Use docs/kumite.pdf and docs/kumite_extracted.txt first; verify safety wording carefully.,candidate
C01639,src/content/kumite/principles.md,base,Go No Sen (後の先) - Response to Attack,line 50,general,Using opponent's energy against them,Use docs/kumite.pdf and docs/kumite_extracted.txt first; verify safety wording carefully.,candidate
C01640,src/content/kumite/principles.md,base,Go No Sen (後の先) - Response to Attack,line 51,general,Timing counter-attacks effectively,Use docs/kumite.pdf and docs/kumite_extracted.txt first; verify safety wording carefully.,candidate
C01641,src/content/kumite/principles.md,base,Sen No Sen (先の先) - Attacking the Attack,line 53,general,Sen No Sen (先の先) - Attacking the Attack,Use docs/kumite.pdf and docs/kumite_extracted.txt first; verify safety wording carefully.,candidate
C01642,src/content/kumite/principles.md,base,Sen No Sen (先の先) - Attacking the Attack,line 54,general,Attacking as the opponent begins their attack,Use docs/kumite.pdf and docs/kumite_extracted.txt first; verify safety wording carefully.,candidate
C01643,src/content/kumite/principles.md,base,Sen No Sen (先の先) - Attacking the Attack,line 55,general,Intercepting techniques before they develop,Use docs/kumite.pdf and docs/kumite_extracted.txt first; verify safety wording carefully.,candidate
C01644,src/content/kumite/principles.md,base,Sen No Sen (先の先) - Attacking the Attack,line 56,general,Taking advantage of opponent's commitment,Use docs/kumite.pdf and docs/kumite_extracted.txt first; verify safety wording carefully.,candidate
C01645,src/content/kumite/principles.md,base,Physical Preparation,line 58,general,Physical Preparation,Use docs/kumite.pdf and docs/kumite_extracted.txt first; verify safety wording carefully.,candidate
C01646,src/content/kumite/principles.md,base,Motor Preparation,line 60,general,Motor Preparation,Use docs/kumite.pdf and docs/kumite_extracted.txt first; verify safety wording carefully.,candidate
C01647,src/content/kumite/principles.md,base,Motor Preparation,line 61,general,Motor preparation allows for developing motor skills to a high level. This provides the basis for perfecting techniques at the championship level.,Use docs/kumite.pdf and docs/kumite_extracted.txt first; verify safety wording carefully.,candidate
C01648,src/content/kumite/principles.md,base,Technical Preparation,line 63,general,Technical Preparation,Use docs/kumite.pdf and docs/kumite_extracted.txt first; verify safety wording carefully.,candidate
C01649,src/content/kumite/principles.md,base,Technical Preparation,line 64,general,A high degree of mastery of techniques gives the opportunity to achieve many tactical solutions. Technical preparation is such an important part of karate training.,Use docs/kumite.pdf and docs/kumite_extracted.txt first; verify safety wording carefully.,candidate
C01650,src/content/kumite/principles.md,base,Tactical Preparation,line 66,general,Tactical Preparation,Use docs/kumite.pdf and docs/kumite_extracted.txt first; verify safety wording carefully.,candidate
C01651,src/content/kumite/principles.md,base,Tactical Preparation,line 67,general,The ability to combine and use techniques in specific situations depending on the opponent is perfected through tactical training.,Use docs/kumite.pdf and docs/kumite_extracted.txt first; verify safety wording carefully.,candidate
C01652,src/content/kumite/principles.md,base,Mental Preparation,line 69,general,Mental Preparation,Use docs/kumite.pdf and docs/kumite_extracted.txt first; verify safety wording carefully.,candidate
C01653,src/content/kumite/principles.md,base,Mental Preparation,line 70,general,Mental preparation allows the achieved training effects to be fully presented at sports competitions.,Use docs/kumite.pdf and docs/kumite_extracted.txt first; verify safety wording carefully.,candidate
C01654,src/content/kumite/principles.md,base,Competition vs. Traditional Karate,line 72,general,Competition vs. Traditional Karate,Use docs/kumite.pdf and docs/kumite_extracted.txt first; verify safety wording carefully.,candidate
C01655,src/content/kumite/principles.md,base,Key Differences,line 74,general,Key Differences,Use docs/kumite.pdf and docs/kumite_extracted.txt first; verify safety wording carefully.,candidate
C01656,src/content/kumite/principles.md,base,Key Differences,line 76,general,"Rule Limitations: Due to the limitations of the rules of sports combat, there is a big difference between the techniques in the combat version and the sports version of karate.",Use docs/kumite.pdf and docs/kumite_extracted.txt first; verify safety wording carefully.,candidate
C01657,src/content/kumite/principles.md,base,Key Differences,line 78,general,"Scoring Focus: In sport fighting, karateka is always focused on scoring points by attacking the allowed areas of the opponent's body while constantly controlling techniques.",Use docs/kumite.pdf and docs/kumite_extracted.txt first; verify safety wording carefully.,candidate
C01658,src/content/kumite/principles.md,base,Key Differences,line 80,safety,Safety Considerations: The 34 allowed techniques are justified by the concern for the safety of competing athletes.,Use docs/kumite.pdf and docs/kumite_extracted.txt first; verify safety wording carefully.,candidate
C01659,src/content/kumite/principles.md,base,Training Approach,line 82,general,Training Approach,Use docs/kumite.pdf and docs/kumite_extracted.txt first; verify safety wording carefully.,candidate
C01660,src/content/kumite/principles.md,base,Training Approach,line 84,general,The problem of perfecting karate sports techniques boils down to accentuating and combining all those elements on which the effectiveness of the movements performed in a sports fight depends.,Use docs/kumite.pdf and docs/kumite_extracted.txt first; verify safety wording carefully.,candidate
C01661,src/content/kumite/principles.md,base,Training Methodology,line 86,general,Training Methodology,Use docs/kumite.pdf and docs/kumite_extracted.txt first; verify safety wording carefully.,candidate
C01662,src/content/kumite/principles.md,base,Systematic Approach,line 88,general,Systematic Approach,Use docs/kumite.pdf and docs/kumite_extracted.txt first; verify safety wording carefully.,candidate
C01663,src/content/kumite/principles.md,base,Systematic Approach,line 89,general,Working systematically on fundamental techniques,Use docs/kumite.pdf and docs/kumite_extracted.txt first; verify safety wording carefully.,candidate
C01664,src/content/kumite/principles.md,base,Systematic Approach,line 90,general,Not rushing in search of novelty,Use docs/kumite.pdf and docs/kumite_extracted.txt first; verify safety wording carefully.,candidate
C01665,src/content/kumite/principles.md,base,Systematic Approach,line 91,general,Focusing on perfect mastery of basic techniques,Use docs/kumite.pdf and docs/kumite_extracted.txt first; verify safety wording carefully.,candidate
C01666,src/content/kumite/principles.md,base,Experience Development,line 93,general,Experience Development,Use docs/kumite.pdf and docs/kumite_extracted.txt first; verify safety wording carefully.,candidate
C01667,src/content/kumite/principles.md,base,Experience Development,line 94,general,Nothing can replace the experience gained in sporting competition as it has an impact on the development by the competitors of their own unique fighting styles.,Use docs/kumite.pdf and docs/kumite_extracted.txt first; verify safety wording carefully.,candidate
C01668,src/content/kumite/principles.md,base,Rule Knowledge,line 96,general,Rule Knowledge,Use docs/kumite.pdf and docs/kumite_extracted.txt first; verify safety wording carefully.,candidate
C01669,src/content/kumite/principles.md,base,Rule Knowledge,line 97,general,A thorough knowledge of the rules translates into the conduct of the athletes' pursuits realized through combat.,Use docs/kumite.pdf and docs/kumite_extracted.txt first; verify safety wording carefully.,candidate
C01670,src/content/kumite/principles.md,base,Technical Mastery,line 99,general,Technical Mastery,Use docs/kumite.pdf and docs/kumite_extracted.txt first; verify safety wording carefully.,candidate
C01671,src/content/kumite/principles.md,base,Technical Mastery,line 100,grading,Outstanding champions are examples of what can be reached by working systematically on fundamental techniques.,Use docs/kumite.pdf and docs/kumite_extracted.txt first; verify safety wording carefully.,candidate
C01672,src/content/kumite/principles.md,base,Safety and Control,line 102,safety,Safety and Control,Use docs/kumite.pdf and docs/kumite_extracted.txt first; verify safety wording carefully.,candidate
C01673,src/content/kumite/principles.md,base,Technique Control,line 104,general,Technique Control,Use docs/kumite.pdf and docs/kumite_extracted.txt first; verify safety wording carefully.,candidate
C01674,src/content/kumite/principles.md,base,Technique Control,line 105,general,All techniques must be executed with proper control,Use docs/kumite.pdf and docs/kumite_extracted.txt first; verify safety wording carefully.,candidate
C01675,src/content/kumite/principles.md,base,Technique Control,line 106,safety,Understanding the difference between contact and excessive force,Use docs/kumite.pdf and docs/kumite_extracted.txt first; verify safety wording carefully.,candidate
C01676,src/content/kumite/principles.md,base,Technique Control,line 107,safety,Maintaining safety for both competitors,Use docs/kumite.pdf and docs/kumite_extracted.txt first; verify safety wording carefully.,candidate
C01677,src/content/kumite/principles.md,base,Equipment Considerations,line 109,general,Equipment Considerations,Use docs/kumite.pdf and docs/kumite_extracted.txt first; verify safety wording carefully.,candidate
C01678,src/content/kumite/principles.md,base,Equipment Considerations,line 110,general,Understanding the limitations of karate tatami vs. judo tatami,Use docs/kumite.pdf and docs/kumite_extracted.txt first; verify safety wording carefully.,candidate
C01679,src/content/kumite/principles.md,base,Equipment Considerations,line 111,safety,Awareness of safety equipment requirements,Use docs/kumite.pdf and docs/kumite_extracted.txt first; verify safety wording carefully.,candidate
C01680,src/content/kumite/principles.md,base,Equipment Considerations,line 112,general,Proper use of protective gear,Use docs/kumite.pdf and docs/kumite_extracted.txt first; verify safety wording carefully.,candidate
C01681,src/content/kumite/principles.md,base,Personal Safety,line 114,safety,Personal Safety,Use docs/kumite.pdf and docs/kumite_extracted.txt first; verify safety wording carefully.,candidate
C01682,src/content/kumite/principles.md,base,Personal Safety,line 115,safety,The personal safety of karatekas depends on proper training and understanding of safety principles.,Use docs/kumite.pdf and docs/kumite_extracted.txt first; verify safety wording carefully.,candidate
C01683,src/content/kumite/principles.md,base,Conclusion,line 119,safety,"The principles of kumite training emphasize the integration of physical, mental, and tactical preparation. Success in kumite requires not only technical mastery but also mental discipline, tactical understanding, and respect for safety considerations. The systematic approach to training, combined with competitive experience, leads to the development of effective and safe kumite skills.",Use docs/kumite.pdf and docs/kumite_extracted.txt first; verify safety wording carefully.,candidate
C01684,src/content/kumite/techniques.md,base,Kumite Techniques in Sports Karate,line 1,general,Kumite Techniques in Sports Karate,Use docs/kumite.pdf and docs/kumite_extracted.txt first; verify safety wording carefully.,candidate
C01685,src/content/kumite/techniques.md,base,Kumite Techniques in Sports Karate,line 3,safety,"According to research by Piepiora and Witkowski (2021), there are exactly 34 karate techniques allowed in sports kumite competition. These techniques are carefully selected to ensure the safety of competing athletes while maintaining the effectiveness of karate as a martial art.",Use docs/kumite.pdf and docs/kumite_extracted.txt first; verify safety wording carefully.,candidate
C01686,src/content/kumite/techniques.md,base,Attack Techniques (Aanvalstechnieken),line 5,general,Attack Techniques (Aanvalstechnieken),Use docs/kumite.pdf and docs/kumite_extracted.txt first; verify safety wording carefully.,candidate
C01687,src/content/kumite/techniques.md,base,Tsuki Waza (突き技) - Thrusting Techniques,line 7,general,Tsuki Waza (突き技) - Thrusting Techniques,Use docs/kumite.pdf and docs/kumite_extracted.txt first; verify safety wording carefully.,candidate
C01688,src/content/kumite/techniques.md,base,Tsuki Waza (突き技) - Thrusting Techniques,line 9,general,Four techniques are allowed in the group of fist thrusting techniques:,Use docs/kumite.pdf and docs/kumite_extracted.txt first; verify safety wording carefully.,candidate
C01689,src/content/kumite/techniques.md,base,Tsuki Waza (突き技) - Thrusting Techniques,line 11,technique,Kizami Zuki (刻み突き) - Straight punch,Use docs/kumite.pdf and docs/kumite_extracted.txt first; verify safety wording carefully.,candidate
C01690,src/content/kumite/techniques.md,base,Tsuki Waza (突き技) - Thrusting Techniques,line 12,general,"Quick, snapping punch with the lead hand",Use docs/kumite.pdf and docs/kumite_extracted.txt first; verify safety wording carefully.,candidate
C01691,src/content/kumite/techniques.md,base,Tsuki Waza (突き技) - Thrusting Techniques,line 13,technique,Used for distance control and setting up combinations,Use docs/kumite.pdf and docs/kumite_extracted.txt first; verify safety wording carefully.,candidate
C01692,src/content/kumite/techniques.md,base,Tsuki Waza (突き技) - Thrusting Techniques,line 15,technique,Gyaku Zuki (逆突き) - Reverse straight punch,Use docs/kumite.pdf and docs/kumite_extracted.txt first; verify safety wording carefully.,candidate
C01693,src/content/kumite/techniques.md,base,Tsuki Waza (突き技) - Thrusting Techniques,line 16,general,Power punch from the rear hand,Use docs/kumite.pdf and docs/kumite_extracted.txt first; verify safety wording carefully.,candidate
C01694,src/content/kumite/techniques.md,base,Tsuki Waza (突き技) - Thrusting Techniques,line 17,general,Most powerful basic punching technique,Use docs/kumite.pdf and docs/kumite_extracted.txt first; verify safety wording carefully.,candidate
C01695,src/content/kumite/techniques.md,base,Tsuki Waza (突き技) - Thrusting Techniques,line 19,technique,Oi Zuki (追い突き) - Straight punch with transition,Use docs/kumite.pdf and docs/kumite_extracted.txt first; verify safety wording carefully.,candidate
C01696,src/content/kumite/techniques.md,base,Tsuki Waza (突き技) - Thrusting Techniques,line 20,general,Punch delivered while stepping forward,Use docs/kumite.pdf and docs/kumite_extracted.txt first; verify safety wording carefully.,candidate
C01697,src/content/kumite/techniques.md,base,Tsuki Waza (突き技) - Thrusting Techniques,line 21,general,Combines movement with striking power,Use docs/kumite.pdf and docs/kumite_extracted.txt first; verify safety wording carefully.,candidate
C01698,src/content/kumite/techniques.md,base,Tsuki Waza (突き技) - Thrusting Techniques,line 23,technique,Choku Zuki (直突き) - Straight punch in place,Use docs/kumite.pdf and docs/kumite_extracted.txt first; verify safety wording carefully.,candidate
C01699,src/content/kumite/techniques.md,base,Tsuki Waza (突き技) - Thrusting Techniques,line 24,general,Used as a finishing technique after an uppercut,Use docs/kumite.pdf and docs/kumite_extracted.txt first; verify safety wording carefully.,candidate
C01700,src/content/kumite/techniques.md,base,Tsuki Waza (突き技) - Thrusting Techniques,line 25,general,"Direct, powerful punch without movement",Use docs/kumite.pdf and docs/kumite_extracted.txt first; verify safety wording carefully.,candidate
C01701,src/content/kumite/techniques.md,base,Uchi Waza (打ち技) - Striking Techniques,line 27,general,Uchi Waza (打ち技) - Striking Techniques,Use docs/kumite.pdf and docs/kumite_extracted.txt first; verify safety wording carefully.,candidate
C01702,src/content/kumite/techniques.md,base,Uchi Waza (打ち技) - Striking Techniques,line 29,general,Three techniques are allowed in the group of curved cutting techniques:,Use docs/kumite.pdf and docs/kumite_extracted.txt first; verify safety wording carefully.,candidate
C01703,src/content/kumite/techniques.md,base,Uchi Waza (打ち技) - Striking Techniques,line 31,general,Uraken Uchi (裏拳打ち) - Strike with upturned fist,Use docs/kumite.pdf and docs/kumite_extracted.txt first; verify safety wording carefully.,candidate
C01704,src/content/kumite/techniques.md,base,Uchi Waza (打ち技) - Striking Techniques,line 32,general,Backfist strike using the back of the hand,Use docs/kumite.pdf and docs/kumite_extracted.txt first; verify safety wording carefully.,candidate
C01705,src/content/kumite/techniques.md,base,Uchi Waza (打ち技) - Striking Techniques,line 33,general,Effective for close-range attacks,Use docs/kumite.pdf and docs/kumite_extracted.txt first; verify safety wording carefully.,candidate
C01706,src/content/kumite/techniques.md,base,Uchi Waza (打ち技) - Striking Techniques,line 35,general,Haito Uchi (背刀打ち) - Strike with inner edge of palm,Use docs/kumite.pdf and docs/kumite_extracted.txt first; verify safety wording carefully.,candidate
C01707,src/content/kumite/techniques.md,base,Uchi Waza (打ち技) - Striking Techniques,line 36,general,Ridge hand strike using the inner edge,Use docs/kumite.pdf and docs/kumite_extracted.txt first; verify safety wording carefully.,candidate
C01708,src/content/kumite/techniques.md,base,Uchi Waza (打ち技) - Striking Techniques,line 37,general,Precise striking technique,Use docs/kumite.pdf and docs/kumite_extracted.txt first; verify safety wording carefully.,candidate
C01709,src/content/kumite/techniques.md,base,Uchi Waza (打ち技) - Striking Techniques,line 39,general,Shuto Uchi (手刀打ち) - Strike with outer edge of palm,Use docs/kumite.pdf and docs/kumite_extracted.txt first; verify safety wording carefully.,candidate
C01710,src/content/kumite/techniques.md,base,Uchi Waza (打ち技) - Striking Techniques,line 40,general,Knife hand strike using the outer edge,Use docs/kumite.pdf and docs/kumite_extracted.txt first; verify safety wording carefully.,candidate
C01711,src/content/kumite/techniques.md,base,Uchi Waza (打ち技) - Striking Techniques,line 41,general,Versatile striking technique,Use docs/kumite.pdf and docs/kumite_extracted.txt first; verify safety wording carefully.,candidate
C01712,src/content/kumite/techniques.md,base,Keri Waza (蹴り技) - Kicking Techniques,line 43,general,Keri Waza (蹴り技) - Kicking Techniques,Use docs/kumite.pdf and docs/kumite_extracted.txt first; verify safety wording carefully.,candidate
C01713,src/content/kumite/techniques.md,base,Keri Waza (蹴り技) - Kicking Techniques,line 45,general,Six techniques are allowed in the group of kicking techniques:,Use docs/kumite.pdf and docs/kumite_extracted.txt first; verify safety wording carefully.,candidate
C01714,src/content/kumite/techniques.md,base,Keri Waza (蹴り技) - Kicking Techniques,line 47,technique,Mae Geri (前蹴り) - Front kick,Use docs/kumite.pdf and docs/kumite_extracted.txt first; verify safety wording carefully.,candidate
C01715,src/content/kumite/techniques.md,base,Keri Waza (蹴り技) - Kicking Techniques,line 48,general,Straight kick to the front,Use docs/kumite.pdf and docs/kumite_extracted.txt first; verify safety wording carefully.,candidate
C01716,src/content/kumite/techniques.md,base,Keri Waza (蹴り技) - Kicking Techniques,line 49,general,Basic kicking technique,Use docs/kumite.pdf and docs/kumite_extracted.txt first; verify safety wording carefully.,candidate
C01717,src/content/kumite/techniques.md,base,Keri Waza (蹴り技) - Kicking Techniques,line 51,technique,Yoko Geri (横蹴り) - Side kick,Use docs/kumite.pdf and docs/kumite_extracted.txt first; verify safety wording carefully.,candidate
C01718,src/content/kumite/techniques.md,base,Keri Waza (蹴り技) - Kicking Techniques,line 52,general,Kick delivered to the side,Use docs/kumite.pdf and docs/kumite_extracted.txt first; verify safety wording carefully.,candidate
C01719,src/content/kumite/techniques.md,base,Keri Waza (蹴り技) - Kicking Techniques,line 53,general,Powerful linear kick,Use docs/kumite.pdf and docs/kumite_extracted.txt first; verify safety wording carefully.,candidate
C01720,src/content/kumite/techniques.md,base,Keri Waza (蹴り技) - Kicking Techniques,line 55,technique,Mawashi Geri (回し蹴り) - Roundhouse kick,Use docs/kumite.pdf and docs/kumite_extracted.txt first; verify safety wording carefully.,candidate
C01721,src/content/kumite/techniques.md,base,Keri Waza (蹴り技) - Kicking Techniques,line 56,general,Circular kick using the instep,Use docs/kumite.pdf and docs/kumite_extracted.txt first; verify safety wording carefully.,candidate
C01722,src/content/kumite/techniques.md,base,Keri Waza (蹴り技) - Kicking Techniques,line 57,general,Versatile and powerful technique,Use docs/kumite.pdf and docs/kumite_extracted.txt first; verify safety wording carefully.,candidate
C01723,src/content/kumite/techniques.md,base,Keri Waza (蹴り技) - Kicking Techniques,line 59,technique,Ura Mawashi Geri (裏回し蹴り) - Hook kick,Use docs/kumite.pdf and docs/kumite_extracted.txt first; verify safety wording carefully.,candidate
C01724,src/content/kumite/techniques.md,base,Keri Waza (蹴り技) - Kicking Techniques,line 60,general,Reverse roundhouse kick using the heel,Use docs/kumite.pdf and docs/kumite_extracted.txt first; verify safety wording carefully.,candidate
C01725,src/content/kumite/techniques.md,base,Keri Waza (蹴り技) - Kicking Techniques,line 61,general,Deceptive and effective technique,Use docs/kumite.pdf and docs/kumite_extracted.txt first; verify safety wording carefully.,candidate
C01726,src/content/kumite/techniques.md,base,Keri Waza (蹴り技) - Kicking Techniques,line 63,technique,Ushiro Geri (後ろ蹴り) - Back kick,Use docs/kumite.pdf and docs/kumite_extracted.txt first; verify safety wording carefully.,candidate
C01727,src/content/kumite/techniques.md,base,Keri Waza (蹴り技) - Kicking Techniques,line 64,general,Kick delivered to the rear,Use docs/kumite.pdf and docs/kumite_extracted.txt first; verify safety wording carefully.,candidate
C01728,src/content/kumite/techniques.md,base,Keri Waza (蹴り技) - Kicking Techniques,line 65,general,Powerful defensive technique,Use docs/kumite.pdf and docs/kumite_extracted.txt first; verify safety wording carefully.,candidate
C01729,src/content/kumite/techniques.md,base,Keri Waza (蹴り技) - Kicking Techniques,line 67,technique,Ushiro Ura Mawashi Geri (後ろ裏回し蹴り) - Spinning kick,Use docs/kumite.pdf and docs/kumite_extracted.txt first; verify safety wording carefully.,candidate
C01730,src/content/kumite/techniques.md,base,Keri Waza (蹴り技) - Kicking Techniques,line 68,general,Full 360° spinning roundhouse kick,Use docs/kumite.pdf and docs/kumite_extracted.txt first; verify safety wording carefully.,candidate
C01731,src/content/kumite/techniques.md,base,Keri Waza (蹴り技) - Kicking Techniques,line 69,general,Advanced technique requiring good balance,Use docs/kumite.pdf and docs/kumite_extracted.txt first; verify safety wording carefully.,candidate
C01732,src/content/kumite/techniques.md,base,Nage Waza (投げ技) - Throwing Techniques,line 71,general,Nage Waza (投げ技) - Throwing Techniques,Use docs/kumite.pdf and docs/kumite_extracted.txt first; verify safety wording carefully.,candidate
C01733,src/content/kumite/techniques.md,base,Nage Waza (投げ技) - Throwing Techniques,line 73,general,Eight techniques are allowed in the group of undercut and throwing techniques:,Use docs/kumite.pdf and docs/kumite_extracted.txt first; verify safety wording carefully.,candidate
C01734,src/content/kumite/techniques.md,base,Nage Waza (投げ技) - Throwing Techniques,line 75,general,De Ashi Barai (出足払い) - Undercut from side behind foot,Use docs/kumite.pdf and docs/kumite_extracted.txt first; verify safety wording carefully.,candidate
C01735,src/content/kumite/techniques.md,base,Nage Waza (投げ技) - Throwing Techniques,line 76,general,Sweeping technique targeting the opponent's foot,Use docs/kumite.pdf and docs/kumite_extracted.txt first; verify safety wording carefully.,candidate
C01736,src/content/kumite/techniques.md,base,Nage Waza (投げ技) - Throwing Techniques,line 78,general,Kuzushi (崩し) - Undercut from side of both legs,Use docs/kumite.pdf and docs/kumite_extracted.txt first; verify safety wording carefully.,candidate
C01737,src/content/kumite/techniques.md,base,Nage Waza (投げ技) - Throwing Techniques,line 79,general,Technique to break opponent's balance,Use docs/kumite.pdf and docs/kumite_extracted.txt first; verify safety wording carefully.,candidate
C01738,src/content/kumite/techniques.md,base,Nage Waza (投げ技) - Throwing Techniques,line 81,general,O Soto Gari (大外刈り) - Large external undercut,Use docs/kumite.pdf and docs/kumite_extracted.txt first; verify safety wording carefully.,candidate
C01739,src/content/kumite/techniques.md,base,Nage Waza (投げ技) - Throwing Techniques,line 82,general,Major outer reaping throw,Use docs/kumite.pdf and docs/kumite_extracted.txt first; verify safety wording carefully.,candidate
C01740,src/content/kumite/techniques.md,base,Nage Waza (投げ技) - Throwing Techniques,line 84,general,O Uchi Gari (大内刈り) - Large internal undercut,Use docs/kumite.pdf and docs/kumite_extracted.txt first; verify safety wording carefully.,candidate
C01741,src/content/kumite/techniques.md,base,Nage Waza (投げ技) - Throwing Techniques,line 85,general,Major inner reaping throw,Use docs/kumite.pdf and docs/kumite_extracted.txt first; verify safety wording carefully.,candidate
C01742,src/content/kumite/techniques.md,base,Nage Waza (投げ技) - Throwing Techniques,line 87,general,Ko Soto Gari (小外刈り) - Small external undercut,Use docs/kumite.pdf and docs/kumite_extracted.txt first; verify safety wording carefully.,candidate
C01743,src/content/kumite/techniques.md,base,Nage Waza (投げ技) - Throwing Techniques,line 88,general,Minor outer reaping throw,Use docs/kumite.pdf and docs/kumite_extracted.txt first; verify safety wording carefully.,candidate
C01744,src/content/kumite/techniques.md,base,Nage Waza (投げ技) - Throwing Techniques,line 90,general,Ko Uchi Gari (小内刈り) - Small internal undercut,Use docs/kumite.pdf and docs/kumite_extracted.txt first; verify safety wording carefully.,candidate
C01745,src/content/kumite/techniques.md,base,Nage Waza (投げ技) - Throwing Techniques,line 91,general,Minor inner reaping throw,Use docs/kumite.pdf and docs/kumite_extracted.txt first; verify safety wording carefully.,candidate
C01746,src/content/kumite/techniques.md,base,Nage Waza (投げ技) - Throwing Techniques,line 93,general,Okuri Ashi Harai (送り足払い) - Undercut by leaning,Use docs/kumite.pdf and docs/kumite_extracted.txt first; verify safety wording carefully.,candidate
C01747,src/content/kumite/techniques.md,base,Nage Waza (投げ技) - Throwing Techniques,line 94,general,Sweeping technique using body weight,Use docs/kumite.pdf and docs/kumite_extracted.txt first; verify safety wording carefully.,candidate
C01748,src/content/kumite/techniques.md,base,Nage Waza (投げ技) - Throwing Techniques,line 96,general,Tai-otoshi (体落とし) - Throw by lowering,Use docs/kumite.pdf and docs/kumite_extracted.txt first; verify safety wording carefully.,candidate
C01749,src/content/kumite/techniques.md,base,Nage Waza (投げ技) - Throwing Techniques,line 97,general,Body drop throw technique,Use docs/kumite.pdf and docs/kumite_extracted.txt first; verify safety wording carefully.,candidate
C01750,src/content/kumite/techniques.md,base,Defense Techniques (Verdedigingstechnieken),line 99,general,Defense Techniques (Verdedigingstechnieken),Use docs/kumite.pdf and docs/kumite_extracted.txt first; verify safety wording carefully.,candidate
C01751,src/content/kumite/techniques.md,base,Uke Waza (受け技) - Blocking Techniques,line 101,technique,Uke Waza (受け技) - Blocking Techniques,Use docs/kumite.pdf and docs/kumite_extracted.txt first; verify safety wording carefully.,candidate
C01752,src/content/kumite/techniques.md,base,Uke Waza (受け技) - Blocking Techniques,line 103,general,Nine techniques are preferred in the group of blocking techniques:,Use docs/kumite.pdf and docs/kumite_extracted.txt first; verify safety wording carefully.,candidate
C01753,src/content/kumite/techniques.md,base,Uke Waza (受け技) - Blocking Techniques,line 105,technique,Age Uke (上げ受け) - Upper block,Use docs/kumite.pdf and docs/kumite_extracted.txt first; verify safety wording carefully.,candidate
C01754,src/content/kumite/techniques.md,base,Uke Waza (受け技) - Blocking Techniques,line 106,general,Rising block to defend against high attacks,Use docs/kumite.pdf and docs/kumite_extracted.txt first; verify safety wording carefully.,candidate
C01755,src/content/kumite/techniques.md,base,Uke Waza (受け技) - Blocking Techniques,line 108,technique,Soto Uke (外受け) - Outer block,Use docs/kumite.pdf and docs/kumite_extracted.txt first; verify safety wording carefully.,candidate
C01756,src/content/kumite/techniques.md,base,Uke Waza (受け技) - Blocking Techniques,line 109,general,Outside block to deflect attacks,Use docs/kumite.pdf and docs/kumite_extracted.txt first; verify safety wording carefully.,candidate
C01757,src/content/kumite/techniques.md,base,Uke Waza (受け技) - Blocking Techniques,line 111,technique,Uchi Uke (内受け) - Inner block,Use docs/kumite.pdf and docs/kumite_extracted.txt first; verify safety wording carefully.,candidate
C01758,src/content/kumite/techniques.md,base,Uke Waza (受け技) - Blocking Techniques,line 112,general,Inside block to redirect attacks,Use docs/kumite.pdf and docs/kumite_extracted.txt first; verify safety wording carefully.,candidate
C01759,src/content/kumite/techniques.md,base,Uke Waza (受け技) - Blocking Techniques,line 114,grading,Gedan Barai (下段払い) - Lower sweeping block,Use docs/kumite.pdf and docs/kumite_extracted.txt first; verify safety wording carefully.,candidate
C01760,src/content/kumite/techniques.md,base,Uke Waza (受け技) - Blocking Techniques,line 115,general,Downward sweeping block for low attacks,Use docs/kumite.pdf and docs/kumite_extracted.txt first; verify safety wording carefully.,candidate
C01761,src/content/kumite/techniques.md,base,Uke Waza (受け技) - Blocking Techniques,line 117,grading,Gedan Uke (下段受け) - Lower block,Use docs/kumite.pdf and docs/kumite_extracted.txt first; verify safety wording carefully.,candidate
C01762,src/content/kumite/techniques.md,base,Uke Waza (受け技) - Blocking Techniques,line 118,general,Low block for defending against lower attacks,Use docs/kumite.pdf and docs/kumite_extracted.txt first; verify safety wording carefully.,candidate
C01763,src/content/kumite/techniques.md,base,Uke Waza (受け技) - Blocking Techniques,line 120,technique,Te Nagashi Uke (手流し受け) - Nailing block,Use docs/kumite.pdf and docs/kumite_extracted.txt first; verify safety wording carefully.,candidate
C01764,src/content/kumite/techniques.md,base,Uke Waza (受け技) - Blocking Techniques,line 121,general,Hand flowing block to redirect attacks,Use docs/kumite.pdf and docs/kumite_extracted.txt first; verify safety wording carefully.,candidate
C01765,src/content/kumite/techniques.md,base,Uke Waza (受け技) - Blocking Techniques,line 123,technique,Te Osae Uke (手押さえ受け) - Pressing block,Use docs/kumite.pdf and docs/kumite_extracted.txt first; verify safety wording carefully.,candidate
C01766,src/content/kumite/techniques.md,base,Uke Waza (受け技) - Blocking Techniques,line 124,general,Hand pressing block to control attacks,Use docs/kumite.pdf and docs/kumite_extracted.txt first; verify safety wording carefully.,candidate
C01767,src/content/kumite/techniques.md,base,Uke Waza (受け技) - Blocking Techniques,line 126,technique,Hiza-uke (膝受け) - Knee block,Use docs/kumite.pdf and docs/kumite_extracted.txt first; verify safety wording carefully.,candidate
C01768,src/content/kumite/techniques.md,base,Uke Waza (受け技) - Blocking Techniques,line 127,general,Knee block for defending against low kicks,Use docs/kumite.pdf and docs/kumite_extracted.txt first; verify safety wording carefully.,candidate
C01769,src/content/kumite/techniques.md,base,Uke Waza (受け技) - Blocking Techniques,line 129,technique,Sune Uke (脛受け) - Shank block,Use docs/kumite.pdf and docs/kumite_extracted.txt first; verify safety wording carefully.,candidate
C01770,src/content/kumite/techniques.md,base,Uke Waza (受け技) - Blocking Techniques,line 130,general,Shin block for defending against leg attacks,Use docs/kumite.pdf and docs/kumite_extracted.txt first; verify safety wording carefully.,candidate
C01771,src/content/kumite/techniques.md,base,Kawashi Waza (躱し技) - Dodging Techniques,line 132,general,Kawashi Waza (躱し技) - Dodging Techniques,Use docs/kumite.pdf and docs/kumite_extracted.txt first; verify safety wording carefully.,candidate
C01772,src/content/kumite/techniques.md,base,Kawashi Waza (躱し技) - Dodging Techniques,line 134,general,Four techniques are allowed in the group of dodging techniques:,Use docs/kumite.pdf and docs/kumite_extracted.txt first; verify safety wording carefully.,candidate
C01773,src/content/kumite/techniques.md,base,Kawashi Waza (躱し技) - Dodging Techniques,line 136,general,Dodging in Place - By swinging the body in different directions,Use docs/kumite.pdf and docs/kumite_extracted.txt first; verify safety wording carefully.,candidate
C01774,src/content/kumite/techniques.md,base,Kawashi Waza (躱し技) - Dodging Techniques,line 137,general,Evasive movement without changing position,Use docs/kumite.pdf and docs/kumite_extracted.txt first; verify safety wording carefully.,candidate
C01775,src/content/kumite/techniques.md,base,Kawashi Waza (躱し技) - Dodging Techniques,line 139,general,Dodging Out of Line - By moving in different directions,Use docs/kumite.pdf and docs/kumite_extracted.txt first; verify safety wording carefully.,candidate
C01776,src/content/kumite/techniques.md,base,Kawashi Waza (躱し技) - Dodging Techniques,line 140,general,Evasive movement by stepping off the attack line,Use docs/kumite.pdf and docs/kumite_extracted.txt first; verify safety wording carefully.,candidate
C01777,src/content/kumite/techniques.md,base,Kawashi Waza (躱し技) - Dodging Techniques,line 142,general,Rotational Dodging - Performed around one axis or two axes of rotation,Use docs/kumite.pdf and docs/kumite_extracted.txt first; verify safety wording carefully.,candidate
C01778,src/content/kumite/techniques.md,base,Kawashi Waza (躱し技) - Dodging Techniques,line 143,general,Evasive movement using body rotation,Use docs/kumite.pdf and docs/kumite_extracted.txt first; verify safety wording carefully.,candidate
C01779,src/content/kumite/techniques.md,base,Kawashi Waza (躱し技) - Dodging Techniques,line 145,general,Combination Dodging - By combining dodging with blocks,Use docs/kumite.pdf and docs/kumite_extracted.txt first; verify safety wording carefully.,candidate
C01780,src/content/kumite/techniques.md,base,Kawashi Waza (躱し技) - Dodging Techniques,line 146,general,Evasive movement combined with blocking techniques,Use docs/kumite.pdf and docs/kumite_extracted.txt first; verify safety wording carefully.,candidate
C01781,src/content/kumite/techniques.md,base,Safety Considerations,line 148,safety,Safety Considerations,Use docs/kumite.pdf and docs/kumite_extracted.txt first; verify safety wording carefully.,candidate
C01782,src/content/kumite/techniques.md,base,Safety Considerations,line 150,safety,The limitation to 34 techniques is justified by the concern for the safety of competing athletes. These techniques have been carefully selected to:,Use docs/kumite.pdf and docs/kumite_extracted.txt first; verify safety wording carefully.,candidate
C01783,src/content/kumite/techniques.md,base,Safety Considerations,line 152,safety,Minimize the risk of injury and trauma,Use docs/kumite.pdf and docs/kumite_extracted.txt first; verify safety wording carefully.,candidate
C01784,src/content/kumite/techniques.md,base,Safety Considerations,line 153,general,Maintain the effectiveness of karate as a martial art,Use docs/kumite.pdf and docs/kumite_extracted.txt first; verify safety wording carefully.,candidate
C01785,src/content/kumite/techniques.md,base,Safety Considerations,line 154,general,Ensure fair and safe competition,Use docs/kumite.pdf and docs/kumite_extracted.txt first; verify safety wording carefully.,candidate
C01786,src/content/kumite/techniques.md,base,Safety Considerations,line 155,general,Allow for proper control and execution,Use docs/kumite.pdf and docs/kumite_extracted.txt first; verify safety wording carefully.,candidate
C01787,src/content/kumite/techniques.md,base,Training Focus,line 157,general,Training Focus,Use docs/kumite.pdf and docs/kumite_extracted.txt first; verify safety wording carefully.,candidate
C01788,src/content/kumite/techniques.md,base,Training Focus,line 159,general,"With only 34 techniques allowed in competition, the focus should be on:",Use docs/kumite.pdf and docs/kumite_extracted.txt first; verify safety wording carefully.,candidate
C01789,src/content/kumite/techniques.md,base,Training Focus,line 161,general,Perfect Mastery: Mastering the fundamental techniques,Use docs/kumite.pdf and docs/kumite_extracted.txt first; verify safety wording carefully.,candidate
C01790,src/content/kumite/techniques.md,base,Training Focus,line 162,general,Systematic Training: Working systematically on each technique,Use docs/kumite.pdf and docs/kumite_extracted.txt first; verify safety wording carefully.,candidate
C01791,src/content/kumite/techniques.md,base,Training Focus,line 163,general,Technical Correctness: Ensuring proper form and execution,Use docs/kumite.pdf and docs/kumite_extracted.txt first; verify safety wording carefully.,candidate
C01792,src/content/kumite/techniques.md,base,Training Focus,line 164,general,Tactical Application: Learning when and how to use each technique effectively,Use docs/kumite.pdf and docs/kumite_extracted.txt first; verify safety wording carefully.,candidate
C01793,src/content/kumite/techniques.md,base,Conclusion,line 168,safety,"The 34 allowed kumite techniques provide a comprehensive system for sports karate competition while ensuring athlete safety. Mastery of these techniques, combined with proper training and tactical understanding, is the key to success in competitive kumite.",Use docs/kumite.pdf and docs/kumite_extracted.txt first; verify safety wording carefully.,candidate
C01794,src/content/kumite/techniques/attack-techniques.md,base,Aanvalstechnieken in Kumite,line 1,general,Aanvalstechnieken in Kumite,Use docs/kumite.pdf and docs/kumite_extracted.txt first; verify safety wording carefully.,candidate
C01795,src/content/kumite/techniques/attack-techniques.md,base,Aanvalstechnieken in Kumite,line 3,safety,Volgens onderzoek door Piepiora en Witkowski (2021) zijn er precies 34 karate technieken toegestaan in sportkumite competitie. Deze technieken zijn zorgvuldig geselecteerd om de veiligheid van deelnemende atleten te waarborgen.,Use docs/kumite.pdf and docs/kumite_extracted.txt first; verify safety wording carefully.,candidate
C01796,src/content/kumite/techniques/attack-techniques.md,base,Tsuki Waza (突き技) - Stoottechnieken,line 5,general,Tsuki Waza (突き技) - Stoottechnieken,Use docs/kumite.pdf and docs/kumite_extracted.txt first; verify safety wording carefully.,candidate
C01797,src/content/kumite/techniques/attack-techniques.md,base,Tsuki Waza (突き技) - Stoottechnieken,line 7,general,Vier technieken zijn toegestaan in de groep van vuist stoottechnieken:,Use docs/kumite.pdf and docs/kumite_extracted.txt first; verify safety wording carefully.,candidate
C01798,src/content/kumite/techniques/attack-techniques.md,base,Kizami Zuki (刻み突き) - Rechte stoot,line 9,technique,Kizami Zuki (刻み突き) - Rechte stoot,Use docs/kumite.pdf and docs/kumite_extracted.txt first; verify safety wording carefully.,candidate
C01799,src/content/kumite/techniques/attack-techniques.md,base,Kizami Zuki (刻み突き) - Rechte stoot,line 10,general,"Beschrijving: Snelle, knakkende stoot met de voorste hand",Use docs/kumite.pdf and docs/kumite_extracted.txt first; verify safety wording carefully.,candidate
C01800,src/content/kumite/techniques/attack-techniques.md,base,Kizami Zuki (刻み突き) - Rechte stoot,line 11,general,Gebruik: Voor afstandscontrole en het opzetten van combinaties,Use docs/kumite.pdf and docs/kumite_extracted.txt first; verify safety wording carefully.,candidate
C01801,src/content/kumite/techniques/attack-techniques.md,base,Kizami Zuki (刻み突き) - Rechte stoot,line 12,general,"Techniek: Korte, directe stoot vanuit voorste stand",Use docs/kumite.pdf and docs/kumite_extracted.txt first; verify safety wording carefully.,candidate
C01802,src/content/kumite/techniques/attack-techniques.md,base,Gyaku Zuki (逆突き) - Omgekeerde rechte stoot,line 14,technique,Gyaku Zuki (逆突き) - Omgekeerde rechte stoot,Use docs/kumite.pdf and docs/kumite_extracted.txt first; verify safety wording carefully.,candidate
C01803,src/content/kumite/techniques/attack-techniques.md,base,Gyaku Zuki (逆突き) - Omgekeerde rechte stoot,line 15,general,Beschrijving: Krachtstoot van de achterste hand,Use docs/kumite.pdf and docs/kumite_extracted.txt first; verify safety wording carefully.,candidate
C01804,src/content/kumite/techniques/attack-techniques.md,base,Gyaku Zuki (逆突き) - Omgekeerde rechte stoot,line 16,general,Gebruik: Meest krachtige basis stoottechniek,Use docs/kumite.pdf and docs/kumite_extracted.txt first; verify safety wording carefully.,candidate
C01805,src/content/kumite/techniques/attack-techniques.md,base,Gyaku Zuki (逆突き) - Omgekeerde rechte stoot,line 17,general,Techniek: Volledige rotatie van heupen en schouders,Use docs/kumite.pdf and docs/kumite_extracted.txt first; verify safety wording carefully.,candidate
C01806,src/content/kumite/techniques/attack-techniques.md,base,Oi Zuki (追い突き) - Rechte stoot met overgang,line 19,technique,Oi Zuki (追い突き) - Rechte stoot met overgang,Use docs/kumite.pdf and docs/kumite_extracted.txt first; verify safety wording carefully.,candidate
C01807,src/content/kumite/techniques/attack-techniques.md,base,Oi Zuki (追い突き) - Rechte stoot met overgang,line 20,general,Beschrijving: Stoot afgeleverd tijdens voorwaartse stap,Use docs/kumite.pdf and docs/kumite_extracted.txt first; verify safety wording carefully.,candidate
C01808,src/content/kumite/techniques/attack-techniques.md,base,Oi Zuki (追い突き) - Rechte stoot met overgang,line 21,general,Gebruik: Combineert beweging met slagkracht,Use docs/kumite.pdf and docs/kumite_extracted.txt first; verify safety wording carefully.,candidate
C01809,src/content/kumite/techniques/attack-techniques.md,base,Oi Zuki (追い突き) - Rechte stoot met overgang,line 22,general,Techniek: Synchroniseert stap en stoot,Use docs/kumite.pdf and docs/kumite_extracted.txt first; verify safety wording carefully.,candidate
C01810,src/content/kumite/techniques/attack-techniques.md,base,Choku Zuki (直突き) - Rechte stoot ter plaatse,line 24,technique,Choku Zuki (直突き) - Rechte stoot ter plaatse,Use docs/kumite.pdf and docs/kumite_extracted.txt first; verify safety wording carefully.,candidate
C01811,src/content/kumite/techniques/attack-techniques.md,base,Choku Zuki (直突き) - Rechte stoot ter plaatse,line 25,general,Beschrijving: Gebruikt als afwerkende techniek na een uppercut,Use docs/kumite.pdf and docs/kumite_extracted.txt first; verify safety wording carefully.,candidate
C01812,src/content/kumite/techniques/attack-techniques.md,base,Choku Zuki (直突き) - Rechte stoot ter plaatse,line 26,general,"Gebruik: Directe, krachtige stoot zonder beweging",Use docs/kumite.pdf and docs/kumite_extracted.txt first; verify safety wording carefully.,candidate
C01813,src/content/kumite/techniques/attack-techniques.md,base,Choku Zuki (直突き) - Rechte stoot ter plaatse,line 27,general,Techniek: Stabiele stand met maximale kracht,Use docs/kumite.pdf and docs/kumite_extracted.txt first; verify safety wording carefully.,candidate
C01814,src/content/kumite/techniques/attack-techniques.md,base,Uchi Waza (打ち技) - Slagtechnieken,line 29,general,Uchi Waza (打ち技) - Slagtechnieken,Use docs/kumite.pdf and docs/kumite_extracted.txt first; verify safety wording carefully.,candidate
C01815,src/content/kumite/techniques/attack-techniques.md,base,Uchi Waza (打ち技) - Slagtechnieken,line 31,general,Drie technieken zijn toegestaan in de groep van gebogen snijtechnieken:,Use docs/kumite.pdf and docs/kumite_extracted.txt first; verify safety wording carefully.,candidate
C01816,src/content/kumite/techniques/attack-techniques.md,base,Uraken Uchi (裏拳打ち) - Slag met omgekeerde vuist,line 33,general,Uraken Uchi (裏拳打ち) - Slag met omgekeerde vuist,Use docs/kumite.pdf and docs/kumite_extracted.txt first; verify safety wording carefully.,candidate
C01817,src/content/kumite/techniques/attack-techniques.md,base,Uraken Uchi (裏拳打ち) - Slag met omgekeerde vuist,line 34,general,Beschrijving: Backfist slag met de achterkant van de hand,Use docs/kumite.pdf and docs/kumite_extracted.txt first; verify safety wording carefully.,candidate
C01818,src/content/kumite/techniques/attack-techniques.md,base,Uraken Uchi (裏拳打ち) - Slag met omgekeerde vuist,line 35,general,Gebruik: Effectief voor close-range aanvallen,Use docs/kumite.pdf and docs/kumite_extracted.txt first; verify safety wording carefully.,candidate
C01819,src/content/kumite/techniques/attack-techniques.md,base,Uraken Uchi (裏拳打ち) - Slag met omgekeerde vuist,line 36,general,"Techniek: Snelle, cirkelvormige beweging",Use docs/kumite.pdf and docs/kumite_extracted.txt first; verify safety wording carefully.,candidate
C01820,src/content/kumite/techniques/attack-techniques.md,base,Haito Uchi (背刀打ち) - Slag met binnenrand van handpalm,line 38,general,Haito Uchi (背刀打ち) - Slag met binnenrand van handpalm,Use docs/kumite.pdf and docs/kumite_extracted.txt first; verify safety wording carefully.,candidate
C01821,src/content/kumite/techniques/attack-techniques.md,base,Haito Uchi (背刀打ち) - Slag met binnenrand van handpalm,line 39,general,Beschrijving: Ridge hand slag met de binnenrand,Use docs/kumite.pdf and docs/kumite_extracted.txt first; verify safety wording carefully.,candidate
C01822,src/content/kumite/techniques/attack-techniques.md,base,Haito Uchi (背刀打ち) - Slag met binnenrand van handpalm,line 40,general,Gebruik: Precieze slagtechniek,Use docs/kumite.pdf and docs/kumite_extracted.txt first; verify safety wording carefully.,candidate
C01823,src/content/kumite/techniques/attack-techniques.md,base,Haito Uchi (背刀打ち) - Slag met binnenrand van handpalm,line 41,general,Techniek: Gebruikt voor nauwkeurige doelen,Use docs/kumite.pdf and docs/kumite_extracted.txt first; verify safety wording carefully.,candidate
C01824,src/content/kumite/techniques/attack-techniques.md,base,Shuto Uchi (手刀打ち) - Slag met buitenrand van handpalm,line 43,general,Shuto Uchi (手刀打ち) - Slag met buitenrand van handpalm,Use docs/kumite.pdf and docs/kumite_extracted.txt first; verify safety wording carefully.,candidate
C01825,src/content/kumite/techniques/attack-techniques.md,base,Shuto Uchi (手刀打ち) - Slag met buitenrand van handpalm,line 44,general,Beschrijving: Knife hand slag met de buitenrand,Use docs/kumite.pdf and docs/kumite_extracted.txt first; verify safety wording carefully.,candidate
C01826,src/content/kumite/techniques/attack-techniques.md,base,Shuto Uchi (手刀打ち) - Slag met buitenrand van handpalm,line 45,general,Gebruik: Veelzijdige slagtechniek,Use docs/kumite.pdf and docs/kumite_extracted.txt first; verify safety wording carefully.,candidate
C01827,src/content/kumite/techniques/attack-techniques.md,base,Shuto Uchi (手刀打ち) - Slag met buitenrand van handpalm,line 46,general,Techniek: Hand als mes gebruiken,Use docs/kumite.pdf and docs/kumite_extracted.txt first; verify safety wording carefully.,candidate
C01828,src/content/kumite/techniques/attack-techniques.md,base,Keri Waza (蹴り技) - Traptechnieken,line 48,general,Keri Waza (蹴り技) - Traptechnieken,Use docs/kumite.pdf and docs/kumite_extracted.txt first; verify safety wording carefully.,candidate
C01829,src/content/kumite/techniques/attack-techniques.md,base,Keri Waza (蹴り技) - Traptechnieken,line 50,general,Zes technieken zijn toegestaan in de groep van traptechnieken:,Use docs/kumite.pdf and docs/kumite_extracted.txt first; verify safety wording carefully.,candidate
C01830,src/content/kumite/techniques/attack-techniques.md,base,Mae Geri (前蹴り) - Voorwaartse trap,line 52,technique,Mae Geri (前蹴り) - Voorwaartse trap,Use docs/kumite.pdf and docs/kumite_extracted.txt first; verify safety wording carefully.,candidate
C01831,src/content/kumite/techniques/attack-techniques.md,base,Mae Geri (前蹴り) - Voorwaartse trap,line 53,general,Beschrijving: Rechte trap naar voren,Use docs/kumite.pdf and docs/kumite_extracted.txt first; verify safety wording carefully.,candidate
C01832,src/content/kumite/techniques/attack-techniques.md,base,Mae Geri (前蹴り) - Voorwaartse trap,line 54,general,Gebruik: Basis traptechniek,Use docs/kumite.pdf and docs/kumite_extracted.txt first; verify safety wording carefully.,candidate
C01833,src/content/kumite/techniques/attack-techniques.md,base,Mae Geri (前蹴り) - Voorwaartse trap,line 55,general,Techniek: Gebruik bal van de voet,Use docs/kumite.pdf and docs/kumite_extracted.txt first; verify safety wording carefully.,candidate
C01834,src/content/kumite/techniques/attack-techniques.md,base,Yoko Geri (横蹴り) - Zijwaartse trap,line 57,technique,Yoko Geri (横蹴り) - Zijwaartse trap,Use docs/kumite.pdf and docs/kumite_extracted.txt first; verify safety wording carefully.,candidate
C01835,src/content/kumite/techniques/attack-techniques.md,base,Yoko Geri (横蹴り) - Zijwaartse trap,line 58,general,Beschrijving: Trap afgeleverd naar de zijkant,Use docs/kumite.pdf and docs/kumite_extracted.txt first; verify safety wording carefully.,candidate
C01836,src/content/kumite/techniques/attack-techniques.md,base,Yoko Geri (横蹴り) - Zijwaartse trap,line 59,general,Gebruik: Krachtige lineaire trap,Use docs/kumite.pdf and docs/kumite_extracted.txt first; verify safety wording carefully.,candidate
C01837,src/content/kumite/techniques/attack-techniques.md,base,Yoko Geri (横蹴り) - Zijwaartse trap,line 60,general,Techniek: Gebruik buitenrand van voet,Use docs/kumite.pdf and docs/kumite_extracted.txt first; verify safety wording carefully.,candidate
C01838,src/content/kumite/techniques/attack-techniques.md,base,Mawashi Geri (回し蹴り) - Rondetrap,line 62,technique,Mawashi Geri (回し蹴り) - Rondetrap,Use docs/kumite.pdf and docs/kumite_extracted.txt first; verify safety wording carefully.,candidate
C01839,src/content/kumite/techniques/attack-techniques.md,base,Mawashi Geri (回し蹴り) - Rondetrap,line 63,general,Beschrijving: Cirkelvormige trap met de wreef,Use docs/kumite.pdf and docs/kumite_extracted.txt first; verify safety wording carefully.,candidate
C01840,src/content/kumite/techniques/attack-techniques.md,base,Mawashi Geri (回し蹴り) - Rondetrap,line 64,general,Gebruik: Veelzijdige en krachtige techniek,Use docs/kumite.pdf and docs/kumite_extracted.txt first; verify safety wording carefully.,candidate
C01841,src/content/kumite/techniques/attack-techniques.md,base,Mawashi Geri (回し蹴り) - Rondetrap,line 65,general,Techniek: Cirkelvormige beweging van heup,Use docs/kumite.pdf and docs/kumite_extracted.txt first; verify safety wording carefully.,candidate
C01842,src/content/kumite/techniques/attack-techniques.md,base,Ura Mawashi Geri (裏回し蹴り) - Hook trap,line 67,technique,Ura Mawashi Geri (裏回し蹴り) - Hook trap,Use docs/kumite.pdf and docs/kumite_extracted.txt first; verify safety wording carefully.,candidate
C01843,src/content/kumite/techniques/attack-techniques.md,base,Ura Mawashi Geri (裏回し蹴り) - Hook trap,line 68,general,Beschrijving: Omgekeerde rondetrap met de hiel,Use docs/kumite.pdf and docs/kumite_extracted.txt first; verify safety wording carefully.,candidate
C01844,src/content/kumite/techniques/attack-techniques.md,base,Ura Mawashi Geri (裏回し蹴り) - Hook trap,line 69,general,Gebruik: Misleidende en effectieve techniek,Use docs/kumite.pdf and docs/kumite_extracted.txt first; verify safety wording carefully.,candidate
C01845,src/content/kumite/techniques/attack-techniques.md,base,Ura Mawashi Geri (裏回し蹴り) - Hook trap,line 70,general,Techniek: Omgekeerde cirkelbeweging,Use docs/kumite.pdf and docs/kumite_extracted.txt first; verify safety wording carefully.,candidate
C01846,src/content/kumite/techniques/attack-techniques.md,base,Ushiro Geri (後ろ蹴り) - Achterwaartse trap,line 72,technique,Ushiro Geri (後ろ蹴り) - Achterwaartse trap,Use docs/kumite.pdf and docs/kumite_extracted.txt first; verify safety wording carefully.,candidate
C01847,src/content/kumite/techniques/attack-techniques.md,base,Ushiro Geri (後ろ蹴り) - Achterwaartse trap,line 73,general,Beschrijving: Trap afgeleverd naar achteren,Use docs/kumite.pdf and docs/kumite_extracted.txt first; verify safety wording carefully.,candidate
C01848,src/content/kumite/techniques/attack-techniques.md,base,Ushiro Geri (後ろ蹴り) - Achterwaartse trap,line 74,general,Gebruik: Krachtige verdedigingstechniek,Use docs/kumite.pdf and docs/kumite_extracted.txt first; verify safety wording carefully.,candidate
C01849,src/content/kumite/techniques/attack-techniques.md,base,Ushiro Geri (後ろ蹴り) - Achterwaartse trap,line 75,general,Techniek: Recht naar achteren met hiel,Use docs/kumite.pdf and docs/kumite_extracted.txt first; verify safety wording carefully.,candidate
C01850,src/content/kumite/techniques/attack-techniques.md,base,Ushiro Ura Mawashi Geri (後ろ裏回し蹴り) - Draaitrap,line 77,technique,Ushiro Ura Mawashi Geri (後ろ裏回し蹴り) - Draaitrap,Use docs/kumite.pdf and docs/kumite_extracted.txt first; verify safety wording carefully.,candidate
C01851,src/content/kumite/techniques/attack-techniques.md,base,Ushiro Ura Mawashi Geri (後ろ裏回し蹴り) - Draaitrap,line 78,general,Beschrijving: Volledige 360° draaiende rondetrap,Use docs/kumite.pdf and docs/kumite_extracted.txt first; verify safety wording carefully.,candidate
C01852,src/content/kumite/techniques/attack-techniques.md,base,Ushiro Ura Mawashi Geri (後ろ裏回し蹴り) - Draaitrap,line 79,grading,Gebruik: Geavanceerde techniek die goede balans vereist,Use docs/kumite.pdf and docs/kumite_extracted.txt first; verify safety wording carefully.,candidate
C01853,src/content/kumite/techniques/attack-techniques.md,base,Ushiro Ura Mawashi Geri (後ろ裏回し蹴り) - Draaitrap,line 80,general,Techniek: Volledige rotatie van lichaam,Use docs/kumite.pdf and docs/kumite_extracted.txt first; verify safety wording carefully.,candidate
C01854,src/content/kumite/techniques/attack-techniques.md,base,Veiligheidsaspecten,line 82,safety,Veiligheidsaspecten,Use docs/kumite.pdf and docs/kumite_extracted.txt first; verify safety wording carefully.,candidate
C01855,src/content/kumite/techniques/attack-techniques.md,base,Veiligheidsaspecten,line 84,safety,De beperking tot 34 technieken is gerechtvaardigd door de zorg voor de veiligheid van deelnemende atleten. Deze technieken zijn zorgvuldig geselecteerd om:,Use docs/kumite.pdf and docs/kumite_extracted.txt first; verify safety wording carefully.,candidate
C01856,src/content/kumite/techniques/attack-techniques.md,base,Veiligheidsaspecten,line 86,general,Het risico op letsel en trauma te minimaliseren,Use docs/kumite.pdf and docs/kumite_extracted.txt first; verify safety wording carefully.,candidate
C01857,src/content/kumite/techniques/attack-techniques.md,base,Veiligheidsaspecten,line 87,general,De effectiviteit van karate als martial art te behouden,Use docs/kumite.pdf and docs/kumite_extracted.txt first; verify safety wording carefully.,candidate
C01858,src/content/kumite/techniques/attack-techniques.md,base,Veiligheidsaspecten,line 88,safety,Eerlijke en veilige competitie te waarborgen,Use docs/kumite.pdf and docs/kumite_extracted.txt first; verify safety wording carefully.,candidate
C01859,src/content/kumite/techniques/attack-techniques.md,base,Veiligheidsaspecten,line 89,general,Juiste controle en uitvoering mogelijk te maken,Use docs/kumite.pdf and docs/kumite_extracted.txt first; verify safety wording carefully.,candidate
C01860,src/content/kumite/techniques/attack-techniques.md,base,Trainingsfocus,line 91,general,Trainingsfocus,Use docs/kumite.pdf and docs/kumite_extracted.txt first; verify safety wording carefully.,candidate
C01861,src/content/kumite/techniques/attack-techniques.md,base,Trainingsfocus,line 93,general,"Met slechts 34 technieken toegestaan in competitie, moet de focus liggen op:",Use docs/kumite.pdf and docs/kumite_extracted.txt first; verify safety wording carefully.,candidate
C01862,src/content/kumite/techniques/attack-techniques.md,base,Trainingsfocus,line 95,general,Perfecte Beheersing: Beheers de fundamentele technieken,Use docs/kumite.pdf and docs/kumite_extracted.txt first; verify safety wording carefully.,candidate
C01863,src/content/kumite/techniques/attack-techniques.md,base,Trainingsfocus,line 96,general,Systematische Training: Werk systematisch aan elke techniek,Use docs/kumite.pdf and docs/kumite_extracted.txt first; verify safety wording carefully.,candidate
C01864,src/content/kumite/techniques/attack-techniques.md,base,Trainingsfocus,line 97,general,Technische Correctheid: Zorg voor juiste vorm en uitvoering,Use docs/kumite.pdf and docs/kumite_extracted.txt first; verify safety wording carefully.,candidate
C01865,src/content/kumite/techniques/attack-techniques.md,base,Trainingsfocus,line 98,general,Tactische Toepassing: Leer wanneer en hoe elke techniek effectief te gebruiken,Use docs/kumite.pdf and docs/kumite_extracted.txt first; verify safety wording carefully.,candidate
C01866,src/content/kumite/techniques/defense-techniques.md,base,Verdedigingstechnieken in Kumite,line 1,general,Verdedigingstechnieken in Kumite,Use docs/kumite.pdf and docs/kumite_extracted.txt first; verify safety wording carefully.,candidate
C01867,src/content/kumite/techniques/defense-techniques.md,base,Verdedigingstechnieken in Kumite,line 3,safety,Verdedigingstechnieken zijn essentieel in kumite voor het beschermen van jezelf tegen aanvallen van je tegenstander.,Use docs/kumite.pdf and docs/kumite_extracted.txt first; verify safety wording carefully.,candidate
C01868,src/content/kumite/techniques/defense-techniques.md,base,Uke Waza (受け技) - Blokkeertechnieken,line 5,technique,Uke Waza (受け技) - Blokkeertechnieken,Use docs/kumite.pdf and docs/kumite_extracted.txt first; verify safety wording carefully.,candidate
C01869,src/content/kumite/techniques/defense-techniques.md,base,Uke Waza (受け技) - Blokkeertechnieken,line 7,general,Negen technieken zijn de voorkeur in de groep van blokkeertechnieken:,Use docs/kumite.pdf and docs/kumite_extracted.txt first; verify safety wording carefully.,candidate
C01870,src/content/kumite/techniques/defense-techniques.md,base,Age Uke (上げ受け) - Bovenblok,line 9,technique,Age Uke (上げ受け) - Bovenblok,Use docs/kumite.pdf and docs/kumite_extracted.txt first; verify safety wording carefully.,candidate
C01871,src/content/kumite/techniques/defense-techniques.md,base,Age Uke (上げ受け) - Bovenblok,line 10,general,Beschrijving: Stijgende blok om te verdedigen tegen hoge aanvallen,Use docs/kumite.pdf and docs/kumite_extracted.txt first; verify safety wording carefully.,candidate
C01872,src/content/kumite/techniques/defense-techniques.md,base,Age Uke (上げ受け) - Bovenblok,line 11,general,Gebruik: Verdedigt tegen hoofd- en gezichtsaanvallen,Use docs/kumite.pdf and docs/kumite_extracted.txt first; verify safety wording carefully.,candidate
C01873,src/content/kumite/techniques/defense-techniques.md,base,Age Uke (上げ受け) - Bovenblok,line 12,general,Techniek: Opwaartse beweging met onderarm,Use docs/kumite.pdf and docs/kumite_extracted.txt first; verify safety wording carefully.,candidate
C01874,src/content/kumite/techniques/defense-techniques.md,base,Soto Uke (外受け) - Buitenblok,line 14,technique,Soto Uke (外受け) - Buitenblok,Use docs/kumite.pdf and docs/kumite_extracted.txt first; verify safety wording carefully.,candidate
C01875,src/content/kumite/techniques/defense-techniques.md,base,Soto Uke (外受け) - Buitenblok,line 15,general,Beschrijving: Buitenblok om aanvallen af te weren,Use docs/kumite.pdf and docs/kumite_extracted.txt first; verify safety wording carefully.,candidate
C01876,src/content/kumite/techniques/defense-techniques.md,base,Soto Uke (外受け) - Buitenblok,line 16,general,Gebruik: Verdedigt tegen rechte aanvallen,Use docs/kumite.pdf and docs/kumite_extracted.txt first; verify safety wording carefully.,candidate
C01877,src/content/kumite/techniques/defense-techniques.md,base,Soto Uke (外受け) - Buitenblok,line 17,general,Techniek: Buitenwaartse beweging van arm,Use docs/kumite.pdf and docs/kumite_extracted.txt first; verify safety wording carefully.,candidate
C01878,src/content/kumite/techniques/defense-techniques.md,base,Uchi Uke (内受け) - Binnenblok,line 19,technique,Uchi Uke (内受け) - Binnenblok,Use docs/kumite.pdf and docs/kumite_extracted.txt first; verify safety wording carefully.,candidate
C01879,src/content/kumite/techniques/defense-techniques.md,base,Uchi Uke (内受け) - Binnenblok,line 20,general,Beschrijving: Binnenblok om aanvallen om te leiden,Use docs/kumite.pdf and docs/kumite_extracted.txt first; verify safety wording carefully.,candidate
C01880,src/content/kumite/techniques/defense-techniques.md,base,Uchi Uke (内受け) - Binnenblok,line 21,general,Gebruik: Verdedigt tegen cirkelvormige aanvallen,Use docs/kumite.pdf and docs/kumite_extracted.txt first; verify safety wording carefully.,candidate
C01881,src/content/kumite/techniques/defense-techniques.md,base,Uchi Uke (内受け) - Binnenblok,line 22,general,Techniek: Binnenwaartse beweging van arm,Use docs/kumite.pdf and docs/kumite_extracted.txt first; verify safety wording carefully.,candidate
C01882,src/content/kumite/techniques/defense-techniques.md,base,Gedan Barai (下段払い) - Onderste vegenblok,line 24,grading,Gedan Barai (下段払い) - Onderste vegenblok,Use docs/kumite.pdf and docs/kumite_extracted.txt first; verify safety wording carefully.,candidate
C01883,src/content/kumite/techniques/defense-techniques.md,base,Gedan Barai (下段払い) - Onderste vegenblok,line 25,general,Beschrijving: Neerwaartse vegenblok voor lage aanvallen,Use docs/kumite.pdf and docs/kumite_extracted.txt first; verify safety wording carefully.,candidate
C01884,src/content/kumite/techniques/defense-techniques.md,base,Gedan Barai (下段払い) - Onderste vegenblok,line 26,general,Gebruik: Verdedigt tegen been- en kruisaanvallen,Use docs/kumite.pdf and docs/kumite_extracted.txt first; verify safety wording carefully.,candidate
C01885,src/content/kumite/techniques/defense-techniques.md,base,Gedan Barai (下段払い) - Onderste vegenblok,line 27,general,Techniek: Neerwaartse vegenbeweging,Use docs/kumite.pdf and docs/kumite_extracted.txt first; verify safety wording carefully.,candidate
C01886,src/content/kumite/techniques/defense-techniques.md,base,Gedan Uke (下段受け) - Onderste blok,line 29,grading,Gedan Uke (下段受け) - Onderste blok,Use docs/kumite.pdf and docs/kumite_extracted.txt first; verify safety wording carefully.,candidate
C01887,src/content/kumite/techniques/defense-techniques.md,base,Gedan Uke (下段受け) - Onderste blok,line 30,general,Beschrijving: Lage blok voor verdediging tegen lagere aanvallen,Use docs/kumite.pdf and docs/kumite_extracted.txt first; verify safety wording carefully.,candidate
C01888,src/content/kumite/techniques/defense-techniques.md,base,Gedan Uke (下段受け) - Onderste blok,line 31,general,Gebruik: Verdedigt tegen beenaanvallen,Use docs/kumite.pdf and docs/kumite_extracted.txt first; verify safety wording carefully.,candidate
C01889,src/content/kumite/techniques/defense-techniques.md,base,Gedan Uke (下段受け) - Onderste blok,line 32,general,Techniek: Lage blokpositie,Use docs/kumite.pdf and docs/kumite_extracted.txt first; verify safety wording carefully.,candidate
C01890,src/content/kumite/techniques/defense-techniques.md,base,Te Nagashi Uke (手流し受け) - Handvloeiend blok,line 34,technique,Te Nagashi Uke (手流し受け) - Handvloeiend blok,Use docs/kumite.pdf and docs/kumite_extracted.txt first; verify safety wording carefully.,candidate
C01891,src/content/kumite/techniques/defense-techniques.md,base,Te Nagashi Uke (手流し受け) - Handvloeiend blok,line 35,general,Beschrijving: Handvloeiend blok om aanvallen om te leiden,Use docs/kumite.pdf and docs/kumite_extracted.txt first; verify safety wording carefully.,candidate
C01892,src/content/kumite/techniques/defense-techniques.md,base,Te Nagashi Uke (手流し受け) - Handvloeiend blok,line 36,general,Gebruik: Verdedigt tegen rechte aanvallen,Use docs/kumite.pdf and docs/kumite_extracted.txt first; verify safety wording carefully.,candidate
C01893,src/content/kumite/techniques/defense-techniques.md,base,Te Nagashi Uke (手流し受け) - Handvloeiend blok,line 37,general,Techniek: Vloeiende omleidende beweging,Use docs/kumite.pdf and docs/kumite_extracted.txt first; verify safety wording carefully.,candidate
C01894,src/content/kumite/techniques/defense-techniques.md,base,Te Osae Uke (手押さえ受け) - Handdrukkend blok,line 39,technique,Te Osae Uke (手押さえ受け) - Handdrukkend blok,Use docs/kumite.pdf and docs/kumite_extracted.txt first; verify safety wording carefully.,candidate
C01895,src/content/kumite/techniques/defense-techniques.md,base,Te Osae Uke (手押さえ受け) - Handdrukkend blok,line 40,general,Beschrijving: Handdrukkend blok om aanvallen te controleren,Use docs/kumite.pdf and docs/kumite_extracted.txt first; verify safety wording carefully.,candidate
C01896,src/content/kumite/techniques/defense-techniques.md,base,Te Osae Uke (手押さえ受け) - Handdrukkend blok,line 41,general,Gebruik: Controleert en neutraliseert aanvallen,Use docs/kumite.pdf and docs/kumite_extracted.txt first; verify safety wording carefully.,candidate
C01897,src/content/kumite/techniques/defense-techniques.md,base,Te Osae Uke (手押さえ受け) - Handdrukkend blok,line 42,general,Techniek: Drukkende beweging naar beneden,Use docs/kumite.pdf and docs/kumite_extracted.txt first; verify safety wording carefully.,candidate
C01898,src/content/kumite/techniques/defense-techniques.md,base,Hiza-uke (膝受け) - Knieblok,line 44,technique,Hiza-uke (膝受け) - Knieblok,Use docs/kumite.pdf and docs/kumite_extracted.txt first; verify safety wording carefully.,candidate
C01899,src/content/kumite/techniques/defense-techniques.md,base,Hiza-uke (膝受け) - Knieblok,line 45,general,Beschrijving: Knieblok voor verdediging tegen lage trappen,Use docs/kumite.pdf and docs/kumite_extracted.txt first; verify safety wording carefully.,candidate
C01900,src/content/kumite/techniques/defense-techniques.md,base,Hiza-uke (膝受け) - Knieblok,line 46,general,Gebruik: Verdedigt tegen beenaanvallen,Use docs/kumite.pdf and docs/kumite_extracted.txt first; verify safety wording carefully.,candidate
C01901,src/content/kumite/techniques/defense-techniques.md,base,Hiza-uke (膝受け) - Knieblok,line 47,general,Techniek: Gebruik knie als blok,Use docs/kumite.pdf and docs/kumite_extracted.txt first; verify safety wording carefully.,candidate
C01902,src/content/kumite/techniques/defense-techniques.md,base,Sune Uke (脛受け) - Scheenblok,line 49,technique,Sune Uke (脛受け) - Scheenblok,Use docs/kumite.pdf and docs/kumite_extracted.txt first; verify safety wording carefully.,candidate
C01903,src/content/kumite/techniques/defense-techniques.md,base,Sune Uke (脛受け) - Scheenblok,line 50,general,Beschrijving: Scheenblok voor verdediging tegen beenaanvallen,Use docs/kumite.pdf and docs/kumite_extracted.txt first; verify safety wording carefully.,candidate
C01904,src/content/kumite/techniques/defense-techniques.md,base,Sune Uke (脛受け) - Scheenblok,line 51,general,Gebruik: Verdedigt tegen been- en voetaanvallen,Use docs/kumite.pdf and docs/kumite_extracted.txt first; verify safety wording carefully.,candidate
C01905,src/content/kumite/techniques/defense-techniques.md,base,Sune Uke (脛受け) - Scheenblok,line 52,general,Techniek: Gebruik scheenbeen als blok,Use docs/kumite.pdf and docs/kumite_extracted.txt first; verify safety wording carefully.,candidate
C01906,src/content/kumite/techniques/defense-techniques.md,base,Kawashi Waza (躱し技) - Ontwijktechnieken,line 54,general,Kawashi Waza (躱し技) - Ontwijktechnieken,Use docs/kumite.pdf and docs/kumite_extracted.txt first; verify safety wording carefully.,candidate
C01907,src/content/kumite/techniques/defense-techniques.md,base,Kawashi Waza (躱し技) - Ontwijktechnieken,line 56,general,Vier technieken zijn toegestaan in de groep van ontwijktechnieken:,Use docs/kumite.pdf and docs/kumite_extracted.txt first; verify safety wording carefully.,candidate
C01908,src/content/kumite/techniques/defense-techniques.md,base,Ontwijking ter Plaatse,line 58,general,Ontwijking ter Plaatse,Use docs/kumite.pdf and docs/kumite_extracted.txt first; verify safety wording carefully.,candidate
C01909,src/content/kumite/techniques/defense-techniques.md,base,Ontwijking ter Plaatse,line 59,general,Beschrijving: Door het lichaam in verschillende richtingen te zwaaien,Use docs/kumite.pdf and docs/kumite_extracted.txt first; verify safety wording carefully.,candidate
C01910,src/content/kumite/techniques/defense-techniques.md,base,Ontwijking ter Plaatse,line 60,general,Gebruik: Ontwijkende beweging zonder positie te veranderen,Use docs/kumite.pdf and docs/kumite_extracted.txt first; verify safety wording carefully.,candidate
C01911,src/content/kumite/techniques/defense-techniques.md,base,Ontwijking ter Plaatse,line 61,general,Techniek: Lichaamsbeweging zonder voetverplaatsing,Use docs/kumite.pdf and docs/kumite_extracted.txt first; verify safety wording carefully.,candidate
C01912,src/content/kumite/techniques/defense-techniques.md,base,Ontwijking Uit de Lijn,line 63,general,Ontwijking Uit de Lijn,Use docs/kumite.pdf and docs/kumite_extracted.txt first; verify safety wording carefully.,candidate
C01913,src/content/kumite/techniques/defense-techniques.md,base,Ontwijking Uit de Lijn,line 64,general,Beschrijving: Door in verschillende richtingen te bewegen,Use docs/kumite.pdf and docs/kumite_extracted.txt first; verify safety wording carefully.,candidate
C01914,src/content/kumite/techniques/defense-techniques.md,base,Ontwijking Uit de Lijn,line 65,general,Gebruik: Ontwijkende beweging door van de aanvalslijn te stappen,Use docs/kumite.pdf and docs/kumite_extracted.txt first; verify safety wording carefully.,candidate
C01915,src/content/kumite/techniques/defense-techniques.md,base,Ontwijking Uit de Lijn,line 66,general,Techniek: Voetverplaatsing om aanval te ontwijken,Use docs/kumite.pdf and docs/kumite_extracted.txt first; verify safety wording carefully.,candidate
C01916,src/content/kumite/techniques/defense-techniques.md,base,Rotatieontwijking,line 68,general,Rotatieontwijking,Use docs/kumite.pdf and docs/kumite_extracted.txt first; verify safety wording carefully.,candidate
C01917,src/content/kumite/techniques/defense-techniques.md,base,Rotatieontwijking,line 69,general,Beschrijving: Uitgevoerd rond één as of twee rotatieassen,Use docs/kumite.pdf and docs/kumite_extracted.txt first; verify safety wording carefully.,candidate
C01918,src/content/kumite/techniques/defense-techniques.md,base,Rotatieontwijking,line 70,general,Gebruik: Ontwijkende beweging met lichaamsrotatie,Use docs/kumite.pdf and docs/kumite_extracted.txt first; verify safety wording carefully.,candidate
C01919,src/content/kumite/techniques/defense-techniques.md,base,Rotatieontwijking,line 71,general,Techniek: Draaiende beweging van lichaam,Use docs/kumite.pdf and docs/kumite_extracted.txt first; verify safety wording carefully.,candidate
C01920,src/content/kumite/techniques/defense-techniques.md,base,Combinatieontwijking,line 73,general,Combinatieontwijking,Use docs/kumite.pdf and docs/kumite_extracted.txt first; verify safety wording carefully.,candidate
C01921,src/content/kumite/techniques/defense-techniques.md,base,Combinatieontwijking,line 74,general,Beschrijving: Door ontwijking te combineren met blokken,Use docs/kumite.pdf and docs/kumite_extracted.txt first; verify safety wording carefully.,candidate
C01922,src/content/kumite/techniques/defense-techniques.md,base,Combinatieontwijking,line 75,general,Gebruik: Ontwijkende beweging gecombineerd met blokkeertechnieken,Use docs/kumite.pdf and docs/kumite_extracted.txt first; verify safety wording carefully.,candidate
C01923,src/content/kumite/techniques/defense-techniques.md,base,Combinatieontwijking,line 76,general,Techniek: Combinatie van beweging en blok,Use docs/kumite.pdf and docs/kumite_extracted.txt first; verify safety wording carefully.,candidate
C01924,src/content/kumite/techniques/defense-techniques.md,base,Verdedigingsstrategieën,line 78,general,Verdedigingsstrategieën,Use docs/kumite.pdf and docs/kumite_extracted.txt first; verify safety wording carefully.,candidate
C01925,src/content/kumite/techniques/defense-techniques.md,base,Basis Verdedigingsprincipes,line 80,general,Basis Verdedigingsprincipes,Use docs/kumite.pdf and docs/kumite_extracted.txt first; verify safety wording carefully.,candidate
C01926,src/content/kumite/techniques/defense-techniques.md,base,Basis Verdedigingsprincipes,line 82,general,Timing: Juiste timing voor verdediging,Use docs/kumite.pdf and docs/kumite_extracted.txt first; verify safety wording carefully.,candidate
C01927,src/content/kumite/techniques/defense-techniques.md,base,Basis Verdedigingsprincipes,line 83,general,Afstand: Behoud juiste vechtafstand,Use docs/kumite.pdf and docs/kumite_extracted.txt first; verify safety wording carefully.,candidate
C01928,src/content/kumite/techniques/defense-techniques.md,base,Basis Verdedigingsprincipes,line 84,general,Positie: Juiste lichaamspositie voor verdediging,Use docs/kumite.pdf and docs/kumite_extracted.txt first; verify safety wording carefully.,candidate
C01929,src/content/kumite/techniques/defense-techniques.md,base,Basis Verdedigingsprincipes,line 85,general,Aandacht: Blijf alert en gefocust,Use docs/kumite.pdf and docs/kumite_extracted.txt first; verify safety wording carefully.,candidate
C01930,src/content/kumite/techniques/defense-techniques.md,base,Verdedigingscombinaties,line 87,general,Verdedigingscombinaties,Use docs/kumite.pdf and docs/kumite_extracted.txt first; verify safety wording carefully.,candidate
C01931,src/content/kumite/techniques/defense-techniques.md,base,Verdedigingscombinaties,line 90,general,Blok gevolgd door tegenaanval,Use docs/kumite.pdf and docs/kumite_extracted.txt first; verify safety wording carefully.,candidate
C01932,src/content/kumite/techniques/defense-techniques.md,base,Verdedigingscombinaties,line 91,general,Ontwijking gevolgd door positieverandering,Use docs/kumite.pdf and docs/kumite_extracted.txt first; verify safety wording carefully.,candidate
C01933,src/content/kumite/techniques/defense-techniques.md,base,Verdedigingscombinaties,line 92,general,Meerdere blokken in sequentie,Use docs/kumite.pdf and docs/kumite_extracted.txt first; verify safety wording carefully.,candidate
C01934,src/content/kumite/techniques/defense-techniques.md,base,Verdedigingscombinaties,line 95,general,Blok en trap combinatie,Use docs/kumite.pdf and docs/kumite_extracted.txt first; verify safety wording carefully.,candidate
C01935,src/content/kumite/techniques/defense-techniques.md,base,Verdedigingscombinaties,line 96,general,Ontwijking en worp combinatie,Use docs/kumite.pdf and docs/kumite_extracted.txt first; verify safety wording carefully.,candidate
C01936,src/content/kumite/techniques/defense-techniques.md,base,Verdedigingscombinaties,line 97,general,Verdediging en aanval in één beweging,Use docs/kumite.pdf and docs/kumite_extracted.txt first; verify safety wording carefully.,candidate
C01937,src/content/kumite/techniques/defense-techniques.md,base,Trainingsmethoden,line 99,general,Trainingsmethoden,Use docs/kumite.pdf and docs/kumite_extracted.txt first; verify safety wording carefully.,candidate
C01938,src/content/kumite/techniques/defense-techniques.md,base,Verdedigingsoefeningen,line 101,general,Verdedigingsoefeningen,Use docs/kumite.pdf and docs/kumite_extracted.txt first; verify safety wording carefully.,candidate
C01939,src/content/kumite/techniques/defense-techniques.md,base,Verdedigingsoefeningen,line 104,general,Statische blokkeeroefeningen,Use docs/kumite.pdf and docs/kumite_extracted.txt first; verify safety wording carefully.,candidate
C01940,src/content/kumite/techniques/defense-techniques.md,base,Verdedigingsoefeningen,line 105,general,Bewegende blokkeeroefeningen,Use docs/kumite.pdf and docs/kumite_extracted.txt first; verify safety wording carefully.,candidate
C01941,src/content/kumite/techniques/defense-techniques.md,base,Verdedigingsoefeningen,line 106,general,Partner oefeningen met gecontroleerde aanvallen,Use docs/kumite.pdf and docs/kumite_extracted.txt first; verify safety wording carefully.,candidate
C01942,src/content/kumite/techniques/defense-techniques.md,base,Verdedigingsoefeningen,line 109,general,Vrije verdediging tegen meerdere aanvallen,Use docs/kumite.pdf and docs/kumite_extracted.txt first; verify safety wording carefully.,candidate
C01943,src/content/kumite/techniques/defense-techniques.md,base,Verdedigingsoefeningen,line 110,general,Verdediging tegen combinaties,Use docs/kumite.pdf and docs/kumite_extracted.txt first; verify safety wording carefully.,candidate
C01944,src/content/kumite/techniques/defense-techniques.md,base,Verdedigingsoefeningen,line 111,general,Competitie-simulatie verdediging,Use docs/kumite.pdf and docs/kumite_extracted.txt first; verify safety wording carefully.,candidate
C01945,src/content/kumite/techniques/defense-techniques.md,base,Verdedigingsfocus,line 113,general,Verdedigingsfocus,Use docs/kumite.pdf and docs/kumite_extracted.txt first; verify safety wording carefully.,candidate
C01946,src/content/kumite/techniques/defense-techniques.md,base,Verdedigingsfocus,line 115,general,Reactietijd: Verbeter reactiesnelheid,Use docs/kumite.pdf and docs/kumite_extracted.txt first; verify safety wording carefully.,candidate
C01947,src/content/kumite/techniques/defense-techniques.md,base,Verdedigingsfocus,line 116,general,Precisie: Verhoog nauwkeurigheid van blokken,Use docs/kumite.pdf and docs/kumite_extracted.txt first; verify safety wording carefully.,candidate
C01948,src/content/kumite/techniques/defense-techniques.md,base,Verdedigingsfocus,line 117,general,Kracht: Ontwikkel kracht in verdedigingstechnieken,Use docs/kumite.pdf and docs/kumite_extracted.txt first; verify safety wording carefully.,candidate
C01949,src/content/kumite/techniques/defense-techniques.md,base,Verdedigingsfocus,line 118,general,Uithoudingsvermogen: Bouw uithoudingsvermogen op,Use docs/kumite.pdf and docs/kumite_extracted.txt first; verify safety wording carefully.,candidate
C01950,src/content/kumite/techniques/defense-techniques.md,base,Veiligheidsaspecten,line 120,safety,Veiligheidsaspecten,Use docs/kumite.pdf and docs/kumite_extracted.txt first; verify safety wording carefully.,candidate
C01951,src/content/kumite/techniques/defense-techniques.md,base,Verdedigingsveiligheid,line 122,safety,Verdedigingsveiligheid,Use docs/kumite.pdf and docs/kumite_extracted.txt first; verify safety wording carefully.,candidate
C01952,src/content/kumite/techniques/defense-techniques.md,base,Verdedigingsveiligheid,line 124,general,Controle: Houd controle over verdedigingstechnieken,Use docs/kumite.pdf and docs/kumite_extracted.txt first; verify safety wording carefully.,candidate
C01953,src/content/kumite/techniques/defense-techniques.md,base,Verdedigingsveiligheid,line 125,safety,Bescherming: Gebruik juiste beschermingsuitrusting,Use docs/kumite.pdf and docs/kumite_extracted.txt first; verify safety wording carefully.,candidate
C01954,src/content/kumite/techniques/defense-techniques.md,base,Verdedigingsveiligheid,line 126,general,Communicatie: Communiceer met trainingspartner,Use docs/kumite.pdf and docs/kumite_extracted.txt first; verify safety wording carefully.,candidate
C01955,src/content/kumite/techniques/defense-techniques.md,base,Verdedigingsveiligheid,line 127,general,Respect: Toon respect voor vaardigheidsniveau,Use docs/kumite.pdf and docs/kumite_extracted.txt first; verify safety wording carefully.,candidate
C01956,src/content/kumite/techniques/defense-techniques.md,base,Veelgemaakte Fouten,line 129,general,Veelgemaakte Fouten,Use docs/kumite.pdf and docs/kumite_extracted.txt first; verify safety wording carefully.,candidate
C01957,src/content/kumite/techniques/defense-techniques.md,base,Veelgemaakte Fouten,line 131,general,Te hard blokken: Kan letsel veroorzaken,Use docs/kumite.pdf and docs/kumite_extracted.txt first; verify safety wording carefully.,candidate
C01958,src/content/kumite/techniques/defense-techniques.md,base,Veelgemaakte Fouten,line 132,general,Onjuiste timing: Kan leiden tot treffers,Use docs/kumite.pdf and docs/kumite_extracted.txt first; verify safety wording carefully.,candidate
C01959,src/content/kumite/techniques/defense-techniques.md,base,Veelgemaakte Fouten,line 133,general,Slechte positie: Vermindert effectiviteit,Use docs/kumite.pdf and docs/kumite_extracted.txt first; verify safety wording carefully.,candidate
C01960,src/content/kumite/techniques/defense-techniques.md,base,Veelgemaakte Fouten,line 134,general,Gebrek aan focus: Kan leiden tot verwondingen,Use docs/kumite.pdf and docs/kumite_extracted.txt first; verify safety wording carefully.,candidate
C01961,src/content/kumite/techniques/throwing-techniques.md,base,Worptechnieken in Kumite,line 1,general,Worptechnieken in Kumite,Use docs/kumite.pdf and docs/kumite_extracted.txt first; verify safety wording carefully.,candidate
C01962,src/content/kumite/techniques/throwing-techniques.md,base,Worptechnieken in Kumite,line 3,general,Worptechnieken (Nage Waza) zijn geavanceerde technieken die gebruikt worden om de tegenstander uit balans te brengen en te werpen.,Use docs/kumite.pdf and docs/kumite_extracted.txt first; verify safety wording carefully.,candidate
C01963,src/content/kumite/techniques/throwing-techniques.md,base,Nage Waza (投げ技) - Worptechnieken,line 5,general,Nage Waza (投げ技) - Worptechnieken,Use docs/kumite.pdf and docs/kumite_extracted.txt first; verify safety wording carefully.,candidate
C01964,src/content/kumite/techniques/throwing-techniques.md,base,Nage Waza (投げ技) - Worptechnieken,line 7,general,Acht technieken zijn toegestaan in de groep van ondersteek- en worptechnieken:,Use docs/kumite.pdf and docs/kumite_extracted.txt first; verify safety wording carefully.,candidate
C01965,src/content/kumite/techniques/throwing-techniques.md,base,De Ashi Barai (出足払い) - Ondersteek van achterste voet,line 9,general,De Ashi Barai (出足払い) - Ondersteek van achterste voet,Use docs/kumite.pdf and docs/kumite_extracted.txt first; verify safety wording carefully.,candidate
C01966,src/content/kumite/techniques/throwing-techniques.md,base,De Ashi Barai (出足払い) - Ondersteek van achterste voet,line 10,technique,Beschrijving: Vegen techniek gericht op de voet van de tegenstander,Use docs/kumite.pdf and docs/kumite_extracted.txt first; verify safety wording carefully.,candidate
C01967,src/content/kumite/techniques/throwing-techniques.md,base,De Ashi Barai (出足払い) - Ondersteek van achterste voet,line 11,general,Gebruik: Brengt tegenstander uit balans door voet weg te vegen,Use docs/kumite.pdf and docs/kumite_extracted.txt first; verify safety wording carefully.,candidate
C01968,src/content/kumite/techniques/throwing-techniques.md,base,De Ashi Barai (出足払い) - Ondersteek van achterste voet,line 12,general,Techniek: Lage vegenbeweging naar de voet,Use docs/kumite.pdf and docs/kumite_extracted.txt first; verify safety wording carefully.,candidate
C01969,src/content/kumite/techniques/throwing-techniques.md,base,Kuzushi (崩し) - Ondersteek van beide benen,line 14,general,Kuzushi (崩し) - Ondersteek van beide benen,Use docs/kumite.pdf and docs/kumite_extracted.txt first; verify safety wording carefully.,candidate
C01970,src/content/kumite/techniques/throwing-techniques.md,base,Kuzushi (崩し) - Ondersteek van beide benen,line 15,general,Beschrijving: Techniek om de balans van de tegenstander te breken,Use docs/kumite.pdf and docs/kumite_extracted.txt first; verify safety wording carefully.,candidate
C01971,src/content/kumite/techniques/throwing-techniques.md,base,Kuzushi (崩し) - Ondersteek van beide benen,line 16,general,Gebruik: Verstoort de stabiliteit van de tegenstander,Use docs/kumite.pdf and docs/kumite_extracted.txt first; verify safety wording carefully.,candidate
C01972,src/content/kumite/techniques/throwing-techniques.md,base,Kuzushi (崩し) - Ondersteek van beide benen,line 17,general,Techniek: Balansverstoring door lichaamsbeweging,Use docs/kumite.pdf and docs/kumite_extracted.txt first; verify safety wording carefully.,candidate
C01973,src/content/kumite/techniques/throwing-techniques.md,base,O Soto Gari (大外刈り) - Grote buitenste ondersteek,line 19,general,O Soto Gari (大外刈り) - Grote buitenste ondersteek,Use docs/kumite.pdf and docs/kumite_extracted.txt first; verify safety wording carefully.,candidate
C01974,src/content/kumite/techniques/throwing-techniques.md,base,O Soto Gari (大外刈り) - Grote buitenste ondersteek,line 20,general,Beschrijving: Grote buitenste maaiende worp,Use docs/kumite.pdf and docs/kumite_extracted.txt first; verify safety wording carefully.,candidate
C01975,src/content/kumite/techniques/throwing-techniques.md,base,O Soto Gari (大外刈り) - Grote buitenste ondersteek,line 21,general,Gebruik: Krachtige worp naar buiten,Use docs/kumite.pdf and docs/kumite_extracted.txt first; verify safety wording carefully.,candidate
C01976,src/content/kumite/techniques/throwing-techniques.md,base,O Soto Gari (大外刈り) - Grote buitenste ondersteek,line 22,general,Techniek: Grote cirkelvormige beweging naar buiten,Use docs/kumite.pdf and docs/kumite_extracted.txt first; verify safety wording carefully.,candidate
C01977,src/content/kumite/techniques/throwing-techniques.md,base,O Uchi Gari (大内刈り) - Grote binnenste ondersteek,line 24,general,O Uchi Gari (大内刈り) - Grote binnenste ondersteek,Use docs/kumite.pdf and docs/kumite_extracted.txt first; verify safety wording carefully.,candidate
C01978,src/content/kumite/techniques/throwing-techniques.md,base,O Uchi Gari (大内刈り) - Grote binnenste ondersteek,line 25,general,Beschrijving: Grote binnenste maaiende worp,Use docs/kumite.pdf and docs/kumite_extracted.txt first; verify safety wording carefully.,candidate
C01979,src/content/kumite/techniques/throwing-techniques.md,base,O Uchi Gari (大内刈り) - Grote binnenste ondersteek,line 26,general,Gebruik: Krachtige worp naar binnen,Use docs/kumite.pdf and docs/kumite_extracted.txt first; verify safety wording carefully.,candidate
C01980,src/content/kumite/techniques/throwing-techniques.md,base,O Uchi Gari (大内刈り) - Grote binnenste ondersteek,line 27,general,Techniek: Grote cirkelvormige beweging naar binnen,Use docs/kumite.pdf and docs/kumite_extracted.txt first; verify safety wording carefully.,candidate
C01981,src/content/kumite/techniques/throwing-techniques.md,base,Ko Soto Gari (小外刈り) - Kleine buitenste ondersteek,line 29,general,Ko Soto Gari (小外刈り) - Kleine buitenste ondersteek,Use docs/kumite.pdf and docs/kumite_extracted.txt first; verify safety wording carefully.,candidate
C01982,src/content/kumite/techniques/throwing-techniques.md,base,Ko Soto Gari (小外刈り) - Kleine buitenste ondersteek,line 30,general,Beschrijving: Kleine buitenste maaiende worp,Use docs/kumite.pdf and docs/kumite_extracted.txt first; verify safety wording carefully.,candidate
C01983,src/content/kumite/techniques/throwing-techniques.md,base,Ko Soto Gari (小外刈り) - Kleine buitenste ondersteek,line 31,general,Gebruik: Subtiele worp naar buiten,Use docs/kumite.pdf and docs/kumite_extracted.txt first; verify safety wording carefully.,candidate
C01984,src/content/kumite/techniques/throwing-techniques.md,base,Ko Soto Gari (小外刈り) - Kleine buitenste ondersteek,line 32,general,Techniek: Kleine cirkelvormige beweging naar buiten,Use docs/kumite.pdf and docs/kumite_extracted.txt first; verify safety wording carefully.,candidate
C01985,src/content/kumite/techniques/throwing-techniques.md,base,Ko Uchi Gari (小内刈り) - Kleine binnenste ondersteek,line 34,general,Ko Uchi Gari (小内刈り) - Kleine binnenste ondersteek,Use docs/kumite.pdf and docs/kumite_extracted.txt first; verify safety wording carefully.,candidate
C01986,src/content/kumite/techniques/throwing-techniques.md,base,Ko Uchi Gari (小内刈り) - Kleine binnenste ondersteek,line 35,general,Beschrijving: Kleine binnenste maaiende worp,Use docs/kumite.pdf and docs/kumite_extracted.txt first; verify safety wording carefully.,candidate
C01987,src/content/kumite/techniques/throwing-techniques.md,base,Ko Uchi Gari (小内刈り) - Kleine binnenste ondersteek,line 36,general,Gebruik: Subtiele worp naar binnen,Use docs/kumite.pdf and docs/kumite_extracted.txt first; verify safety wording carefully.,candidate
C01988,src/content/kumite/techniques/throwing-techniques.md,base,Ko Uchi Gari (小内刈り) - Kleine binnenste ondersteek,line 37,general,Techniek: Kleine cirkelvormige beweging naar binnen,Use docs/kumite.pdf and docs/kumite_extracted.txt first; verify safety wording carefully.,candidate
C01989,src/content/kumite/techniques/throwing-techniques.md,base,Okuri Ashi Harai (送り足払い) - Ondersteek door leunen,line 39,general,Okuri Ashi Harai (送り足払い) - Ondersteek door leunen,Use docs/kumite.pdf and docs/kumite_extracted.txt first; verify safety wording carefully.,candidate
C01990,src/content/kumite/techniques/throwing-techniques.md,base,Okuri Ashi Harai (送り足払い) - Ondersteek door leunen,line 40,general,Beschrijving: Vegen techniek met gebruik van lichaamsgewicht,Use docs/kumite.pdf and docs/kumite_extracted.txt first; verify safety wording carefully.,candidate
C01991,src/content/kumite/techniques/throwing-techniques.md,base,Okuri Ashi Harai (送り足払い) - Ondersteek door leunen,line 41,general,Gebruik: Gebruikt lichaamsgewicht voor kracht,Use docs/kumite.pdf and docs/kumite_extracted.txt first; verify safety wording carefully.,candidate
C01992,src/content/kumite/techniques/throwing-techniques.md,base,Okuri Ashi Harai (送り足払い) - Ondersteek door leunen,line 42,general,Techniek: Leunende beweging met vegen,Use docs/kumite.pdf and docs/kumite_extracted.txt first; verify safety wording carefully.,candidate
C01993,src/content/kumite/techniques/throwing-techniques.md,base,Tai-otoshi (体落とし) - Worp door verlagen,line 44,general,Tai-otoshi (体落とし) - Worp door verlagen,Use docs/kumite.pdf and docs/kumite_extracted.txt first; verify safety wording carefully.,candidate
C01994,src/content/kumite/techniques/throwing-techniques.md,base,Tai-otoshi (体落とし) - Worp door verlagen,line 45,general,Beschrijving: Lichaamsverlagende worp techniek,Use docs/kumite.pdf and docs/kumite_extracted.txt first; verify safety wording carefully.,candidate
C01995,src/content/kumite/techniques/throwing-techniques.md,base,Tai-otoshi (体落とし) - Worp door verlagen,line 46,general,Gebruik: Werpt tegenstander door lichaam te verlagen,Use docs/kumite.pdf and docs/kumite_extracted.txt first; verify safety wording carefully.,candidate
C01996,src/content/kumite/techniques/throwing-techniques.md,base,Tai-otoshi (体落とし) - Worp door verlagen,line 47,general,Techniek: Neerwaartse lichaamsbeweging,Use docs/kumite.pdf and docs/kumite_extracted.txt first; verify safety wording carefully.,candidate
C01997,src/content/kumite/techniques/throwing-techniques.md,base,Worpstrategieën,line 49,general,Worpstrategieën,Use docs/kumite.pdf and docs/kumite_extracted.txt first; verify safety wording carefully.,candidate
C01998,src/content/kumite/techniques/throwing-techniques.md,base,Basis Worpprincipes,line 51,general,Basis Worpprincipes,Use docs/kumite.pdf and docs/kumite_extracted.txt first; verify safety wording carefully.,candidate
C01999,src/content/kumite/techniques/throwing-techniques.md,base,Basis Worpprincipes,line 53,general,Balansverstoring: Verstoor eerst de balans van de tegenstander,Use docs/kumite.pdf and docs/kumite_extracted.txt first; verify safety wording carefully.,candidate
C02000,src/content/kumite/techniques/throwing-techniques.md,base,Basis Worpprincipes,line 54,general,Timing: Juiste timing voor worpuitvoering,Use docs/kumite.pdf and docs/kumite_extracted.txt first; verify safety wording carefully.,candidate
C02001,src/content/kumite/techniques/throwing-techniques.md,base,Basis Worpprincipes,line 55,general,Positie: Juiste lichaamspositie voor worp,Use docs/kumite.pdf and docs/kumite_extracted.txt first; verify safety wording carefully.,candidate
C02002,src/content/kumite/techniques/throwing-techniques.md,base,Basis Worpprincipes,line 56,general,Kracht: Gebruik lichaamsgewicht in plaats van armkracht,Use docs/kumite.pdf and docs/kumite_extracted.txt first; verify safety wording carefully.,candidate
C02003,src/content/kumite/techniques/throwing-techniques.md,base,Worpcombinaties,line 58,general,Worpcombinaties,Use docs/kumite.pdf and docs/kumite_extracted.txt first; verify safety wording carefully.,candidate
C02004,src/content/kumite/techniques/throwing-techniques.md,base,Worpcombinaties,line 61,general,Aanval gevolgd door worp,Use docs/kumite.pdf and docs/kumite_extracted.txt first; verify safety wording carefully.,candidate
C02005,src/content/kumite/techniques/throwing-techniques.md,base,Worpcombinaties,line 62,general,Blok gevolgd door worp,Use docs/kumite.pdf and docs/kumite_extracted.txt first; verify safety wording carefully.,candidate
C02006,src/content/kumite/techniques/throwing-techniques.md,base,Worpcombinaties,line 63,general,Ontwijking gevolgd door worp,Use docs/kumite.pdf and docs/kumite_extracted.txt first; verify safety wording carefully.,candidate
C02007,src/content/kumite/techniques/throwing-techniques.md,base,Worpcombinaties,line 66,general,Trap gevolgd door worp,Use docs/kumite.pdf and docs/kumite_extracted.txt first; verify safety wording carefully.,candidate
C02008,src/content/kumite/techniques/throwing-techniques.md,base,Worpcombinaties,line 67,general,Stoot gevolgd door worp,Use docs/kumite.pdf and docs/kumite_extracted.txt first; verify safety wording carefully.,candidate
C02009,src/content/kumite/techniques/throwing-techniques.md,base,Worpcombinaties,line 68,general,Meerdere worpen in sequentie,Use docs/kumite.pdf and docs/kumite_extracted.txt first; verify safety wording carefully.,candidate
C02010,src/content/kumite/techniques/throwing-techniques.md,base,Trainingsmethoden,line 70,general,Trainingsmethoden,Use docs/kumite.pdf and docs/kumite_extracted.txt first; verify safety wording carefully.,candidate
C02011,src/content/kumite/techniques/throwing-techniques.md,base,Worpoefeningen,line 72,general,Worpoefeningen,Use docs/kumite.pdf and docs/kumite_extracted.txt first; verify safety wording carefully.,candidate
C02012,src/content/kumite/techniques/throwing-techniques.md,base,Worpoefeningen,line 75,general,Statische worpoefeningen,Use docs/kumite.pdf and docs/kumite_extracted.txt first; verify safety wording carefully.,candidate
C02013,src/content/kumite/techniques/throwing-techniques.md,base,Worpoefeningen,line 76,general,Bewegende worpoefeningen,Use docs/kumite.pdf and docs/kumite_extracted.txt first; verify safety wording carefully.,candidate
C02014,src/content/kumite/techniques/throwing-techniques.md,base,Worpoefeningen,line 77,general,Partner oefeningen met gecontroleerde worpen,Use docs/kumite.pdf and docs/kumite_extracted.txt first; verify safety wording carefully.,candidate
C02015,src/content/kumite/techniques/throwing-techniques.md,base,Worpoefeningen,line 80,general,Vrije worpen tegen weerstand,Use docs/kumite.pdf and docs/kumite_extracted.txt first; verify safety wording carefully.,candidate
C02016,src/content/kumite/techniques/throwing-techniques.md,base,Worpoefeningen,line 81,general,Worpen in combinatie met andere technieken,Use docs/kumite.pdf and docs/kumite_extracted.txt first; verify safety wording carefully.,candidate
C02017,src/content/kumite/techniques/throwing-techniques.md,base,Worpoefeningen,line 82,general,Competitie-simulatie worpen,Use docs/kumite.pdf and docs/kumite_extracted.txt first; verify safety wording carefully.,candidate
C02018,src/content/kumite/techniques/throwing-techniques.md,base,Worpfocus,line 86,general,Balans: Ontwikkel gevoel voor balansverstoring,Use docs/kumite.pdf and docs/kumite_extracted.txt first; verify safety wording carefully.,candidate
C02019,src/content/kumite/techniques/throwing-techniques.md,base,Worpfocus,line 87,general,Timing: Verbeter timing van worpen,Use docs/kumite.pdf and docs/kumite_extracted.txt first; verify safety wording carefully.,candidate
C02020,src/content/kumite/techniques/throwing-techniques.md,base,Worpfocus,line 88,general,Kracht: Gebruik lichaamsgewicht effectief,Use docs/kumite.pdf and docs/kumite_extracted.txt first; verify safety wording carefully.,candidate
C02021,src/content/kumite/techniques/throwing-techniques.md,base,Worpfocus,line 89,general,Controle: Houd controle over worpuitvoering,Use docs/kumite.pdf and docs/kumite_extracted.txt first; verify safety wording carefully.,candidate
C02022,src/content/kumite/techniques/throwing-techniques.md,base,Veiligheidsaspecten,line 91,safety,Veiligheidsaspecten,Use docs/kumite.pdf and docs/kumite_extracted.txt first; verify safety wording carefully.,candidate
C02023,src/content/kumite/techniques/throwing-techniques.md,base,Worpveiligheid,line 93,safety,Worpveiligheid,Use docs/kumite.pdf and docs/kumite_extracted.txt first; verify safety wording carefully.,candidate
C02024,src/content/kumite/techniques/throwing-techniques.md,base,Worpveiligheid,line 95,general,Controle: Houd controle over worptechnieken,Use docs/kumite.pdf and docs/kumite_extracted.txt first; verify safety wording carefully.,candidate
C02025,src/content/kumite/techniques/throwing-techniques.md,base,Worpveiligheid,line 96,safety,Bescherming: Gebruik juiste beschermingsuitrusting,Use docs/kumite.pdf and docs/kumite_extracted.txt first; verify safety wording carefully.,candidate
C02026,src/content/kumite/techniques/throwing-techniques.md,base,Worpveiligheid,line 97,general,Communicatie: Communiceer met trainingspartner,Use docs/kumite.pdf and docs/kumite_extracted.txt first; verify safety wording carefully.,candidate
C02027,src/content/kumite/techniques/throwing-techniques.md,base,Worpveiligheid,line 98,general,Respect: Toon respect voor vaardigheidsniveau,Use docs/kumite.pdf and docs/kumite_extracted.txt first; verify safety wording carefully.,candidate
C02028,src/content/kumite/techniques/throwing-techniques.md,base,Veelgemaakte Fouten,line 100,general,Veelgemaakte Fouten,Use docs/kumite.pdf and docs/kumite_extracted.txt first; verify safety wording carefully.,candidate
C02029,src/content/kumite/techniques/throwing-techniques.md,base,Veelgemaakte Fouten,line 102,general,Te hard werpen: Kan letsel veroorzaken,Use docs/kumite.pdf and docs/kumite_extracted.txt first; verify safety wording carefully.,candidate
C02030,src/content/kumite/techniques/throwing-techniques.md,base,Veelgemaakte Fouten,line 103,general,Onjuiste timing: Kan leiden tot verwondingen,Use docs/kumite.pdf and docs/kumite_extracted.txt first; verify safety wording carefully.,candidate
C02031,src/content/kumite/techniques/throwing-techniques.md,base,Veelgemaakte Fouten,line 104,general,Slechte positie: Vermindert effectiviteit,Use docs/kumite.pdf and docs/kumite_extracted.txt first; verify safety wording carefully.,candidate
C02032,src/content/kumite/techniques/throwing-techniques.md,base,Veelgemaakte Fouten,line 105,safety,Gebrek aan controle: Kan gevaarlijk zijn,Use docs/kumite.pdf and docs/kumite_extracted.txt first; verify safety wording carefully.,candidate
C02033,src/content/kumite/techniques/throwing-techniques.md,base,Competitie Toepassing,line 107,general,Competitie Toepassing,Use docs/kumite.pdf and docs/kumite_extracted.txt first; verify safety wording carefully.,candidate
C02034,src/content/kumite/techniques/throwing-techniques.md,base,Wettelijke Worpen,line 109,general,Wettelijke Worpen,Use docs/kumite.pdf and docs/kumite_extracted.txt first; verify safety wording carefully.,candidate
C02035,src/content/kumite/techniques/throwing-techniques.md,base,Wettelijke Worpen,line 111,general,In competitie zijn alleen bepaalde worpen toegestaan:,Use docs/kumite.pdf and docs/kumite_extracted.txt first; verify safety wording carefully.,candidate
C02036,src/content/kumite/techniques/throwing-techniques.md,base,Wettelijke Worpen,line 112,general,Gecontroleerde worpen,Use docs/kumite.pdf and docs/kumite_extracted.txt first; verify safety wording carefully.,candidate
C02037,src/content/kumite/techniques/throwing-techniques.md,base,Wettelijke Worpen,line 113,safety,Veilige worpen,Use docs/kumite.pdf and docs/kumite_extracted.txt first; verify safety wording carefully.,candidate
C02038,src/content/kumite/techniques/throwing-techniques.md,base,Wettelijke Worpen,line 114,general,Goedgekeurde worpen,Use docs/kumite.pdf and docs/kumite_extracted.txt first; verify safety wording carefully.,candidate
C02039,src/content/kumite/techniques/throwing-techniques.md,base,Wettelijke Beperkingen,line 116,general,Wettelijke Beperkingen,Use docs/kumite.pdf and docs/kumite_extracted.txt first; verify safety wording carefully.,candidate
C02040,src/content/kumite/techniques/throwing-techniques.md,base,Wettelijke Beperkingen,line 118,safety,Gevaarlijke worpen: Niet toegestaan,Use docs/kumite.pdf and docs/kumite_extracted.txt first; verify safety wording carefully.,candidate
C02041,src/content/kumite/techniques/throwing-techniques.md,base,Wettelijke Beperkingen,line 119,general,Ongecontroleerde worpen: Niet toegestaan,Use docs/kumite.pdf and docs/kumite_extracted.txt first; verify safety wording carefully.,candidate
C02042,src/content/kumite/techniques/throwing-techniques.md,base,Wettelijke Beperkingen,line 120,general,Overmatige kracht: Niet toegestaan,Use docs/kumite.pdf and docs/kumite_extracted.txt first; verify safety wording carefully.,candidate
C02043,src/content/kumite/techniques/throwing-techniques.md,base,Gevorderde Worptechnieken,line 122,general,Gevorderde Worptechnieken,Use docs/kumite.pdf and docs/kumite_extracted.txt first; verify safety wording carefully.,candidate
C02044,src/content/kumite/techniques/throwing-techniques.md,base,Complexe Worpen,line 124,general,Complexe Worpen,Use docs/kumite.pdf and docs/kumite_extracted.txt first; verify safety wording carefully.,candidate
C02045,src/content/kumite/techniques/throwing-techniques.md,base,Complexe Worpen,line 126,general,Combinatie worpen: Meerdere worpen gecombineerd,Use docs/kumite.pdf and docs/kumite_extracted.txt first; verify safety wording carefully.,candidate
C02046,src/content/kumite/techniques/throwing-techniques.md,base,Complexe Worpen,line 127,general,Tegenworpen: Worpen als verdediging tegen worpen,Use docs/kumite.pdf and docs/kumite_extracted.txt first; verify safety wording carefully.,candidate
C02047,src/content/kumite/techniques/throwing-techniques.md,base,Complexe Worpen,line 128,general,Aanpassingsworpen: Worpen aangepast aan situatie,Use docs/kumite.pdf and docs/kumite_extracted.txt first; verify safety wording carefully.,candidate
C02048,src/content/kumite/techniques/throwing-techniques.md,base,Tactische Toepassing,line 130,general,Tactische Toepassing,Use docs/kumite.pdf and docs/kumite_extracted.txt first; verify safety wording carefully.,candidate
C02049,src/content/kumite/techniques/throwing-techniques.md,base,Tactische Toepassing,line 132,general,Timing: Juiste moment voor worp,Use docs/kumite.pdf and docs/kumite_extracted.txt first; verify safety wording carefully.,candidate
C02050,src/content/kumite/techniques/throwing-techniques.md,base,Tactische Toepassing,line 133,general,Positie: Juiste positie voor worp,Use docs/kumite.pdf and docs/kumite_extracted.txt first; verify safety wording carefully.,candidate
C02051,src/content/kumite/techniques/throwing-techniques.md,base,Tactische Toepassing,line 134,general,Kracht: Juiste hoeveelheid kracht,Use docs/kumite.pdf and docs/kumite_extracted.txt first; verify safety wording carefully.,candidate
C02052,src/content/kumite/techniques/throwing-techniques.md,base,Tactische Toepassing,line 135,general,Controle: Juiste controle over worp,Use docs/kumite.pdf and docs/kumite_extracted.txt first; verify safety wording carefully.,candidate
C02053,src/content/kumite/training.md,base,Kumite Training Methods,line 1,general,Kumite Training Methods,Use docs/kumite.pdf and docs/kumite_extracted.txt first; verify safety wording carefully.,candidate
C02054,src/content/kumite/training.md,base,Training Progression,line 3,general,Training Progression,Use docs/kumite.pdf and docs/kumite_extracted.txt first; verify safety wording carefully.,candidate
C02055,src/content/kumite/training.md,base,Training Progression,line 5,general,Kumite training follows a logical progression that builds skills systematically:,Use docs/kumite.pdf and docs/kumite_extracted.txt first; verify safety wording carefully.,candidate
C02056,src/content/kumite/training.md,base,Basic Techniques (Kihon),line 7,general,Basic Techniques (Kihon),Use docs/kumite.pdf and docs/kumite_extracted.txt first; verify safety wording carefully.,candidate
C02057,src/content/kumite/training.md,base,Basic Techniques (Kihon),line 8,general,Master individual techniques to perfection,Use docs/kumite.pdf and docs/kumite_extracted.txt first; verify safety wording carefully.,candidate
C02058,src/content/kumite/training.md,base,Basic Techniques (Kihon),line 9,general,Develop proper form and execution,Use docs/kumite.pdf and docs/kumite_extracted.txt first; verify safety wording carefully.,candidate
C02059,src/content/kumite/training.md,base,Basic Techniques (Kihon),line 10,general,Build muscle memory and coordination,Use docs/kumite.pdf and docs/kumite_extracted.txt first; verify safety wording carefully.,candidate
C02060,src/content/kumite/training.md,base,Basic Techniques (Kihon),line 11,general,Focus on one technique at a time,Use docs/kumite.pdf and docs/kumite_extracted.txt first; verify safety wording carefully.,candidate
C02061,src/content/kumite/training.md,base,Combination Practice,line 13,general,Combination Practice,Use docs/kumite.pdf and docs/kumite_extracted.txt first; verify safety wording carefully.,candidate
C02062,src/content/kumite/training.md,base,Combination Practice,line 14,general,Learn to combine techniques effectively,Use docs/kumite.pdf and docs/kumite_extracted.txt first; verify safety wording carefully.,candidate
C02063,src/content/kumite/training.md,base,Combination Practice,line 15,general,Develop flow between different techniques,Use docs/kumite.pdf and docs/kumite_extracted.txt first; verify safety wording carefully.,candidate
C02064,src/content/kumite/training.md,base,Combination Practice,line 16,general,Practice timing and rhythm,Use docs/kumite.pdf and docs/kumite_extracted.txt first; verify safety wording carefully.,candidate
C02065,src/content/kumite/training.md,base,Combination Practice,line 17,general,Build confidence in technique sequences,Use docs/kumite.pdf and docs/kumite_extracted.txt first; verify safety wording carefully.,candidate
C02066,src/content/kumite/training.md,base,Pre-arranged Sparring (Yakusoku Kumite),line 19,general,Pre-arranged Sparring (Yakusoku Kumite),Use docs/kumite.pdf and docs/kumite_extracted.txt first; verify safety wording carefully.,candidate
C02067,src/content/kumite/training.md,base,Pre-arranged Sparring (Yakusoku Kumite),line 20,general,Practice structured sequences with a partner,Use docs/kumite.pdf and docs/kumite_extracted.txt first; verify safety wording carefully.,candidate
C02068,src/content/kumite/training.md,base,Pre-arranged Sparring (Yakusoku Kumite),line 21,technique,Develop timing and distance control,Use docs/kumite.pdf and docs/kumite_extracted.txt first; verify safety wording carefully.,candidate
C02069,src/content/kumite/training.md,base,Pre-arranged Sparring (Yakusoku Kumite),line 22,general,Learn to read opponent's movements,Use docs/kumite.pdf and docs/kumite_extracted.txt first; verify safety wording carefully.,candidate
C02070,src/content/kumite/training.md,base,Pre-arranged Sparring (Yakusoku Kumite),line 23,general,Build confidence in partner work,Use docs/kumite.pdf and docs/kumite_extracted.txt first; verify safety wording carefully.,candidate
C02071,src/content/kumite/training.md,base,Semi-free Sparring (Jiyu Ippon Kumite),line 25,general,Semi-free Sparring (Jiyu Ippon Kumite),Use docs/kumite.pdf and docs/kumite_extracted.txt first; verify safety wording carefully.,candidate
C02072,src/content/kumite/training.md,base,Semi-free Sparring (Jiyu Ippon Kumite),line 26,general,Limited free practice with specific targets,Use docs/kumite.pdf and docs/kumite_extracted.txt first; verify safety wording carefully.,candidate
C02073,src/content/kumite/training.md,base,Semi-free Sparring (Jiyu Ippon Kumite),line 27,general,Develop spontaneous responses,Use docs/kumite.pdf and docs/kumite_extracted.txt first; verify safety wording carefully.,candidate
C02074,src/content/kumite/training.md,base,Semi-free Sparring (Jiyu Ippon Kumite),line 28,technique,Practice timing and distance in dynamic situations,Use docs/kumite.pdf and docs/kumite_extracted.txt first; verify safety wording carefully.,candidate
C02075,src/content/kumite/training.md,base,Semi-free Sparring (Jiyu Ippon Kumite),line 29,general,Build tactical thinking,Use docs/kumite.pdf and docs/kumite_extracted.txt first; verify safety wording carefully.,candidate
C02076,src/content/kumite/training.md,base,Free Sparring (Jiyu Kumite),line 31,general,Free Sparring (Jiyu Kumite),Use docs/kumite.pdf and docs/kumite_extracted.txt first; verify safety wording carefully.,candidate
C02077,src/content/kumite/training.md,base,Free Sparring (Jiyu Kumite),line 32,general,Unrestricted fighting practice,Use docs/kumite.pdf and docs/kumite_extracted.txt first; verify safety wording carefully.,candidate
C02078,src/content/kumite/training.md,base,Free Sparring (Jiyu Kumite),line 33,general,Develop spontaneity and adaptability,Use docs/kumite.pdf and docs/kumite_extracted.txt first; verify safety wording carefully.,candidate
C02079,src/content/kumite/training.md,base,Free Sparring (Jiyu Kumite),line 34,general,Test real fighting skills,Use docs/kumite.pdf and docs/kumite_extracted.txt first; verify safety wording carefully.,candidate
C02080,src/content/kumite/training.md,base,Free Sparring (Jiyu Kumite),line 35,general,Build mental toughness,Use docs/kumite.pdf and docs/kumite_extracted.txt first; verify safety wording carefully.,candidate
C02081,src/content/kumite/training.md,base,Competition Training (Shiai Kumite),line 37,general,Competition Training (Shiai Kumite),Use docs/kumite.pdf and docs/kumite_extracted.txt first; verify safety wording carefully.,candidate
C02082,src/content/kumite/training.md,base,Competition Training (Shiai Kumite),line 38,general,Apply skills in competitive environment,Use docs/kumite.pdf and docs/kumite_extracted.txt first; verify safety wording carefully.,candidate
C02083,src/content/kumite/training.md,base,Competition Training (Shiai Kumite),line 39,general,Develop competitive mindset,Use docs/kumite.pdf and docs/kumite_extracted.txt first; verify safety wording carefully.,candidate
C02084,src/content/kumite/training.md,base,Competition Training (Shiai Kumite),line 40,general,Practice under pressure,Use docs/kumite.pdf and docs/kumite_extracted.txt first; verify safety wording carefully.,candidate
C02085,src/content/kumite/training.md,base,Competition Training (Shiai Kumite),line 41,general,Build experience in rule-based fighting,Use docs/kumite.pdf and docs/kumite_extracted.txt first; verify safety wording carefully.,candidate
C02086,src/content/kumite/training.md,base,Training Methods,line 43,general,Training Methods,Use docs/kumite.pdf and docs/kumite_extracted.txt first; verify safety wording carefully.,candidate
C02087,src/content/kumite/training.md,base,Motor Preparation Training,line 45,general,Motor Preparation Training,Use docs/kumite.pdf and docs/kumite_extracted.txt first; verify safety wording carefully.,candidate
C02088,src/content/kumite/training.md,base,Motor Preparation Training,line 47,general,Motor preparation during a fight significantly determines the result of the technique performed. This includes:,Use docs/kumite.pdf and docs/kumite_extracted.txt first; verify safety wording carefully.,candidate
C02089,src/content/kumite/training.md,base,Motor Preparation Training,line 49,general,Speed Training: Developing quick reflexes and fast technique execution,Use docs/kumite.pdf and docs/kumite_extracted.txt first; verify safety wording carefully.,candidate
C02090,src/content/kumite/training.md,base,Motor Preparation Training,line 50,general,Power Training: Building strength and explosive power,Use docs/kumite.pdf and docs/kumite_extracted.txt first; verify safety wording carefully.,candidate
C02091,src/content/kumite/training.md,base,Motor Preparation Training,line 51,general,Endurance Training: Developing stamina for extended matches,Use docs/kumite.pdf and docs/kumite_extracted.txt first; verify safety wording carefully.,candidate
C02092,src/content/kumite/training.md,base,Motor Preparation Training,line 52,general,Flexibility Training: Maintaining range of motion for all techniques,Use docs/kumite.pdf and docs/kumite_extracted.txt first; verify safety wording carefully.,candidate
C02093,src/content/kumite/training.md,base,Motor Preparation Training,line 53,general,Balance Training: Developing stability for all movements,Use docs/kumite.pdf and docs/kumite_extracted.txt first; verify safety wording carefully.,candidate
C02094,src/content/kumite/training.md,base,Technical Training,line 55,general,Technical Training,Use docs/kumite.pdf and docs/kumite_extracted.txt first; verify safety wording carefully.,candidate
C02095,src/content/kumite/training.md,base,Technical Training,line 57,general,Technical training focuses on perfecting the 34 allowed techniques:,Use docs/kumite.pdf and docs/kumite_extracted.txt first; verify safety wording carefully.,candidate
C02096,src/content/kumite/training.md,base,Technical Training,line 59,general,Form Practice: Ensuring proper technique execution,Use docs/kumite.pdf and docs/kumite_extracted.txt first; verify safety wording carefully.,candidate
C02097,src/content/kumite/training.md,base,Technical Training,line 60,general,Target Practice: Hitting specific targets accurately,Use docs/kumite.pdf and docs/kumite_extracted.txt first; verify safety wording carefully.,candidate
C02098,src/content/kumite/training.md,base,Technical Training,line 61,general,Timing Practice: Developing precise timing for techniques,Use docs/kumite.pdf and docs/kumite_extracted.txt first; verify safety wording carefully.,candidate
C02099,src/content/kumite/training.md,base,Technical Training,line 62,technique,Distance Practice: Understanding and controlling ma-ai (fighting distance),Use docs/kumite.pdf and docs/kumite_extracted.txt first; verify safety wording carefully.,candidate
C02100,src/content/kumite/training.md,base,Tactical Training,line 64,general,Tactical Training,Use docs/kumite.pdf and docs/kumite_extracted.txt first; verify safety wording carefully.,candidate
C02101,src/content/kumite/training.md,base,Tactical Training,line 66,general,Tactical training develops the ability to use techniques effectively:,Use docs/kumite.pdf and docs/kumite_extracted.txt first; verify safety wording carefully.,candidate
C02102,src/content/kumite/training.md,base,Tactical Training,line 68,general,Strategy Development: Learning when to use specific techniques,Use docs/kumite.pdf and docs/kumite_extracted.txt first; verify safety wording carefully.,candidate
C02103,src/content/kumite/training.md,base,Tactical Training,line 69,general,Combination Training: Practicing effective technique combinations,Use docs/kumite.pdf and docs/kumite_extracted.txt first; verify safety wording carefully.,candidate
C02104,src/content/kumite/training.md,base,Tactical Training,line 70,general,Counter-attack Training: Developing defensive and counter-offensive skills,Use docs/kumite.pdf and docs/kumite_extracted.txt first; verify safety wording carefully.,candidate
C02105,src/content/kumite/training.md,base,Tactical Training,line 71,general,Adaptation Training: Learning to adjust to different opponents,Use docs/kumite.pdf and docs/kumite_extracted.txt first; verify safety wording carefully.,candidate
C02106,src/content/kumite/training.md,base,Mental Training,line 73,general,Mental Training,Use docs/kumite.pdf and docs/kumite_extracted.txt first; verify safety wording carefully.,candidate
C02107,src/content/kumite/training.md,base,Mental Training,line 75,general,Mental preparation is crucial for competition success:,Use docs/kumite.pdf and docs/kumite_extracted.txt first; verify safety wording carefully.,candidate
C02108,src/content/kumite/training.md,base,Mental Training,line 77,general,Focus Training: Developing concentration and mental clarity,Use docs/kumite.pdf and docs/kumite_extracted.txt first; verify safety wording carefully.,candidate
C02109,src/content/kumite/training.md,base,Mental Training,line 78,general,Pressure Training: Learning to perform under stress,Use docs/kumite.pdf and docs/kumite_extracted.txt first; verify safety wording carefully.,candidate
C02110,src/content/kumite/training.md,base,Mental Training,line 79,general,Visualization: Mental rehearsal of techniques and scenarios,Use docs/kumite.pdf and docs/kumite_extracted.txt first; verify safety wording carefully.,candidate
C02111,src/content/kumite/training.md,base,Mental Training,line 80,general,Meditation: Developing mental discipline and calmness,Use docs/kumite.pdf and docs/kumite_extracted.txt first; verify safety wording carefully.,candidate
C02112,src/content/kumite/training.md,base,Training Structure,line 82,general,Training Structure,Use docs/kumite.pdf and docs/kumite_extracted.txt first; verify safety wording carefully.,candidate
C02113,src/content/kumite/training.md,base,Warm-up Phase,line 84,general,Warm-up Phase,Use docs/kumite.pdf and docs/kumite_extracted.txt first; verify safety wording carefully.,candidate
C02114,src/content/kumite/training.md,base,Warm-up Phase,line 85,general,Light stretching and mobility work,Use docs/kumite.pdf and docs/kumite_extracted.txt first; verify safety wording carefully.,candidate
C02115,src/content/kumite/training.md,base,Warm-up Phase,line 86,general,Basic technique practice,Use docs/kumite.pdf and docs/kumite_extracted.txt first; verify safety wording carefully.,candidate
C02116,src/content/kumite/training.md,base,Warm-up Phase,line 87,general,Gradual increase in intensity,Use docs/kumite.pdf and docs/kumite_extracted.txt first; verify safety wording carefully.,candidate
C02117,src/content/kumite/training.md,base,Warm-up Phase,line 88,general,Mental preparation and focus,Use docs/kumite.pdf and docs/kumite_extracted.txt first; verify safety wording carefully.,candidate
C02118,src/content/kumite/training.md,base,Technical Phase,line 90,general,Technical Phase,Use docs/kumite.pdf and docs/kumite_extracted.txt first; verify safety wording carefully.,candidate
C02119,src/content/kumite/training.md,base,Technical Phase,line 91,general,Focus on specific techniques or combinations,Use docs/kumite.pdf and docs/kumite_extracted.txt first; verify safety wording carefully.,candidate
C02120,src/content/kumite/training.md,base,Technical Phase,line 92,general,Repetition and refinement,Use docs/kumite.pdf and docs/kumite_extracted.txt first; verify safety wording carefully.,candidate
C02121,src/content/kumite/training.md,base,Technical Phase,line 93,general,Partner work and application,Use docs/kumite.pdf and docs/kumite_extracted.txt first; verify safety wording carefully.,candidate
C02122,src/content/kumite/training.md,base,Technical Phase,line 94,general,Feedback and correction,Use docs/kumite.pdf and docs/kumite_extracted.txt first; verify safety wording carefully.,candidate
C02123,src/content/kumite/training.md,base,Tactical Phase,line 96,general,Tactical Phase,Use docs/kumite.pdf and docs/kumite_extracted.txt first; verify safety wording carefully.,candidate
C02124,src/content/kumite/training.md,base,Tactical Phase,line 97,general,Application of techniques in sparring situations,Use docs/kumite.pdf and docs/kumite_extracted.txt first; verify safety wording carefully.,candidate
C02125,src/content/kumite/training.md,base,Tactical Phase,line 98,general,Strategy development and practice,Use docs/kumite.pdf and docs/kumite_extracted.txt first; verify safety wording carefully.,candidate
C02126,src/content/kumite/training.md,base,Tactical Phase,line 99,general,Competitive scenarios,Use docs/kumite.pdf and docs/kumite_extracted.txt first; verify safety wording carefully.,candidate
C02127,src/content/kumite/training.md,base,Tactical Phase,line 100,general,Pressure training,Use docs/kumite.pdf and docs/kumite_extracted.txt first; verify safety wording carefully.,candidate
C02128,src/content/kumite/training.md,base,Cool-down Phase,line 102,general,Cool-down Phase,Use docs/kumite.pdf and docs/kumite_extracted.txt first; verify safety wording carefully.,candidate
C02129,src/content/kumite/training.md,base,Cool-down Phase,line 103,general,Light stretching and recovery,Use docs/kumite.pdf and docs/kumite_extracted.txt first; verify safety wording carefully.,candidate
C02130,src/content/kumite/training.md,base,Cool-down Phase,line 104,general,Mental reflection and review,Use docs/kumite.pdf and docs/kumite_extracted.txt first; verify safety wording carefully.,candidate
C02131,src/content/kumite/training.md,base,Cool-down Phase,line 105,general,Planning for next session,Use docs/kumite.pdf and docs/kumite_extracted.txt first; verify safety wording carefully.,candidate
C02132,src/content/kumite/training.md,base,Cool-down Phase,line 106,general,Relaxation and mental reset,Use docs/kumite.pdf and docs/kumite_extracted.txt first; verify safety wording carefully.,candidate
C02133,src/content/kumite/training.md,base,Training Principles,line 108,general,Training Principles,Use docs/kumite.pdf and docs/kumite_extracted.txt first; verify safety wording carefully.,candidate
C02134,src/content/kumite/training.md,base,Progressive Overload,line 110,general,Progressive Overload,Use docs/kumite.pdf and docs/kumite_extracted.txt first; verify safety wording carefully.,candidate
C02135,src/content/kumite/training.md,base,Progressive Overload,line 111,general,Gradually increase training intensity,Use docs/kumite.pdf and docs/kumite_extracted.txt first; verify safety wording carefully.,candidate
C02136,src/content/kumite/training.md,base,Progressive Overload,line 112,general,Build skills systematically,Use docs/kumite.pdf and docs/kumite_extracted.txt first; verify safety wording carefully.,candidate
C02137,src/content/kumite/training.md,base,Progressive Overload,line 113,general,Avoid rushing to advanced techniques,Use docs/kumite.pdf and docs/kumite_extracted.txt first; verify safety wording carefully.,candidate
C02138,src/content/kumite/training.md,base,Progressive Overload,line 114,general,Focus on mastery of fundamentals,Use docs/kumite.pdf and docs/kumite_extracted.txt first; verify safety wording carefully.,candidate
C02139,src/content/kumite/training.md,base,Specificity,line 117,general,Train techniques that are allowed in competition,Use docs/kumite.pdf and docs/kumite_extracted.txt first; verify safety wording carefully.,candidate
C02140,src/content/kumite/training.md,base,Specificity,line 118,general,Practice under competition-like conditions,Use docs/kumite.pdf and docs/kumite_extracted.txt first; verify safety wording carefully.,candidate
C02141,src/content/kumite/training.md,base,Specificity,line 119,general,Focus on scoring areas and techniques,Use docs/kumite.pdf and docs/kumite_extracted.txt first; verify safety wording carefully.,candidate
C02142,src/content/kumite/training.md,base,Specificity,line 120,general,Develop competition-specific skills,Use docs/kumite.pdf and docs/kumite_extracted.txt first; verify safety wording carefully.,candidate
C02143,src/content/kumite/training.md,base,Recovery,line 123,general,Allow adequate rest between sessions,Use docs/kumite.pdf and docs/kumite_extracted.txt first; verify safety wording carefully.,candidate
C02144,src/content/kumite/training.md,base,Recovery,line 124,general,Listen to your body,Use docs/kumite.pdf and docs/kumite_extracted.txt first; verify safety wording carefully.,candidate
C02145,src/content/kumite/training.md,base,Recovery,line 125,safety,Prevent overtraining and injury,Use docs/kumite.pdf and docs/kumite_extracted.txt first; verify safety wording carefully.,candidate
C02146,src/content/kumite/training.md,base,Recovery,line 126,general,Maintain long-term training consistency,Use docs/kumite.pdf and docs/kumite_extracted.txt first; verify safety wording carefully.,candidate
C02147,src/content/kumite/training.md,base,Consistency,line 129,general,Regular training schedule,Use docs/kumite.pdf and docs/kumite_extracted.txt first; verify safety wording carefully.,candidate
C02148,src/content/kumite/training.md,base,Consistency,line 130,general,Systematic approach to skill development,Use docs/kumite.pdf and docs/kumite_extracted.txt first; verify safety wording carefully.,candidate
C02149,src/content/kumite/training.md,base,Consistency,line 131,general,Long-term commitment to improvement,Use docs/kumite.pdf and docs/kumite_extracted.txt first; verify safety wording carefully.,candidate
C02150,src/content/kumite/training.md,base,Consistency,line 132,general,Continuous learning and refinement,Use docs/kumite.pdf and docs/kumite_extracted.txt first; verify safety wording carefully.,candidate
C02151,src/content/kumite/training.md,base,Competition Preparation,line 134,general,Competition Preparation,Use docs/kumite.pdf and docs/kumite_extracted.txt first; verify safety wording carefully.,candidate
C02152,src/content/kumite/training.md,base,Physical Preparation,line 136,general,Physical Preparation,Use docs/kumite.pdf and docs/kumite_extracted.txt first; verify safety wording carefully.,candidate
C02153,src/content/kumite/training.md,base,Physical Preparation,line 137,general,Peak physical condition,Use docs/kumite.pdf and docs/kumite_extracted.txt first; verify safety wording carefully.,candidate
C02154,src/content/kumite/training.md,base,Physical Preparation,line 138,general,Proper nutrition and hydration,Use docs/kumite.pdf and docs/kumite_extracted.txt first; verify safety wording carefully.,candidate
C02155,src/content/kumite/training.md,base,Physical Preparation,line 139,general,Adequate rest and recovery,Use docs/kumite.pdf and docs/kumite_extracted.txt first; verify safety wording carefully.,candidate
C02156,src/content/kumite/training.md,base,Physical Preparation,line 140,safety,Injury prevention and management,Use docs/kumite.pdf and docs/kumite_extracted.txt first; verify safety wording carefully.,candidate
C02157,src/content/kumite/training.md,base,Technical Preparation,line 142,general,Technical Preparation,Use docs/kumite.pdf and docs/kumite_extracted.txt first; verify safety wording carefully.,candidate
C02158,src/content/kumite/training.md,base,Technical Preparation,line 143,general,Mastery of all 34 allowed techniques,Use docs/kumite.pdf and docs/kumite_extracted.txt first; verify safety wording carefully.,candidate
C02159,src/content/kumite/training.md,base,Technical Preparation,line 144,general,Perfect form and execution,Use docs/kumite.pdf and docs/kumite_extracted.txt first; verify safety wording carefully.,candidate
C02160,src/content/kumite/training.md,base,Technical Preparation,line 145,general,Consistent technique performance,Use docs/kumite.pdf and docs/kumite_extracted.txt first; verify safety wording carefully.,candidate
C02161,src/content/kumite/training.md,base,Technical Preparation,line 146,general,Adaptability to different situations,Use docs/kumite.pdf and docs/kumite_extracted.txt first; verify safety wording carefully.,candidate
C02162,src/content/kumite/training.md,base,Tactical Preparation,line 148,general,Tactical Preparation,Use docs/kumite.pdf and docs/kumite_extracted.txt first; verify safety wording carefully.,candidate
C02163,src/content/kumite/training.md,base,Tactical Preparation,line 149,general,Understanding of competition rules,Use docs/kumite.pdf and docs/kumite_extracted.txt first; verify safety wording carefully.,candidate
C02164,src/content/kumite/training.md,base,Tactical Preparation,line 150,general,Strategy development for different opponents,Use docs/kumite.pdf and docs/kumite_extracted.txt first; verify safety wording carefully.,candidate
C02165,src/content/kumite/training.md,base,Tactical Preparation,line 151,general,Mental preparation for competition pressure,Use docs/kumite.pdf and docs/kumite_extracted.txt first; verify safety wording carefully.,candidate
C02166,src/content/kumite/training.md,base,Tactical Preparation,line 152,general,Experience in competitive environments,Use docs/kumite.pdf and docs/kumite_extracted.txt first; verify safety wording carefully.,candidate
C02167,src/content/kumite/training.md,base,Mental Preparation,line 154,general,Mental Preparation,Use docs/kumite.pdf and docs/kumite_extracted.txt first; verify safety wording carefully.,candidate
C02168,src/content/kumite/training.md,base,Mental Preparation,line 155,general,Confidence in abilities,Use docs/kumite.pdf and docs/kumite_extracted.txt first; verify safety wording carefully.,candidate
C02169,src/content/kumite/training.md,base,Mental Preparation,line 156,general,Focus and concentration,Use docs/kumite.pdf and docs/kumite_extracted.txt first; verify safety wording carefully.,candidate
C02170,src/content/kumite/training.md,base,Mental Preparation,line 157,general,Emotional control,Use docs/kumite.pdf and docs/kumite_extracted.txt first; verify safety wording carefully.,candidate
C02171,src/content/kumite/training.md,base,Mental Preparation,line 158,general,Competitive mindset,Use docs/kumite.pdf and docs/kumite_extracted.txt first; verify safety wording carefully.,candidate
C02172,src/content/kumite/training.md,base,Safety Considerations,line 160,safety,Safety Considerations,Use docs/kumite.pdf and docs/kumite_extracted.txt first; verify safety wording carefully.,candidate
C02173,src/content/kumite/training.md,base,Technique Control,line 162,general,Technique Control,Use docs/kumite.pdf and docs/kumite_extracted.txt first; verify safety wording carefully.,candidate
C02174,src/content/kumite/training.md,base,Technique Control,line 163,general,All techniques must be controlled,Use docs/kumite.pdf and docs/kumite_extracted.txt first; verify safety wording carefully.,candidate
C02175,src/content/kumite/training.md,base,Technique Control,line 164,safety,Understanding of safe contact levels,Use docs/kumite.pdf and docs/kumite_extracted.txt first; verify safety wording carefully.,candidate
C02176,src/content/kumite/training.md,base,Technique Control,line 165,general,Respect for training partners,Use docs/kumite.pdf and docs/kumite_extracted.txt first; verify safety wording carefully.,candidate
C02177,src/content/kumite/training.md,base,Technique Control,line 166,general,Proper use of protective equipment,Use docs/kumite.pdf and docs/kumite_extracted.txt first; verify safety wording carefully.,candidate
C02178,src/content/kumite/training.md,base,Supervision,line 169,general,Always train under qualified instruction,Use docs/kumite.pdf and docs/kumite_extracted.txt first; verify safety wording carefully.,candidate
C02179,src/content/kumite/training.md,base,Supervision,line 170,safety,Follow safety guidelines and protocols,Use docs/kumite.pdf and docs/kumite_extracted.txt first; verify safety wording carefully.,candidate
C02180,src/content/kumite/training.md,base,Supervision,line 171,safety,Report injuries or concerns immediately,Use docs/kumite.pdf and docs/kumite_extracted.txt first; verify safety wording carefully.,candidate
C02181,src/content/kumite/training.md,base,Supervision,line 172,general,Maintain safe training environment,Use docs/kumite.pdf and docs/kumite_extracted.txt first; verify safety wording carefully.,candidate
C02182,src/content/kumite/training.md,base,Progressive Training,line 174,general,Progressive Training,Use docs/kumite.pdf and docs/kumite_extracted.txt first; verify safety wording carefully.,candidate
C02183,src/content/kumite/training.md,base,Progressive Training,line 175,general,Start with basic forms before advanced sparring,Use docs/kumite.pdf and docs/kumite_extracted.txt first; verify safety wording carefully.,candidate
C02184,src/content/kumite/training.md,base,Progressive Training,line 176,general,Build skills gradually and systematically,Use docs/kumite.pdf and docs/kumite_extracted.txt first; verify safety wording carefully.,candidate
C02185,src/content/kumite/training.md,base,Progressive Training,line 177,general,Avoid rushing to advanced techniques,Use docs/kumite.pdf and docs/kumite_extracted.txt first; verify safety wording carefully.,candidate
C02186,src/content/kumite/training.md,base,Progressive Training,line 178,general,Focus on proper form and control,Use docs/kumite.pdf and docs/kumite_extracted.txt first; verify safety wording carefully.,candidate
C02187,src/content/kumite/training.md,base,Conclusion,line 182,safety,"Effective kumite training requires a systematic approach that develops physical, technical, tactical, and mental skills. The key is to focus on mastering the fundamental techniques while building the mental and physical attributes necessary for successful competition. Consistent training, proper progression, and attention to safety will lead to long-term improvement and success in kumite.",Use docs/kumite.pdf and docs/kumite_extracted.txt first; verify safety wording carefully.,candidate
C02188,src/content/newaza/drills.md,base,drills,line 1,general,"Drills en oefeningen zijn essentieel voor het ontwikkelen van newaza vaardigheden. Deze gestructureerde oefeningen helpen bij het verbeteren van techniek, timing, en het vermogen om technieken toe te passen in echte situaties.",Use docs/Gojuryu_newaza.pdf and docs/Gojuryu_newaza_extracted.txt first.,candidate
C02189,src/content/newaza/drills.md,base,Basis Drills,line 3,general,Basis Drills,Use docs/Gojuryu_newaza.pdf and docs/Gojuryu_newaza_extracted.txt first.,candidate
C02190,src/content/newaza/drills.md,base,Positie Drills,line 5,general,Positie Drills,Use docs/Gojuryu_newaza.pdf and docs/Gojuryu_newaza_extracted.txt first.,candidate
C02191,src/content/newaza/drills.md,base,Positie Drills,line 7,technique,Positie drills zijn gericht op het verbeteren van positie controle en stabiliteit.,Use docs/Gojuryu_newaza.pdf and docs/Gojuryu_newaza_extracted.txt first.,candidate
C02192,src/content/newaza/drills.md,base,Mount Control Drill,line 9,general,Mount Control Drill,Use docs/Gojuryu_newaza.pdf and docs/Gojuryu_newaza_extracted.txt first.,candidate
C02193,src/content/newaza/drills.md,base,Mount Control Drill,line 12,general,Partner probeert uit mount te ontsnappen,Use docs/Gojuryu_newaza.pdf and docs/Gojuryu_newaza_extracted.txt first.,candidate
C02194,src/content/newaza/drills.md,base,Mount Control Drill,line 13,general,Jij probeert mount positie te behouden,Use docs/Gojuryu_newaza.pdf and docs/Gojuryu_newaza_extracted.txt first.,candidate
C02195,src/content/newaza/drills.md,base,Mount Control Drill,line 14,general,Focus op balans en druk,Use docs/Gojuryu_newaza.pdf and docs/Gojuryu_newaza_extracted.txt first.,candidate
C02196,src/content/newaza/drills.md,base,Mount Control Drill,line 17,general,Begin in mount positie,Use docs/Gojuryu_newaza.pdf and docs/Gojuryu_newaza_extracted.txt first.,candidate
C02197,src/content/newaza/drills.md,base,Mount Control Drill,line 18,general,Partner probeert te ontsnappen,Use docs/Gojuryu_newaza.pdf and docs/Gojuryu_newaza_extracted.txt first.,candidate
C02198,src/content/newaza/drills.md,base,Mount Control Drill,line 19,general,Behoud mount met balans en druk,Use docs/Gojuryu_newaza.pdf and docs/Gojuryu_newaza_extracted.txt first.,candidate
C02199,src/content/newaza/drills.md,base,Mount Control Drill,line 20,general,Wissel van rol na 2-3 minuten,Use docs/Gojuryu_newaza.pdf and docs/Gojuryu_newaza_extracted.txt first.,candidate
C02200,src/content/newaza/drills.md,base,Mount Control Drill,line 23,general,Verbetert mount controle,Use docs/Gojuryu_newaza.pdf and docs/Gojuryu_newaza_extracted.txt first.,candidate
C02201,src/content/newaza/drills.md,base,Mount Control Drill,line 24,general,Ontwikkelt balans,Use docs/Gojuryu_newaza.pdf and docs/Gojuryu_newaza_extracted.txt first.,candidate
C02202,src/content/newaza/drills.md,base,Mount Control Drill,line 25,general,Leert druk uitoefenen,Use docs/Gojuryu_newaza.pdf and docs/Gojuryu_newaza_extracted.txt first.,candidate
C02203,src/content/newaza/drills.md,base,Mount Control Drill,line 26,general,Bouwt uithoudingsvermogen,Use docs/Gojuryu_newaza.pdf and docs/Gojuryu_newaza_extracted.txt first.,candidate
C02204,src/content/newaza/drills.md,base,Guard Recovery Drill,line 28,general,Guard Recovery Drill,Use docs/Gojuryu_newaza.pdf and docs/Gojuryu_newaza_extracted.txt first.,candidate
C02205,src/content/newaza/drills.md,base,Guard Recovery Drill,line 31,general,Partner heeft side control,Use docs/Gojuryu_newaza.pdf and docs/Gojuryu_newaza_extracted.txt first.,candidate
C02206,src/content/newaza/drills.md,base,Guard Recovery Drill,line 32,general,Jij probeert guard te herstellen,Use docs/Gojuryu_newaza.pdf and docs/Gojuryu_newaza_extracted.txt first.,candidate
C02207,src/content/newaza/drills.md,base,Guard Recovery Drill,line 33,general,Focus op techniek en timing,Use docs/Gojuryu_newaza.pdf and docs/Gojuryu_newaza_extracted.txt first.,candidate
C02208,src/content/newaza/drills.md,base,Guard Recovery Drill,line 36,general,Begin in side control (onder),Use docs/Gojuryu_newaza.pdf and docs/Gojuryu_newaza_extracted.txt first.,candidate
C02209,src/content/newaza/drills.md,base,Guard Recovery Drill,line 37,general,Probeer guard te herstellen,Use docs/Gojuryu_newaza.pdf and docs/Gojuryu_newaza_extracted.txt first.,candidate
C02210,src/content/newaza/drills.md,base,Guard Recovery Drill,line 38,general,Gebruik hip escapes en frames,Use docs/Gojuryu_newaza.pdf and docs/Gojuryu_newaza_extracted.txt first.,candidate
C02211,src/content/newaza/drills.md,base,Guard Recovery Drill,line 39,general,Wissel van rol na 2-3 minuten,Use docs/Gojuryu_newaza.pdf and docs/Gojuryu_newaza_extracted.txt first.,candidate
C02212,src/content/newaza/drills.md,base,Guard Recovery Drill,line 42,general,Verbetert escape technieken,Use docs/Gojuryu_newaza.pdf and docs/Gojuryu_newaza_extracted.txt first.,candidate
C02213,src/content/newaza/drills.md,base,Guard Recovery Drill,line 43,general,Ontwikkelt timing,Use docs/Gojuryu_newaza.pdf and docs/Gojuryu_newaza_extracted.txt first.,candidate
C02214,src/content/newaza/drills.md,base,Guard Recovery Drill,line 44,general,Leert frame creation,Use docs/Gojuryu_newaza.pdf and docs/Gojuryu_newaza_extracted.txt first.,candidate
C02215,src/content/newaza/drills.md,base,Guard Recovery Drill,line 45,general,Bouwt verdedigingsvaardigheden,Use docs/Gojuryu_newaza.pdf and docs/Gojuryu_newaza_extracted.txt first.,candidate
C02216,src/content/newaza/drills.md,base,Techniek Drills,line 47,general,Techniek Drills,Use docs/Gojuryu_newaza.pdf and docs/Gojuryu_newaza_extracted.txt first.,candidate
C02217,src/content/newaza/drills.md,base,Techniek Drills,line 49,technique,Techniek drills zijn gericht op het verbeteren van specifieke technieken.,Use docs/Gojuryu_newaza.pdf and docs/Gojuryu_newaza_extracted.txt first.,candidate
C02218,src/content/newaza/drills.md,base,Armbar Drill,line 51,general,Armbar Drill,Use docs/Gojuryu_newaza.pdf and docs/Gojuryu_newaza_extracted.txt first.,candidate
C02219,src/content/newaza/drills.md,base,Armbar Drill,line 54,general,Oefen armbar techniek herhaaldelijk,Use docs/Gojuryu_newaza.pdf and docs/Gojuryu_newaza_extracted.txt first.,candidate
C02220,src/content/newaza/drills.md,base,Armbar Drill,line 55,general,Focus op precisie en controle,Use docs/Gojuryu_newaza.pdf and docs/Gojuryu_newaza_extracted.txt first.,candidate
C02221,src/content/newaza/drills.md,base,Armbar Drill,line 56,general,Bouw geleidelijk op in moeilijkheid,Use docs/Gojuryu_newaza.pdf and docs/Gojuryu_newaza_extracted.txt first.,candidate
C02222,src/content/newaza/drills.md,base,Armbar Drill,line 59,general,Set-up armbar positie,Use docs/Gojuryu_newaza.pdf and docs/Gojuryu_newaza_extracted.txt first.,candidate
C02223,src/content/newaza/drills.md,base,Armbar Drill,line 60,general,Execute techniek met controle,Use docs/Gojuryu_newaza.pdf and docs/Gojuryu_newaza_extracted.txt first.,candidate
C02224,src/content/newaza/drills.md,base,Armbar Drill,line 61,general,Reset en herhaal,Use docs/Gojuryu_newaza.pdf and docs/Gojuryu_newaza_extracted.txt first.,candidate
C02225,src/content/newaza/drills.md,base,Armbar Drill,line 62,general,Wissel van rol na 10 herhalingen,Use docs/Gojuryu_newaza.pdf and docs/Gojuryu_newaza_extracted.txt first.,candidate
C02226,src/content/newaza/drills.md,base,Armbar Drill,line 65,general,Verbetert armbar techniek,Use docs/Gojuryu_newaza.pdf and docs/Gojuryu_newaza_extracted.txt first.,candidate
C02227,src/content/newaza/drills.md,base,Armbar Drill,line 66,general,Ontwikkelt precisie,Use docs/Gojuryu_newaza.pdf and docs/Gojuryu_newaza_extracted.txt first.,candidate
C02228,src/content/newaza/drills.md,base,Armbar Drill,line 67,general,Leert controle,Use docs/Gojuryu_newaza.pdf and docs/Gojuryu_newaza_extracted.txt first.,candidate
C02229,src/content/newaza/drills.md,base,Armbar Drill,line 68,general,Bouwt spiergeheugen,Use docs/Gojuryu_newaza.pdf and docs/Gojuryu_newaza_extracted.txt first.,candidate
C02230,src/content/newaza/drills.md,base,Triangle Choke Drill,line 70,general,Triangle Choke Drill,Use docs/Gojuryu_newaza.pdf and docs/Gojuryu_newaza_extracted.txt first.,candidate
C02231,src/content/newaza/drills.md,base,Triangle Choke Drill,line 73,general,Oefen triangle choke set-up en finish,Use docs/Gojuryu_newaza.pdf and docs/Gojuryu_newaza_extracted.txt first.,candidate
C02232,src/content/newaza/drills.md,base,Triangle Choke Drill,line 74,general,Focus op timing en positie,Use docs/Gojuryu_newaza.pdf and docs/Gojuryu_newaza_extracted.txt first.,candidate
C02233,src/content/newaza/drills.md,base,Triangle Choke Drill,line 75,general,Werk aan verschillende entries,Use docs/Gojuryu_newaza.pdf and docs/Gojuryu_newaza_extracted.txt first.,candidate
C02234,src/content/newaza/drills.md,base,Triangle Choke Drill,line 78,general,Set-up triangle positie,Use docs/Gojuryu_newaza.pdf and docs/Gojuryu_newaza_extracted.txt first.,candidate
C02235,src/content/newaza/drills.md,base,Triangle Choke Drill,line 79,general,Execute choke met controle,Use docs/Gojuryu_newaza.pdf and docs/Gojuryu_newaza_extracted.txt first.,candidate
C02236,src/content/newaza/drills.md,base,Triangle Choke Drill,line 80,general,Reset en herhaal,Use docs/Gojuryu_newaza.pdf and docs/Gojuryu_newaza_extracted.txt first.,candidate
C02237,src/content/newaza/drills.md,base,Triangle Choke Drill,line 81,general,Wissel van rol na 10 herhalingen,Use docs/Gojuryu_newaza.pdf and docs/Gojuryu_newaza_extracted.txt first.,candidate
C02238,src/content/newaza/drills.md,base,Triangle Choke Drill,line 84,general,Verbetert triangle techniek,Use docs/Gojuryu_newaza.pdf and docs/Gojuryu_newaza_extracted.txt first.,candidate
C02239,src/content/newaza/drills.md,base,Triangle Choke Drill,line 85,general,Ontwikkelt timing,Use docs/Gojuryu_newaza.pdf and docs/Gojuryu_newaza_extracted.txt first.,candidate
C02240,src/content/newaza/drills.md,base,Triangle Choke Drill,line 86,general,Leert verschillende entries,Use docs/Gojuryu_newaza.pdf and docs/Gojuryu_newaza_extracted.txt first.,candidate
C02241,src/content/newaza/drills.md,base,Triangle Choke Drill,line 87,general,Bouwt submissie vaardigheden,Use docs/Gojuryu_newaza.pdf and docs/Gojuryu_newaza_extracted.txt first.,candidate
C02242,src/content/newaza/drills.md,base,Geavanceerde Drills,line 89,general,Geavanceerde Drills,Use docs/Gojuryu_newaza.pdf and docs/Gojuryu_newaza_extracted.txt first.,candidate
C02243,src/content/newaza/drills.md,base,Flow Drills,line 93,technique,Flow drills zijn gericht op het ontwikkelen van vloeiende bewegingen en transities.,Use docs/Gojuryu_newaza.pdf and docs/Gojuryu_newaza_extracted.txt first.,candidate
C02244,src/content/newaza/drills.md,base,Guard Flow Drill,line 95,general,Guard Flow Drill,Use docs/Gojuryu_newaza.pdf and docs/Gojuryu_newaza_extracted.txt first.,candidate
C02245,src/content/newaza/drills.md,base,Guard Flow Drill,line 98,general,Vloeiende bewegingen in guard positie,Use docs/Gojuryu_newaza.pdf and docs/Gojuryu_newaza_extracted.txt first.,candidate
C02246,src/content/newaza/drills.md,base,Guard Flow Drill,line 99,general,"Combineer sweeps, submissies, en transities",Use docs/Gojuryu_newaza.pdf and docs/Gojuryu_newaza_extracted.txt first.,candidate
C02247,src/content/newaza/drills.md,base,Guard Flow Drill,line 100,general,Focus op flow en creativiteit,Use docs/Gojuryu_newaza.pdf and docs/Gojuryu_newaza_extracted.txt first.,candidate
C02248,src/content/newaza/drills.md,base,Guard Flow Drill,line 103,general,Begin in guard positie,Use docs/Gojuryu_newaza.pdf and docs/Gojuryu_newaza_extracted.txt first.,candidate
C02249,src/content/newaza/drills.md,base,Guard Flow Drill,line 104,general,Execute verschillende technieken,Use docs/Gojuryu_newaza.pdf and docs/Gojuryu_newaza_extracted.txt first.,candidate
C02250,src/content/newaza/drills.md,base,Guard Flow Drill,line 105,general,Flow tussen technieken,Use docs/Gojuryu_newaza.pdf and docs/Gojuryu_newaza_extracted.txt first.,candidate
C02251,src/content/newaza/drills.md,base,Guard Flow Drill,line 106,general,Wissel van rol na 3-5 minuten,Use docs/Gojuryu_newaza.pdf and docs/Gojuryu_newaza_extracted.txt first.,candidate
C02252,src/content/newaza/drills.md,base,Guard Flow Drill,line 109,general,Verbetert flow,Use docs/Gojuryu_newaza.pdf and docs/Gojuryu_newaza_extracted.txt first.,candidate
C02253,src/content/newaza/drills.md,base,Guard Flow Drill,line 110,general,Ontwikkelt creativiteit,Use docs/Gojuryu_newaza.pdf and docs/Gojuryu_newaza_extracted.txt first.,candidate
C02254,src/content/newaza/drills.md,base,Guard Flow Drill,line 111,general,Leert techniek combinaties,Use docs/Gojuryu_newaza.pdf and docs/Gojuryu_newaza_extracted.txt first.,candidate
C02255,src/content/newaza/drills.md,base,Guard Flow Drill,line 112,general,Bouwt guard vaardigheden,Use docs/Gojuryu_newaza.pdf and docs/Gojuryu_newaza_extracted.txt first.,candidate
C02256,src/content/newaza/drills.md,base,Positional Flow Drill,line 114,general,Positional Flow Drill,Use docs/Gojuryu_newaza.pdf and docs/Gojuryu_newaza_extracted.txt first.,candidate
C02257,src/content/newaza/drills.md,base,Positional Flow Drill,line 117,general,Vloeiende overgangen tussen posities,Use docs/Gojuryu_newaza.pdf and docs/Gojuryu_newaza_extracted.txt first.,candidate
C02258,src/content/newaza/drills.md,base,Positional Flow Drill,line 118,general,"Combineer passes, sweeps, en escapes",Use docs/Gojuryu_newaza.pdf and docs/Gojuryu_newaza_extracted.txt first.,candidate
C02259,src/content/newaza/drills.md,base,Positional Flow Drill,line 119,general,Focus op transities en timing,Use docs/Gojuryu_newaza.pdf and docs/Gojuryu_newaza_extracted.txt first.,candidate
C02260,src/content/newaza/drills.md,base,Positional Flow Drill,line 122,general,Begin in neutrale positie,Use docs/Gojuryu_newaza.pdf and docs/Gojuryu_newaza_extracted.txt first.,candidate
C02261,src/content/newaza/drills.md,base,Positional Flow Drill,line 123,general,Execute positie transities,Use docs/Gojuryu_newaza.pdf and docs/Gojuryu_newaza_extracted.txt first.,candidate
C02262,src/content/newaza/drills.md,base,Positional Flow Drill,line 124,general,Flow tussen posities,Use docs/Gojuryu_newaza.pdf and docs/Gojuryu_newaza_extracted.txt first.,candidate
C02263,src/content/newaza/drills.md,base,Positional Flow Drill,line 125,general,Wissel van rol na 3-5 minuten,Use docs/Gojuryu_newaza.pdf and docs/Gojuryu_newaza_extracted.txt first.,candidate
C02264,src/content/newaza/drills.md,base,Positional Flow Drill,line 128,general,Verbetert transities,Use docs/Gojuryu_newaza.pdf and docs/Gojuryu_newaza_extracted.txt first.,candidate
C02265,src/content/newaza/drills.md,base,Positional Flow Drill,line 129,general,Ontwikkelt timing,Use docs/Gojuryu_newaza.pdf and docs/Gojuryu_newaza_extracted.txt first.,candidate
C02266,src/content/newaza/drills.md,base,Positional Flow Drill,line 130,general,Leert positie controle,Use docs/Gojuryu_newaza.pdf and docs/Gojuryu_newaza_extracted.txt first.,candidate
C02267,src/content/newaza/drills.md,base,Positional Flow Drill,line 131,general,Bouwt strategisch denken,Use docs/Gojuryu_newaza.pdf and docs/Gojuryu_newaza_extracted.txt first.,candidate
C02268,src/content/newaza/drills.md,base,Resistance Drills,line 133,technique,Resistance Drills,Use docs/Gojuryu_newaza.pdf and docs/Gojuryu_newaza_extracted.txt first.,candidate
C02269,src/content/newaza/drills.md,base,Resistance Drills,line 135,technique,Resistance drills zijn gericht op het toepassen van technieken tegen weerstand.,Use docs/Gojuryu_newaza.pdf and docs/Gojuryu_newaza_extracted.txt first.,candidate
C02270,src/content/newaza/drills.md,base,Progressive Resistance Drill,line 137,technique,Progressive Resistance Drill,Use docs/Gojuryu_newaza.pdf and docs/Gojuryu_newaza_extracted.txt first.,candidate
C02271,src/content/newaza/drills.md,base,Progressive Resistance Drill,line 140,general,Begin zonder weerstand,Use docs/Gojuryu_newaza.pdf and docs/Gojuryu_newaza_extracted.txt first.,candidate
C02272,src/content/newaza/drills.md,base,Progressive Resistance Drill,line 141,general,Bouw geleidelijk weerstand op,Use docs/Gojuryu_newaza.pdf and docs/Gojuryu_newaza_extracted.txt first.,candidate
C02273,src/content/newaza/drills.md,base,Progressive Resistance Drill,line 142,general,Focus op techniek onder druk,Use docs/Gojuryu_newaza.pdf and docs/Gojuryu_newaza_extracted.txt first.,candidate
C02274,src/content/newaza/drills.md,base,Progressive Resistance Drill,line 145,general,Begin met 0% weerstand,Use docs/Gojuryu_newaza.pdf and docs/Gojuryu_newaza_extracted.txt first.,candidate
C02275,src/content/newaza/drills.md,base,Progressive Resistance Drill,line 146,general,Verhoog weerstand geleidelijk,Use docs/Gojuryu_newaza.pdf and docs/Gojuryu_newaza_extracted.txt first.,candidate
C02276,src/content/newaza/drills.md,base,Progressive Resistance Drill,line 147,general,Behoud techniek onder druk,Use docs/Gojuryu_newaza.pdf and docs/Gojuryu_newaza_extracted.txt first.,candidate
C02277,src/content/newaza/drills.md,base,Progressive Resistance Drill,line 148,general,Wissel van rol na 2-3 minuten,Use docs/Gojuryu_newaza.pdf and docs/Gojuryu_newaza_extracted.txt first.,candidate
C02278,src/content/newaza/drills.md,base,Progressive Resistance Drill,line 151,general,Verbetert techniek onder druk,Use docs/Gojuryu_newaza.pdf and docs/Gojuryu_newaza_extracted.txt first.,candidate
C02279,src/content/newaza/drills.md,base,Progressive Resistance Drill,line 152,general,Ontwikkelt mentale sterkte,Use docs/Gojuryu_newaza.pdf and docs/Gojuryu_newaza_extracted.txt first.,candidate
C02280,src/content/newaza/drills.md,base,Progressive Resistance Drill,line 153,general,Leert aanpassing,Use docs/Gojuryu_newaza.pdf and docs/Gojuryu_newaza_extracted.txt first.,candidate
C02281,src/content/newaza/drills.md,base,Progressive Resistance Drill,line 154,general,Bouwt competitie vaardigheden,Use docs/Gojuryu_newaza.pdf and docs/Gojuryu_newaza_extracted.txt first.,candidate
C02282,src/content/newaza/drills.md,base,Specific Resistance Drill,line 156,technique,Specific Resistance Drill,Use docs/Gojuryu_newaza.pdf and docs/Gojuryu_newaza_extracted.txt first.,candidate
C02283,src/content/newaza/drills.md,base,Specific Resistance Drill,line 159,general,Focus op specifieke weerstand,Use docs/Gojuryu_newaza.pdf and docs/Gojuryu_newaza_extracted.txt first.,candidate
C02284,src/content/newaza/drills.md,base,Specific Resistance Drill,line 160,general,Werk aan zwakke punten,Use docs/Gojuryu_newaza.pdf and docs/Gojuryu_newaza_extracted.txt first.,candidate
C02285,src/content/newaza/drills.md,base,Specific Resistance Drill,line 161,general,Verbeter specifieke vaardigheden,Use docs/Gojuryu_newaza.pdf and docs/Gojuryu_newaza_extracted.txt first.,candidate
C02286,src/content/newaza/drills.md,base,Specific Resistance Drill,line 164,general,Identificeer zwak punt,Use docs/Gojuryu_newaza.pdf and docs/Gojuryu_newaza_extracted.txt first.,candidate
C02287,src/content/newaza/drills.md,base,Specific Resistance Drill,line 165,general,Oefen tegen specifieke weerstand,Use docs/Gojuryu_newaza.pdf and docs/Gojuryu_newaza_extracted.txt first.,candidate
C02288,src/content/newaza/drills.md,base,Specific Resistance Drill,line 166,general,Focus op verbetering,Use docs/Gojuryu_newaza.pdf and docs/Gojuryu_newaza_extracted.txt first.,candidate
C02289,src/content/newaza/drills.md,base,Specific Resistance Drill,line 167,general,Wissel van rol na 2-3 minuten,Use docs/Gojuryu_newaza.pdf and docs/Gojuryu_newaza_extracted.txt first.,candidate
C02290,src/content/newaza/drills.md,base,Specific Resistance Drill,line 170,general,Verbetert zwakke punten,Use docs/Gojuryu_newaza.pdf and docs/Gojuryu_newaza_extracted.txt first.,candidate
C02291,src/content/newaza/drills.md,base,Specific Resistance Drill,line 171,general,Ontwikkelt specifieke vaardigheden,Use docs/Gojuryu_newaza.pdf and docs/Gojuryu_newaza_extracted.txt first.,candidate
C02292,src/content/newaza/drills.md,base,Specific Resistance Drill,line 172,general,Leert probleemoplossing,Use docs/Gojuryu_newaza.pdf and docs/Gojuryu_newaza_extracted.txt first.,candidate
C02293,src/content/newaza/drills.md,base,Specific Resistance Drill,line 173,general,Bouwt zelfvertrouwen,Use docs/Gojuryu_newaza.pdf and docs/Gojuryu_newaza_extracted.txt first.,candidate
C02294,src/content/newaza/drills.md,base,Conditionering Drills,line 175,general,Conditionering Drills,Use docs/Gojuryu_newaza.pdf and docs/Gojuryu_newaza_extracted.txt first.,candidate
C02295,src/content/newaza/drills.md,base,Uithoudingsvermogen Drills,line 177,general,Uithoudingsvermogen Drills,Use docs/Gojuryu_newaza.pdf and docs/Gojuryu_newaza_extracted.txt first.,candidate
C02296,src/content/newaza/drills.md,base,Uithoudingsvermogen Drills,line 179,technique,Uithoudingsvermogen drills zijn gericht op het verbeteren van fysieke conditie.,Use docs/Gojuryu_newaza.pdf and docs/Gojuryu_newaza_extracted.txt first.,candidate
C02297,src/content/newaza/drills.md,base,Cardio Drill,line 181,general,Cardio Drill,Use docs/Gojuryu_newaza.pdf and docs/Gojuryu_newaza_extracted.txt first.,candidate
C02298,src/content/newaza/drills.md,base,Cardio Drill,line 184,general,Continue beweging zonder pauze,Use docs/Gojuryu_newaza.pdf and docs/Gojuryu_newaza_extracted.txt first.,candidate
C02299,src/content/newaza/drills.md,base,Cardio Drill,line 185,general,Focus op uithoudingsvermogen,Use docs/Gojuryu_newaza.pdf and docs/Gojuryu_newaza_extracted.txt first.,candidate
C02300,src/content/newaza/drills.md,base,Cardio Drill,line 186,general,Bouw conditie op,Use docs/Gojuryu_newaza.pdf and docs/Gojuryu_newaza_extracted.txt first.,candidate
C02301,src/content/newaza/drills.md,base,Cardio Drill,line 189,general,Begin met lichte intensiteit,Use docs/Gojuryu_newaza.pdf and docs/Gojuryu_newaza_extracted.txt first.,candidate
C02302,src/content/newaza/drills.md,base,Cardio Drill,line 190,general,Verhoog intensiteit geleidelijk,Use docs/Gojuryu_newaza.pdf and docs/Gojuryu_newaza_extracted.txt first.,candidate
C02303,src/content/newaza/drills.md,base,Cardio Drill,line 191,general,Behoud beweging zonder pauze,Use docs/Gojuryu_newaza.pdf and docs/Gojuryu_newaza_extracted.txt first.,candidate
C02304,src/content/newaza/drills.md,base,Cardio Drill,line 192,general,Cool-down na 10-15 minuten,Use docs/Gojuryu_newaza.pdf and docs/Gojuryu_newaza_extracted.txt first.,candidate
C02305,src/content/newaza/drills.md,base,Cardio Drill,line 195,general,Verbetert uithoudingsvermogen,Use docs/Gojuryu_newaza.pdf and docs/Gojuryu_newaza_extracted.txt first.,candidate
C02306,src/content/newaza/drills.md,base,Cardio Drill,line 196,general,Ontwikkelt cardio,Use docs/Gojuryu_newaza.pdf and docs/Gojuryu_newaza_extracted.txt first.,candidate
C02307,src/content/newaza/drills.md,base,Cardio Drill,line 197,general,Leert doorzettingsvermogen,Use docs/Gojuryu_newaza.pdf and docs/Gojuryu_newaza_extracted.txt first.,candidate
C02308,src/content/newaza/drills.md,base,Cardio Drill,line 198,general,Bouwt fysieke conditie,Use docs/Gojuryu_newaza.pdf and docs/Gojuryu_newaza_extracted.txt first.,candidate
C02309,src/content/newaza/drills.md,base,Strength Drill,line 200,general,Strength Drill,Use docs/Gojuryu_newaza.pdf and docs/Gojuryu_newaza_extracted.txt first.,candidate
C02310,src/content/newaza/drills.md,base,Strength Drill,line 203,general,Focus op kracht en power,Use docs/Gojuryu_newaza.pdf and docs/Gojuryu_newaza_extracted.txt first.,candidate
C02311,src/content/newaza/drills.md,base,Strength Drill,line 204,general,Werk aan explosieve bewegingen,Use docs/Gojuryu_newaza.pdf and docs/Gojuryu_newaza_extracted.txt first.,candidate
C02312,src/content/newaza/drills.md,base,Strength Drill,line 205,general,Verbeter fysieke kracht,Use docs/Gojuryu_newaza.pdf and docs/Gojuryu_newaza_extracted.txt first.,candidate
C02313,src/content/newaza/drills.md,base,Strength Drill,line 208,general,Begin met basis oefeningen,Use docs/Gojuryu_newaza.pdf and docs/Gojuryu_newaza_extracted.txt first.,candidate
C02314,src/content/newaza/drills.md,base,Strength Drill,line 209,general,Voeg kracht elementen toe,Use docs/Gojuryu_newaza.pdf and docs/Gojuryu_newaza_extracted.txt first.,candidate
C02315,src/content/newaza/drills.md,base,Strength Drill,line 210,general,Focus op explosiviteit,Use docs/Gojuryu_newaza.pdf and docs/Gojuryu_newaza_extracted.txt first.,candidate
C02316,src/content/newaza/drills.md,base,Strength Drill,line 211,general,Cool-down na 10-15 minuten,Use docs/Gojuryu_newaza.pdf and docs/Gojuryu_newaza_extracted.txt first.,candidate
C02317,src/content/newaza/drills.md,base,Strength Drill,line 214,general,Verbetert kracht,Use docs/Gojuryu_newaza.pdf and docs/Gojuryu_newaza_extracted.txt first.,candidate
C02318,src/content/newaza/drills.md,base,Strength Drill,line 215,general,Ontwikkelt explosiviteit,Use docs/Gojuryu_newaza.pdf and docs/Gojuryu_newaza_extracted.txt first.,candidate
C02319,src/content/newaza/drills.md,base,Strength Drill,line 216,general,Leert power generatie,Use docs/Gojuryu_newaza.pdf and docs/Gojuryu_newaza_extracted.txt first.,candidate
C02320,src/content/newaza/drills.md,base,Strength Drill,line 217,general,Bouwt fysieke kracht,Use docs/Gojuryu_newaza.pdf and docs/Gojuryu_newaza_extracted.txt first.,candidate
C02321,src/content/newaza/drills.md,base,Flexibiliteit Drills,line 219,general,Flexibiliteit Drills,Use docs/Gojuryu_newaza.pdf and docs/Gojuryu_newaza_extracted.txt first.,candidate
C02322,src/content/newaza/drills.md,base,Flexibiliteit Drills,line 221,technique,Flexibiliteit drills zijn gericht op het verbeteren van bewegingsbereik.,Use docs/Gojuryu_newaza.pdf and docs/Gojuryu_newaza_extracted.txt first.,candidate
C02323,src/content/newaza/drills.md,base,Mobility Drill,line 223,general,Mobility Drill,Use docs/Gojuryu_newaza.pdf and docs/Gojuryu_newaza_extracted.txt first.,candidate
C02324,src/content/newaza/drills.md,base,Mobility Drill,line 226,general,Focus op bewegingsbereik,Use docs/Gojuryu_newaza.pdf and docs/Gojuryu_newaza_extracted.txt first.,candidate
C02325,src/content/newaza/drills.md,base,Mobility Drill,line 227,general,Werk aan flexibiliteit,Use docs/Gojuryu_newaza.pdf and docs/Gojuryu_newaza_extracted.txt first.,candidate
C02326,src/content/newaza/drills.md,base,Mobility Drill,line 228,general,Verbeter mobiliteit,Use docs/Gojuryu_newaza.pdf and docs/Gojuryu_newaza_extracted.txt first.,candidate
C02327,src/content/newaza/drills.md,base,Mobility Drill,line 231,general,Begin met stretching,Use docs/Gojuryu_newaza.pdf and docs/Gojuryu_newaza_extracted.txt first.,candidate
C02328,src/content/newaza/drills.md,base,Mobility Drill,line 232,general,Voeg mobiliteit oefeningen toe,Use docs/Gojuryu_newaza.pdf and docs/Gojuryu_newaza_extracted.txt first.,candidate
C02329,src/content/newaza/drills.md,base,Mobility Drill,line 233,general,Focus op bewegingsbereik,Use docs/Gojuryu_newaza.pdf and docs/Gojuryu_newaza_extracted.txt first.,candidate
C02330,src/content/newaza/drills.md,base,Mobility Drill,line 234,general,Cool-down na 10-15 minuten,Use docs/Gojuryu_newaza.pdf and docs/Gojuryu_newaza_extracted.txt first.,candidate
C02331,src/content/newaza/drills.md,base,Mobility Drill,line 237,general,Verbetert flexibiliteit,Use docs/Gojuryu_newaza.pdf and docs/Gojuryu_newaza_extracted.txt first.,candidate
C02332,src/content/newaza/drills.md,base,Mobility Drill,line 238,general,Ontwikkelt mobiliteit,Use docs/Gojuryu_newaza.pdf and docs/Gojuryu_newaza_extracted.txt first.,candidate
C02333,src/content/newaza/drills.md,base,Mobility Drill,line 239,general,Leert bewegingsbereik,Use docs/Gojuryu_newaza.pdf and docs/Gojuryu_newaza_extracted.txt first.,candidate
C02334,src/content/newaza/drills.md,base,Mobility Drill,line 240,general,Bouwt fysieke flexibiliteit,Use docs/Gojuryu_newaza.pdf and docs/Gojuryu_newaza_extracted.txt first.,candidate
C02335,src/content/newaza/drills.md,base,Specifieke Situatie Drills,line 242,general,Specifieke Situatie Drills,Use docs/Gojuryu_newaza.pdf and docs/Gojuryu_newaza_extracted.txt first.,candidate
C02336,src/content/newaza/drills.md,base,Competition Drills,line 244,general,Competition Drills,Use docs/Gojuryu_newaza.pdf and docs/Gojuryu_newaza_extracted.txt first.,candidate
C02337,src/content/newaza/drills.md,base,Competition Drills,line 246,technique,Competition drills zijn gericht op het voorbereiden voor wedstrijden.,Use docs/Gojuryu_newaza.pdf and docs/Gojuryu_newaza_extracted.txt first.,candidate
C02338,src/content/newaza/drills.md,base,Tournament Drill,line 248,general,Tournament Drill,Use docs/Gojuryu_newaza.pdf and docs/Gojuryu_newaza_extracted.txt first.,candidate
C02339,src/content/newaza/drills.md,base,Tournament Drill,line 251,general,Simuleer wedstrijd situaties,Use docs/Gojuryu_newaza.pdf and docs/Gojuryu_newaza_extracted.txt first.,candidate
C02340,src/content/newaza/drills.md,base,Tournament Drill,line 252,general,Focus op wedstrijd strategie,Use docs/Gojuryu_newaza.pdf and docs/Gojuryu_newaza_extracted.txt first.,candidate
C02341,src/content/newaza/drills.md,base,Tournament Drill,line 253,general,Werk aan competitie vaardigheden,Use docs/Gojuryu_newaza.pdf and docs/Gojuryu_newaza_extracted.txt first.,candidate
C02342,src/content/newaza/drills.md,base,Tournament Drill,line 256,general,Set-up wedstrijd scenario,Use docs/Gojuryu_newaza.pdf and docs/Gojuryu_newaza_extracted.txt first.,candidate
C02343,src/content/newaza/drills.md,base,Tournament Drill,line 257,general,Execute wedstrijd strategie,Use docs/Gojuryu_newaza.pdf and docs/Gojuryu_newaza_extracted.txt first.,candidate
C02344,src/content/newaza/drills.md,base,Tournament Drill,line 258,general,Focus op competitie elementen,Use docs/Gojuryu_newaza.pdf and docs/Gojuryu_newaza_extracted.txt first.,candidate
C02345,src/content/newaza/drills.md,base,Tournament Drill,line 259,general,Wissel van rol na 5-10 minuten,Use docs/Gojuryu_newaza.pdf and docs/Gojuryu_newaza_extracted.txt first.,candidate
C02346,src/content/newaza/drills.md,base,Tournament Drill,line 262,general,Verbetert competitie vaardigheden,Use docs/Gojuryu_newaza.pdf and docs/Gojuryu_newaza_extracted.txt first.,candidate
C02347,src/content/newaza/drills.md,base,Tournament Drill,line 263,general,Ontwikkelt wedstrijd strategie,Use docs/Gojuryu_newaza.pdf and docs/Gojuryu_newaza_extracted.txt first.,candidate
C02348,src/content/newaza/drills.md,base,Tournament Drill,line 264,general,Leert druk management,Use docs/Gojuryu_newaza.pdf and docs/Gojuryu_newaza_extracted.txt first.,candidate
C02349,src/content/newaza/drills.md,base,Tournament Drill,line 265,general,Bouwt competitie ervaring,Use docs/Gojuryu_newaza.pdf and docs/Gojuryu_newaza_extracted.txt first.,candidate
C02350,src/content/newaza/drills.md,base,Self-Defense Drill,line 267,general,Self-Defense Drill,Use docs/Gojuryu_newaza.pdf and docs/Gojuryu_newaza_extracted.txt first.,candidate
C02351,src/content/newaza/drills.md,base,Self-Defense Drill,line 270,general,Focus op zelfverdediging toepassingen,Use docs/Gojuryu_newaza.pdf and docs/Gojuryu_newaza_extracted.txt first.,candidate
C02352,src/content/newaza/drills.md,base,Self-Defense Drill,line 271,general,Werk aan praktische vaardigheden,Use docs/Gojuryu_newaza.pdf and docs/Gojuryu_newaza_extracted.txt first.,candidate
C02353,src/content/newaza/drills.md,base,Self-Defense Drill,line 272,general,Verbeter zelfverdediging technieken,Use docs/Gojuryu_newaza.pdf and docs/Gojuryu_newaza_extracted.txt first.,candidate
C02354,src/content/newaza/drills.md,base,Self-Defense Drill,line 275,general,Set-up zelfverdediging scenario,Use docs/Gojuryu_newaza.pdf and docs/Gojuryu_newaza_extracted.txt first.,candidate
C02355,src/content/newaza/drills.md,base,Self-Defense Drill,line 276,general,Execute verdediging technieken,Use docs/Gojuryu_newaza.pdf and docs/Gojuryu_newaza_extracted.txt first.,candidate
C02356,src/content/newaza/drills.md,base,Self-Defense Drill,line 277,general,Focus op praktische toepassing,Use docs/Gojuryu_newaza.pdf and docs/Gojuryu_newaza_extracted.txt first.,candidate
C02357,src/content/newaza/drills.md,base,Self-Defense Drill,line 278,general,Wissel van rol na 5-10 minuten,Use docs/Gojuryu_newaza.pdf and docs/Gojuryu_newaza_extracted.txt first.,candidate
C02358,src/content/newaza/drills.md,base,Self-Defense Drill,line 281,general,Verbetert zelfverdediging,Use docs/Gojuryu_newaza.pdf and docs/Gojuryu_newaza_extracted.txt first.,candidate
C02359,src/content/newaza/drills.md,base,Self-Defense Drill,line 282,general,Ontwikkelt praktische vaardigheden,Use docs/Gojuryu_newaza.pdf and docs/Gojuryu_newaza_extracted.txt first.,candidate
C02360,src/content/newaza/drills.md,base,Self-Defense Drill,line 283,general,Leert real-world toepassing,Use docs/Gojuryu_newaza.pdf and docs/Gojuryu_newaza_extracted.txt first.,candidate
C02361,src/content/newaza/drills.md,base,Self-Defense Drill,line 284,general,Bouwt zelfverdediging ervaring,Use docs/Gojuryu_newaza.pdf and docs/Gojuryu_newaza_extracted.txt first.,candidate
C02362,src/content/newaza/drills.md,base,Training Schema,line 286,general,Training Schema,Use docs/Gojuryu_newaza.pdf and docs/Gojuryu_newaza_extracted.txt first.,candidate
C02363,src/content/newaza/drills.md,base,Beginner Schema,line 288,general,Beginner Schema,Use docs/Gojuryu_newaza.pdf and docs/Gojuryu_newaza_extracted.txt first.,candidate
C02364,src/content/newaza/drills.md,base,Beginner Schema,line 291,general,Basis positie drills (3x per week),Use docs/Gojuryu_newaza.pdf and docs/Gojuryu_newaza_extracted.txt first.,candidate
C02365,src/content/newaza/drills.md,base,Beginner Schema,line 292,general,Eenvoudige techniek drills (2x per week),Use docs/Gojuryu_newaza.pdf and docs/Gojuryu_newaza_extracted.txt first.,candidate
C02366,src/content/newaza/drills.md,base,Beginner Schema,line 293,general,Conditionering (2x per week),Use docs/Gojuryu_newaza.pdf and docs/Gojuryu_newaza_extracted.txt first.,candidate
C02367,src/content/newaza/drills.md,base,Beginner Schema,line 297,general,Basis technieken,Use docs/Gojuryu_newaza.pdf and docs/Gojuryu_newaza_extracted.txt first.,candidate
C02368,src/content/newaza/drills.md,base,Beginner Schema,line 298,general,Fysieke conditie,Use docs/Gojuryu_newaza.pdf and docs/Gojuryu_newaza_extracted.txt first.,candidate
C02369,src/content/newaza/drills.md,base,Intermediate Schema,line 301,general,Intermediate Schema,Use docs/Gojuryu_newaza.pdf and docs/Gojuryu_newaza_extracted.txt first.,candidate
C02370,src/content/newaza/drills.md,base,Intermediate Schema,line 304,general,Geavanceerde positie drills (3x per week),Use docs/Gojuryu_newaza.pdf and docs/Gojuryu_newaza_extracted.txt first.,candidate
C02371,src/content/newaza/drills.md,base,Intermediate Schema,line 305,general,Flow drills (2x per week),Use docs/Gojuryu_newaza.pdf and docs/Gojuryu_newaza_extracted.txt first.,candidate
C02372,src/content/newaza/drills.md,base,Intermediate Schema,line 306,technique,Resistance drills (2x per week),Use docs/Gojuryu_newaza.pdf and docs/Gojuryu_newaza_extracted.txt first.,candidate
C02373,src/content/newaza/drills.md,base,Intermediate Schema,line 307,general,Conditionering (3x per week),Use docs/Gojuryu_newaza.pdf and docs/Gojuryu_newaza_extracted.txt first.,candidate
C02374,src/content/newaza/drills.md,base,Intermediate Schema,line 310,general,Techniek verfijning,Use docs/Gojuryu_newaza.pdf and docs/Gojuryu_newaza_extracted.txt first.,candidate
C02375,src/content/newaza/drills.md,base,Intermediate Schema,line 311,general,Flow ontwikkeling,Use docs/Gojuryu_newaza.pdf and docs/Gojuryu_newaza_extracted.txt first.,candidate
C02376,src/content/newaza/drills.md,base,Intermediate Schema,line 312,general,Weerstand training,Use docs/Gojuryu_newaza.pdf and docs/Gojuryu_newaza_extracted.txt first.,candidate
C02377,src/content/newaza/drills.md,base,Intermediate Schema,line 313,general,Strategisch denken,Use docs/Gojuryu_newaza.pdf and docs/Gojuryu_newaza_extracted.txt first.,candidate
C02378,src/content/newaza/drills.md,base,Advanced Schema,line 315,general,Advanced Schema,Use docs/Gojuryu_newaza.pdf and docs/Gojuryu_newaza_extracted.txt first.,candidate
C02379,src/content/newaza/drills.md,base,Advanced Schema,line 318,general,Specifieke situatie drills (3x per week),Use docs/Gojuryu_newaza.pdf and docs/Gojuryu_newaza_extracted.txt first.,candidate
C02380,src/content/newaza/drills.md,base,Advanced Schema,line 319,general,Competition drills (2x per week),Use docs/Gojuryu_newaza.pdf and docs/Gojuryu_newaza_extracted.txt first.,candidate
C02381,src/content/newaza/drills.md,base,Advanced Schema,line 320,general,Advanced conditionering (3x per week),Use docs/Gojuryu_newaza.pdf and docs/Gojuryu_newaza_extracted.txt first.,candidate
C02382,src/content/newaza/drills.md,base,Advanced Schema,line 321,general,Mentale training (2x per week),Use docs/Gojuryu_newaza.pdf and docs/Gojuryu_newaza_extracted.txt first.,candidate
C02383,src/content/newaza/drills.md,base,Advanced Schema,line 324,general,Specialisatie,Use docs/Gojuryu_newaza.pdf and docs/Gojuryu_newaza_extracted.txt first.,candidate
C02384,src/content/newaza/drills.md,base,Advanced Schema,line 325,general,Competitie voorbereiding,Use docs/Gojuryu_newaza.pdf and docs/Gojuryu_newaza_extracted.txt first.,candidate
C02385,src/content/newaza/drills.md,base,Advanced Schema,line 326,general,Mentale sterkte,Use docs/Gojuryu_newaza.pdf and docs/Gojuryu_newaza_extracted.txt first.,candidate
C02386,src/content/newaza/drills.md,base,Veiligheid en Progressie,line 329,safety,Veiligheid en Progressie,Use docs/Gojuryu_newaza.pdf and docs/Gojuryu_newaza_extracted.txt first.,candidate
C02387,src/content/newaza/drills.md,base,Veiligheidsrichtlijnen,line 331,safety,Veiligheidsrichtlijnen,Use docs/Gojuryu_newaza.pdf and docs/Gojuryu_newaza_extracted.txt first.,candidate
C02388,src/content/newaza/drills.md,base,Veiligheidsrichtlijnen,line 333,general,Warm-up: Altijd goed opwarmen,Use docs/Gojuryu_newaza.pdf and docs/Gojuryu_newaza_extracted.txt first.,candidate
C02389,src/content/newaza/drills.md,base,Veiligheidsrichtlijnen,line 334,general,Cool-down: Afkoelen na training,Use docs/Gojuryu_newaza.pdf and docs/Gojuryu_newaza_extracted.txt first.,candidate
C02390,src/content/newaza/drills.md,base,Veiligheidsrichtlijnen,line 335,general,Hydration: Blijf gehydrateerd,Use docs/Gojuryu_newaza.pdf and docs/Gojuryu_newaza_extracted.txt first.,candidate
C02391,src/content/newaza/drills.md,base,Veiligheidsrichtlijnen,line 336,general,Rest: Neem voldoende rust,Use docs/Gojuryu_newaza.pdf and docs/Gojuryu_newaza_extracted.txt first.,candidate
C02392,src/content/newaza/drills.md,base,Veiligheidsrichtlijnen,line 337,safety,Communication: Houd contact met partner,Use docs/Gojuryu_newaza.pdf and docs/Gojuryu_newaza_extracted.txt first.,candidate
C02393,src/content/newaza/drills.md,base,Veiligheidsrichtlijnen,line 338,general,Progression: Bouw geleidelijk op,Use docs/Gojuryu_newaza.pdf and docs/Gojuryu_newaza_extracted.txt first.,candidate
C02394,src/content/newaza/drills.md,base,Progressie Principes,line 340,general,Progressie Principes,Use docs/Gojuryu_newaza.pdf and docs/Gojuryu_newaza_extracted.txt first.,candidate
C02395,src/content/newaza/drills.md,base,Progressie Principes,line 342,general,Consistency: Train regelmatig,Use docs/Gojuryu_newaza.pdf and docs/Gojuryu_newaza_extracted.txt first.,candidate
C02396,src/content/newaza/drills.md,base,Progressie Principes,line 343,general,Progression: Bouw geleidelijk op,Use docs/Gojuryu_newaza.pdf and docs/Gojuryu_newaza_extracted.txt first.,candidate
C02397,src/content/newaza/drills.md,base,Progressie Principes,line 344,general,Variation: Varieer in oefeningen,Use docs/Gojuryu_newaza.pdf and docs/Gojuryu_newaza_extracted.txt first.,candidate
C02398,src/content/newaza/drills.md,base,Progressie Principes,line 345,general,Feedback: Zoek constante feedback,Use docs/Gojuryu_newaza.pdf and docs/Gojuryu_newaza_extracted.txt first.,candidate
C02399,src/content/newaza/drills.md,base,Progressie Principes,line 346,general,Adaptation: Pas aan op basis van feedback,Use docs/Gojuryu_newaza.pdf and docs/Gojuryu_newaza_extracted.txt first.,candidate
C02400,src/content/newaza/drills.md,base,Progressie Principes,line 347,general,Patience: Heb geduld met vooruitgang,Use docs/Gojuryu_newaza.pdf and docs/Gojuryu_newaza_extracted.txt first.,candidate
C02401,src/content/newaza/ground-positions.md,base,ground-positions,line 1,general,"Grondposities zijn de fundamenten van newaza. Het begrijpen en beheersen van deze posities is essentieel voor succesvol grondgevecht. Elke positie heeft zijn eigen voordelen, nadelen en toepassingen.",Use docs/Gojuryu_newaza.pdf and docs/Gojuryu_newaza_extracted.txt first.,candidate
C02402,src/content/newaza/ground-positions.md,base,Basis Grondposities,line 3,general,Basis Grondposities,Use docs/Gojuryu_newaza.pdf and docs/Gojuryu_newaza_extracted.txt first.,candidate
C02403,src/content/newaza/ground-positions.md,base,Guard Positie,line 5,general,Guard Positie,Use docs/Gojuryu_newaza.pdf and docs/Gojuryu_newaza_extracted.txt first.,candidate
C02404,src/content/newaza/ground-positions.md,base,Guard Positie,line 7,general,De guard positie is een van de meest fundamentele posities in newaza.,Use docs/Gojuryu_newaza.pdf and docs/Gojuryu_newaza_extracted.txt first.,candidate
C02405,src/content/newaza/ground-positions.md,base,Guard Positie,line 10,general,Je ligt op je rug met je benen om je tegenstander heen,Use docs/Gojuryu_newaza.pdf and docs/Gojuryu_newaza_extracted.txt first.,candidate
C02406,src/content/newaza/ground-positions.md,base,Guard Positie,line 11,general,Je armen zijn klaar voor verdediging en aanval,Use docs/Gojuryu_newaza.pdf and docs/Gojuryu_newaza_extracted.txt first.,candidate
C02407,src/content/newaza/ground-positions.md,base,Guard Positie,line 12,general,Je heupen zijn actief en beweeglijk,Use docs/Gojuryu_newaza.pdf and docs/Gojuryu_newaza_extracted.txt first.,candidate
C02408,src/content/newaza/ground-positions.md,base,Guard Positie,line 15,safety,Defensieve positie: Beschermt tegen directe aanvallen,Use docs/Gojuryu_newaza.pdf and docs/Gojuryu_newaza_extracted.txt first.,candidate
C02409,src/content/newaza/ground-positions.md,base,Guard Positie,line 16,general,Offensive mogelijkheden: Verschillende submissie opties,Use docs/Gojuryu_newaza.pdf and docs/Gojuryu_newaza_extracted.txt first.,candidate
C02410,src/content/newaza/ground-positions.md,base,Guard Positie,line 17,general,Mobility: Mogelijkheid om te bewegen en transities te maken,Use docs/Gojuryu_newaza.pdf and docs/Gojuryu_newaza_extracted.txt first.,candidate
C02411,src/content/newaza/ground-positions.md,base,Guard Positie,line 18,general,Control: Controle over de afstand tot je tegenstander,Use docs/Gojuryu_newaza.pdf and docs/Gojuryu_newaza_extracted.txt first.,candidate
C02412,src/content/newaza/ground-positions.md,base,Guard Positie,line 21,general,Triangle choke,Use docs/Gojuryu_newaza.pdf and docs/Gojuryu_newaza_extracted.txt first.,candidate
C02413,src/content/newaza/ground-positions.md,base,Mount Positie,line 26,general,Mount Positie,Use docs/Gojuryu_newaza.pdf and docs/Gojuryu_newaza_extracted.txt first.,candidate
C02414,src/content/newaza/ground-positions.md,base,Mount Positie,line 28,general,De mount positie is een dominante positie waarbij je bovenop je tegenstander zit.,Use docs/Gojuryu_newaza.pdf and docs/Gojuryu_newaza_extracted.txt first.,candidate
C02415,src/content/newaza/ground-positions.md,base,Mount Positie,line 31,general,Je zit op de borst van je tegenstander,Use docs/Gojuryu_newaza.pdf and docs/Gojuryu_newaza_extracted.txt first.,candidate
C02416,src/content/newaza/ground-positions.md,base,Mount Positie,line 32,general,Je knieën zijn naast de heupen van je tegenstander,Use docs/Gojuryu_newaza.pdf and docs/Gojuryu_newaza_extracted.txt first.,candidate
C02417,src/content/newaza/ground-positions.md,base,Mount Positie,line 33,general,Je houdt balans met je handen en voeten,Use docs/Gojuryu_newaza.pdf and docs/Gojuryu_newaza_extracted.txt first.,candidate
C02418,src/content/newaza/ground-positions.md,base,Mount Positie,line 36,general,Dominantie: Volledige controle over je tegenstander,Use docs/Gojuryu_newaza.pdf and docs/Gojuryu_newaza_extracted.txt first.,candidate
C02419,src/content/newaza/ground-positions.md,base,Mount Positie,line 37,general,Pressure: Kunnen zware druk uitoefenen,Use docs/Gojuryu_newaza.pdf and docs/Gojuryu_newaza_extracted.txt first.,candidate
C02420,src/content/newaza/ground-positions.md,base,Mount Positie,line 38,general,Submissies: Toegang tot vele submissie technieken,Use docs/Gojuryu_newaza.pdf and docs/Gojuryu_newaza_extracted.txt first.,candidate
C02421,src/content/newaza/ground-positions.md,base,Mount Positie,line 39,general,Striking: Mogelijkheid tot effectieve slagen,Use docs/Gojuryu_newaza.pdf and docs/Gojuryu_newaza_extracted.txt first.,candidate
C02422,src/content/newaza/ground-positions.md,base,Mount Positie,line 44,general,Cross collar choke,Use docs/Gojuryu_newaza.pdf and docs/Gojuryu_newaza_extracted.txt first.,candidate
C02423,src/content/newaza/ground-positions.md,base,Mount Positie,line 45,general,Arm triangle,Use docs/Gojuryu_newaza.pdf and docs/Gojuryu_newaza_extracted.txt first.,candidate
C02424,src/content/newaza/ground-positions.md,base,Side Control,line 47,general,Side Control,Use docs/Gojuryu_newaza.pdf and docs/Gojuryu_newaza_extracted.txt first.,candidate
C02425,src/content/newaza/ground-positions.md,base,Side Control,line 49,general,Side control is een positie waarbij je naast je tegenstander ligt met controle over de bovenkant.,Use docs/Gojuryu_newaza.pdf and docs/Gojuryu_newaza_extracted.txt first.,candidate
C02426,src/content/newaza/ground-positions.md,base,Side Control,line 52,general,Je ligt naast je tegenstander,Use docs/Gojuryu_newaza.pdf and docs/Gojuryu_newaza_extracted.txt first.,candidate
C02427,src/content/newaza/ground-positions.md,base,Side Control,line 53,general,Je borst is op de borst van je tegenstander,Use docs/Gojuryu_newaza.pdf and docs/Gojuryu_newaza_extracted.txt first.,candidate
C02428,src/content/newaza/ground-positions.md,base,Side Control,line 54,general,Je armen controleren de positie,Use docs/Gojuryu_newaza.pdf and docs/Gojuryu_newaza_extracted.txt first.,candidate
C02429,src/content/newaza/ground-positions.md,base,Side Control,line 57,general,Stability: Zeer stabiele positie,Use docs/Gojuryu_newaza.pdf and docs/Gojuryu_newaza_extracted.txt first.,candidate
C02430,src/content/newaza/ground-positions.md,base,Side Control,line 58,general,Control: Uitstekende controle over je tegenstander,Use docs/Gojuryu_newaza.pdf and docs/Gojuryu_newaza_extracted.txt first.,candidate
C02431,src/content/newaza/ground-positions.md,base,Side Control,line 59,general,Transitions: Makkelijk overgangen naar andere posities,Use docs/Gojuryu_newaza.pdf and docs/Gojuryu_newaza_extracted.txt first.,candidate
C02432,src/content/newaza/ground-positions.md,base,Side Control,line 60,general,Pressure: Effectieve druk uitoefening,Use docs/Gojuryu_newaza.pdf and docs/Gojuryu_newaza_extracted.txt first.,candidate
C02433,src/content/newaza/ground-positions.md,base,Side Control,line 65,general,North-south choke,Use docs/Gojuryu_newaza.pdf and docs/Gojuryu_newaza_extracted.txt first.,candidate
C02434,src/content/newaza/ground-positions.md,base,Side Control,line 66,general,Knee on belly,Use docs/Gojuryu_newaza.pdf and docs/Gojuryu_newaza_extracted.txt first.,candidate
C02435,src/content/newaza/ground-positions.md,base,Back Control,line 68,general,Back Control,Use docs/Gojuryu_newaza.pdf and docs/Gojuryu_newaza_extracted.txt first.,candidate
C02436,src/content/newaza/ground-positions.md,base,Back Control,line 70,general,Back control is een van de meest dominante posities in newaza.,Use docs/Gojuryu_newaza.pdf and docs/Gojuryu_newaza_extracted.txt first.,candidate
C02437,src/content/newaza/ground-positions.md,base,Back Control,line 73,general,Je zit achter je tegenstander,Use docs/Gojuryu_newaza.pdf and docs/Gojuryu_newaza_extracted.txt first.,candidate
C02438,src/content/newaza/ground-positions.md,base,Back Control,line 74,general,Je benen zijn om de heupen van je tegenstander,Use docs/Gojuryu_newaza.pdf and docs/Gojuryu_newaza_extracted.txt first.,candidate
C02439,src/content/newaza/ground-positions.md,base,Back Control,line 75,general,Je armen zijn klaar voor submissies,Use docs/Gojuryu_newaza.pdf and docs/Gojuryu_newaza_extracted.txt first.,candidate
C02440,src/content/newaza/ground-positions.md,base,Back Control,line 78,general,Dominance: Zeer dominante positie,Use docs/Gojuryu_newaza.pdf and docs/Gojuryu_newaza_extracted.txt first.,candidate
C02441,src/content/newaza/ground-positions.md,base,Back Control,line 79,general,Submissions: Toegang tot de beste submissies,Use docs/Gojuryu_newaza.pdf and docs/Gojuryu_newaza_extracted.txt first.,candidate
C02442,src/content/newaza/ground-positions.md,base,Back Control,line 80,safety,Safety: Veilige positie voor jezelf,Use docs/Gojuryu_newaza.pdf and docs/Gojuryu_newaza_extracted.txt first.,candidate
C02443,src/content/newaza/ground-positions.md,base,Back Control,line 81,general,Control: Volledige controle over je tegenstander,Use docs/Gojuryu_newaza.pdf and docs/Gojuryu_newaza_extracted.txt first.,candidate
C02444,src/content/newaza/ground-positions.md,base,Back Control,line 84,general,Rear naked choke,Use docs/Gojuryu_newaza.pdf and docs/Gojuryu_newaza_extracted.txt first.,candidate
C02445,src/content/newaza/ground-positions.md,base,Back Control,line 85,general,Bow and arrow choke,Use docs/Gojuryu_newaza.pdf and docs/Gojuryu_newaza_extracted.txt first.,candidate
C02446,src/content/newaza/ground-positions.md,base,Back Control,line 87,general,Triangle choke,Use docs/Gojuryu_newaza.pdf and docs/Gojuryu_newaza_extracted.txt first.,candidate
C02447,src/content/newaza/ground-positions.md,base,Geavanceerde Posities,line 89,general,Geavanceerde Posities,Use docs/Gojuryu_newaza.pdf and docs/Gojuryu_newaza_extracted.txt first.,candidate
C02448,src/content/newaza/ground-positions.md,base,Half Guard,line 93,general,Half guard is een overgangspositie tussen guard en side control.,Use docs/Gojuryu_newaza.pdf and docs/Gojuryu_newaza_extracted.txt first.,candidate
C02449,src/content/newaza/ground-positions.md,base,Half Guard,line 96,general,Je tegenstander heeft één been tussen jouw benen,Use docs/Gojuryu_newaza.pdf and docs/Gojuryu_newaza_extracted.txt first.,candidate
C02450,src/content/newaza/ground-positions.md,base,Half Guard,line 97,general,Het andere been is vrij voor controle,Use docs/Gojuryu_newaza.pdf and docs/Gojuryu_newaza_extracted.txt first.,candidate
C02451,src/content/newaza/ground-positions.md,base,Half Guard,line 98,general,Je hebt nog steeds verdedigingsmogelijkheden,Use docs/Gojuryu_newaza.pdf and docs/Gojuryu_newaza_extracted.txt first.,candidate
C02452,src/content/newaza/ground-positions.md,base,Half Guard,line 101,general,Recovery: Mogelijkheid om full guard te herstellen,Use docs/Gojuryu_newaza.pdf and docs/Gojuryu_newaza_extracted.txt first.,candidate
C02453,src/content/newaza/ground-positions.md,base,Half Guard,line 102,general,Sweeps: Verschillende sweep opties,Use docs/Gojuryu_newaza.pdf and docs/Gojuryu_newaza_extracted.txt first.,candidate
C02454,src/content/newaza/ground-positions.md,base,Half Guard,line 103,general,Submissions: Toegang tot submissie technieken,Use docs/Gojuryu_newaza.pdf and docs/Gojuryu_newaza_extracted.txt first.,candidate
C02455,src/content/newaza/ground-positions.md,base,Half Guard,line 104,grading,Control: Betere controle dan side control,Use docs/Gojuryu_newaza.pdf and docs/Gojuryu_newaza_extracted.txt first.,candidate
C02456,src/content/newaza/ground-positions.md,base,North-South,line 108,general,North-south is een positie waarbij je en je tegenstander in tegengestelde richtingen liggen.,Use docs/Gojuryu_newaza.pdf and docs/Gojuryu_newaza_extracted.txt first.,candidate
C02457,src/content/newaza/ground-positions.md,base,North-South,line 111,general,Je hoofd is bij de heupen van je tegenstander,Use docs/Gojuryu_newaza.pdf and docs/Gojuryu_newaza_extracted.txt first.,candidate
C02458,src/content/newaza/ground-positions.md,base,North-South,line 112,general,Je lichaam is parallel aan dat van je tegenstander,Use docs/Gojuryu_newaza.pdf and docs/Gojuryu_newaza_extracted.txt first.,candidate
C02459,src/content/newaza/ground-positions.md,base,North-South,line 113,general,Je hebt controle over de bovenkant,Use docs/Gojuryu_newaza.pdf and docs/Gojuryu_newaza_extracted.txt first.,candidate
C02460,src/content/newaza/ground-positions.md,base,North-South,line 116,general,Pressure: Zeer effectieve druk,Use docs/Gojuryu_newaza.pdf and docs/Gojuryu_newaza_extracted.txt first.,candidate
C02461,src/content/newaza/ground-positions.md,base,North-South,line 117,general,Submissions: Toegang tot unieke submissies,Use docs/Gojuryu_newaza.pdf and docs/Gojuryu_newaza_extracted.txt first.,candidate
C02462,src/content/newaza/ground-positions.md,base,North-South,line 118,general,Control: Uitstekende controle,Use docs/Gojuryu_newaza.pdf and docs/Gojuryu_newaza_extracted.txt first.,candidate
C02463,src/content/newaza/ground-positions.md,base,North-South,line 119,general,Transitions: Makkelijk overgangen,Use docs/Gojuryu_newaza.pdf and docs/Gojuryu_newaza_extracted.txt first.,candidate
C02464,src/content/newaza/ground-positions.md,base,Positie Transities,line 121,general,Positie Transities,Use docs/Gojuryu_newaza.pdf and docs/Gojuryu_newaza_extracted.txt first.,candidate
C02465,src/content/newaza/ground-positions.md,base,Belangrijke Principes,line 123,general,Belangrijke Principes,Use docs/Gojuryu_newaza.pdf and docs/Gojuryu_newaza_extracted.txt first.,candidate
C02466,src/content/newaza/ground-positions.md,base,Belangrijke Principes,line 125,general,Hip Movement: Gebruik je heupen voor krachtige bewegingen,Use docs/Gojuryu_newaza.pdf and docs/Gojuryu_newaza_extracted.txt first.,candidate
C02467,src/content/newaza/ground-positions.md,base,Belangrijke Principes,line 126,general,Timing: Wacht op het juiste moment voor transities,Use docs/Gojuryu_newaza.pdf and docs/Gojuryu_newaza_extracted.txt first.,candidate
C02468,src/content/newaza/ground-positions.md,base,Belangrijke Principes,line 127,general,Chain Reactions: Koppel technieken aan elkaar,Use docs/Gojuryu_newaza.pdf and docs/Gojuryu_newaza_extracted.txt first.,candidate
C02469,src/content/newaza/ground-positions.md,base,Belangrijke Principes,line 128,general,Recovery: Leer snel te herstellen van mislukte pogingen,Use docs/Gojuryu_newaza.pdf and docs/Gojuryu_newaza_extracted.txt first.,candidate
C02470,src/content/newaza/ground-positions.md,base,Veelvoorkomende Transities,line 130,general,Veelvoorkomende Transities,Use docs/Gojuryu_newaza.pdf and docs/Gojuryu_newaza_extracted.txt first.,candidate
C02471,src/content/newaza/ground-positions.md,base,Veelvoorkomende Transities,line 132,general,Guard to Mount: Via sweeps en omverwerpingen,Use docs/Gojuryu_newaza.pdf and docs/Gojuryu_newaza_extracted.txt first.,candidate
C02472,src/content/newaza/ground-positions.md,base,Veelvoorkomende Transities,line 133,general,Mount to Back: Via back takes,Use docs/Gojuryu_newaza.pdf and docs/Gojuryu_newaza_extracted.txt first.,candidate
C02473,src/content/newaza/ground-positions.md,base,Veelvoorkomende Transities,line 134,general,Side Control to Mount: Via mount recovery,Use docs/Gojuryu_newaza.pdf and docs/Gojuryu_newaza_extracted.txt first.,candidate
C02474,src/content/newaza/ground-positions.md,base,Veelvoorkomende Transities,line 135,general,Back to Mount: Via escapes,Use docs/Gojuryu_newaza.pdf and docs/Gojuryu_newaza_extracted.txt first.,candidate
C02475,src/content/newaza/ground-positions.md,base,Training Tips,line 137,general,Training Tips,Use docs/Gojuryu_newaza.pdf and docs/Gojuryu_newaza_extracted.txt first.,candidate
C02476,src/content/newaza/ground-positions.md,base,Positie Specifieke Oefening,line 139,general,Positie Specifieke Oefening,Use docs/Gojuryu_newaza.pdf and docs/Gojuryu_newaza_extracted.txt first.,candidate
C02477,src/content/newaza/ground-positions.md,base,Positie Specifieke Oefening,line 141,general,Isolated Position Training: Oefen elke positie apart,Use docs/Gojuryu_newaza.pdf and docs/Gojuryu_newaza_extracted.txt first.,candidate
C02478,src/content/newaza/ground-positions.md,base,Positie Specifieke Oefening,line 142,general,Positional Sparring: Focus op specifieke posities,Use docs/Gojuryu_newaza.pdf and docs/Gojuryu_newaza_extracted.txt first.,candidate
C02479,src/content/newaza/ground-positions.md,base,Positie Specifieke Oefening,line 143,general,Transition Drills: Oefen overgangen tussen posities,Use docs/Gojuryu_newaza.pdf and docs/Gojuryu_newaza_extracted.txt first.,candidate
C02480,src/content/newaza/ground-positions.md,base,Positie Specifieke Oefening,line 144,general,Live Training: Toepassing in echte situaties,Use docs/Gojuryu_newaza.pdf and docs/Gojuryu_newaza_extracted.txt first.,candidate
C02481,src/content/newaza/ground-positions.md,base,Veiligheid,line 148,safety,Controlled Environment: Train altijd in een veilige ruimte,Use docs/Gojuryu_newaza.pdf and docs/Gojuryu_newaza_extracted.txt first.,candidate
C02482,src/content/newaza/ground-positions.md,base,Veiligheid,line 149,safety,Partner Communication: Houd constant contact met je trainingspartner,Use docs/Gojuryu_newaza.pdf and docs/Gojuryu_newaza_extracted.txt first.,candidate
C02483,src/content/newaza/ground-positions.md,base,Veiligheid,line 150,general,Gradual Progression: Begin met basis posities,Use docs/Gojuryu_newaza.pdf and docs/Gojuryu_newaza_extracted.txt first.,candidate
C02484,src/content/newaza/ground-positions.md,base,Veiligheid,line 151,general,Respect: Respecteer de grenzen van je trainingspartner,Use docs/Gojuryu_newaza.pdf and docs/Gojuryu_newaza_extracted.txt first.,candidate
C02485,src/content/newaza/introduction.md,base,introduction,line 1,general,"Newaza, of grondgevecht, is een essentieel onderdeel van Goju Ryu karate dat zich richt op technieken en principes voor gevechten op de grond. Deze discipline combineert traditionele karate principes met praktische toepassingen voor situaties waarin het gevecht naar de grond gaat.",Use docs/Gojuryu_newaza.pdf and docs/Gojuryu_newaza_extracted.txt first.,candidate
C02486,src/content/newaza/introduction.md,base,Wat is Newaza?,line 3,general,Wat is Newaza?,Use docs/Gojuryu_newaza.pdf and docs/Gojuryu_newaza_extracted.txt first.,candidate
C02487,src/content/newaza/introduction.md,base,Wat is Newaza?,line 5,general,Newaza verwijst naar alle technieken en strategieën die worden gebruikt wanneer een gevecht zich op de grond afspeelt. Dit omvat:,Use docs/Gojuryu_newaza.pdf and docs/Gojuryu_newaza_extracted.txt first.,candidate
C02488,src/content/newaza/introduction.md,base,Wat is Newaza?,line 7,general,Positiecontrole: Het verkrijgen en behouden van dominante posities,Use docs/Gojuryu_newaza.pdf and docs/Gojuryu_newaza_extracted.txt first.,candidate
C02489,src/content/newaza/introduction.md,base,Wat is Newaza?,line 8,general,Submissies: Technieken om een tegenstander tot overgave te dwingen,Use docs/Gojuryu_newaza.pdf and docs/Gojuryu_newaza_extracted.txt first.,candidate
C02490,src/content/newaza/introduction.md,base,Wat is Newaza?,line 9,general,Transities: Vloeiende overgangen tussen verschillende posities,Use docs/Gojuryu_newaza.pdf and docs/Gojuryu_newaza_extracted.txt first.,candidate
C02491,src/content/newaza/introduction.md,base,Wat is Newaza?,line 10,safety,Verdediging: Methoden om uit gevaarlijke posities te komen,Use docs/Gojuryu_newaza.pdf and docs/Gojuryu_newaza_extracted.txt first.,candidate
C02492,src/content/newaza/introduction.md,base,Belang in Goju Ryu,line 12,general,Belang in Goju Ryu,Use docs/Gojuryu_newaza.pdf and docs/Gojuryu_newaza_extracted.txt first.,candidate
C02493,src/content/newaza/introduction.md,base,Belang in Goju Ryu,line 14,general,In Goju Ryu karate wordt newaza beschouwd als een natuurlijke uitbreiding van de staande technieken. Het volgt dezelfde principes van:,Use docs/Gojuryu_newaza.pdf and docs/Gojuryu_newaza_extracted.txt first.,candidate
C02494,src/content/newaza/introduction.md,base,Belang in Goju Ryu,line 16,general,"Go (Hard): Directe, krachtige technieken",Use docs/Gojuryu_newaza.pdf and docs/Gojuryu_newaza_extracted.txt first.,candidate
C02495,src/content/newaza/introduction.md,base,Belang in Goju Ryu,line 17,general,"Ju (Zacht): Vloeiende, meegaande bewegingen",Use docs/Gojuryu_newaza.pdf and docs/Gojuryu_newaza_extracted.txt first.,candidate
C02496,src/content/newaza/introduction.md,base,Belang in Goju Ryu,line 18,general,Breathing: Gecontroleerde ademhaling voor kracht en focus,Use docs/Gojuryu_newaza.pdf and docs/Gojuryu_newaza_extracted.txt first.,candidate
C02497,src/content/newaza/introduction.md,base,Belang in Goju Ryu,line 19,general,Balance: Behoud van evenwicht in alle situaties,Use docs/Gojuryu_newaza.pdf and docs/Gojuryu_newaza_extracted.txt first.,candidate
C02498,src/content/newaza/introduction.md,base,Trainingselementen,line 21,general,Trainingselementen,Use docs/Gojuryu_newaza.pdf and docs/Gojuryu_newaza_extracted.txt first.,candidate
C02499,src/content/newaza/introduction.md,base,Trainingselementen,line 23,general,Newaza training omvat verschillende aspecten:,Use docs/Gojuryu_newaza.pdf and docs/Gojuryu_newaza_extracted.txt first.,candidate
C02500,src/content/newaza/introduction.md,base,Trainingselementen,line 25,general,Grondposities: Leer de basis posities en hun voordelen,Use docs/Gojuryu_newaza.pdf and docs/Gojuryu_newaza_extracted.txt first.,candidate
C02501,src/content/newaza/introduction.md,base,Trainingselementen,line 26,general,Kakie: Sticky hands oefeningen voor gevoeligheid,Use docs/Gojuryu_newaza.pdf and docs/Gojuryu_newaza_extracted.txt first.,candidate
C02502,src/content/newaza/introduction.md,base,Trainingselementen,line 27,general,Technieken: Specifieke newaza technieken,Use docs/Gojuryu_newaza.pdf and docs/Gojuryu_newaza_extracted.txt first.,candidate
C02503,src/content/newaza/introduction.md,base,Trainingselementen,line 28,general,Drills: Praktische oefeningen voor vaardigheidsontwikkeling,Use docs/Gojuryu_newaza.pdf and docs/Gojuryu_newaza_extracted.txt first.,candidate
C02504,src/content/newaza/introduction.md,base,Veiligheid,line 32,safety,Bij newaza training is veiligheid van het grootste belang:,Use docs/Gojuryu_newaza.pdf and docs/Gojuryu_newaza_extracted.txt first.,candidate
C02505,src/content/newaza/introduction.md,base,Veiligheid,line 34,safety,Gecontroleerde omgeving: Train altijd in een veilige ruimte,Use docs/Gojuryu_newaza.pdf and docs/Gojuryu_newaza_extracted.txt first.,candidate
C02506,src/content/newaza/introduction.md,base,Veiligheid,line 35,safety,Partner communicatie: Houd constant contact met je trainingspartner,Use docs/Gojuryu_newaza.pdf and docs/Gojuryu_newaza_extracted.txt first.,candidate
C02507,src/content/newaza/introduction.md,base,Veiligheid,line 36,general,Geleidelijke progressie: Begin met basis technieken,Use docs/Gojuryu_newaza.pdf and docs/Gojuryu_newaza_extracted.txt first.,candidate
C02508,src/content/newaza/introduction.md,base,Veiligheid,line 37,general,Respect: Respecteer de grenzen van je trainingspartner,Use docs/Gojuryu_newaza.pdf and docs/Gojuryu_newaza_extracted.txt first.,candidate
C02509,src/content/newaza/introduction.md,base,Doel van Newaza Training,line 39,general,Doel van Newaza Training,Use docs/Gojuryu_newaza.pdf and docs/Gojuryu_newaza_extracted.txt first.,candidate
C02510,src/content/newaza/introduction.md,base,Doel van Newaza Training,line 41,general,Het uiteindelijke doel van newaza training is:,Use docs/Gojuryu_newaza.pdf and docs/Gojuryu_newaza_extracted.txt first.,candidate
C02511,src/content/newaza/introduction.md,base,Doel van Newaza Training,line 43,general,Complete vechter: Word bedreven in alle aspecten van gevechten,Use docs/Gojuryu_newaza.pdf and docs/Gojuryu_newaza_extracted.txt first.,candidate
C02512,src/content/newaza/introduction.md,base,Doel van Newaza Training,line 44,general,Praktische vaardigheden: Ontwikkel bruikbare zelfverdediging technieken,Use docs/Gojuryu_newaza.pdf and docs/Gojuryu_newaza_extracted.txt first.,candidate
C02513,src/content/newaza/introduction.md,base,Doel van Newaza Training,line 45,general,"Fysieke conditie: Verbeter kracht, flexibiliteit en uithoudingsvermogen",Use docs/Gojuryu_newaza.pdf and docs/Gojuryu_newaza_extracted.txt first.,candidate
C02514,src/content/newaza/introduction.md,base,Doel van Newaza Training,line 46,general,Mentale discipline: Ontwikkel focus en besluitvaardigheid onder druk,Use docs/Gojuryu_newaza.pdf and docs/Gojuryu_newaza_extracted.txt first.,candidate
C02515,src/content/newaza/kakie.md,base,kakie,line 1,general,"Kakie, of ""sticky hands"", is een fundamentele oefening in Goju Ryu karate die ook van groot belang is in newaza. Deze oefening ontwikkelt gevoeligheid, timing en het vermogen om de bewegingen van je tegenstander te voelen en erop te reageren.",Use docs/Gojuryu_newaza.pdf and docs/Gojuryu_newaza_extracted.txt first.,candidate
C02516,src/content/newaza/kakie.md,base,Wat is Kakie?,line 3,general,Wat is Kakie?,Use docs/Gojuryu_newaza.pdf and docs/Gojuryu_newaza_extracted.txt first.,candidate
C02517,src/content/newaza/kakie.md,base,Wat is Kakie?,line 5,safety,Kakie is een oefening waarbij je handen en armen in constant contact blijven met die van je trainingspartner. Het doel is om de bewegingen van je partner te voelen en erop te reageren zonder het contact te verbreken.,Use docs/Gojuryu_newaza.pdf and docs/Gojuryu_newaza_extracted.txt first.,candidate
C02518,src/content/newaza/kakie.md,base,Belang in Newaza,line 7,general,Belang in Newaza,Use docs/Gojuryu_newaza.pdf and docs/Gojuryu_newaza_extracted.txt first.,candidate
C02519,src/content/newaza/kakie.md,base,Belang in Newaza,line 11,general,Gevoeligheid: Het ontwikkelen van tactiele gevoeligheid,Use docs/Gojuryu_newaza.pdf and docs/Gojuryu_newaza_extracted.txt first.,candidate
C02520,src/content/newaza/kakie.md,base,Belang in Newaza,line 12,general,Timing: Het leren van het juiste moment voor technieken,Use docs/Gojuryu_newaza.pdf and docs/Gojuryu_newaza_extracted.txt first.,candidate
C02521,src/content/newaza/kakie.md,base,Belang in Newaza,line 13,general,Flow: Het creëren van vloeiende bewegingen,Use docs/Gojuryu_newaza.pdf and docs/Gojuryu_newaza_extracted.txt first.,candidate
C02522,src/content/newaza/kakie.md,base,Belang in Newaza,line 14,general,Control: Het behouden van controle over je tegenstander,Use docs/Gojuryu_newaza.pdf and docs/Gojuryu_newaza_extracted.txt first.,candidate
C02523,src/content/newaza/kakie.md,base,Basis Kakie Oefeningen,line 16,general,Basis Kakie Oefeningen,Use docs/Gojuryu_newaza.pdf and docs/Gojuryu_newaza_extracted.txt first.,candidate
C02524,src/content/newaza/kakie.md,base,Single Hand Kakie,line 18,general,Single Hand Kakie,Use docs/Gojuryu_newaza.pdf and docs/Gojuryu_newaza_extracted.txt first.,candidate
C02525,src/content/newaza/kakie.md,base,Single Hand Kakie,line 21,safety,Begin met één hand contact,Use docs/Gojuryu_newaza.pdf and docs/Gojuryu_newaza_extracted.txt first.,candidate
C02526,src/content/newaza/kakie.md,base,Single Hand Kakie,line 22,general,Beweeg in cirkels en patronen,Use docs/Gojuryu_newaza.pdf and docs/Gojuryu_newaza_extracted.txt first.,candidate
C02527,src/content/newaza/kakie.md,base,Single Hand Kakie,line 23,safety,Houd constant contact,Use docs/Gojuryu_newaza.pdf and docs/Gojuryu_newaza_extracted.txt first.,candidate
C02528,src/content/newaza/kakie.md,base,Single Hand Kakie,line 24,general,Reageer op de bewegingen van je partner,Use docs/Gojuryu_newaza.pdf and docs/Gojuryu_newaza_extracted.txt first.,candidate
C02529,src/content/newaza/kakie.md,base,Single Hand Kakie,line 27,general,Ontwikkelt basis gevoeligheid,Use docs/Gojuryu_newaza.pdf and docs/Gojuryu_newaza_extracted.txt first.,candidate
C02530,src/content/newaza/kakie.md,base,Single Hand Kakie,line 28,general,Leert fundamentele bewegingen,Use docs/Gojuryu_newaza.pdf and docs/Gojuryu_newaza_extracted.txt first.,candidate
C02531,src/content/newaza/kakie.md,base,Single Hand Kakie,line 29,general,Bouwt vertrouwen op,Use docs/Gojuryu_newaza.pdf and docs/Gojuryu_newaza_extracted.txt first.,candidate
C02532,src/content/newaza/kakie.md,base,Single Hand Kakie,line 30,general,Verbetert coördinatie,Use docs/Gojuryu_newaza.pdf and docs/Gojuryu_newaza_extracted.txt first.,candidate
C02533,src/content/newaza/kakie.md,base,Double Hand Kakie,line 32,general,Double Hand Kakie,Use docs/Gojuryu_newaza.pdf and docs/Gojuryu_newaza_extracted.txt first.,candidate
C02534,src/content/newaza/kakie.md,base,Double Hand Kakie,line 35,general,Gebruik beide handen,Use docs/Gojuryu_newaza.pdf and docs/Gojuryu_newaza_extracted.txt first.,candidate
C02535,src/content/newaza/kakie.md,base,Double Hand Kakie,line 36,general,Creëer complexe patronen,Use docs/Gojuryu_newaza.pdf and docs/Gojuryu_newaza_extracted.txt first.,candidate
C02536,src/content/newaza/kakie.md,base,Double Hand Kakie,line 37,general,Wissel van positie,Use docs/Gojuryu_newaza.pdf and docs/Gojuryu_newaza_extracted.txt first.,candidate
C02537,src/content/newaza/kakie.md,base,Double Hand Kakie,line 38,general,Behoud controle,Use docs/Gojuryu_newaza.pdf and docs/Gojuryu_newaza_extracted.txt first.,candidate
C02538,src/content/newaza/kakie.md,base,Double Hand Kakie,line 41,general,Verhoogt complexiteit,Use docs/Gojuryu_newaza.pdf and docs/Gojuryu_newaza_extracted.txt first.,candidate
C02539,src/content/newaza/kakie.md,base,Double Hand Kakie,line 42,general,Ontwikkelt beide handen,Use docs/Gojuryu_newaza.pdf and docs/Gojuryu_newaza_extracted.txt first.,candidate
C02540,src/content/newaza/kakie.md,base,Double Hand Kakie,line 43,general,Leert coördinatie,Use docs/Gojuryu_newaza.pdf and docs/Gojuryu_newaza_extracted.txt first.,candidate
C02541,src/content/newaza/kakie.md,base,Double Hand Kakie,line 44,general,Verbetert reactietijd,Use docs/Gojuryu_newaza.pdf and docs/Gojuryu_newaza_extracted.txt first.,candidate
C02542,src/content/newaza/kakie.md,base,Ground Kakie,line 46,general,Ground Kakie,Use docs/Gojuryu_newaza.pdf and docs/Gojuryu_newaza_extracted.txt first.,candidate
C02543,src/content/newaza/kakie.md,base,Ground Kakie,line 49,general,Voer kakie uit op de grond,Use docs/Gojuryu_newaza.pdf and docs/Gojuryu_newaza_extracted.txt first.,candidate
C02544,src/content/newaza/kakie.md,base,Ground Kakie,line 50,general,Gebruik verschillende posities,Use docs/Gojuryu_newaza.pdf and docs/Gojuryu_newaza_extracted.txt first.,candidate
C02545,src/content/newaza/kakie.md,base,Ground Kakie,line 51,general,Combineer met newaza technieken,Use docs/Gojuryu_newaza.pdf and docs/Gojuryu_newaza_extracted.txt first.,candidate
C02546,src/content/newaza/kakie.md,base,Ground Kakie,line 52,safety,Behoud contact tijdens bewegingen,Use docs/Gojuryu_newaza.pdf and docs/Gojuryu_newaza_extracted.txt first.,candidate
C02547,src/content/newaza/kakie.md,base,Ground Kakie,line 55,general,Past kakie toe in newaza context,Use docs/Gojuryu_newaza.pdf and docs/Gojuryu_newaza_extracted.txt first.,candidate
C02548,src/content/newaza/kakie.md,base,Ground Kakie,line 56,general,Ontwikkelt grondgevoeligheid,Use docs/Gojuryu_newaza.pdf and docs/Gojuryu_newaza_extracted.txt first.,candidate
C02549,src/content/newaza/kakie.md,base,Ground Kakie,line 57,general,Leert nieuwe toepassingen,Use docs/Gojuryu_newaza.pdf and docs/Gojuryu_newaza_extracted.txt first.,candidate
C02550,src/content/newaza/kakie.md,base,Ground Kakie,line 58,general,Verbetert grondbewegingen,Use docs/Gojuryu_newaza.pdf and docs/Gojuryu_newaza_extracted.txt first.,candidate
C02551,src/content/newaza/kakie.md,base,Geavanceerde Kakie Technieken,line 60,general,Geavanceerde Kakie Technieken,Use docs/Gojuryu_newaza.pdf and docs/Gojuryu_newaza_extracted.txt first.,candidate
C02552,src/content/newaza/kakie.md,base,Kakie met Transities,line 62,general,Kakie met Transities,Use docs/Gojuryu_newaza.pdf and docs/Gojuryu_newaza_extracted.txt first.,candidate
C02553,src/content/newaza/kakie.md,base,Kakie met Transities,line 65,general,Combineer kakie met positie transities,Use docs/Gojuryu_newaza.pdf and docs/Gojuryu_newaza_extracted.txt first.,candidate
C02554,src/content/newaza/kakie.md,base,Kakie met Transities,line 66,safety,Behoud contact tijdens bewegingen,Use docs/Gojuryu_newaza.pdf and docs/Gojuryu_newaza_extracted.txt first.,candidate
C02555,src/content/newaza/kakie.md,base,Kakie met Transities,line 67,general,Gebruik kakie om transities te initiëren,Use docs/Gojuryu_newaza.pdf and docs/Gojuryu_newaza_extracted.txt first.,candidate
C02556,src/content/newaza/kakie.md,base,Kakie met Transities,line 68,general,Leer vloeiende overgangen,Use docs/Gojuryu_newaza.pdf and docs/Gojuryu_newaza_extracted.txt first.,candidate
C02557,src/content/newaza/kakie.md,base,Kakie met Transities,line 71,general,Guard to mount transities,Use docs/Gojuryu_newaza.pdf and docs/Gojuryu_newaza_extracted.txt first.,candidate
C02558,src/content/newaza/kakie.md,base,Kakie met Transities,line 72,general,Side control to back transities,Use docs/Gojuryu_newaza.pdf and docs/Gojuryu_newaza_extracted.txt first.,candidate
C02559,src/content/newaza/kakie.md,base,Kakie met Transities,line 73,general,Mount to back transities,Use docs/Gojuryu_newaza.pdf and docs/Gojuryu_newaza_extracted.txt first.,candidate
C02560,src/content/newaza/kakie.md,base,Kakie met Transities,line 74,general,Escape sequences,Use docs/Gojuryu_newaza.pdf and docs/Gojuryu_newaza_extracted.txt first.,candidate
C02561,src/content/newaza/kakie.md,base,Kakie met Submissies,line 76,general,Kakie met Submissies,Use docs/Gojuryu_newaza.pdf and docs/Gojuryu_newaza_extracted.txt first.,candidate
C02562,src/content/newaza/kakie.md,base,Kakie met Submissies,line 79,general,Gebruik kakie om submissies te set-up,Use docs/Gojuryu_newaza.pdf and docs/Gojuryu_newaza_extracted.txt first.,candidate
C02563,src/content/newaza/kakie.md,base,Kakie met Submissies,line 80,general,Voel voor openingen in verdediging,Use docs/Gojuryu_newaza.pdf and docs/Gojuryu_newaza_extracted.txt first.,candidate
C02564,src/content/newaza/kakie.md,base,Kakie met Submissies,line 81,general,Timing van submissie pogingen,Use docs/Gojuryu_newaza.pdf and docs/Gojuryu_newaza_extracted.txt first.,candidate
C02565,src/content/newaza/kakie.md,base,Kakie met Submissies,line 82,general,Chain reaction technieken,Use docs/Gojuryu_newaza.pdf and docs/Gojuryu_newaza_extracted.txt first.,candidate
C02566,src/content/newaza/kakie.md,base,Kakie met Submissies,line 85,general,Armbar set-ups,Use docs/Gojuryu_newaza.pdf and docs/Gojuryu_newaza_extracted.txt first.,candidate
C02567,src/content/newaza/kakie.md,base,Kakie met Submissies,line 86,general,Triangle choke entries,Use docs/Gojuryu_newaza.pdf and docs/Gojuryu_newaza_extracted.txt first.,candidate
C02568,src/content/newaza/kakie.md,base,Kakie met Submissies,line 87,general,Kimura opportunities,Use docs/Gojuryu_newaza.pdf and docs/Gojuryu_newaza_extracted.txt first.,candidate
C02569,src/content/newaza/kakie.md,base,Kakie met Submissies,line 88,general,Guillotine attempts,Use docs/Gojuryu_newaza.pdf and docs/Gojuryu_newaza_extracted.txt first.,candidate
C02570,src/content/newaza/kakie.md,base,Training Methodologie,line 90,general,Training Methodologie,Use docs/Gojuryu_newaza.pdf and docs/Gojuryu_newaza_extracted.txt first.,candidate
C02571,src/content/newaza/kakie.md,base,Progressieve Oefening,line 92,general,Progressieve Oefening,Use docs/Gojuryu_newaza.pdf and docs/Gojuryu_newaza_extracted.txt first.,candidate
C02572,src/content/newaza/kakie.md,base,Progressieve Oefening,line 94,general,Static Kakie: Begin met statische oefeningen,Use docs/Gojuryu_newaza.pdf and docs/Gojuryu_newaza_extracted.txt first.,candidate
C02573,src/content/newaza/kakie.md,base,Progressieve Oefening,line 95,general,Dynamic Kakie: Voeg beweging toe,Use docs/Gojuryu_newaza.pdf and docs/Gojuryu_newaza_extracted.txt first.,candidate
C02574,src/content/newaza/kakie.md,base,Progressieve Oefening,line 96,general,Positional Kakie: Oefen in verschillende posities,Use docs/Gojuryu_newaza.pdf and docs/Gojuryu_newaza_extracted.txt first.,candidate
C02575,src/content/newaza/kakie.md,base,Progressieve Oefening,line 97,general,Live Kakie: Toepassing in echte situaties,Use docs/Gojuryu_newaza.pdf and docs/Gojuryu_newaza_extracted.txt first.,candidate
C02576,src/content/newaza/kakie.md,base,Partner Work,line 99,general,Partner Work,Use docs/Gojuryu_newaza.pdf and docs/Gojuryu_newaza_extracted.txt first.,candidate
C02577,src/content/newaza/kakie.md,base,Partner Work,line 102,safety,Communication: Houd constant contact met je partner,Use docs/Gojuryu_newaza.pdf and docs/Gojuryu_newaza_extracted.txt first.,candidate
C02578,src/content/newaza/kakie.md,base,Partner Work,line 103,general,Feedback: Geef en ontvang feedback,Use docs/Gojuryu_newaza.pdf and docs/Gojuryu_newaza_extracted.txt first.,candidate
C02579,src/content/newaza/kakie.md,base,Partner Work,line 104,general,Progression: Bouw geleidelijk op in moeilijkheid,Use docs/Gojuryu_newaza.pdf and docs/Gojuryu_newaza_extracted.txt first.,candidate
C02580,src/content/newaza/kakie.md,base,Partner Work,line 105,safety,Safety: Train altijd veilig,Use docs/Gojuryu_newaza.pdf and docs/Gojuryu_newaza_extracted.txt first.,candidate
C02581,src/content/newaza/kakie.md,base,Solo Oefening,line 107,general,Solo Oefening,Use docs/Gojuryu_newaza.pdf and docs/Gojuryu_newaza_extracted.txt first.,candidate
C02582,src/content/newaza/kakie.md,base,Solo Oefening,line 110,general,Shadow Kakie: Oefen bewegingen in de lucht,Use docs/Gojuryu_newaza.pdf and docs/Gojuryu_newaza_extracted.txt first.,candidate
C02583,src/content/newaza/kakie.md,base,Solo Oefening,line 111,general,Mirror Work: Oefen voor een spiegel,Use docs/Gojuryu_newaza.pdf and docs/Gojuryu_newaza_extracted.txt first.,candidate
C02584,src/content/newaza/kakie.md,base,Solo Oefening,line 112,general,Visualization: Visualiseer partner bewegingen,Use docs/Gojuryu_newaza.pdf and docs/Gojuryu_newaza_extracted.txt first.,candidate
C02585,src/content/newaza/kakie.md,base,Solo Oefening,line 113,general,Flow Drills: Creëer vloeiende bewegingen,Use docs/Gojuryu_newaza.pdf and docs/Gojuryu_newaza_extracted.txt first.,candidate
C02586,src/content/newaza/kakie.md,base,Toepassingen in Newaza,line 115,general,Toepassingen in Newaza,Use docs/Gojuryu_newaza.pdf and docs/Gojuryu_newaza_extracted.txt first.,candidate
C02587,src/content/newaza/kakie.md,base,Guard Positie,line 117,general,Guard Positie,Use docs/Gojuryu_newaza.pdf and docs/Gojuryu_newaza_extracted.txt first.,candidate
C02588,src/content/newaza/kakie.md,base,Guard Positie,line 119,general,In guard positie kan kakie worden gebruikt voor:,Use docs/Gojuryu_newaza.pdf and docs/Gojuryu_newaza_extracted.txt first.,candidate
C02589,src/content/newaza/kakie.md,base,Guard Positie,line 121,general,Sweep Set-ups: Voel voor sweep mogelijkheden,Use docs/Gojuryu_newaza.pdf and docs/Gojuryu_newaza_extracted.txt first.,candidate
C02590,src/content/newaza/kakie.md,base,Guard Positie,line 122,general,Submission Entries: Timing van submissie pogingen,Use docs/Gojuryu_newaza.pdf and docs/Gojuryu_newaza_extracted.txt first.,candidate
C02591,src/content/newaza/kakie.md,base,Guard Positie,line 123,general,Control: Behoud controle over je tegenstander,Use docs/Gojuryu_newaza.pdf and docs/Gojuryu_newaza_extracted.txt first.,candidate
C02592,src/content/newaza/kakie.md,base,Guard Positie,line 124,general,Transitions: Initieer positie transities,Use docs/Gojuryu_newaza.pdf and docs/Gojuryu_newaza_extracted.txt first.,candidate
C02593,src/content/newaza/kakie.md,base,Mount Positie,line 126,general,Mount Positie,Use docs/Gojuryu_newaza.pdf and docs/Gojuryu_newaza_extracted.txt first.,candidate
C02594,src/content/newaza/kakie.md,base,Mount Positie,line 130,general,Balance: Behoud balans tijdens bewegingen,Use docs/Gojuryu_newaza.pdf and docs/Gojuryu_newaza_extracted.txt first.,candidate
C02595,src/content/newaza/kakie.md,base,Mount Positie,line 131,general,Control: Controleer de bewegingen van je tegenstander,Use docs/Gojuryu_newaza.pdf and docs/Gojuryu_newaza_extracted.txt first.,candidate
C02596,src/content/newaza/kakie.md,base,Mount Positie,line 132,general,Submissions: Timing van submissie technieken,Use docs/Gojuryu_newaza.pdf and docs/Gojuryu_newaza_extracted.txt first.,candidate
C02597,src/content/newaza/kakie.md,base,Mount Positie,line 133,general,Defense: Verdedig tegen escapes,Use docs/Gojuryu_newaza.pdf and docs/Gojuryu_newaza_extracted.txt first.,candidate
C02598,src/content/newaza/kakie.md,base,Side Control,line 135,general,Side Control,Use docs/Gojuryu_newaza.pdf and docs/Gojuryu_newaza_extracted.txt first.,candidate
C02599,src/content/newaza/kakie.md,base,Side Control,line 139,general,Pressure: Oefen effectieve druk uit,Use docs/Gojuryu_newaza.pdf and docs/Gojuryu_newaza_extracted.txt first.,candidate
C02600,src/content/newaza/kakie.md,base,Side Control,line 140,general,Transitions: Maak overgangen naar andere posities,Use docs/Gojuryu_newaza.pdf and docs/Gojuryu_newaza_extracted.txt first.,candidate
C02601,src/content/newaza/kakie.md,base,Side Control,line 141,general,Control: Behoud controle over je tegenstander,Use docs/Gojuryu_newaza.pdf and docs/Gojuryu_newaza_extracted.txt first.,candidate
C02602,src/content/newaza/kakie.md,base,Side Control,line 142,general,Submissions: Set-up submissie technieken,Use docs/Gojuryu_newaza.pdf and docs/Gojuryu_newaza_extracted.txt first.,candidate
C02603,src/content/newaza/kakie.md,base,Veiligheid en Etiquette,line 144,safety,Veiligheid en Etiquette,Use docs/Gojuryu_newaza.pdf and docs/Gojuryu_newaza_extracted.txt first.,candidate
C02604,src/content/newaza/kakie.md,base,Veiligheidsrichtlijnen,line 146,safety,Veiligheidsrichtlijnen,Use docs/Gojuryu_newaza.pdf and docs/Gojuryu_newaza_extracted.txt first.,candidate
C02605,src/content/newaza/kakie.md,base,Veiligheidsrichtlijnen,line 148,safety,Controlled Environment: Train altijd in een veilige ruimte,Use docs/Gojuryu_newaza.pdf and docs/Gojuryu_newaza_extracted.txt first.,candidate
C02606,src/content/newaza/kakie.md,base,Veiligheidsrichtlijnen,line 149,safety,Partner Communication: Houd constant contact met je trainingspartner,Use docs/Gojuryu_newaza.pdf and docs/Gojuryu_newaza_extracted.txt first.,candidate
C02607,src/content/newaza/kakie.md,base,Veiligheidsrichtlijnen,line 150,general,Gradual Progression: Begin met basis oefeningen,Use docs/Gojuryu_newaza.pdf and docs/Gojuryu_newaza_extracted.txt first.,candidate
C02608,src/content/newaza/kakie.md,base,Veiligheidsrichtlijnen,line 151,general,Respect: Respecteer de grenzen van je trainingspartner,Use docs/Gojuryu_newaza.pdf and docs/Gojuryu_newaza_extracted.txt first.,candidate
C02609,src/content/newaza/kakie.md,base,Kakie Etiquette,line 153,general,Kakie Etiquette,Use docs/Gojuryu_newaza.pdf and docs/Gojuryu_newaza_extracted.txt first.,candidate
C02610,src/content/newaza/kakie.md,base,Kakie Etiquette,line 155,general,Respect: Toon respect voor je trainingspartner,Use docs/Gojuryu_newaza.pdf and docs/Gojuryu_newaza_extracted.txt first.,candidate
C02611,src/content/newaza/kakie.md,base,Kakie Etiquette,line 156,general,Patience: Heb geduld tijdens het leren,Use docs/Gojuryu_newaza.pdf and docs/Gojuryu_newaza_extracted.txt first.,candidate
C02612,src/content/newaza/kakie.md,base,Kakie Etiquette,line 157,general,Feedback: Geef constructieve feedback,Use docs/Gojuryu_newaza.pdf and docs/Gojuryu_newaza_extracted.txt first.,candidate
C02613,src/content/newaza/kakie.md,base,Kakie Etiquette,line 158,general,Learning: Blijf altijd leren en verbeteren,Use docs/Gojuryu_newaza.pdf and docs/Gojuryu_newaza_extracted.txt first.,candidate
C02614,src/content/newaza/kakie.md,base,Voordelen van Kakie Training,line 160,general,Voordelen van Kakie Training,Use docs/Gojuryu_newaza.pdf and docs/Gojuryu_newaza_extracted.txt first.,candidate
C02615,src/content/newaza/kakie.md,base,Fysieke Voordelen,line 162,general,Fysieke Voordelen,Use docs/Gojuryu_newaza.pdf and docs/Gojuryu_newaza_extracted.txt first.,candidate
C02616,src/content/newaza/kakie.md,base,Fysieke Voordelen,line 164,general,Sensitivity: Verhoogde tactiele gevoeligheid,Use docs/Gojuryu_newaza.pdf and docs/Gojuryu_newaza_extracted.txt first.,candidate
C02617,src/content/newaza/kakie.md,base,Fysieke Voordelen,line 165,general,Coordination: Verbeterde coördinatie,Use docs/Gojuryu_newaza.pdf and docs/Gojuryu_newaza_extracted.txt first.,candidate
C02618,src/content/newaza/kakie.md,base,Fysieke Voordelen,line 166,general,Timing: Beter timing voor technieken,Use docs/Gojuryu_newaza.pdf and docs/Gojuryu_newaza_extracted.txt first.,candidate
C02619,src/content/newaza/kakie.md,base,Fysieke Voordelen,line 167,general,Flow: Vloeiendere bewegingen,Use docs/Gojuryu_newaza.pdf and docs/Gojuryu_newaza_extracted.txt first.,candidate
C02620,src/content/newaza/kakie.md,base,Mentale Voordelen,line 169,general,Mentale Voordelen,Use docs/Gojuryu_newaza.pdf and docs/Gojuryu_newaza_extracted.txt first.,candidate
C02621,src/content/newaza/kakie.md,base,Mentale Voordelen,line 171,general,Focus: Verbeterde concentratie,Use docs/Gojuryu_newaza.pdf and docs/Gojuryu_newaza_extracted.txt first.,candidate
C02622,src/content/newaza/kakie.md,base,Mentale Voordelen,line 172,general,Awareness: Verhoogd bewustzijn,Use docs/Gojuryu_newaza.pdf and docs/Gojuryu_newaza_extracted.txt first.,candidate
C02623,src/content/newaza/kakie.md,base,Mentale Voordelen,line 173,general,Patience: Meer geduld,Use docs/Gojuryu_newaza.pdf and docs/Gojuryu_newaza_extracted.txt first.,candidate
C02624,src/content/newaza/kakie.md,base,Mentale Voordelen,line 174,general,Calmness: Kalmte onder druk,Use docs/Gojuryu_newaza.pdf and docs/Gojuryu_newaza_extracted.txt first.,candidate
C02625,src/content/newaza/kakie.md,base,Technische Voordelen,line 176,general,Technische Voordelen,Use docs/Gojuryu_newaza.pdf and docs/Gojuryu_newaza_extracted.txt first.,candidate
C02626,src/content/newaza/kakie.md,base,Technische Voordelen,line 178,general,Control: Betere controle over technieken,Use docs/Gojuryu_newaza.pdf and docs/Gojuryu_newaza_extracted.txt first.,candidate
C02627,src/content/newaza/kakie.md,base,Technische Voordelen,line 179,general,Timing: Preciezere timing,Use docs/Gojuryu_newaza.pdf and docs/Gojuryu_newaza_extracted.txt first.,candidate
C02628,src/content/newaza/kakie.md,base,Technische Voordelen,line 180,general,Efficiency: Efficiëntere bewegingen,Use docs/Gojuryu_newaza.pdf and docs/Gojuryu_newaza_extracted.txt first.,candidate
C02629,src/content/newaza/kakie.md,base,Technische Voordelen,line 181,general,Effectiveness: Effectievere technieken,Use docs/Gojuryu_newaza.pdf and docs/Gojuryu_newaza_extracted.txt first.,candidate
C02630,src/content/newaza/techniques.md,base,techniques,line 1,general,Newaza technieken zijn de specifieke bewegingen en methoden die worden gebruikt in grondgevecht. Deze technieken zijn georganiseerd in verschillende categorieën en vormen de basis van effectief newaza.,Use docs/Gojuryu_newaza.pdf and docs/Gojuryu_newaza_extracted.txt first.,candidate
C02631,src/content/newaza/techniques.md,base,Categorieën van Technieken,line 3,general,Categorieën van Technieken,Use docs/Gojuryu_newaza.pdf and docs/Gojuryu_newaza_extracted.txt first.,candidate
C02632,src/content/newaza/techniques.md,base,Positie Technieken,line 5,general,Positie Technieken,Use docs/Gojuryu_newaza.pdf and docs/Gojuryu_newaza_extracted.txt first.,candidate
C02633,src/content/newaza/techniques.md,base,Positie Technieken,line 7,technique,Positie technieken zijn gericht op het verkrijgen en behouden van dominante posities.,Use docs/Gojuryu_newaza.pdf and docs/Gojuryu_newaza_extracted.txt first.,candidate
C02634,src/content/newaza/techniques.md,base,Guard Passes,line 9,general,Guard Passes,Use docs/Gojuryu_newaza.pdf and docs/Gojuryu_newaza_extracted.txt first.,candidate
C02635,src/content/newaza/techniques.md,base,Guard Passes,line 12,general,Beschrijving: Passeren van de guard door één been te controleren,Use docs/Gojuryu_newaza.pdf and docs/Gojuryu_newaza_extracted.txt first.,candidate
C02636,src/content/newaza/techniques.md,base,Guard Passes,line 13,general,"Stappen: 1) Controleer één been, 2) Druk het andere been weg, 3) Stap over",Use docs/Gojuryu_newaza.pdf and docs/Gojuryu_newaza_extracted.txt first.,candidate
C02637,src/content/newaza/techniques.md,base,Guard Passes,line 14,general,"Toepassingen: Basis guard pass, werkt tegen veel guard types",Use docs/Gojuryu_newaza.pdf and docs/Gojuryu_newaza_extracted.txt first.,candidate
C02638,src/content/newaza/techniques.md,base,Guard Passes,line 17,general,Beschrijving: Passeren door beide benen te controleren,Use docs/Gojuryu_newaza.pdf and docs/Gojuryu_newaza_extracted.txt first.,candidate
C02639,src/content/newaza/techniques.md,base,Guard Passes,line 18,general,"Stappen: 1) Grijp beide benen, 2) Druk ze naar beneden, 3) Stap over",Use docs/Gojuryu_newaza.pdf and docs/Gojuryu_newaza_extracted.txt first.,candidate
C02640,src/content/newaza/techniques.md,base,Guard Passes,line 19,general,Toepassingen: Effectief tegen closed guard,Use docs/Gojuryu_newaza.pdf and docs/Gojuryu_newaza_extracted.txt first.,candidate
C02641,src/content/newaza/techniques.md,base,Guard Passes,line 22,general,Beschrijving: Passeren door de benen omhoog te duwen,Use docs/Gojuryu_newaza.pdf and docs/Gojuryu_newaza_extracted.txt first.,candidate
C02642,src/content/newaza/techniques.md,base,Guard Passes,line 23,general,"Stappen: 1) Grijp de benen, 2) Duw ze omhoog, 3) Stap over",Use docs/Gojuryu_newaza.pdf and docs/Gojuryu_newaza_extracted.txt first.,candidate
C02643,src/content/newaza/techniques.md,base,Guard Passes,line 24,general,Toepassingen: Werkt tegen flexible guard spelers,Use docs/Gojuryu_newaza.pdf and docs/Gojuryu_newaza_extracted.txt first.,candidate
C02644,src/content/newaza/techniques.md,base,Mount Techniques,line 26,general,Mount Techniques,Use docs/Gojuryu_newaza.pdf and docs/Gojuryu_newaza_extracted.txt first.,candidate
C02645,src/content/newaza/techniques.md,base,Mount Techniques,line 29,general,Beschrijving: Ontsnappen uit mount positie,Use docs/Gojuryu_newaza.pdf and docs/Gojuryu_newaza_extracted.txt first.,candidate
C02646,src/content/newaza/techniques.md,base,Mount Techniques,line 30,general,"Stappen: 1) Bridge, 2) Hip escape, 3) Guard recovery",Use docs/Gojuryu_newaza.pdf and docs/Gojuryu_newaza_extracted.txt first.,candidate
C02647,src/content/newaza/techniques.md,base,Mount Techniques,line 31,general,Toepassingen: Basis mount escape,Use docs/Gojuryu_newaza.pdf and docs/Gojuryu_newaza_extracted.txt first.,candidate
C02648,src/content/newaza/techniques.md,base,Mount Techniques,line 34,general,Beschrijving: Behoud van mount positie,Use docs/Gojuryu_newaza.pdf and docs/Gojuryu_newaza_extracted.txt first.,candidate
C02649,src/content/newaza/techniques.md,base,Mount Techniques,line 35,general,"Stappen: 1) Low base, 2) Hip control, 3) Pressure",Use docs/Gojuryu_newaza.pdf and docs/Gojuryu_newaza_extracted.txt first.,candidate
C02650,src/content/newaza/techniques.md,base,Mount Techniques,line 36,general,Toepassingen: Dominantie behouden,Use docs/Gojuryu_newaza.pdf and docs/Gojuryu_newaza_extracted.txt first.,candidate
C02651,src/content/newaza/techniques.md,base,Submissie Technieken,line 38,general,Submissie Technieken,Use docs/Gojuryu_newaza.pdf and docs/Gojuryu_newaza_extracted.txt first.,candidate
C02652,src/content/newaza/techniques.md,base,Submissie Technieken,line 40,technique,Submissie technieken zijn gericht op het dwingen van een tegenstander tot overgave.,Use docs/Gojuryu_newaza.pdf and docs/Gojuryu_newaza_extracted.txt first.,candidate
C02653,src/content/newaza/techniques.md,base,Joint Locks,line 45,general,Beschrijving: Klem op de elleboog,Use docs/Gojuryu_newaza.pdf and docs/Gojuryu_newaza_extracted.txt first.,candidate
C02654,src/content/newaza/techniques.md,base,Joint Locks,line 46,general,"Stappen: 1) Isolate arm, 2) Control wrist, 3) Apply pressure",Use docs/Gojuryu_newaza.pdf and docs/Gojuryu_newaza_extracted.txt first.,candidate
C02655,src/content/newaza/techniques.md,base,Joint Locks,line 47,general,"Toepassingen: Vanuit guard, mount, side control",Use docs/Gojuryu_newaza.pdf and docs/Gojuryu_newaza_extracted.txt first.,candidate
C02656,src/content/newaza/techniques.md,base,Joint Locks,line 50,general,Beschrijving: Klem op de schouder,Use docs/Gojuryu_newaza.pdf and docs/Gojuryu_newaza_extracted.txt first.,candidate
C02657,src/content/newaza/techniques.md,base,Joint Locks,line 51,general,"Stappen: 1) Grip wrist, 2) Figure-four grip, 3) Rotate",Use docs/Gojuryu_newaza.pdf and docs/Gojuryu_newaza_extracted.txt first.,candidate
C02658,src/content/newaza/techniques.md,base,Joint Locks,line 52,general,"Toepassingen: Vanuit guard, side control, mount",Use docs/Gojuryu_newaza.pdf and docs/Gojuryu_newaza_extracted.txt first.,candidate
C02659,src/content/newaza/techniques.md,base,Joint Locks,line 55,general,Beschrijving: Klem op de schouder (omgekeerde richting),Use docs/Gojuryu_newaza.pdf and docs/Gojuryu_newaza_extracted.txt first.,candidate
C02660,src/content/newaza/techniques.md,base,Joint Locks,line 56,general,"Stappen: 1) Grip wrist, 2) Figure-four grip, 3) Rotate opposite",Use docs/Gojuryu_newaza.pdf and docs/Gojuryu_newaza_extracted.txt first.,candidate
C02661,src/content/newaza/techniques.md,base,Joint Locks,line 57,general,"Toepassingen: Vanuit mount, side control",Use docs/Gojuryu_newaza.pdf and docs/Gojuryu_newaza_extracted.txt first.,candidate
C02662,src/content/newaza/techniques.md,base,Chokes,line 62,general,Beschrijving: Wurging van achteren,Use docs/Gojuryu_newaza.pdf and docs/Gojuryu_newaza_extracted.txt first.,candidate
C02663,src/content/newaza/techniques.md,base,Chokes,line 63,general,"Stappen: 1) Back control, 2) Grip under chin, 3) Squeeze",Use docs/Gojuryu_newaza.pdf and docs/Gojuryu_newaza_extracted.txt first.,candidate
C02664,src/content/newaza/techniques.md,base,Chokes,line 64,general,Toepassingen: Vanuit back control,Use docs/Gojuryu_newaza.pdf and docs/Gojuryu_newaza_extracted.txt first.,candidate
C02665,src/content/newaza/techniques.md,base,Chokes,line 67,general,Beschrijving: Wurging met de benen,Use docs/Gojuryu_newaza.pdf and docs/Gojuryu_newaza_extracted.txt first.,candidate
C02666,src/content/newaza/techniques.md,base,Chokes,line 68,general,"Stappen: 1) Trap arm, 2) Cross legs, 3) Squeeze",Use docs/Gojuryu_newaza.pdf and docs/Gojuryu_newaza_extracted.txt first.,candidate
C02667,src/content/newaza/techniques.md,base,Chokes,line 69,general,Toepassingen: Vanuit guard,Use docs/Gojuryu_newaza.pdf and docs/Gojuryu_newaza_extracted.txt first.,candidate
C02668,src/content/newaza/techniques.md,base,Chokes,line 72,general,Beschrijving: Wurging van voren,Use docs/Gojuryu_newaza.pdf and docs/Gojuryu_newaza_extracted.txt first.,candidate
C02669,src/content/newaza/techniques.md,base,Chokes,line 73,general,"Stappen: 1) Grip under chin, 2) Pull down, 3) Squeeze",Use docs/Gojuryu_newaza.pdf and docs/Gojuryu_newaza_extracted.txt first.,candidate
C02670,src/content/newaza/techniques.md,base,Chokes,line 74,general,"Toepassingen: Vanuit guard, front headlock",Use docs/Gojuryu_newaza.pdf and docs/Gojuryu_newaza_extracted.txt first.,candidate
C02671,src/content/newaza/techniques.md,base,Sweep Technieken,line 76,general,Sweep Technieken,Use docs/Gojuryu_newaza.pdf and docs/Gojuryu_newaza_extracted.txt first.,candidate
C02672,src/content/newaza/techniques.md,base,Sweep Technieken,line 78,technique,Sweep technieken zijn gericht op het omverwerpen van een tegenstander.,Use docs/Gojuryu_newaza.pdf and docs/Gojuryu_newaza_extracted.txt first.,candidate
C02673,src/content/newaza/techniques.md,base,Guard Sweeps,line 80,general,Guard Sweeps,Use docs/Gojuryu_newaza.pdf and docs/Gojuryu_newaza_extracted.txt first.,candidate
C02674,src/content/newaza/techniques.md,base,Guard Sweeps,line 83,general,Beschrijving: Omverwerping met schaar beweging,Use docs/Gojuryu_newaza.pdf and docs/Gojuryu_newaza_extracted.txt first.,candidate
C02675,src/content/newaza/techniques.md,base,Guard Sweeps,line 84,general,"Stappen: 1) Grip collar and sleeve, 2) Scissor legs, 3) Roll",Use docs/Gojuryu_newaza.pdf and docs/Gojuryu_newaza_extracted.txt first.,candidate
C02676,src/content/newaza/techniques.md,base,Guard Sweeps,line 85,general,Toepassingen: Vanuit closed guard,Use docs/Gojuryu_newaza.pdf and docs/Gojuryu_newaza_extracted.txt first.,candidate
C02677,src/content/newaza/techniques.md,base,Guard Sweeps,line 88,general,Beschrijving: Omverwerping met heup beweging,Use docs/Gojuryu_newaza.pdf and docs/Gojuryu_newaza_extracted.txt first.,candidate
C02678,src/content/newaza/techniques.md,base,Guard Sweeps,line 89,general,"Stappen: 1) Bridge hips, 2) Grip arm, 3) Roll",Use docs/Gojuryu_newaza.pdf and docs/Gojuryu_newaza_extracted.txt first.,candidate
C02679,src/content/newaza/techniques.md,base,Guard Sweeps,line 90,general,Toepassingen: Vanuit closed guard,Use docs/Gojuryu_newaza.pdf and docs/Gojuryu_newaza_extracted.txt first.,candidate
C02680,src/content/newaza/techniques.md,base,Guard Sweeps,line 93,general,Beschrijving: Omverwerping met butterfly guard,Use docs/Gojuryu_newaza.pdf and docs/Gojuryu_newaza_extracted.txt first.,candidate
C02681,src/content/newaza/techniques.md,base,Guard Sweeps,line 94,general,"Stappen: 1) Hook legs, 2) Grip arms, 3) Elevate and roll",Use docs/Gojuryu_newaza.pdf and docs/Gojuryu_newaza_extracted.txt first.,candidate
C02682,src/content/newaza/techniques.md,base,Guard Sweeps,line 95,general,Toepassingen: Vanuit butterfly guard,Use docs/Gojuryu_newaza.pdf and docs/Gojuryu_newaza_extracted.txt first.,candidate
C02683,src/content/newaza/techniques.md,base,Escape Technieken,line 97,general,Escape Technieken,Use docs/Gojuryu_newaza.pdf and docs/Gojuryu_newaza_extracted.txt first.,candidate
C02684,src/content/newaza/techniques.md,base,Escape Technieken,line 99,safety,Escape technieken zijn gericht op het ontkomen uit gevaarlijke posities.,Use docs/Gojuryu_newaza.pdf and docs/Gojuryu_newaza_extracted.txt first.,candidate
C02685,src/content/newaza/techniques.md,base,Guard Recovery,line 101,general,Guard Recovery,Use docs/Gojuryu_newaza.pdf and docs/Gojuryu_newaza_extracted.txt first.,candidate
C02686,src/content/newaza/techniques.md,base,Guard Recovery,line 104,general,Beschrijving: Ontsnappen met heup beweging,Use docs/Gojuryu_newaza.pdf and docs/Gojuryu_newaza_extracted.txt first.,candidate
C02687,src/content/newaza/techniques.md,base,Guard Recovery,line 105,general,"Stappen: 1) Bridge, 2) Hip out, 3) Frame",Use docs/Gojuryu_newaza.pdf and docs/Gojuryu_newaza_extracted.txt first.,candidate
C02688,src/content/newaza/techniques.md,base,Guard Recovery,line 106,general,"Toepassingen: Vanuit side control, mount",Use docs/Gojuryu_newaza.pdf and docs/Gojuryu_newaza_extracted.txt first.,candidate
C02689,src/content/newaza/techniques.md,base,Guard Recovery,line 109,general,Beschrijving: Omverwerping met bridge,Use docs/Gojuryu_newaza.pdf and docs/Gojuryu_newaza_extracted.txt first.,candidate
C02690,src/content/newaza/techniques.md,base,Guard Recovery,line 110,general,"Stappen: 1) Bridge, 2) Roll, 3) Guard recovery",Use docs/Gojuryu_newaza.pdf and docs/Gojuryu_newaza_extracted.txt first.,candidate
C02691,src/content/newaza/techniques.md,base,Guard Recovery,line 111,general,Toepassingen: Vanuit mount,Use docs/Gojuryu_newaza.pdf and docs/Gojuryu_newaza_extracted.txt first.,candidate
C02692,src/content/newaza/techniques.md,base,Guard Recovery,line 114,general,Beschrijving: Ontsnappen met frames,Use docs/Gojuryu_newaza.pdf and docs/Gojuryu_newaza_extracted.txt first.,candidate
C02693,src/content/newaza/techniques.md,base,Guard Recovery,line 115,general,"Stappen: 1) Create frames, 2) Create space, 3) Escape",Use docs/Gojuryu_newaza.pdf and docs/Gojuryu_newaza_extracted.txt first.,candidate
C02694,src/content/newaza/techniques.md,base,Guard Recovery,line 116,general,"Toepassingen: Vanuit side control, mount",Use docs/Gojuryu_newaza.pdf and docs/Gojuryu_newaza_extracted.txt first.,candidate
C02695,src/content/newaza/techniques.md,base,Techniek Principes,line 118,general,Techniek Principes,Use docs/Gojuryu_newaza.pdf and docs/Gojuryu_newaza_extracted.txt first.,candidate
C02696,src/content/newaza/techniques.md,base,Leverage,line 122,general,Leverage is het gebruik van mechanische voordelen om kracht te vermenigvuldigen.,Use docs/Gojuryu_newaza.pdf and docs/Gojuryu_newaza_extracted.txt first.,candidate
C02697,src/content/newaza/techniques.md,base,Leverage,line 125,general,Fulcrum: Gebruik een draaipunt voor kracht,Use docs/Gojuryu_newaza.pdf and docs/Gojuryu_newaza_extracted.txt first.,candidate
C02698,src/content/newaza/techniques.md,base,Leverage,line 126,technique,Distance: Houd de juiste afstand,Use docs/Gojuryu_newaza.pdf and docs/Gojuryu_newaza_extracted.txt first.,candidate
C02699,src/content/newaza/techniques.md,base,Leverage,line 127,general,Angle: Gebruik de juiste hoek,Use docs/Gojuryu_newaza.pdf and docs/Gojuryu_newaza_extracted.txt first.,candidate
C02700,src/content/newaza/techniques.md,base,Leverage,line 128,general,Timing: Timing is cruciaal,Use docs/Gojuryu_newaza.pdf and docs/Gojuryu_newaza_extracted.txt first.,candidate
C02701,src/content/newaza/techniques.md,base,Pressure,line 132,general,Pressure is het uitoefenen van constante druk om controle te behouden.,Use docs/Gojuryu_newaza.pdf and docs/Gojuryu_newaza_extracted.txt first.,candidate
C02702,src/content/newaza/techniques.md,base,Pressure,line 135,general,Weight pressure: Gebruik je lichaamsgewicht,Use docs/Gojuryu_newaza.pdf and docs/Gojuryu_newaza_extracted.txt first.,candidate
C02703,src/content/newaza/techniques.md,base,Pressure,line 136,general,Grip pressure: Druk door grip,Use docs/Gojuryu_newaza.pdf and docs/Gojuryu_newaza_extracted.txt first.,candidate
C02704,src/content/newaza/techniques.md,base,Pressure,line 137,general,Positional pressure: Druk door positie,Use docs/Gojuryu_newaza.pdf and docs/Gojuryu_newaza_extracted.txt first.,candidate
C02705,src/content/newaza/techniques.md,base,Pressure,line 138,general,Psychological pressure: Mentale druk,Use docs/Gojuryu_newaza.pdf and docs/Gojuryu_newaza_extracted.txt first.,candidate
C02706,src/content/newaza/techniques.md,base,Flow,line 142,general,Flow is het vermogen om vloeiend tussen technieken te bewegen.,Use docs/Gojuryu_newaza.pdf and docs/Gojuryu_newaza_extracted.txt first.,candidate
C02707,src/content/newaza/techniques.md,base,Flow,line 145,general,Chain reactions: Koppel technieken aan elkaar,Use docs/Gojuryu_newaza.pdf and docs/Gojuryu_newaza_extracted.txt first.,candidate
C02708,src/content/newaza/techniques.md,base,Flow,line 146,general,Transitions: Vloeiende overgangen,Use docs/Gojuryu_newaza.pdf and docs/Gojuryu_newaza_extracted.txt first.,candidate
C02709,src/content/newaza/techniques.md,base,Flow,line 147,general,Adaptation: Aanpassing aan reacties,Use docs/Gojuryu_newaza.pdf and docs/Gojuryu_newaza_extracted.txt first.,candidate
C02710,src/content/newaza/techniques.md,base,Flow,line 148,general,Creativity: Creatieve toepassingen,Use docs/Gojuryu_newaza.pdf and docs/Gojuryu_newaza_extracted.txt first.,candidate
C02711,src/content/newaza/techniques.md,base,Training Methodologie,line 150,general,Training Methodologie,Use docs/Gojuryu_newaza.pdf and docs/Gojuryu_newaza_extracted.txt first.,candidate
C02712,src/content/newaza/techniques.md,base,Isolated Training,line 152,general,Isolated Training,Use docs/Gojuryu_newaza.pdf and docs/Gojuryu_newaza_extracted.txt first.,candidate
C02713,src/content/newaza/techniques.md,base,Isolated Training,line 156,general,Repetition: Herhaal technieken vele malen,Use docs/Gojuryu_newaza.pdf and docs/Gojuryu_newaza_extracted.txt first.,candidate
C02714,src/content/newaza/techniques.md,base,Isolated Training,line 157,general,Precision: Focus op precisie,Use docs/Gojuryu_newaza.pdf and docs/Gojuryu_newaza_extracted.txt first.,candidate
C02715,src/content/newaza/techniques.md,base,Isolated Training,line 158,general,Control: Oefen met controle,Use docs/Gojuryu_newaza.pdf and docs/Gojuryu_newaza_extracted.txt first.,candidate
C02716,src/content/newaza/techniques.md,base,Isolated Training,line 159,general,Feedback: Zoek feedback van instructeurs,Use docs/Gojuryu_newaza.pdf and docs/Gojuryu_newaza_extracted.txt first.,candidate
C02717,src/content/newaza/techniques.md,base,Combination Training,line 161,general,Combination Training,Use docs/Gojuryu_newaza.pdf and docs/Gojuryu_newaza_extracted.txt first.,candidate
C02718,src/content/newaza/techniques.md,base,Combination Training,line 165,general,Chain drilling: Oefen techniek ketens,Use docs/Gojuryu_newaza.pdf and docs/Gojuryu_newaza_extracted.txt first.,candidate
C02719,src/content/newaza/techniques.md,base,Combination Training,line 166,general,Flow drilling: Vloeiende combinaties,Use docs/Gojuryu_newaza.pdf and docs/Gojuryu_newaza_extracted.txt first.,candidate
C02720,src/content/newaza/techniques.md,base,Combination Training,line 167,general,Positional sparring: Specifieke posities,Use docs/Gojuryu_newaza.pdf and docs/Gojuryu_newaza_extracted.txt first.,candidate
C02721,src/content/newaza/techniques.md,base,Combination Training,line 168,general,Live training: Echte toepassing,Use docs/Gojuryu_newaza.pdf and docs/Gojuryu_newaza_extracted.txt first.,candidate
C02722,src/content/newaza/techniques.md,base,Application Training,line 170,general,Application Training,Use docs/Gojuryu_newaza.pdf and docs/Gojuryu_newaza_extracted.txt first.,candidate
C02723,src/content/newaza/techniques.md,base,Application Training,line 174,technique,Resistance training: Tegen weerstand,Use docs/Gojuryu_newaza.pdf and docs/Gojuryu_newaza_extracted.txt first.,candidate
C02724,src/content/newaza/techniques.md,base,Application Training,line 175,general,Speed training: Met snelheid,Use docs/Gojuryu_newaza.pdf and docs/Gojuryu_newaza_extracted.txt first.,candidate
C02725,src/content/newaza/techniques.md,base,Application Training,line 176,general,Pressure training: Onder druk,Use docs/Gojuryu_newaza.pdf and docs/Gojuryu_newaza_extracted.txt first.,candidate
C02726,src/content/newaza/techniques.md,base,Application Training,line 177,general,Competition: In wedstrijden,Use docs/Gojuryu_newaza.pdf and docs/Gojuryu_newaza_extracted.txt first.,candidate
C02727,src/content/newaza/techniques.md,base,Techniek Specifieke Veiligheid,line 181,safety,Techniek Specifieke Veiligheid,Use docs/Gojuryu_newaza.pdf and docs/Gojuryu_newaza_extracted.txt first.,candidate
C02728,src/content/newaza/techniques.md,base,Techniek Specifieke Veiligheid,line 183,general,Joint locks: Pas geleidelijk toe,Use docs/Gojuryu_newaza.pdf and docs/Gojuryu_newaza_extracted.txt first.,candidate
C02729,src/content/newaza/techniques.md,base,Techniek Specifieke Veiligheid,line 184,general,Chokes: Wees voorzichtig met druk,Use docs/Gojuryu_newaza.pdf and docs/Gojuryu_newaza_extracted.txt first.,candidate
C02730,src/content/newaza/techniques.md,base,Techniek Specifieke Veiligheid,line 185,general,Pressure: Respecteer grenzen,Use docs/Gojuryu_newaza.pdf and docs/Gojuryu_newaza_extracted.txt first.,candidate
C02731,src/content/newaza/techniques.md,base,Techniek Specifieke Veiligheid,line 186,general,Speed: Controleer snelheid,Use docs/Gojuryu_newaza.pdf and docs/Gojuryu_newaza_extracted.txt first.,candidate
C02732,src/content/newaza/techniques.md,base,Algemene Veiligheid,line 188,safety,Algemene Veiligheid,Use docs/Gojuryu_newaza.pdf and docs/Gojuryu_newaza_extracted.txt first.,candidate
C02733,src/content/newaza/techniques.md,base,Algemene Veiligheid,line 190,general,Warm-up: Altijd goed opwarmen,Use docs/Gojuryu_newaza.pdf and docs/Gojuryu_newaza_extracted.txt first.,candidate
C02734,src/content/newaza/techniques.md,base,Algemene Veiligheid,line 191,general,Cool-down: Afkoelen na training,Use docs/Gojuryu_newaza.pdf and docs/Gojuryu_newaza_extracted.txt first.,candidate
C02735,src/content/newaza/techniques.md,base,Algemene Veiligheid,line 192,general,Hydration: Blijf gehydrateerd,Use docs/Gojuryu_newaza.pdf and docs/Gojuryu_newaza_extracted.txt first.,candidate
C02736,src/content/newaza/techniques.md,base,Algemene Veiligheid,line 193,general,Rest: Neem voldoende rust,Use docs/Gojuryu_newaza.pdf and docs/Gojuryu_newaza_extracted.txt first.,candidate
C02737,src/content/newaza/techniques.md,base,Voortgang en Ontwikkeling,line 195,general,Voortgang en Ontwikkeling,Use docs/Gojuryu_newaza.pdf and docs/Gojuryu_newaza_extracted.txt first.,candidate
C02738,src/content/newaza/techniques.md,base,Beginner Niveau,line 197,general,Beginner Niveau,Use docs/Gojuryu_newaza.pdf and docs/Gojuryu_newaza_extracted.txt first.,candidate
C02739,src/content/newaza/techniques.md,base,Beginner Niveau,line 199,general,Basic positions: Leer basis posities,Use docs/Gojuryu_newaza.pdf and docs/Gojuryu_newaza_extracted.txt first.,candidate
C02740,src/content/newaza/techniques.md,base,Beginner Niveau,line 200,general,Simple techniques: Eenvoudige technieken,Use docs/Gojuryu_newaza.pdf and docs/Gojuryu_newaza_extracted.txt first.,candidate
C02741,src/content/newaza/techniques.md,base,Beginner Niveau,line 201,safety,Safety: Veiligheid voorop,Use docs/Gojuryu_newaza.pdf and docs/Gojuryu_newaza_extracted.txt first.,candidate
C02742,src/content/newaza/techniques.md,base,Beginner Niveau,line 202,general,Fundamentals: Sterke fundamenten,Use docs/Gojuryu_newaza.pdf and docs/Gojuryu_newaza_extracted.txt first.,candidate
C02743,src/content/newaza/techniques.md,base,Intermediate Niveau,line 204,general,Intermediate Niveau,Use docs/Gojuryu_newaza.pdf and docs/Gojuryu_newaza_extracted.txt first.,candidate
C02744,src/content/newaza/techniques.md,base,Intermediate Niveau,line 206,general,Complex techniques: Complexere technieken,Use docs/Gojuryu_newaza.pdf and docs/Gojuryu_newaza_extracted.txt first.,candidate
C02745,src/content/newaza/techniques.md,base,Intermediate Niveau,line 207,general,Combinations: Techniek combinaties,Use docs/Gojuryu_newaza.pdf and docs/Gojuryu_newaza_extracted.txt first.,candidate
C02746,src/content/newaza/techniques.md,base,Intermediate Niveau,line 208,general,Strategy: Strategisch denken,Use docs/Gojuryu_newaza.pdf and docs/Gojuryu_newaza_extracted.txt first.,candidate
C02747,src/content/newaza/techniques.md,base,Intermediate Niveau,line 209,general,Competition: Wedstrijd ervaring,Use docs/Gojuryu_newaza.pdf and docs/Gojuryu_newaza_extracted.txt first.,candidate
C02748,src/content/newaza/techniques.md,base,Advanced Niveau,line 211,general,Advanced Niveau,Use docs/Gojuryu_newaza.pdf and docs/Gojuryu_newaza_extracted.txt first.,candidate
C02749,src/content/newaza/techniques.md,base,Advanced Niveau,line 213,general,Innovation: Innovatieve toepassingen,Use docs/Gojuryu_newaza.pdf and docs/Gojuryu_newaza_extracted.txt first.,candidate
C02750,src/content/newaza/techniques.md,base,Advanced Niveau,line 214,general,Teaching: Lesgeven aan anderen,Use docs/Gojuryu_newaza.pdf and docs/Gojuryu_newaza_extracted.txt first.,candidate
C02751,src/content/newaza/techniques.md,base,Advanced Niveau,line 215,general,Refinement: Verfijning van technieken,Use docs/Gojuryu_newaza.pdf and docs/Gojuryu_newaza_extracted.txt first.,candidate
C02752,src/content/newaza/techniques.md,base,Advanced Niveau,line 216,general,Leadership: Leiderschap in dojo,Use docs/Gojuryu_newaza.pdf and docs/Gojuryu_newaza_extracted.txt first.,candidate
C02753,src/content/newaza/training-elements.md,base,training-elements,line 1,general,De trainingselementen van newaza vormen de basis voor alle grondgevecht technieken. Deze elementen zijn essentieel voor het ontwikkelen van de juiste vaardigheden en begrip van grondgevecht principes.,Use docs/Gojuryu_newaza.pdf and docs/Gojuryu_newaza_extracted.txt first.,candidate
C02754,src/content/newaza/training-elements.md,base,Basis Trainingselementen,line 3,general,Basis Trainingselementen,Use docs/Gojuryu_newaza.pdf and docs/Gojuryu_newaza_extracted.txt first.,candidate
C02755,src/content/newaza/training-elements.md,base,Balans en Stabiliteit,line 5,general,Balans en Stabiliteit,Use docs/Gojuryu_newaza.pdf and docs/Gojuryu_newaza_extracted.txt first.,candidate
C02756,src/content/newaza/training-elements.md,base,Balans en Stabiliteit,line 7,general,Balans is cruciaal in newaza. Zonder goede balans ben je kwetsbaar voor omverwerpingen en submissies.,Use docs/Gojuryu_newaza.pdf and docs/Gojuryu_newaza_extracted.txt first.,candidate
C02757,src/content/newaza/training-elements.md,base,Balans en Stabiliteit,line 10,general,Centrum van zwaartekracht: Houd je centrum laag en stabiel,Use docs/Gojuryu_newaza.pdf and docs/Gojuryu_newaza_extracted.txt first.,candidate
C02758,src/content/newaza/training-elements.md,base,Balans en Stabiliteit,line 11,general,"Basis: Zorg voor een brede, stabiele basis",Use docs/Gojuryu_newaza.pdf and docs/Gojuryu_newaza_extracted.txt first.,candidate
C02759,src/content/newaza/training-elements.md,base,Balans en Stabiliteit,line 12,general,Gewichtsverdeling: Verdeel je gewicht gelijkmatig,Use docs/Gojuryu_newaza.pdf and docs/Gojuryu_newaza_extracted.txt first.,candidate
C02760,src/content/newaza/training-elements.md,base,Balans en Stabiliteit,line 13,general,Kernstabiliteit: Gebruik je buikspieren voor stabiliteit,Use docs/Gojuryu_newaza.pdf and docs/Gojuryu_newaza_extracted.txt first.,candidate
C02761,src/content/newaza/training-elements.md,base,Positiecontrole,line 15,general,Positiecontrole,Use docs/Gojuryu_newaza.pdf and docs/Gojuryu_newaza_extracted.txt first.,candidate
C02762,src/content/newaza/training-elements.md,base,Positiecontrole,line 17,general,Het verkrijgen en behouden van dominante posities is fundamenteel in newaza.,Use docs/Gojuryu_newaza.pdf and docs/Gojuryu_newaza_extracted.txt first.,candidate
C02763,src/content/newaza/training-elements.md,base,Positiecontrole,line 20,general,Top positie: Probeer altijd boven je tegenstander te blijven,Use docs/Gojuryu_newaza.pdf and docs/Gojuryu_newaza_extracted.txt first.,candidate
C02764,src/content/newaza/training-elements.md,base,Positiecontrole,line 21,general,Hip control: Controleer de heupen van je tegenstander,Use docs/Gojuryu_newaza.pdf and docs/Gojuryu_newaza_extracted.txt first.,candidate
C02765,src/content/newaza/training-elements.md,base,Positiecontrole,line 22,general,Pressure: Oefen constante druk uit,Use docs/Gojuryu_newaza.pdf and docs/Gojuryu_newaza_extracted.txt first.,candidate
C02766,src/content/newaza/training-elements.md,base,Positiecontrole,line 23,general,Movement: Blijf in beweging om reacties te forceren,Use docs/Gojuryu_newaza.pdf and docs/Gojuryu_newaza_extracted.txt first.,candidate
C02767,src/content/newaza/training-elements.md,base,Grip en Greep,line 25,general,Grip en Greep,Use docs/Gojuryu_newaza.pdf and docs/Gojuryu_newaza_extracted.txt first.,candidate
C02768,src/content/newaza/training-elements.md,base,Grip en Greep,line 27,general,Effectieve grip technieken zijn essentieel voor controle en submissies.,Use docs/Gojuryu_newaza.pdf and docs/Gojuryu_newaza_extracted.txt first.,candidate
C02769,src/content/newaza/training-elements.md,base,Grip en Greep,line 30,general,Collar grip: Greep aan de kraag voor controle,Use docs/Gojuryu_newaza.pdf and docs/Gojuryu_newaza_extracted.txt first.,candidate
C02770,src/content/newaza/training-elements.md,base,Grip en Greep,line 31,general,Sleeve grip: Greep aan de mouw voor hefboom,Use docs/Gojuryu_newaza.pdf and docs/Gojuryu_newaza_extracted.txt first.,candidate
C02771,src/content/newaza/training-elements.md,base,Grip en Greep,line 32,general,Lapel grip: Greep aan de revers voor submissies,Use docs/Gojuryu_newaza.pdf and docs/Gojuryu_newaza_extracted.txt first.,candidate
C02772,src/content/newaza/training-elements.md,base,Grip en Greep,line 33,general,Cross grip: Kruisgrepen voor extra controle,Use docs/Gojuryu_newaza.pdf and docs/Gojuryu_newaza_extracted.txt first.,candidate
C02773,src/content/newaza/training-elements.md,base,Transities,line 37,general,Vloeiende overgangen tussen posities zijn cruciaal voor succesvolle newaza.,Use docs/Gojuryu_newaza.pdf and docs/Gojuryu_newaza_extracted.txt first.,candidate
C02774,src/content/newaza/training-elements.md,base,Transities,line 40,general,Hip movement: Gebruik je heupen voor krachtige bewegingen,Use docs/Gojuryu_newaza.pdf and docs/Gojuryu_newaza_extracted.txt first.,candidate
C02775,src/content/newaza/training-elements.md,base,Transities,line 41,general,Timing: Wacht op het juiste moment voor transities,Use docs/Gojuryu_newaza.pdf and docs/Gojuryu_newaza_extracted.txt first.,candidate
C02776,src/content/newaza/training-elements.md,base,Transities,line 42,general,Chain reactions: Koppel technieken aan elkaar,Use docs/Gojuryu_newaza.pdf and docs/Gojuryu_newaza_extracted.txt first.,candidate
C02777,src/content/newaza/training-elements.md,base,Transities,line 43,general,Recovery: Leer snel te herstellen van mislukte pogingen,Use docs/Gojuryu_newaza.pdf and docs/Gojuryu_newaza_extracted.txt first.,candidate
C02778,src/content/newaza/training-elements.md,base,Geavanceerde Elementen,line 45,general,Geavanceerde Elementen,Use docs/Gojuryu_newaza.pdf and docs/Gojuryu_newaza_extracted.txt first.,candidate
C02779,src/content/newaza/training-elements.md,base,Submissie Technieken,line 47,general,Submissie Technieken,Use docs/Gojuryu_newaza.pdf and docs/Gojuryu_newaza_extracted.txt first.,candidate
C02780,src/content/newaza/training-elements.md,base,Submissie Technieken,line 49,general,Submissies zijn technieken die een tegenstander dwingen tot overgave.,Use docs/Gojuryu_newaza.pdf and docs/Gojuryu_newaza_extracted.txt first.,candidate
C02781,src/content/newaza/training-elements.md,base,Submissie Technieken,line 52,general,"Joint locks: Gewrichtsklemmen (armbar, kimura, etc.)",Use docs/Gojuryu_newaza.pdf and docs/Gojuryu_newaza_extracted.txt first.,candidate
C02782,src/content/newaza/training-elements.md,base,Submissie Technieken,line 53,general,"Chokes: Wurgingen (rear naked choke, guillotine, etc.)",Use docs/Gojuryu_newaza.pdf and docs/Gojuryu_newaza_extracted.txt first.,candidate
C02783,src/content/newaza/training-elements.md,base,Submissie Technieken,line 54,general,"Pressure: Druk technieken (knee on belly, mount pressure)",Use docs/Gojuryu_newaza.pdf and docs/Gojuryu_newaza_extracted.txt first.,candidate
C02784,src/content/newaza/training-elements.md,base,Verdediging,line 58,general,Effectieve verdediging is net zo belangrijk als aanval.,Use docs/Gojuryu_newaza.pdf and docs/Gojuryu_newaza_extracted.txt first.,candidate
C02785,src/content/newaza/training-elements.md,base,Verdediging,line 61,general,Frame creation: Maak frames om ruimte te creëren,Use docs/Gojuryu_newaza.pdf and docs/Gojuryu_newaza_extracted.txt first.,candidate
C02786,src/content/newaza/training-elements.md,base,Verdediging,line 62,safety,Hip escape: Gebruik heup escapes om uit gevaarlijke posities te komen,Use docs/Gojuryu_newaza.pdf and docs/Gojuryu_newaza_extracted.txt first.,candidate
C02787,src/content/newaza/training-elements.md,base,Verdediging,line 63,general,Bridge and roll: Gebruik bridges om jezelf te bevrijden,Use docs/Gojuryu_newaza.pdf and docs/Gojuryu_newaza_extracted.txt first.,candidate
C02788,src/content/newaza/training-elements.md,base,Verdediging,line 64,general,Guard recovery: Herstel guard positie wanneer mogelijk,Use docs/Gojuryu_newaza.pdf and docs/Gojuryu_newaza_extracted.txt first.,candidate
C02789,src/content/newaza/training-elements.md,base,Conditioning,line 66,general,Conditioning,Use docs/Gojuryu_newaza.pdf and docs/Gojuryu_newaza_extracted.txt first.,candidate
C02790,src/content/newaza/training-elements.md,base,Conditioning,line 68,general,Fysieke conditie is essentieel voor newaza prestaties.,Use docs/Gojuryu_newaza.pdf and docs/Gojuryu_newaza_extracted.txt first.,candidate
C02791,src/content/newaza/training-elements.md,base,Conditioning,line 71,general,Cardio: Uithoudingsvermogen voor lange gevechten,Use docs/Gojuryu_newaza.pdf and docs/Gojuryu_newaza_extracted.txt first.,candidate
C02792,src/content/newaza/training-elements.md,base,Conditioning,line 72,general,Strength: Kracht voor effectieve technieken,Use docs/Gojuryu_newaza.pdf and docs/Gojuryu_newaza_extracted.txt first.,candidate
C02793,src/content/newaza/training-elements.md,base,Conditioning,line 73,general,Flexibility: Flexibiliteit voor complexe bewegingen,Use docs/Gojuryu_newaza.pdf and docs/Gojuryu_newaza_extracted.txt first.,candidate
C02794,src/content/newaza/training-elements.md,base,Conditioning,line 74,general,Recovery: Vermogen om snel te herstellen,Use docs/Gojuryu_newaza.pdf and docs/Gojuryu_newaza_extracted.txt first.,candidate
C02795,src/content/newaza/training-elements.md,base,Training Methodologie,line 76,general,Training Methodologie,Use docs/Gojuryu_newaza.pdf and docs/Gojuryu_newaza_extracted.txt first.,candidate
C02796,src/content/newaza/training-elements.md,base,Progressieve Oefening,line 78,general,Progressieve Oefening,Use docs/Gojuryu_newaza.pdf and docs/Gojuryu_newaza_extracted.txt first.,candidate
C02797,src/content/newaza/training-elements.md,base,Progressieve Oefening,line 80,general,Begin altijd met basis elementen en bouw geleidelijk op:,Use docs/Gojuryu_newaza.pdf and docs/Gojuryu_newaza_extracted.txt first.,candidate
C02798,src/content/newaza/training-elements.md,base,Progressieve Oefening,line 82,general,Isolated drills: Oefen individuele elementen,Use docs/Gojuryu_newaza.pdf and docs/Gojuryu_newaza_extracted.txt first.,candidate
C02799,src/content/newaza/training-elements.md,base,Progressieve Oefening,line 83,general,Combination drills: Combineer meerdere elementen,Use docs/Gojuryu_newaza.pdf and docs/Gojuryu_newaza_extracted.txt first.,candidate
C02800,src/content/newaza/training-elements.md,base,Progressieve Oefening,line 84,general,Live training: Toepassing in echte situaties,Use docs/Gojuryu_newaza.pdf and docs/Gojuryu_newaza_extracted.txt first.,candidate
C02801,src/content/newaza/training-elements.md,base,Progressieve Oefening,line 85,general,Competition: Test je vaardigheden onder druk,Use docs/Gojuryu_newaza.pdf and docs/Gojuryu_newaza_extracted.txt first.,candidate
C02802,src/content/newaza/training-elements.md,base,Feedback en Aanpassing,line 87,general,Feedback en Aanpassing,Use docs/Gojuryu_newaza.pdf and docs/Gojuryu_newaza_extracted.txt first.,candidate
C02803,src/content/newaza/training-elements.md,base,Feedback en Aanpassing,line 89,general,Constante feedback is essentieel voor verbetering:,Use docs/Gojuryu_newaza.pdf and docs/Gojuryu_newaza_extracted.txt first.,candidate
C02804,src/content/newaza/training-elements.md,base,Feedback en Aanpassing,line 91,general,Partner feedback: Luister naar je trainingspartner,Use docs/Gojuryu_newaza.pdf and docs/Gojuryu_newaza_extracted.txt first.,candidate
C02805,src/content/newaza/training-elements.md,base,Feedback en Aanpassing,line 92,grading,Instructor guidance: Zoek begeleiding van ervaren instructeurs,Use docs/Gojuryu_newaza.pdf and docs/Gojuryu_newaza_extracted.txt first.,candidate
C02806,src/content/newaza/training-elements.md,base,Feedback en Aanpassing,line 93,general,Video analysis: Analyseer je eigen prestaties,Use docs/Gojuryu_newaza.pdf and docs/Gojuryu_newaza_extracted.txt first.,candidate
C02807,src/content/newaza/training-elements.md,base,Feedback en Aanpassing,line 94,general,Self-reflection: Evalueer je eigen vooruitgang regelmatig,Use docs/Gojuryu_newaza.pdf and docs/Gojuryu_newaza_extracted.txt first.,candidate
C02808,src/data/graduations/10th-kyu.json,base,10th-kyu,title,grading,THE WAY TO 10TH KYU,Use grading syllabus files in src/data/graduations and any official grading regulations in local docs.,candidate
C02809,src/data/graduations/10th-kyu.json,base,10th-kyu,techniques[0].category,grading,Kihon Waza (Basic Techniques),Use grading syllabus files in src/data/graduations and any official grading regulations in local docs.,candidate
C02810,src/data/graduations/10th-kyu.json,base,10th-kyu,techniques[0].techniques[0],grading,Jodan age uke (Upper rising block),Use grading syllabus files in src/data/graduations and any official grading regulations in local docs.,candidate
C02811,src/data/graduations/10th-kyu.json,base,10th-kyu,techniques[0].techniques[1],grading,Chudan (soto) yoko uke (Middle/out/side block),Use grading syllabus files in src/data/graduations and any official grading regulations in local docs.,candidate
C02812,src/data/graduations/10th-kyu.json,base,10th-kyu,techniques[0].techniques[2],grading,Gedan harai uke / gedan barai (Lower sweeping block),Use grading syllabus files in src/data/graduations and any official grading regulations in local docs.,candidate
C02813,src/data/graduations/10th-kyu.json,base,10th-kyu,techniques[0].techniques[3],grading,Seiken zuki (Proper fist punch),Use grading syllabus files in src/data/graduations and any official grading regulations in local docs.,candidate
C02814,src/data/graduations/10th-kyu.json,base,10th-kyu,techniques[0].techniques[4],grading,Mae geri (Front kick),Use grading syllabus files in src/data/graduations and any official grading regulations in local docs.,candidate
C02815,src/data/graduations/10th-kyu.json,base,10th-kyu,techniques[0].techniques[5],grading,Mawashi geri (Roundhouse kick),Use grading syllabus files in src/data/graduations and any official grading regulations in local docs.,candidate
C02816,src/data/graduations/10th-kyu.json,base,10th-kyu,techniques[1].category,grading,Tachi Kata (Stances),Use grading syllabus files in src/data/graduations and any official grading regulations in local docs.,candidate
C02817,src/data/graduations/10th-kyu.json,base,10th-kyu,techniques[1].techniques[0],grading,Musubi dachi (Ready stance),Use grading syllabus files in src/data/graduations and any official grading regulations in local docs.,candidate
C02818,src/data/graduations/10th-kyu.json,base,10th-kyu,techniques[1].techniques[1],grading,Heiko dachi (Parallel stance),Use grading syllabus files in src/data/graduations and any official grading regulations in local docs.,candidate
C02819,src/data/graduations/10th-kyu.json,base,10th-kyu,techniques[1].techniques[2],grading,Zenkutsu dachi (Front stance),Use grading syllabus files in src/data/graduations and any official grading regulations in local docs.,candidate
C02820,src/data/graduations/10th-kyu.json,base,10th-kyu,techniques[2].category,grading,Unsoku Ho (Foot Work),Use grading syllabus files in src/data/graduations and any official grading regulations in local docs.,candidate
C02821,src/data/graduations/10th-kyu.json,base,10th-kyu,techniques[2].techniques[0],grading,Zenkutsu dachi,Use grading syllabus files in src/data/graduations and any official grading regulations in local docs.,candidate
C02822,src/data/graduations/10th-kyu.json,base,10th-kyu,techniques[3].category,grading,Hojo Undo (Supplemental Training),Use grading syllabus files in src/data/graduations and any official grading regulations in local docs.,candidate
C02823,src/data/graduations/10th-kyu.json,base,10th-kyu,techniques[3].techniques[0],grading,Makiwara (Focus pad),Use grading syllabus files in src/data/graduations and any official grading regulations in local docs.,candidate
C02824,src/data/graduations/10th-kyu.json,base,10th-kyu,techniques[3].techniques[1],grading,O gyaku zuki (Reverse punch),Use grading syllabus files in src/data/graduations and any official grading regulations in local docs.,candidate
C02825,src/data/graduations/10th-kyu.json,base,10th-kyu,techniques[3].techniques[2],grading,O mae geri (Front kick),Use grading syllabus files in src/data/graduations and any official grading regulations in local docs.,candidate
C02826,src/data/graduations/10th-kyu.json,base,10th-kyu,techniques[3].techniques[3],grading,O mawashi geri (Roundhouse kick),Use grading syllabus files in src/data/graduations and any official grading regulations in local docs.,candidate
C02827,src/data/graduations/10th-kyu.json,base,10th-kyu,knowledge[0].term,grading,Onegai shimasu,Use grading syllabus files in src/data/graduations and any official grading regulations in local docs.,candidate
C02828,src/data/graduations/10th-kyu.json,base,10th-kyu,knowledge[0].meaning,definition,Please teach/help me,Use grading syllabus files in src/data/graduations and any official grading regulations in local docs.,candidate
C02829,src/data/graduations/10th-kyu.json,base,10th-kyu,knowledge[1].term,grading,Arigato gozaimashita,Use grading syllabus files in src/data/graduations and any official grading regulations in local docs.,candidate
C02830,src/data/graduations/10th-kyu.json,base,10th-kyu,knowledge[1].meaning,definition,Thank you for teaching/helping me,Use grading syllabus files in src/data/graduations and any official grading regulations in local docs.,candidate
C02831,src/data/graduations/10th-kyu.json,base,10th-kyu,knowledge[2].term,grading,Sayonara,Use grading syllabus files in src/data/graduations and any official grading regulations in local docs.,candidate
C02832,src/data/graduations/10th-kyu.json,base,10th-kyu,knowledge[2].meaning,definition,Good bye,Use grading syllabus files in src/data/graduations and any official grading regulations in local docs.,candidate
C02833,src/data/graduations/10th-kyu.json,base,10th-kyu,knowledge[3].term,grading,Sensei,Use grading syllabus files in src/data/graduations and any official grading regulations in local docs.,candidate
C02834,src/data/graduations/10th-kyu.json,base,10th-kyu,knowledge[3].meaning,definition,Teacher/instructor,Use grading syllabus files in src/data/graduations and any official grading regulations in local docs.,candidate
C02835,src/data/graduations/10th-kyu.json,base,10th-kyu,knowledge[4].term,grading,Senpai,Use grading syllabus files in src/data/graduations and any official grading regulations in local docs.,candidate
C02836,src/data/graduations/10th-kyu.json,base,10th-kyu,knowledge[4].meaning,definition,Senior students,Use grading syllabus files in src/data/graduations and any official grading regulations in local docs.,candidate
C02837,src/data/graduations/10th-kyu.json,base,10th-kyu,knowledge[5].term,grading,Kohai,Use grading syllabus files in src/data/graduations and any official grading regulations in local docs.,candidate
C02838,src/data/graduations/10th-kyu.json,base,10th-kyu,knowledge[5].meaning,definition,Junior students,Use grading syllabus files in src/data/graduations and any official grading regulations in local docs.,candidate
C02839,src/data/graduations/10th-kyu.json,base,10th-kyu,knowledge[6].term,grading,Hai Sensei,Use grading syllabus files in src/data/graduations and any official grading regulations in local docs.,candidate
C02840,src/data/graduations/10th-kyu.json,base,10th-kyu,knowledge[6].meaning,definition,"Yes, teacher",Use grading syllabus files in src/data/graduations and any official grading regulations in local docs.,candidate
C02841,src/data/graduations/10th-kyu.json,base,10th-kyu,knowledge[7].term,grading,Karate,Use grading syllabus files in src/data/graduations and any official grading regulations in local docs.,candidate
C02842,src/data/graduations/10th-kyu.json,base,10th-kyu,knowledge[7].meaning,definition,Literally means empty hands,Use grading syllabus files in src/data/graduations and any official grading regulations in local docs.,candidate
C02843,src/data/graduations/10th-kyu.json,base,10th-kyu,knowledge[8].term,grading,Dojo,Use grading syllabus files in src/data/graduations and any official grading regulations in local docs.,candidate
C02844,src/data/graduations/10th-kyu.json,base,10th-kyu,knowledge[8].meaning,definition,Martial arts school,Use grading syllabus files in src/data/graduations and any official grading regulations in local docs.,candidate
C02845,src/data/graduations/10th-kyu.json,base,10th-kyu,knowledge[9].term,grading,Gi/dogi,Use grading syllabus files in src/data/graduations and any official grading regulations in local docs.,candidate
C02846,src/data/graduations/10th-kyu.json,base,10th-kyu,knowledge[9].meaning,definition,Training uniform,Use grading syllabus files in src/data/graduations and any official grading regulations in local docs.,candidate
C02847,src/data/graduations/10th-kyu.json,base,10th-kyu,knowledge[10].term,grading,Obi,Use grading syllabus files in src/data/graduations and any official grading regulations in local docs.,candidate
C02848,src/data/graduations/10th-kyu.json,base,10th-kyu,knowledge[10].meaning,definition,Belt,Use grading syllabus files in src/data/graduations and any official grading regulations in local docs.,candidate
C02849,src/data/graduations/10th-kyu.json,base,10th-kyu,knowledge[11].term,grading,"Jodan, chudan, gedan",Use grading syllabus files in src/data/graduations and any official grading regulations in local docs.,candidate
C02850,src/data/graduations/10th-kyu.json,base,10th-kyu,knowledge[11].meaning,definition,"Upper level, middle level, lower level",Use grading syllabus files in src/data/graduations and any official grading regulations in local docs.,candidate
C02851,src/data/graduations/10th-kyu.json,base,10th-kyu,history[0],grading,"Karate came from Okinawa, Japan",Use grading syllabus files in src/data/graduations and any official grading regulations in local docs.,candidate
C02852,src/data/graduations/10th-kyu.nl.json,nl,10th-kyu,title,grading,DE WEG NAAR 10E KYU,Use grading syllabus files in src/data/graduations and any official grading regulations in local docs.,candidate
C02853,src/data/graduations/10th-kyu.nl.json,nl,10th-kyu,techniques[0].category,grading,Kihon Waza (Basis Technieken),Use grading syllabus files in src/data/graduations and any official grading regulations in local docs.,candidate
C02854,src/data/graduations/10th-kyu.nl.json,nl,10th-kyu,techniques[0].techniques[0],grading,Jodan age uke (Bovenste opstekende blok),Use grading syllabus files in src/data/graduations and any official grading regulations in local docs.,candidate
C02855,src/data/graduations/10th-kyu.nl.json,nl,10th-kyu,techniques[0].techniques[1],grading,Chudan (soto) yoko uke (Middelste buitenste zijblok),Use grading syllabus files in src/data/graduations and any official grading regulations in local docs.,candidate
C02856,src/data/graduations/10th-kyu.nl.json,nl,10th-kyu,techniques[0].techniques[2],grading,Gedan harai uke / gedan barai (Onderste veegblok),Use grading syllabus files in src/data/graduations and any official grading regulations in local docs.,candidate
C02857,src/data/graduations/10th-kyu.nl.json,nl,10th-kyu,techniques[0].techniques[3],grading,Seiken zuki (Juiste vuiststoot),Use grading syllabus files in src/data/graduations and any official grading regulations in local docs.,candidate
C02858,src/data/graduations/10th-kyu.nl.json,nl,10th-kyu,techniques[0].techniques[4],grading,Mae geri (Voorwaartse trap),Use grading syllabus files in src/data/graduations and any official grading regulations in local docs.,candidate
C02859,src/data/graduations/10th-kyu.nl.json,nl,10th-kyu,techniques[0].techniques[5],grading,Mawashi geri (Ronde trap),Use grading syllabus files in src/data/graduations and any official grading regulations in local docs.,candidate
C02860,src/data/graduations/10th-kyu.nl.json,nl,10th-kyu,techniques[1].category,grading,Tachi Kata (Stances),Use grading syllabus files in src/data/graduations and any official grading regulations in local docs.,candidate
C02861,src/data/graduations/10th-kyu.nl.json,nl,10th-kyu,techniques[1].techniques[0],grading,Musubi dachi (Gereedheidshouding),Use grading syllabus files in src/data/graduations and any official grading regulations in local docs.,candidate
C02862,src/data/graduations/10th-kyu.nl.json,nl,10th-kyu,techniques[1].techniques[1],grading,Heiko dachi (Parallelle houding),Use grading syllabus files in src/data/graduations and any official grading regulations in local docs.,candidate
C02863,src/data/graduations/10th-kyu.nl.json,nl,10th-kyu,techniques[1].techniques[2],grading,Zenkutsu dachi (Voorwaartse houding),Use grading syllabus files in src/data/graduations and any official grading regulations in local docs.,candidate
C02864,src/data/graduations/10th-kyu.nl.json,nl,10th-kyu,techniques[2].category,grading,Unsoku Ho (Voetwerk),Use grading syllabus files in src/data/graduations and any official grading regulations in local docs.,candidate
C02865,src/data/graduations/10th-kyu.nl.json,nl,10th-kyu,techniques[2].techniques[0],grading,Zenkutsu dachi,Use grading syllabus files in src/data/graduations and any official grading regulations in local docs.,candidate
C02866,src/data/graduations/10th-kyu.nl.json,nl,10th-kyu,techniques[3].category,grading,Hojo Undo (Aanvullende Training),Use grading syllabus files in src/data/graduations and any official grading regulations in local docs.,candidate
C02867,src/data/graduations/10th-kyu.nl.json,nl,10th-kyu,techniques[3].techniques[0],grading,Makiwara (Focus pad),Use grading syllabus files in src/data/graduations and any official grading regulations in local docs.,candidate
C02868,src/data/graduations/10th-kyu.nl.json,nl,10th-kyu,techniques[3].techniques[1],grading,O gyaku zuki (Omgekeerde stoot),Use grading syllabus files in src/data/graduations and any official grading regulations in local docs.,candidate
C02869,src/data/graduations/10th-kyu.nl.json,nl,10th-kyu,techniques[3].techniques[2],grading,O mae geri (Voorwaartse trap),Use grading syllabus files in src/data/graduations and any official grading regulations in local docs.,candidate
C02870,src/data/graduations/10th-kyu.nl.json,nl,10th-kyu,techniques[3].techniques[3],grading,O mawashi geri (Ronde trap),Use grading syllabus files in src/data/graduations and any official grading regulations in local docs.,candidate
C02871,src/data/graduations/10th-kyu.nl.json,nl,10th-kyu,knowledge[0].term,grading,Onegai shimasu,Use grading syllabus files in src/data/graduations and any official grading regulations in local docs.,candidate
C02872,src/data/graduations/10th-kyu.nl.json,nl,10th-kyu,knowledge[0].meaning,definition,Leer mij alstublieft/help mij,Use grading syllabus files in src/data/graduations and any official grading regulations in local docs.,candidate
C02873,src/data/graduations/10th-kyu.nl.json,nl,10th-kyu,knowledge[1].term,grading,Arigato gozaimashita,Use grading syllabus files in src/data/graduations and any official grading regulations in local docs.,candidate
C02874,src/data/graduations/10th-kyu.nl.json,nl,10th-kyu,knowledge[1].meaning,definition,Dank u voor het onderwijzen/helpen,Use grading syllabus files in src/data/graduations and any official grading regulations in local docs.,candidate
C02875,src/data/graduations/10th-kyu.nl.json,nl,10th-kyu,knowledge[2].term,grading,Sayonara,Use grading syllabus files in src/data/graduations and any official grading regulations in local docs.,candidate
C02876,src/data/graduations/10th-kyu.nl.json,nl,10th-kyu,knowledge[2].meaning,definition,Tot ziens,Use grading syllabus files in src/data/graduations and any official grading regulations in local docs.,candidate
C02877,src/data/graduations/10th-kyu.nl.json,nl,10th-kyu,knowledge[3].term,grading,Sensei,Use grading syllabus files in src/data/graduations and any official grading regulations in local docs.,candidate
C02878,src/data/graduations/10th-kyu.nl.json,nl,10th-kyu,knowledge[3].meaning,definition,Leraar/instructeur,Use grading syllabus files in src/data/graduations and any official grading regulations in local docs.,candidate
C02879,src/data/graduations/10th-kyu.nl.json,nl,10th-kyu,knowledge[4].term,grading,Senpai,Use grading syllabus files in src/data/graduations and any official grading regulations in local docs.,candidate
C02880,src/data/graduations/10th-kyu.nl.json,nl,10th-kyu,knowledge[4].meaning,definition,Senior studenten,Use grading syllabus files in src/data/graduations and any official grading regulations in local docs.,candidate
C02881,src/data/graduations/10th-kyu.nl.json,nl,10th-kyu,knowledge[5].term,grading,Kohai,Use grading syllabus files in src/data/graduations and any official grading regulations in local docs.,candidate
C02882,src/data/graduations/10th-kyu.nl.json,nl,10th-kyu,knowledge[5].meaning,definition,Junior studenten,Use grading syllabus files in src/data/graduations and any official grading regulations in local docs.,candidate
C02883,src/data/graduations/10th-kyu.nl.json,nl,10th-kyu,knowledge[6].term,grading,Hai Sensei,Use grading syllabus files in src/data/graduations and any official grading regulations in local docs.,candidate
C02884,src/data/graduations/10th-kyu.nl.json,nl,10th-kyu,knowledge[6].meaning,definition,"Ja, leraar",Use grading syllabus files in src/data/graduations and any official grading regulations in local docs.,candidate
C02885,src/data/graduations/10th-kyu.nl.json,nl,10th-kyu,knowledge[7].term,grading,Karate,Use grading syllabus files in src/data/graduations and any official grading regulations in local docs.,candidate
C02886,src/data/graduations/10th-kyu.nl.json,nl,10th-kyu,knowledge[7].meaning,definition,Betekent letterlijk lege handen,Use grading syllabus files in src/data/graduations and any official grading regulations in local docs.,candidate
C02887,src/data/graduations/10th-kyu.nl.json,nl,10th-kyu,knowledge[8].term,grading,Dojo,Use grading syllabus files in src/data/graduations and any official grading regulations in local docs.,candidate
C02888,src/data/graduations/10th-kyu.nl.json,nl,10th-kyu,knowledge[8].meaning,definition,Martial arts school,Use grading syllabus files in src/data/graduations and any official grading regulations in local docs.,candidate
C02889,src/data/graduations/10th-kyu.nl.json,nl,10th-kyu,knowledge[9].term,grading,Gi/dogi,Use grading syllabus files in src/data/graduations and any official grading regulations in local docs.,candidate
C02890,src/data/graduations/10th-kyu.nl.json,nl,10th-kyu,knowledge[9].meaning,definition,Trainingsuniform,Use grading syllabus files in src/data/graduations and any official grading regulations in local docs.,candidate
C02891,src/data/graduations/10th-kyu.nl.json,nl,10th-kyu,knowledge[10].term,grading,Obi,Use grading syllabus files in src/data/graduations and any official grading regulations in local docs.,candidate
C02892,src/data/graduations/10th-kyu.nl.json,nl,10th-kyu,knowledge[10].meaning,definition,Band,Use grading syllabus files in src/data/graduations and any official grading regulations in local docs.,candidate
C02893,src/data/graduations/10th-kyu.nl.json,nl,10th-kyu,knowledge[11].term,grading,"Jodan, chudan, gedan",Use grading syllabus files in src/data/graduations and any official grading regulations in local docs.,candidate
C02894,src/data/graduations/10th-kyu.nl.json,nl,10th-kyu,knowledge[11].meaning,definition,"Bovenste niveau, middelste niveau, onderste niveau",Use grading syllabus files in src/data/graduations and any official grading regulations in local docs.,candidate
C02895,src/data/graduations/10th-kyu.nl.json,nl,10th-kyu,history[0],grading,"Karate kwam uit Okinawa, Japan",Use grading syllabus files in src/data/graduations and any official grading regulations in local docs.,candidate
C02896,src/data/graduations/1st-kyu.json,base,1st-kyu,title,grading,THE WAY TO 1ST KYU,Use grading syllabus files in src/data/graduations and any official grading regulations in local docs.,candidate
C02897,src/data/graduations/1st-kyu.json,base,1st-kyu,techniques[0].category,grading,Kihon,Use grading syllabus files in src/data/graduations and any official grading regulations in local docs.,candidate
C02898,src/data/graduations/1st-kyu.json,base,1st-kyu,techniques[0].techniques[0],grading,Jodan haishu/haiwan age uke (Upper level back hand rising block),Use grading syllabus files in src/data/graduations and any official grading regulations in local docs.,candidate
C02899,src/data/graduations/1st-kyu.json,base,1st-kyu,techniques[0].techniques[1],grading,Chudan haishu/haiwan otoshi uke (Middle level back hand dropping block),Use grading syllabus files in src/data/graduations and any official grading regulations in local docs.,candidate
C02900,src/data/graduations/1st-kyu.json,base,1st-kyu,techniques[1].category,grading,Ido,Use grading syllabus files in src/data/graduations and any official grading regulations in local docs.,candidate
C02901,src/data/graduations/1st-kyu.json,base,1st-kyu,techniques[1].techniques[0],grading,Neko ashi dachi chudan haishu otoshi uke,Use grading syllabus files in src/data/graduations and any official grading regulations in local docs.,candidate
C02902,src/data/graduations/1st-kyu.json,base,1st-kyu,techniques[1].techniques[1],grading,"Neko ashi dachi chudan hiki uke, mae ashi kin geri, zenkutsu dachi chudan gyaku zuki, neko ashi dachi chudan hiki uke",Use grading syllabus files in src/data/graduations and any official grading regulations in local docs.,candidate
C02903,src/data/graduations/1st-kyu.json,base,1st-kyu,techniques[1].techniques[2],grading,"Neko ashi dachi chudan chudan, haishu otoshi uke, mae ashi kin geri, zenkutsu dachi chudan gyaku zuki, neko ashi dachi chudan haishu otoshi uke",Use grading syllabus files in src/data/graduations and any official grading regulations in local docs.,candidate
C02904,src/data/graduations/1st-kyu.json,base,1st-kyu,techniques[2].category,grading,Kata,Use grading syllabus files in src/data/graduations and any official grading regulations in local docs.,candidate
C02905,src/data/graduations/1st-kyu.json,base,1st-kyu,techniques[2].techniques[0],grading,Shisochin (Good kata),Use grading syllabus files in src/data/graduations and any official grading regulations in local docs.,candidate
C02906,src/data/graduations/1st-kyu.json,base,1st-kyu,techniques[3].category,grading,Kumite,Use grading syllabus files in src/data/graduations and any official grading regulations in local docs.,candidate
C02907,src/data/graduations/1st-kyu.json,base,1st-kyu,techniques[3].techniques[0],grading,"Basic block with partner – jodan haishu age uke, chudan haishu otoshi uke",Use grading syllabus files in src/data/graduations and any official grading regulations in local docs.,candidate
C02908,src/data/graduations/1st-kyu.json,base,1st-kyu,techniques[3].techniques[1],grading,Sandan gi – neko ashi dachi open hand block,Use grading syllabus files in src/data/graduations and any official grading regulations in local docs.,candidate
C02909,src/data/graduations/1st-kyu.json,base,1st-kyu,techniques[3].techniques[2],grading,Niohn kumite (Two attacks sparring),Use grading syllabus files in src/data/graduations and any official grading regulations in local docs.,candidate
C02910,src/data/graduations/1st-kyu.json,base,1st-kyu,techniques[4].category,grading,Hojo Undo (Supplemental Training),Use grading syllabus files in src/data/graduations and any official grading regulations in local docs.,candidate
C02911,src/data/graduations/1st-kyu.json,base,1st-kyu,techniques[4].techniques[0],grading,Kongo ken – chest & shoulder push,Use grading syllabus files in src/data/graduations and any official grading regulations in local docs.,candidate
C02912,src/data/graduations/1st-kyu.json,base,1st-kyu,techniques[4].techniques[1],grading,Kongo ken – catch & push (Two men),Use grading syllabus files in src/data/graduations and any official grading regulations in local docs.,candidate
C02913,src/data/graduations/1st-kyu.json,base,1st-kyu,techniques[4].techniques[2],grading,"Ishi sashi – Shisochin, nukite zuki",Use grading syllabus files in src/data/graduations and any official grading regulations in local docs.,candidate
C02914,src/data/graduations/1st-kyu.json,base,1st-kyu,techniques[4].techniques[3],grading,Ishi sashi – Shisochin shotei zuki,Use grading syllabus files in src/data/graduations and any official grading regulations in local docs.,candidate
C02915,src/data/graduations/1st-kyu.json,base,1st-kyu,techniques[4].techniques[4],grading,Ishi sashi – shiko dachi open and close,Use grading syllabus files in src/data/graduations and any official grading regulations in local docs.,candidate
C02916,src/data/graduations/1st-kyu.json,base,1st-kyu,techniques[4].techniques[5],grading,Ishi sashi – bent over open & close,Use grading syllabus files in src/data/graduations and any official grading regulations in local docs.,candidate
C02917,src/data/graduations/1st-kyu.json,base,1st-kyu,knowledge[0].term,grading,Uchi deshi,Use grading syllabus files in src/data/graduations and any official grading regulations in local docs.,candidate
C02918,src/data/graduations/1st-kyu.json,base,1st-kyu,knowledge[0].meaning,definition,Live-in Student,Use grading syllabus files in src/data/graduations and any official grading regulations in local docs.,candidate
C02919,src/data/graduations/1st-kyu.json,base,1st-kyu,knowledge[1].term,grading,Unsoku ho,Use grading syllabus files in src/data/graduations and any official grading regulations in local docs.,candidate
C02920,src/data/graduations/1st-kyu.json,base,1st-kyu,knowledge[1].meaning,definition,Footwork,Use grading syllabus files in src/data/graduations and any official grading regulations in local docs.,candidate
C02921,src/data/graduations/1st-kyu.json,base,1st-kyu,knowledge[2].term,grading,Josokutei,Use grading syllabus files in src/data/graduations and any official grading regulations in local docs.,candidate
C02922,src/data/graduations/1st-kyu.json,base,1st-kyu,knowledge[2].meaning,definition,Ball of the foot,Use grading syllabus files in src/data/graduations and any official grading regulations in local docs.,candidate
C02923,src/data/graduations/1st-kyu.json,base,1st-kyu,knowledge[3].term,grading,Kakato,Use grading syllabus files in src/data/graduations and any official grading regulations in local docs.,candidate
C02924,src/data/graduations/1st-kyu.json,base,1st-kyu,knowledge[3].meaning,definition,Heel.,Use grading syllabus files in src/data/graduations and any official grading regulations in local docs.,candidate
C02925,src/data/graduations/1st-kyu.json,base,1st-kyu,knowledge[4].term,grading,Sokuto,Use grading syllabus files in src/data/graduations and any official grading regulations in local docs.,candidate
C02926,src/data/graduations/1st-kyu.json,base,1st-kyu,knowledge[4].meaning,definition,Sole / Edge of the foot,Use grading syllabus files in src/data/graduations and any official grading regulations in local docs.,candidate
C02927,src/data/graduations/1st-kyu.json,base,1st-kyu,knowledge[5].term,grading,Haisoku,Use grading syllabus files in src/data/graduations and any official grading regulations in local docs.,candidate
C02928,src/data/graduations/1st-kyu.json,base,1st-kyu,knowledge[5].meaning,definition,Instep.,Use grading syllabus files in src/data/graduations and any official grading regulations in local docs.,candidate
C02929,src/data/graduations/1st-kyu.json,base,1st-kyu,knowledge[6].term,grading,Tsumasaki,Use grading syllabus files in src/data/graduations and any official grading regulations in local docs.,candidate
C02930,src/data/graduations/1st-kyu.json,base,1st-kyu,knowledge[6].meaning,definition,Toe tips,Use grading syllabus files in src/data/graduations and any official grading regulations in local docs.,candidate
C02931,src/data/graduations/1st-kyu.json,base,1st-kyu,knowledge[7].term,grading,Kasokutei,Use grading syllabus files in src/data/graduations and any official grading regulations in local docs.,candidate
C02932,src/data/graduations/1st-kyu.json,base,1st-kyu,knowledge[7].meaning,definition,Inner edge of foot,Use grading syllabus files in src/data/graduations and any official grading regulations in local docs.,candidate
C02933,src/data/graduations/1st-kyu.json,base,1st-kyu,history[0],grading,"Sensei Chojun Miyagi's childhood name was ""Machu""",Use grading syllabus files in src/data/graduations and any official grading regulations in local docs.,candidate
C02934,src/data/graduations/1st-kyu.json,base,1st-kyu,history[1],grading,Sensei Chojun Miyagi introduced the kongoken after observing professional wrestlers training with it in Hawaii,Use grading syllabus files in src/data/graduations and any official grading regulations in local docs.,candidate
C02935,src/data/graduations/1st-kyu.json,base,1st-kyu,history[2],grading,"In 1915, Sensei Chojun Miyagi traveled to China first time for his research of martial arts",Use grading syllabus files in src/data/graduations and any official grading regulations in local docs.,candidate
C02936,src/data/graduations/1st-kyu.json,base,1st-kyu,history[3],grading,"In 1934, Sensei Chojun Miyagi traveled to Hawaii to promote karate",Use grading syllabus files in src/data/graduations and any official grading regulations in local docs.,candidate
C02937,src/data/graduations/1st-kyu.nl.json,nl,1st-kyu,title,grading,DE WEG NAAR 1E KYU,Use grading syllabus files in src/data/graduations and any official grading regulations in local docs.,candidate
C02938,src/data/graduations/1st-kyu.nl.json,nl,1st-kyu,techniques[0].category,grading,Kihon,Use grading syllabus files in src/data/graduations and any official grading regulations in local docs.,candidate
C02939,src/data/graduations/1st-kyu.nl.json,nl,1st-kyu,techniques[0].techniques[0],grading,Jodan haishu/haiwan age uke (Bovenste niveau achterhand opstekend blok),Use grading syllabus files in src/data/graduations and any official grading regulations in local docs.,candidate
C02940,src/data/graduations/1st-kyu.nl.json,nl,1st-kyu,techniques[0].techniques[1],grading,Chudan haishu/haiwan otoshi uke (Middelste niveau achterhand vallend blok),Use grading syllabus files in src/data/graduations and any official grading regulations in local docs.,candidate
C02941,src/data/graduations/1st-kyu.nl.json,nl,1st-kyu,techniques[1].category,grading,Ido,Use grading syllabus files in src/data/graduations and any official grading regulations in local docs.,candidate
C02942,src/data/graduations/1st-kyu.nl.json,nl,1st-kyu,techniques[1].techniques[0],grading,Neko ashi dachi chudan haishu otoshi uke,Use grading syllabus files in src/data/graduations and any official grading regulations in local docs.,candidate
C02943,src/data/graduations/1st-kyu.nl.json,nl,1st-kyu,techniques[1].techniques[1],grading,"Neko ashi dachi chudan hiki uke, mae ashi kin geri, zenkutsu dachi chudan gyaku zuki, neko ashi dachi chudan hiki uke",Use grading syllabus files in src/data/graduations and any official grading regulations in local docs.,candidate
C02944,src/data/graduations/1st-kyu.nl.json,nl,1st-kyu,techniques[1].techniques[2],grading,"Neko ashi dachi chudan chudan, haishu otoshi uke, mae ashi kin geri, zenkutsu dachi chudan gyaku zuki, neko ashi dachi chudan haishu otoshi uke",Use grading syllabus files in src/data/graduations and any official grading regulations in local docs.,candidate
C02945,src/data/graduations/1st-kyu.nl.json,nl,1st-kyu,techniques[2].category,grading,Kata,Use grading syllabus files in src/data/graduations and any official grading regulations in local docs.,candidate
C02946,src/data/graduations/1st-kyu.nl.json,nl,1st-kyu,techniques[2].techniques[0],grading,Shisochin (Goede kata),Use grading syllabus files in src/data/graduations and any official grading regulations in local docs.,candidate
C02947,src/data/graduations/1st-kyu.nl.json,nl,1st-kyu,techniques[3].category,grading,Kumite,Use grading syllabus files in src/data/graduations and any official grading regulations in local docs.,candidate
C02948,src/data/graduations/1st-kyu.nl.json,nl,1st-kyu,techniques[3].techniques[0],grading,"Basis blok met partner – jodan haishu age uke, chudan haishu otoshi uke",Use grading syllabus files in src/data/graduations and any official grading regulations in local docs.,candidate
C02949,src/data/graduations/1st-kyu.nl.json,nl,1st-kyu,techniques[3].techniques[1],grading,Sandan gi – neko ashi dachi open hand blok,Use grading syllabus files in src/data/graduations and any official grading regulations in local docs.,candidate
C02950,src/data/graduations/1st-kyu.nl.json,nl,1st-kyu,techniques[3].techniques[2],grading,Niohn kumite (Twee aanvallen sparring),Use grading syllabus files in src/data/graduations and any official grading regulations in local docs.,candidate
C02951,src/data/graduations/1st-kyu.nl.json,nl,1st-kyu,techniques[4].category,grading,Hojo Undo (Aanvullende Training),Use grading syllabus files in src/data/graduations and any official grading regulations in local docs.,candidate
C02952,src/data/graduations/1st-kyu.nl.json,nl,1st-kyu,techniques[4].techniques[0],grading,Kongo ken – borst & schouder duw,Use grading syllabus files in src/data/graduations and any official grading regulations in local docs.,candidate
C02953,src/data/graduations/1st-kyu.nl.json,nl,1st-kyu,techniques[4].techniques[1],grading,Kongo ken – vang & duw (Twee mannen),Use grading syllabus files in src/data/graduations and any official grading regulations in local docs.,candidate
C02954,src/data/graduations/1st-kyu.nl.json,nl,1st-kyu,techniques[4].techniques[2],grading,"Ishi sashi – Shisochin, nukite zuki",Use grading syllabus files in src/data/graduations and any official grading regulations in local docs.,candidate
C02955,src/data/graduations/1st-kyu.nl.json,nl,1st-kyu,techniques[4].techniques[3],grading,Ishi sashi – Shisochin shotei zuki,Use grading syllabus files in src/data/graduations and any official grading regulations in local docs.,candidate
C02956,src/data/graduations/1st-kyu.nl.json,nl,1st-kyu,techniques[4].techniques[4],grading,Ishi sashi – shiko dachi open en sluit,Use grading syllabus files in src/data/graduations and any official grading regulations in local docs.,candidate
C02957,src/data/graduations/1st-kyu.nl.json,nl,1st-kyu,techniques[4].techniques[5],grading,Ishi sashi – voorover gebogen open & sluit,Use grading syllabus files in src/data/graduations and any official grading regulations in local docs.,candidate
C02958,src/data/graduations/1st-kyu.nl.json,nl,1st-kyu,knowledge[0].term,grading,Uchi deshi,Use grading syllabus files in src/data/graduations and any official grading regulations in local docs.,candidate
C02959,src/data/graduations/1st-kyu.nl.json,nl,1st-kyu,knowledge[0].meaning,definition,Inwonende Student,Use grading syllabus files in src/data/graduations and any official grading regulations in local docs.,candidate
C02960,src/data/graduations/1st-kyu.nl.json,nl,1st-kyu,knowledge[1].term,grading,Unsoku ho,Use grading syllabus files in src/data/graduations and any official grading regulations in local docs.,candidate
C02961,src/data/graduations/1st-kyu.nl.json,nl,1st-kyu,knowledge[1].meaning,definition,Voetenwerk.,Use grading syllabus files in src/data/graduations and any official grading regulations in local docs.,candidate
C02962,src/data/graduations/1st-kyu.nl.json,nl,1st-kyu,knowledge[2].term,grading,Josokutei,Use grading syllabus files in src/data/graduations and any official grading regulations in local docs.,candidate
C02963,src/data/graduations/1st-kyu.nl.json,nl,1st-kyu,knowledge[2].meaning,definition,Bal van de voet.,Use grading syllabus files in src/data/graduations and any official grading regulations in local docs.,candidate
C02964,src/data/graduations/1st-kyu.nl.json,nl,1st-kyu,knowledge[3].term,grading,Kakato,Use grading syllabus files in src/data/graduations and any official grading regulations in local docs.,candidate
C02965,src/data/graduations/1st-kyu.nl.json,nl,1st-kyu,knowledge[3].meaning,definition,Hiel.,Use grading syllabus files in src/data/graduations and any official grading regulations in local docs.,candidate
C02966,src/data/graduations/1st-kyu.nl.json,nl,1st-kyu,knowledge[4].term,grading,Sokuto,Use grading syllabus files in src/data/graduations and any official grading regulations in local docs.,candidate
C02967,src/data/graduations/1st-kyu.nl.json,nl,1st-kyu,knowledge[4].meaning,definition,Zijkant voet (meskant).,Use grading syllabus files in src/data/graduations and any official grading regulations in local docs.,candidate
C02968,src/data/graduations/1st-kyu.nl.json,nl,1st-kyu,knowledge[5].term,grading,Haisoku,Use grading syllabus files in src/data/graduations and any official grading regulations in local docs.,candidate
C02969,src/data/graduations/1st-kyu.nl.json,nl,1st-kyu,knowledge[5].meaning,definition,Wreef.,Use grading syllabus files in src/data/graduations and any official grading regulations in local docs.,candidate
C02970,src/data/graduations/1st-kyu.nl.json,nl,1st-kyu,knowledge[6].term,grading,Tsumasaki,Use grading syllabus files in src/data/graduations and any official grading regulations in local docs.,candidate
C02971,src/data/graduations/1st-kyu.nl.json,nl,1st-kyu,knowledge[6].meaning,definition,Tenen,Use grading syllabus files in src/data/graduations and any official grading regulations in local docs.,candidate
C02972,src/data/graduations/1st-kyu.nl.json,nl,1st-kyu,knowledge[7].term,grading,Kasokutei,Use grading syllabus files in src/data/graduations and any official grading regulations in local docs.,candidate
C02973,src/data/graduations/1st-kyu.nl.json,nl,1st-kyu,knowledge[7].meaning,definition,Binnenzijde van de voet,Use grading syllabus files in src/data/graduations and any official grading regulations in local docs.,candidate
C02974,src/data/graduations/1st-kyu.nl.json,nl,1st-kyu,history[0],grading,"Sensei Chojun Miyagi's kindernaam was ""Machu""",Use grading syllabus files in src/data/graduations and any official grading regulations in local docs.,candidate
C02975,src/data/graduations/1st-kyu.nl.json,nl,1st-kyu,history[1],grading,Sensei Chojun Miyagi introduceerde de kongoken na het observeren van professionele worstelaars die ermee trainden in Hawaii,Use grading syllabus files in src/data/graduations and any official grading regulations in local docs.,candidate
C02976,src/data/graduations/1st-kyu.nl.json,nl,1st-kyu,history[2],grading,In 1915 reisde Sensei Chojun Miyagi voor het eerst naar China voor zijn onderzoek naar martial arts,Use grading syllabus files in src/data/graduations and any official grading regulations in local docs.,candidate
C02977,src/data/graduations/1st-kyu.nl.json,nl,1st-kyu,history[3],grading,In 1934 reisde Sensei Chojun Miyagi naar Hawaii om karate te promoten,Use grading syllabus files in src/data/graduations and any official grading regulations in local docs.,candidate
C02978,src/data/graduations/2nd-kyu.json,base,2nd-kyu,title,grading,THE WAY TO 2ND KYU,Use grading syllabus files in src/data/graduations and any official grading regulations in local docs.,candidate
C02979,src/data/graduations/2nd-kyu.json,base,2nd-kyu,techniques[0].category,grading,Kihon,Use grading syllabus files in src/data/graduations and any official grading regulations in local docs.,candidate
C02980,src/data/graduations/2nd-kyu.json,base,2nd-kyu,techniques[0].techniques[0],grading,Kagi zuki (Hook punch),Use grading syllabus files in src/data/graduations and any official grading regulations in local docs.,candidate
C02981,src/data/graduations/2nd-kyu.json,base,2nd-kyu,techniques[0].techniques[1],grading,Kansetsu geri (Joint kick),Use grading syllabus files in src/data/graduations and any official grading regulations in local docs.,candidate
C02982,src/data/graduations/2nd-kyu.json,base,2nd-kyu,techniques[0].techniques[2],grading,Jodan ko uke (Upper level wrist block),Use grading syllabus files in src/data/graduations and any official grading regulations in local docs.,candidate
C02983,src/data/graduations/2nd-kyu.json,base,2nd-kyu,techniques[1].category,grading,Ido,Use grading syllabus files in src/data/graduations and any official grading regulations in local docs.,candidate
C02984,src/data/graduations/2nd-kyu.json,base,2nd-kyu,techniques[1].techniques[0],grading,"Jodan oi zuki, jodan furi zuki",Use grading syllabus files in src/data/graduations and any official grading regulations in local docs.,candidate
C02985,src/data/graduations/2nd-kyu.json,base,2nd-kyu,techniques[1].techniques[1],grading,"Jodan oi zuki, chudan gyaku zuki, jodan kaki zuki",Use grading syllabus files in src/data/graduations and any official grading regulations in local docs.,candidate
C02986,src/data/graduations/2nd-kyu.json,base,2nd-kyu,techniques[1].techniques[2],grading,"Neko ashi dachi, kaishu sandan uke",Use grading syllabus files in src/data/graduations and any official grading regulations in local docs.,candidate
C02987,src/data/graduations/2nd-kyu.json,base,2nd-kyu,techniques[2].category,grading,Kumite,Use grading syllabus files in src/data/graduations and any official grading regulations in local docs.,candidate
C02988,src/data/graduations/2nd-kyu.json,base,2nd-kyu,techniques[2].techniques[0],grading,Basic blocks with partner – jodan ko uke,Use grading syllabus files in src/data/graduations and any official grading regulations in local docs.,candidate
C02989,src/data/graduations/2nd-kyu.json,base,2nd-kyu,techniques[2].techniques[1],grading,Sandan gi – open hand blocks,Use grading syllabus files in src/data/graduations and any official grading regulations in local docs.,candidate
C02990,src/data/graduations/2nd-kyu.json,base,2nd-kyu,techniques[2].techniques[2],grading,Kakie – hiji tori (Shisochin),Use grading syllabus files in src/data/graduations and any official grading regulations in local docs.,candidate
C02991,src/data/graduations/2nd-kyu.json,base,2nd-kyu,techniques[2].techniques[3],grading,Kakie – jodan ude garami,Use grading syllabus files in src/data/graduations and any official grading regulations in local docs.,candidate
C02992,src/data/graduations/2nd-kyu.json,base,2nd-kyu,techniques[2].techniques[4],grading,Ippon kumite,Use grading syllabus files in src/data/graduations and any official grading regulations in local docs.,candidate
C02993,src/data/graduations/2nd-kyu.json,base,2nd-kyu,techniques[2].techniques[5],grading,"Chudan hiki uke, kansetsu geri",Use grading syllabus files in src/data/graduations and any official grading regulations in local docs.,candidate
C02994,src/data/graduations/2nd-kyu.json,base,2nd-kyu,techniques[2].techniques[6],grading,"Chudan yoko uke, jodan kagi zuki",Use grading syllabus files in src/data/graduations and any official grading regulations in local docs.,candidate
C02995,src/data/graduations/2nd-kyu.json,base,2nd-kyu,techniques[3].category,grading,Kata,Use grading syllabus files in src/data/graduations and any official grading regulations in local docs.,candidate
C02996,src/data/graduations/2nd-kyu.json,base,2nd-kyu,techniques[3].techniques[0],grading,Shisochin (Sequence),Use grading syllabus files in src/data/graduations and any official grading regulations in local docs.,candidate
C02997,src/data/graduations/2nd-kyu.json,base,2nd-kyu,techniques[3].techniques[1],grading,Sanchin (Good kata),Use grading syllabus files in src/data/graduations and any official grading regulations in local docs.,candidate
C02998,src/data/graduations/2nd-kyu.json,base,2nd-kyu,techniques[4].category,grading,Bunkai,Use grading syllabus files in src/data/graduations and any official grading regulations in local docs.,candidate
C02999,src/data/graduations/2nd-kyu.json,base,2nd-kyu,techniques[4].techniques[0],grading,Seiyunchin (Last 6 bunkai),Use grading syllabus files in src/data/graduations and any official grading regulations in local docs.,candidate
C03000,src/data/graduations/2nd-kyu.json,base,2nd-kyu,techniques[5].category,grading,Hojo Undo (Supplemental Training),Use grading syllabus files in src/data/graduations and any official grading regulations in local docs.,candidate
C03001,src/data/graduations/2nd-kyu.json,base,2nd-kyu,techniques[5].techniques[0],grading,"Makiwara – furi zuki, kagi zuki",Use grading syllabus files in src/data/graduations and any official grading regulations in local docs.,candidate
C03002,src/data/graduations/2nd-kyu.json,base,2nd-kyu,techniques[5].techniques[1],grading,Kongo ken – twist,Use grading syllabus files in src/data/graduations and any official grading regulations in local docs.,candidate
C03003,src/data/graduations/2nd-kyu.json,base,2nd-kyu,techniques[5].techniques[2],grading,Kongo ken – lift up,Use grading syllabus files in src/data/graduations and any official grading regulations in local docs.,candidate
C03004,src/data/graduations/2nd-kyu.json,base,2nd-kyu,techniques[5].techniques[3],grading,Kongo ken – shiko dachi squat,Use grading syllabus files in src/data/graduations and any official grading regulations in local docs.,candidate
C03005,src/data/graduations/2nd-kyu.json,base,2nd-kyu,knowledge[0].term,grading,Kaishu gata,Use grading syllabus files in src/data/graduations and any official grading regulations in local docs.,candidate
C03006,src/data/graduations/2nd-kyu.json,base,2nd-kyu,knowledge[0].meaning,definition,"Open-hand kata; faster, flowing kata with the tanden closing mainly at the moment of impact.",Use grading syllabus files in src/data/graduations and any official grading regulations in local docs.,candidate
C03007,src/data/graduations/2nd-kyu.json,base,2nd-kyu,knowledge[1].term,grading,Heishu gata,Use grading syllabus files in src/data/graduations and any official grading regulations in local docs.,candidate
C03008,src/data/graduations/2nd-kyu.json,base,2nd-kyu,knowledge[1].meaning,definition,"Closed-hand kata; kata performed with constant dynamic tension, breath control and focus in the tanden.",Use grading syllabus files in src/data/graduations and any official grading regulations in local docs.,candidate
C03009,src/data/graduations/2nd-kyu.json,base,2nd-kyu,knowledge[2].term,grading,"Shodan, nidan, sandan, yondan, godan, rokudan, shichidan, hachidan, kudan, judan",Use grading syllabus files in src/data/graduations and any official grading regulations in local docs.,candidate
C03010,src/data/graduations/2nd-kyu.json,base,2nd-kyu,knowledge[2].meaning,definition,"First through tenth dan, the black-belt rank levels.",Use grading syllabus files in src/data/graduations and any official grading regulations in local docs.,candidate
C03011,src/data/graduations/2nd-kyu.json,base,2nd-kyu,knowledge[3].term,grading,Ritsu rei,Use grading syllabus files in src/data/graduations and any official grading regulations in local docs.,candidate
C03012,src/data/graduations/2nd-kyu.json,base,2nd-kyu,knowledge[3].meaning,definition,Standing bow.,Use grading syllabus files in src/data/graduations and any official grading regulations in local docs.,candidate
C03013,src/data/graduations/2nd-kyu.json,base,2nd-kyu,knowledge[4].term,grading,Za rei,Use grading syllabus files in src/data/graduations and any official grading regulations in local docs.,candidate
C03014,src/data/graduations/2nd-kyu.json,base,2nd-kyu,knowledge[4].meaning,definition,Seated or kneeling bow.,Use grading syllabus files in src/data/graduations and any official grading regulations in local docs.,candidate
C03015,src/data/graduations/2nd-kyu.json,base,2nd-kyu,knowledge[5].term,grading,Hoshin,Use grading syllabus files in src/data/graduations and any official grading regulations in local docs.,candidate
C03016,src/data/graduations/2nd-kyu.json,base,2nd-kyu,knowledge[5].meaning,definition,Purpose and aims.,Use grading syllabus files in src/data/graduations and any official grading regulations in local docs.,candidate
C03017,src/data/graduations/2nd-kyu.json,base,2nd-kyu,history[0],grading,"Sensei Kanryo Higaonna's nickname was ""ashi (legs) no Higaonna"" because of his superb kicking techniques",Use grading syllabus files in src/data/graduations and any official grading regulations in local docs.,candidate
C03018,src/data/graduations/2nd-kyu.json,base,2nd-kyu,history[1],grading,Both Sensei Kanryo Higaonna and Chojun Miyagi taught karate at Naha Shogyo Koko (Naha Commercial High School),Use grading syllabus files in src/data/graduations and any official grading regulations in local docs.,candidate
C03019,src/data/graduations/2nd-kyu.json,base,2nd-kyu,history[2],grading,Sensei Chojun Miyagi created Tensho kata in 1926 from the Chinese form called Rokkishu,Use grading syllabus files in src/data/graduations and any official grading regulations in local docs.,candidate
C03020,src/data/graduations/2nd-kyu.json,base,2nd-kyu,history[3],grading,Sensei Kanryo Higaonna is the among the first to teach karate publicly,Use grading syllabus files in src/data/graduations and any official grading regulations in local docs.,candidate
C03021,src/data/graduations/2nd-kyu.nl.json,nl,2nd-kyu,title,grading,DE WEG NAAR 2E KYU,Use grading syllabus files in src/data/graduations and any official grading regulations in local docs.,candidate
C03022,src/data/graduations/2nd-kyu.nl.json,nl,2nd-kyu,techniques[0].category,grading,Kihon,Use grading syllabus files in src/data/graduations and any official grading regulations in local docs.,candidate
C03023,src/data/graduations/2nd-kyu.nl.json,nl,2nd-kyu,techniques[0].techniques[0],grading,Kagi zuki (Haak stoot),Use grading syllabus files in src/data/graduations and any official grading regulations in local docs.,candidate
C03024,src/data/graduations/2nd-kyu.nl.json,nl,2nd-kyu,techniques[0].techniques[1],grading,Kansetsu geri (Gewricht trap),Use grading syllabus files in src/data/graduations and any official grading regulations in local docs.,candidate
C03025,src/data/graduations/2nd-kyu.nl.json,nl,2nd-kyu,techniques[0].techniques[2],grading,Jodan ko uke (Bovenste niveau pols blok),Use grading syllabus files in src/data/graduations and any official grading regulations in local docs.,candidate
C03026,src/data/graduations/2nd-kyu.nl.json,nl,2nd-kyu,techniques[1].category,grading,Ido,Use grading syllabus files in src/data/graduations and any official grading regulations in local docs.,candidate
C03027,src/data/graduations/2nd-kyu.nl.json,nl,2nd-kyu,techniques[1].techniques[0],grading,"Jodan oi zuki, jodan furi zuki",Use grading syllabus files in src/data/graduations and any official grading regulations in local docs.,candidate
C03028,src/data/graduations/2nd-kyu.nl.json,nl,2nd-kyu,techniques[1].techniques[1],grading,"Jodan oi zuki, chudan gyaku zuki, jodan kaki zuki",Use grading syllabus files in src/data/graduations and any official grading regulations in local docs.,candidate
C03029,src/data/graduations/2nd-kyu.nl.json,nl,2nd-kyu,techniques[1].techniques[2],grading,"Neko ashi dachi, kaishu sandan uke",Use grading syllabus files in src/data/graduations and any official grading regulations in local docs.,candidate
C03030,src/data/graduations/2nd-kyu.nl.json,nl,2nd-kyu,techniques[2].category,grading,Kumite,Use grading syllabus files in src/data/graduations and any official grading regulations in local docs.,candidate
C03031,src/data/graduations/2nd-kyu.nl.json,nl,2nd-kyu,techniques[2].techniques[0],grading,Basis blokken met partner – jodan ko uke,Use grading syllabus files in src/data/graduations and any official grading regulations in local docs.,candidate
C03032,src/data/graduations/2nd-kyu.nl.json,nl,2nd-kyu,techniques[2].techniques[1],grading,Sandan gi – open hand blokken,Use grading syllabus files in src/data/graduations and any official grading regulations in local docs.,candidate
C03033,src/data/graduations/2nd-kyu.nl.json,nl,2nd-kyu,techniques[2].techniques[2],grading,Kakie – hiji tori (Shisochin),Use grading syllabus files in src/data/graduations and any official grading regulations in local docs.,candidate
C03034,src/data/graduations/2nd-kyu.nl.json,nl,2nd-kyu,techniques[2].techniques[3],grading,Kakie – jodan ude garami,Use grading syllabus files in src/data/graduations and any official grading regulations in local docs.,candidate
C03035,src/data/graduations/2nd-kyu.nl.json,nl,2nd-kyu,techniques[2].techniques[4],grading,Ippon kumite,Use grading syllabus files in src/data/graduations and any official grading regulations in local docs.,candidate
C03036,src/data/graduations/2nd-kyu.nl.json,nl,2nd-kyu,techniques[2].techniques[5],grading,"Chudan hiki uke, kansetsu geri",Use grading syllabus files in src/data/graduations and any official grading regulations in local docs.,candidate
C03037,src/data/graduations/2nd-kyu.nl.json,nl,2nd-kyu,techniques[2].techniques[6],grading,"Chudan yoko uke, jodan kagi zuki",Use grading syllabus files in src/data/graduations and any official grading regulations in local docs.,candidate
C03038,src/data/graduations/2nd-kyu.nl.json,nl,2nd-kyu,techniques[3].category,grading,Kata,Use grading syllabus files in src/data/graduations and any official grading regulations in local docs.,candidate
C03039,src/data/graduations/2nd-kyu.nl.json,nl,2nd-kyu,techniques[3].techniques[0],grading,Shisochin (Reeks),Use grading syllabus files in src/data/graduations and any official grading regulations in local docs.,candidate
C03040,src/data/graduations/2nd-kyu.nl.json,nl,2nd-kyu,techniques[3].techniques[1],grading,Sanchin (Goede kata),Use grading syllabus files in src/data/graduations and any official grading regulations in local docs.,candidate
C03041,src/data/graduations/2nd-kyu.nl.json,nl,2nd-kyu,techniques[4].category,grading,Bunkai,Use grading syllabus files in src/data/graduations and any official grading regulations in local docs.,candidate
C03042,src/data/graduations/2nd-kyu.nl.json,nl,2nd-kyu,techniques[4].techniques[0],grading,Seiyunchin (Laatste 6 bunkai),Use grading syllabus files in src/data/graduations and any official grading regulations in local docs.,candidate
C03043,src/data/graduations/2nd-kyu.nl.json,nl,2nd-kyu,techniques[5].category,grading,Hojo Undo (Aanvullende Training),Use grading syllabus files in src/data/graduations and any official grading regulations in local docs.,candidate
C03044,src/data/graduations/2nd-kyu.nl.json,nl,2nd-kyu,techniques[5].techniques[0],grading,"Makiwara – furi zuki, kagi zuki",Use grading syllabus files in src/data/graduations and any official grading regulations in local docs.,candidate
C03045,src/data/graduations/2nd-kyu.nl.json,nl,2nd-kyu,techniques[5].techniques[1],grading,Kongo ken – draai,Use grading syllabus files in src/data/graduations and any official grading regulations in local docs.,candidate
C03046,src/data/graduations/2nd-kyu.nl.json,nl,2nd-kyu,techniques[5].techniques[2],grading,Kongo ken – til op,Use grading syllabus files in src/data/graduations and any official grading regulations in local docs.,candidate
C03047,src/data/graduations/2nd-kyu.nl.json,nl,2nd-kyu,techniques[5].techniques[3],grading,Kongo ken – shiko dachi squat,Use grading syllabus files in src/data/graduations and any official grading regulations in local docs.,candidate
C03048,src/data/graduations/2nd-kyu.nl.json,nl,2nd-kyu,knowledge[0].term,grading,Kaishu gata,Use grading syllabus files in src/data/graduations and any official grading regulations in local docs.,candidate
C03049,src/data/graduations/2nd-kyu.nl.json,nl,2nd-kyu,knowledge[0].meaning,definition,"Open-hand kata; snellere, vloeiende kata waarbij de tanden vooral sluit op het moment van impact.",Use grading syllabus files in src/data/graduations and any official grading regulations in local docs.,candidate
C03050,src/data/graduations/2nd-kyu.nl.json,nl,2nd-kyu,knowledge[1].term,grading,Heishu gata,Use grading syllabus files in src/data/graduations and any official grading regulations in local docs.,candidate
C03051,src/data/graduations/2nd-kyu.nl.json,nl,2nd-kyu,knowledge[1].meaning,definition,"Gesloten-hand kata; kata met constante dynamische spanning, ademcontrole en focus in de tanden.",Use grading syllabus files in src/data/graduations and any official grading regulations in local docs.,candidate
C03052,src/data/graduations/2nd-kyu.nl.json,nl,2nd-kyu,knowledge[2].term,grading,"Shodan, nidan, sandan, yondan, godan, rokudan, shichidan, hachidan, kudan, judan",Use grading syllabus files in src/data/graduations and any official grading regulations in local docs.,candidate
C03053,src/data/graduations/2nd-kyu.nl.json,nl,2nd-kyu,knowledge[2].meaning,definition,"Eerste tot en met tiende dan, de zwarte-band graden.",Use grading syllabus files in src/data/graduations and any official grading regulations in local docs.,candidate
C03054,src/data/graduations/2nd-kyu.nl.json,nl,2nd-kyu,knowledge[3].term,grading,Ritsu rei,Use grading syllabus files in src/data/graduations and any official grading regulations in local docs.,candidate
C03055,src/data/graduations/2nd-kyu.nl.json,nl,2nd-kyu,knowledge[3].meaning,definition,Staande buiging.,Use grading syllabus files in src/data/graduations and any official grading regulations in local docs.,candidate
C03056,src/data/graduations/2nd-kyu.nl.json,nl,2nd-kyu,knowledge[4].term,grading,Za rei,Use grading syllabus files in src/data/graduations and any official grading regulations in local docs.,candidate
C03057,src/data/graduations/2nd-kyu.nl.json,nl,2nd-kyu,knowledge[4].meaning,definition,Zittende of geknielde buiging.,Use grading syllabus files in src/data/graduations and any official grading regulations in local docs.,candidate
C03058,src/data/graduations/2nd-kyu.nl.json,nl,2nd-kyu,knowledge[5].term,grading,Hoshin,Use grading syllabus files in src/data/graduations and any official grading regulations in local docs.,candidate
C03059,src/data/graduations/2nd-kyu.nl.json,nl,2nd-kyu,knowledge[5].meaning,definition,Doel en doelstellingen.,Use grading syllabus files in src/data/graduations and any official grading regulations in local docs.,candidate
C03060,src/data/graduations/2nd-kyu.nl.json,nl,2nd-kyu,history[0],grading,"Sensei Kanryo Higaonna's bijnaam was ""ashi (benen) no Higaonna"" vanwege zijn superbe traptechnieken",Use grading syllabus files in src/data/graduations and any official grading regulations in local docs.,candidate
C03061,src/data/graduations/2nd-kyu.nl.json,nl,2nd-kyu,history[1],grading,Zowel Sensei Kanryo Higaonna als Chojun Miyagi onderwezen karate op Naha Shogyo Koko (Naha Commercial High School),Use grading syllabus files in src/data/graduations and any official grading regulations in local docs.,candidate
C03062,src/data/graduations/2nd-kyu.nl.json,nl,2nd-kyu,history[2],grading,Sensei Chojun Miyagi creëerde Tensho kata in 1926 van de Chinese vorm genaamd Rokkishu,Use grading syllabus files in src/data/graduations and any official grading regulations in local docs.,candidate
C03063,src/data/graduations/2nd-kyu.nl.json,nl,2nd-kyu,history[3],grading,Sensei Kanryo Higaonna is een van de eersten die karate publiekelijk onderwees,Use grading syllabus files in src/data/graduations and any official grading regulations in local docs.,candidate
C03064,src/data/graduations/3rd-kyu.json,base,3rd-kyu,title,grading,THE WAY TO 3RD KYU,Use grading syllabus files in src/data/graduations and any official grading regulations in local docs.,candidate
C03065,src/data/graduations/3rd-kyu.json,base,3rd-kyu,techniques[0].category,grading,Kihon Waza (Basic Techniques),Use grading syllabus files in src/data/graduations and any official grading regulations in local docs.,candidate
C03066,src/data/graduations/3rd-kyu.json,base,3rd-kyu,techniques[0].techniques[0],grading,"Nukite zuki (Knife hand punch) jodan, chudan, gedan",Use grading syllabus files in src/data/graduations and any official grading regulations in local docs.,candidate
C03067,src/data/graduations/3rd-kyu.json,base,3rd-kyu,techniques[0].techniques[1],grading,Furi zuki (Swing punch),Use grading syllabus files in src/data/graduations and any official grading regulations in local docs.,candidate
C03068,src/data/graduations/3rd-kyu.json,base,3rd-kyu,techniques[0].techniques[2],grading,Kaiten ushiro geri (Spinning back kick),Use grading syllabus files in src/data/graduations and any official grading regulations in local docs.,candidate
C03069,src/data/graduations/3rd-kyu.json,base,3rd-kyu,techniques[1].category,grading,Tachi Kata (Stances),Use grading syllabus files in src/data/graduations and any official grading regulations in local docs.,candidate
C03070,src/data/graduations/3rd-kyu.json,base,3rd-kyu,techniques[1].techniques[0],grading,Heisoku dachi (Feet together stance),Use grading syllabus files in src/data/graduations and any official grading regulations in local docs.,candidate
C03071,src/data/graduations/3rd-kyu.json,base,3rd-kyu,techniques[2].category,grading,Unsoku Ho (Foot Work),Use grading syllabus files in src/data/graduations and any official grading regulations in local docs.,candidate
C03072,src/data/graduations/3rd-kyu.json,base,3rd-kyu,techniques[2].techniques[0],grading,Bensoku dachi,Use grading syllabus files in src/data/graduations and any official grading regulations in local docs.,candidate
C03073,src/data/graduations/3rd-kyu.json,base,3rd-kyu,techniques[2].techniques[1],grading,Renoji dachi,Use grading syllabus files in src/data/graduations and any official grading regulations in local docs.,candidate
C03074,src/data/graduations/3rd-kyu.json,base,3rd-kyu,techniques[3].category,grading,Ido,Use grading syllabus files in src/data/graduations and any official grading regulations in local docs.,candidate
C03075,src/data/graduations/3rd-kyu.json,base,3rd-kyu,techniques[3].techniques[0],grading,"Mae geri, mawashi geri, kaiten ushiro geri",Use grading syllabus files in src/data/graduations and any official grading regulations in local docs.,candidate
C03076,src/data/graduations/3rd-kyu.json,base,3rd-kyu,techniques[3].techniques[1],grading,"Mae geri, mawashi geri, yoko geri, kaiten ushiro geri",Use grading syllabus files in src/data/graduations and any official grading regulations in local docs.,candidate
C03077,src/data/graduations/3rd-kyu.json,base,3rd-kyu,techniques[4].category,grading,Kata,Use grading syllabus files in src/data/graduations and any official grading regulations in local docs.,candidate
C03078,src/data/graduations/3rd-kyu.json,base,3rd-kyu,techniques[4].techniques[0],grading,Seiyunchin (Good kata),Use grading syllabus files in src/data/graduations and any official grading regulations in local docs.,candidate
C03079,src/data/graduations/3rd-kyu.json,base,3rd-kyu,techniques[4].techniques[1],grading,Sanchin (Good form & breathing),Use grading syllabus files in src/data/graduations and any official grading regulations in local docs.,candidate
C03080,src/data/graduations/3rd-kyu.json,base,3rd-kyu,techniques[5].category,grading,Bunkai,Use grading syllabus files in src/data/graduations and any official grading regulations in local docs.,candidate
C03081,src/data/graduations/3rd-kyu.json,base,3rd-kyu,techniques[5].techniques[0],grading,Seiyunchin (First 6 bunkai),Use grading syllabus files in src/data/graduations and any official grading regulations in local docs.,candidate
C03082,src/data/graduations/3rd-kyu.json,base,3rd-kyu,techniques[6].category,grading,Kumite,Use grading syllabus files in src/data/graduations and any official grading regulations in local docs.,candidate
C03083,src/data/graduations/3rd-kyu.json,base,3rd-kyu,techniques[6].techniques[0],grading,Sandan gi – suri ashi,Use grading syllabus files in src/data/graduations and any official grading regulations in local docs.,candidate
C03084,src/data/graduations/3rd-kyu.json,base,3rd-kyu,techniques[7].category,grading,Hojo Undo (Supplemental Training),Use grading syllabus files in src/data/graduations and any official grading regulations in local docs.,candidate
C03085,src/data/graduations/3rd-kyu.json,base,3rd-kyu,techniques[7].techniques[0],grading,"Makiwara – furi zuki, kaiten ushiro geri",Use grading syllabus files in src/data/graduations and any official grading regulations in local docs.,candidate
C03086,src/data/graduations/3rd-kyu.json,base,3rd-kyu,techniques[7].techniques[1],grading,Chiishi – swing & thrust with naname shiko dachi,Use grading syllabus files in src/data/graduations and any official grading regulations in local docs.,candidate
C03087,src/data/graduations/3rd-kyu.json,base,3rd-kyu,techniques[7].techniques[2],grading,"Chiishi – squeeze (Up, down & rotate, forward)",Use grading syllabus files in src/data/graduations and any official grading regulations in local docs.,candidate
C03088,src/data/graduations/3rd-kyu.json,base,3rd-kyu,knowledge[0].term,grading,Renzoku,Use grading syllabus files in src/data/graduations and any official grading regulations in local docs.,candidate
C03089,src/data/graduations/3rd-kyu.json,base,3rd-kyu,knowledge[0].meaning,definition,Consecutive or continuous; used for combinations and consecutive sparring.,Use grading syllabus files in src/data/graduations and any official grading regulations in local docs.,candidate
C03090,src/data/graduations/3rd-kyu.json,base,3rd-kyu,knowledge[1].term,grading,Kenpo hakku,Use grading syllabus files in src/data/graduations and any official grading regulations in local docs.,candidate
C03091,src/data/graduations/3rd-kyu.json,base,3rd-kyu,knowledge[1].meaning,definition,The eight laws of the fist.,Use grading syllabus files in src/data/graduations and any official grading regulations in local docs.,candidate
C03092,src/data/graduations/3rd-kyu.json,base,3rd-kyu,knowledge[2].term,grading,Heijo shin (fudo shin),Use grading syllabus files in src/data/graduations and any official grading regulations in local docs.,candidate
C03093,src/data/graduations/3rd-kyu.json,base,3rd-kyu,knowledge[2].meaning,definition,Balanced calm mind; an unshaken state of mind.,Use grading syllabus files in src/data/graduations and any official grading regulations in local docs.,candidate
C03094,src/data/graduations/3rd-kyu.json,base,3rd-kyu,knowledge[3].term,grading,Sabaki / tai sabaki,Use grading syllabus files in src/data/graduations and any official grading regulations in local docs.,candidate
C03095,src/data/graduations/3rd-kyu.json,base,3rd-kyu,knowledge[3].meaning,definition,Body movement and evasion.,Use grading syllabus files in src/data/graduations and any official grading regulations in local docs.,candidate
C03096,src/data/graduations/3rd-kyu.json,base,3rd-kyu,knowledge[4].term,grading,Shihan,Use grading syllabus files in src/data/graduations and any official grading regulations in local docs.,candidate
C03097,src/data/graduations/3rd-kyu.json,base,3rd-kyu,knowledge[4].meaning,definition,"Master Instructor, Teacher of Teachers",Use grading syllabus files in src/data/graduations and any official grading regulations in local docs.,candidate
C03098,src/data/graduations/3rd-kyu.json,base,3rd-kyu,knowledge[5].term,grading,Bubishi,Use grading syllabus files in src/data/graduations and any official grading regulations in local docs.,candidate
C03099,src/data/graduations/3rd-kyu.json,base,3rd-kyu,knowledge[5].meaning,definition,Classical Chinese martial-arts text containing principles associated with Okinawan Karatedo.,Use grading syllabus files in src/data/graduations and any official grading regulations in local docs.,candidate
C03100,src/data/graduations/3rd-kyu.json,base,3rd-kyu,knowledge[6].term,grading,Muchimi,Use grading syllabus files in src/data/graduations and any official grading regulations in local docs.,candidate
C03101,src/data/graduations/3rd-kyu.json,base,3rd-kyu,knowledge[6].meaning,definition,"Okinawan concept for slow, flowing, heavy, sticky movement.",Use grading syllabus files in src/data/graduations and any official grading regulations in local docs.,candidate
C03102,src/data/graduations/3rd-kyu.json,base,3rd-kyu,knowledge[7].term,grading,Chiru no chan chan,Use grading syllabus files in src/data/graduations and any official grading regulations in local docs.,candidate
C03103,src/data/graduations/3rd-kyu.json,base,3rd-kyu,knowledge[7].meaning,definition,Explosive force,Use grading syllabus files in src/data/graduations and any official grading regulations in local docs.,candidate
C03104,src/data/graduations/3rd-kyu.json,base,3rd-kyu,knowledge[8].term,grading,Chin kuchi kakin,Use grading syllabus files in src/data/graduations and any official grading regulations in local docs.,candidate
C03105,src/data/graduations/3rd-kyu.json,base,3rd-kyu,knowledge[8].meaning,definition,"Directing force; short, focused muscle tension at the moment of impact.",Use grading syllabus files in src/data/graduations and any official grading regulations in local docs.,candidate
C03106,src/data/graduations/3rd-kyu.json,base,3rd-kyu,knowledge[9].term,grading,Shime jurasan,Use grading syllabus files in src/data/graduations and any official grading regulations in local docs.,candidate
C03107,src/data/graduations/3rd-kyu.json,base,3rd-kyu,knowledge[9].meaning,definition,Perfect execution of kata.,Use grading syllabus files in src/data/graduations and any official grading regulations in local docs.,candidate
C03108,src/data/graduations/3rd-kyu.json,base,3rd-kyu,history[0],grading,Sensei Kanryo Higaonna and Sensei Chojun Miyagi taught only Sanchin and hojo undo to their students for the first couple of years of their training,Use grading syllabus files in src/data/graduations and any official grading regulations in local docs.,candidate
C03109,src/data/graduations/3rd-kyu.json,base,3rd-kyu,history[1],grading,"Sensei Ryuko Aragaki - first karate teacher of Sensei Chojun Miyagi, grandfather of Sensei Shuichi Aragaki",Use grading syllabus files in src/data/graduations and any official grading regulations in local docs.,candidate
C03110,src/data/graduations/3rd-kyu.json,base,3rd-kyu,history[2],grading,"Naha-Te, the martial art form that Sensei Kanryo Higaonna taught",Use grading syllabus files in src/data/graduations and any official grading regulations in local docs.,candidate
C03111,src/data/graduations/3rd-kyu.json,base,3rd-kyu,history[3],grading,Sensei Chojun Miyagi went to China for the first time in 1915,Use grading syllabus files in src/data/graduations and any official grading regulations in local docs.,candidate
C03112,src/data/graduations/3rd-kyu.nl.json,nl,3rd-kyu,title,grading,DE WEG NAAR 3E KYU,Use grading syllabus files in src/data/graduations and any official grading regulations in local docs.,candidate
C03113,src/data/graduations/3rd-kyu.nl.json,nl,3rd-kyu,techniques[0].category,grading,Kihon Waza (Basis Technieken),Use grading syllabus files in src/data/graduations and any official grading regulations in local docs.,candidate
C03114,src/data/graduations/3rd-kyu.nl.json,nl,3rd-kyu,techniques[0].techniques[0],grading,"Nukite zuki (Messenhand stoot) jodan, chudan, gedan",Use grading syllabus files in src/data/graduations and any official grading regulations in local docs.,candidate
C03115,src/data/graduations/3rd-kyu.nl.json,nl,3rd-kyu,techniques[0].techniques[1],grading,Furi zuki (Zwaai stoot),Use grading syllabus files in src/data/graduations and any official grading regulations in local docs.,candidate
C03116,src/data/graduations/3rd-kyu.nl.json,nl,3rd-kyu,techniques[0].techniques[2],grading,Kaiten ushiro geri (Draaiende achterwaartse trap),Use grading syllabus files in src/data/graduations and any official grading regulations in local docs.,candidate
C03117,src/data/graduations/3rd-kyu.nl.json,nl,3rd-kyu,techniques[1].category,grading,Tachi Kata (Stances),Use grading syllabus files in src/data/graduations and any official grading regulations in local docs.,candidate
C03118,src/data/graduations/3rd-kyu.nl.json,nl,3rd-kyu,techniques[1].techniques[0],grading,Heisoku dachi (Voeten samen houding),Use grading syllabus files in src/data/graduations and any official grading regulations in local docs.,candidate
C03119,src/data/graduations/3rd-kyu.nl.json,nl,3rd-kyu,techniques[2].category,grading,Unsoku Ho (Voetwerk),Use grading syllabus files in src/data/graduations and any official grading regulations in local docs.,candidate
C03120,src/data/graduations/3rd-kyu.nl.json,nl,3rd-kyu,techniques[2].techniques[0],grading,Bensoku dachi,Use grading syllabus files in src/data/graduations and any official grading regulations in local docs.,candidate
C03121,src/data/graduations/3rd-kyu.nl.json,nl,3rd-kyu,techniques[2].techniques[1],grading,Renoji dachi,Use grading syllabus files in src/data/graduations and any official grading regulations in local docs.,candidate
C03122,src/data/graduations/3rd-kyu.nl.json,nl,3rd-kyu,techniques[3].category,grading,Ido,Use grading syllabus files in src/data/graduations and any official grading regulations in local docs.,candidate
C03123,src/data/graduations/3rd-kyu.nl.json,nl,3rd-kyu,techniques[3].techniques[0],grading,"Mae geri, mawashi geri, kaiten ushiro geri",Use grading syllabus files in src/data/graduations and any official grading regulations in local docs.,candidate
C03124,src/data/graduations/3rd-kyu.nl.json,nl,3rd-kyu,techniques[3].techniques[1],grading,"Mae geri, mawashi geri, yoko geri, kaiten ushiro geri",Use grading syllabus files in src/data/graduations and any official grading regulations in local docs.,candidate
C03125,src/data/graduations/3rd-kyu.nl.json,nl,3rd-kyu,techniques[4].category,grading,Kata,Use grading syllabus files in src/data/graduations and any official grading regulations in local docs.,candidate
C03126,src/data/graduations/3rd-kyu.nl.json,nl,3rd-kyu,techniques[4].techniques[0],grading,Seiyunchin (Goede kata),Use grading syllabus files in src/data/graduations and any official grading regulations in local docs.,candidate
C03127,src/data/graduations/3rd-kyu.nl.json,nl,3rd-kyu,techniques[4].techniques[1],grading,Sanchin (Goede vorm & ademhaling),Use grading syllabus files in src/data/graduations and any official grading regulations in local docs.,candidate
C03128,src/data/graduations/3rd-kyu.nl.json,nl,3rd-kyu,techniques[5].category,grading,Bunkai,Use grading syllabus files in src/data/graduations and any official grading regulations in local docs.,candidate
C03129,src/data/graduations/3rd-kyu.nl.json,nl,3rd-kyu,techniques[5].techniques[0],grading,Seiyunchin (Eerste 6 bunkai),Use grading syllabus files in src/data/graduations and any official grading regulations in local docs.,candidate
C03130,src/data/graduations/3rd-kyu.nl.json,nl,3rd-kyu,techniques[6].category,grading,Kumite,Use grading syllabus files in src/data/graduations and any official grading regulations in local docs.,candidate
C03131,src/data/graduations/3rd-kyu.nl.json,nl,3rd-kyu,techniques[6].techniques[0],grading,Sandan gi – suri ashi,Use grading syllabus files in src/data/graduations and any official grading regulations in local docs.,candidate
C03132,src/data/graduations/3rd-kyu.nl.json,nl,3rd-kyu,techniques[7].category,grading,Hojo Undo (Aanvullende Training),Use grading syllabus files in src/data/graduations and any official grading regulations in local docs.,candidate
C03133,src/data/graduations/3rd-kyu.nl.json,nl,3rd-kyu,techniques[7].techniques[0],grading,"Makiwara – furi zuki, kaiten ushiro geri",Use grading syllabus files in src/data/graduations and any official grading regulations in local docs.,candidate
C03134,src/data/graduations/3rd-kyu.nl.json,nl,3rd-kyu,techniques[7].techniques[1],grading,Chiishi – zwaai & stoot met naname shiko dachi,Use grading syllabus files in src/data/graduations and any official grading regulations in local docs.,candidate
C03135,src/data/graduations/3rd-kyu.nl.json,nl,3rd-kyu,techniques[7].techniques[2],grading,"Chiishi – knijp (Omhoog, omlaag & draai, voorwaarts)",Use grading syllabus files in src/data/graduations and any official grading regulations in local docs.,candidate
C03136,src/data/graduations/3rd-kyu.nl.json,nl,3rd-kyu,knowledge[0].term,grading,Renzoku,Use grading syllabus files in src/data/graduations and any official grading regulations in local docs.,candidate
C03137,src/data/graduations/3rd-kyu.nl.json,nl,3rd-kyu,knowledge[0].meaning,definition,Opeenvolgend of continu; gebruikt voor combinaties en opeenvolgend sparren.,Use grading syllabus files in src/data/graduations and any official grading regulations in local docs.,candidate
C03138,src/data/graduations/3rd-kyu.nl.json,nl,3rd-kyu,knowledge[1].term,grading,Kenpo hakku,Use grading syllabus files in src/data/graduations and any official grading regulations in local docs.,candidate
C03139,src/data/graduations/3rd-kyu.nl.json,nl,3rd-kyu,knowledge[1].meaning,definition,De acht wetten van de vuist.,Use grading syllabus files in src/data/graduations and any official grading regulations in local docs.,candidate
C03140,src/data/graduations/3rd-kyu.nl.json,nl,3rd-kyu,knowledge[2].term,grading,Heijo shin (fudo shin),Use grading syllabus files in src/data/graduations and any official grading regulations in local docs.,candidate
C03141,src/data/graduations/3rd-kyu.nl.json,nl,3rd-kyu,knowledge[2].meaning,definition,Evenwichtige kalme geest; een onverstoorbare geestestoestand.,Use grading syllabus files in src/data/graduations and any official grading regulations in local docs.,candidate
C03142,src/data/graduations/3rd-kyu.nl.json,nl,3rd-kyu,knowledge[3].term,grading,Sabaki / tai sabaki,Use grading syllabus files in src/data/graduations and any official grading regulations in local docs.,candidate
C03143,src/data/graduations/3rd-kyu.nl.json,nl,3rd-kyu,knowledge[3].meaning,definition,Lichaamsverplaatsing en ontwijking.,Use grading syllabus files in src/data/graduations and any official grading regulations in local docs.,candidate
C03144,src/data/graduations/3rd-kyu.nl.json,nl,3rd-kyu,knowledge[4].term,grading,Shihan,Use grading syllabus files in src/data/graduations and any official grading regulations in local docs.,candidate
C03145,src/data/graduations/3rd-kyu.nl.json,nl,3rd-kyu,knowledge[4].meaning,definition,"Meester Instructeur, Leraar van Leraren",Use grading syllabus files in src/data/graduations and any official grading regulations in local docs.,candidate
C03146,src/data/graduations/3rd-kyu.nl.json,nl,3rd-kyu,knowledge[5].term,grading,Bubishi,Use grading syllabus files in src/data/graduations and any official grading regulations in local docs.,candidate
C03147,src/data/graduations/3rd-kyu.nl.json,nl,3rd-kyu,knowledge[5].meaning,definition,Klassieke Chinese krijgskunsttekst met principes die met Okinawaans karatedo worden verbonden.,Use grading syllabus files in src/data/graduations and any official grading regulations in local docs.,candidate
C03148,src/data/graduations/3rd-kyu.nl.json,nl,3rd-kyu,knowledge[6].term,grading,Muchimi,Use grading syllabus files in src/data/graduations and any official grading regulations in local docs.,candidate
C03149,src/data/graduations/3rd-kyu.nl.json,nl,3rd-kyu,knowledge[6].meaning,definition,"Okinawaans concept voor trage, vloeiende, zware, klevende beweging.",Use grading syllabus files in src/data/graduations and any official grading regulations in local docs.,candidate
C03150,src/data/graduations/3rd-kyu.nl.json,nl,3rd-kyu,knowledge[7].term,grading,Chiru no chan chan,Use grading syllabus files in src/data/graduations and any official grading regulations in local docs.,candidate
C03151,src/data/graduations/3rd-kyu.nl.json,nl,3rd-kyu,knowledge[7].meaning,definition,Explosiekracht / startkracht.,Use grading syllabus files in src/data/graduations and any official grading regulations in local docs.,candidate
C03152,src/data/graduations/3rd-kyu.nl.json,nl,3rd-kyu,knowledge[8].term,grading,Chin kuchi kakin,Use grading syllabus files in src/data/graduations and any official grading regulations in local docs.,candidate
C03153,src/data/graduations/3rd-kyu.nl.json,nl,3rd-kyu,knowledge[8].meaning,definition,"Richten van kracht; korte, gerichte spierspanning op het moment van raken.",Use grading syllabus files in src/data/graduations and any official grading regulations in local docs.,candidate
C03154,src/data/graduations/3rd-kyu.nl.json,nl,3rd-kyu,knowledge[9].term,grading,Shime jurasan,Use grading syllabus files in src/data/graduations and any official grading regulations in local docs.,candidate
C03155,src/data/graduations/3rd-kyu.nl.json,nl,3rd-kyu,knowledge[9].meaning,definition,Perfecte uitvoering van kata.,Use grading syllabus files in src/data/graduations and any official grading regulations in local docs.,candidate
C03156,src/data/graduations/3rd-kyu.nl.json,nl,3rd-kyu,history[0],grading,Sensei Kanryo Higaonna en Sensei Chojun Miyagi onderwezen alleen Sanchin en hojo undo aan hun studenten voor de eerste paar jaar van hun training,Use grading syllabus files in src/data/graduations and any official grading regulations in local docs.,candidate
C03157,src/data/graduations/3rd-kyu.nl.json,nl,3rd-kyu,history[1],grading,"Sensei Ryuko Aragaki - eerste karate leraar van Sensei Chojun Miyagi, grootvader van Sensei Shuichi Aragaki",Use grading syllabus files in src/data/graduations and any official grading regulations in local docs.,candidate
C03158,src/data/graduations/3rd-kyu.nl.json,nl,3rd-kyu,history[2],grading,"Naha-Te, de martial art vorm die Sensei Kanryo Higaonna onderwees",Use grading syllabus files in src/data/graduations and any official grading regulations in local docs.,candidate
C03159,src/data/graduations/3rd-kyu.nl.json,nl,3rd-kyu,history[3],grading,Sensei Chojun Miyagi ging voor het eerst naar China in 1915,Use grading syllabus files in src/data/graduations and any official grading regulations in local docs.,candidate
C03160,src/data/graduations/4th-kyu.json,base,4th-kyu,title,grading,THE WAY TO 4TH KYU,Use grading syllabus files in src/data/graduations and any official grading regulations in local docs.,candidate
C03161,src/data/graduations/4th-kyu.json,base,4th-kyu,techniques[0].category,grading,Kihon Waza (Basic Techniques),Use grading syllabus files in src/data/graduations and any official grading regulations in local docs.,candidate
C03162,src/data/graduations/4th-kyu.json,base,4th-kyu,techniques[0].techniques[0],grading,Shotei zuki (Palm heel thrust),Use grading syllabus files in src/data/graduations and any official grading regulations in local docs.,candidate
C03163,src/data/graduations/4th-kyu.json,base,4th-kyu,techniques[0].techniques[1],grading,"Shuto uchi (Front- jodan, gedan)",Use grading syllabus files in src/data/graduations and any official grading regulations in local docs.,candidate
C03164,src/data/graduations/4th-kyu.json,base,4th-kyu,techniques[0].techniques[2],grading,Tobi mae geri (Jumping front kick),Use grading syllabus files in src/data/graduations and any official grading regulations in local docs.,candidate
C03165,src/data/graduations/4th-kyu.json,base,4th-kyu,techniques[1].category,grading,Tachi Kata (Stances),Use grading syllabus files in src/data/graduations and any official grading regulations in local docs.,candidate
C03166,src/data/graduations/4th-kyu.json,base,4th-kyu,techniques[1].techniques[0],grading,Bensoku dachi (Cross leg stance),Use grading syllabus files in src/data/graduations and any official grading regulations in local docs.,candidate
C03167,src/data/graduations/4th-kyu.json,base,4th-kyu,techniques[1].techniques[1],grading,Renoji dachi (Checkmark stance),Use grading syllabus files in src/data/graduations and any official grading regulations in local docs.,candidate
C03168,src/data/graduations/4th-kyu.json,base,4th-kyu,techniques[2].category,grading,Ido (Moving Basics),Use grading syllabus files in src/data/graduations and any official grading regulations in local docs.,candidate
C03169,src/data/graduations/4th-kyu.json,base,4th-kyu,techniques[2].techniques[0],grading,"Jodan mawashi hiji ate, jodan uraken uchi, chudan ura zuki",Use grading syllabus files in src/data/graduations and any official grading regulations in local docs.,candidate
C03170,src/data/graduations/4th-kyu.json,base,4th-kyu,techniques[2].techniques[1],grading,"Jodan shotei uchi, shuto uchi",Use grading syllabus files in src/data/graduations and any official grading regulations in local docs.,candidate
C03171,src/data/graduations/4th-kyu.json,base,4th-kyu,techniques[3].category,grading,Kata,Use grading syllabus files in src/data/graduations and any official grading regulations in local docs.,candidate
C03172,src/data/graduations/4th-kyu.json,base,4th-kyu,techniques[3].techniques[0],grading,Seiyunchin (Sequence),Use grading syllabus files in src/data/graduations and any official grading regulations in local docs.,candidate
C03173,src/data/graduations/4th-kyu.json,base,4th-kyu,techniques[4].category,grading,Bunkai,Use grading syllabus files in src/data/graduations and any official grading regulations in local docs.,candidate
C03174,src/data/graduations/4th-kyu.json,base,4th-kyu,techniques[4].techniques[0],grading,Gekisai Dai Ichi renzoku bunkai,Use grading syllabus files in src/data/graduations and any official grading regulations in local docs.,candidate
C03175,src/data/graduations/4th-kyu.json,base,4th-kyu,techniques[5].category,grading,Kumite,Use grading syllabus files in src/data/graduations and any official grading regulations in local docs.,candidate
C03176,src/data/graduations/4th-kyu.json,base,4th-kyu,techniques[5].techniques[0],grading,Kakie - Gekisai Dai Ichi #4 (Shuto uchi),Use grading syllabus files in src/data/graduations and any official grading regulations in local docs.,candidate
C03177,src/data/graduations/4th-kyu.json,base,4th-kyu,techniques[5].techniques[1],grading,"Kakie – seiken zuki (Jodan, chudan, gedan)",Use grading syllabus files in src/data/graduations and any official grading regulations in local docs.,candidate
C03178,src/data/graduations/4th-kyu.json,base,4th-kyu,techniques[5].techniques[2],grading,Kakie – jodan shoto uchi,Use grading syllabus files in src/data/graduations and any official grading regulations in local docs.,candidate
C03179,src/data/graduations/4th-kyu.json,base,4th-kyu,techniques[5].techniques[3],grading,Kakie – chudan age hiji ate,Use grading syllabus files in src/data/graduations and any official grading regulations in local docs.,candidate
C03180,src/data/graduations/4th-kyu.json,base,4th-kyu,techniques[5].techniques[4],grading,Kakie – jodan mawashi hiji ate,Use grading syllabus files in src/data/graduations and any official grading regulations in local docs.,candidate
C03181,src/data/graduations/4th-kyu.json,base,4th-kyu,techniques[5].techniques[5],grading,Kakie – gedan kin geri,Use grading syllabus files in src/data/graduations and any official grading regulations in local docs.,candidate
C03182,src/data/graduations/4th-kyu.json,base,4th-kyu,techniques[5].techniques[6],grading,Shoulder conditioning,Use grading syllabus files in src/data/graduations and any official grading regulations in local docs.,candidate
C03183,src/data/graduations/4th-kyu.json,base,4th-kyu,techniques[5].techniques[7],grading,Back conditioning,Use grading syllabus files in src/data/graduations and any official grading regulations in local docs.,candidate
C03184,src/data/graduations/4th-kyu.json,base,4th-kyu,techniques[6].category,grading,Hojo Undo (Supplemental Training),Use grading syllabus files in src/data/graduations and any official grading regulations in local docs.,candidate
C03185,src/data/graduations/4th-kyu.json,base,4th-kyu,techniques[6].techniques[0],grading,"Makiwara (Focus pad) – shotei zuki, shuto uchi, tobi mae geri",Use grading syllabus files in src/data/graduations and any official grading regulations in local docs.,candidate
C03186,src/data/graduations/4th-kyu.json,base,4th-kyu,techniques[6].techniques[1],grading,Chiishi - rotate & push,Use grading syllabus files in src/data/graduations and any official grading regulations in local docs.,candidate
C03187,src/data/graduations/4th-kyu.json,base,4th-kyu,techniques[6].techniques[2],grading,Chiishi - swing around body & pick up,Use grading syllabus files in src/data/graduations and any official grading regulations in local docs.,candidate
C03188,src/data/graduations/4th-kyu.json,base,4th-kyu,techniques[6].techniques[3],grading,Nigiri game - Sanchin step,Use grading syllabus files in src/data/graduations and any official grading regulations in local docs.,candidate
C03189,src/data/graduations/4th-kyu.json,base,4th-kyu,knowledge[0].term,grading,Junbi undo,Use grading syllabus files in src/data/graduations and any official grading regulations in local docs.,candidate
C03190,src/data/graduations/4th-kyu.json,base,4th-kyu,knowledge[0].meaning,definition,"Preparatory exercises, warming up",Use grading syllabus files in src/data/graduations and any official grading regulations in local docs.,candidate
C03191,src/data/graduations/4th-kyu.json,base,4th-kyu,knowledge[1].term,grading,Hojo undo,Use grading syllabus files in src/data/graduations and any official grading regulations in local docs.,candidate
C03192,src/data/graduations/4th-kyu.json,base,4th-kyu,knowledge[1].meaning,definition,Supplementary (strength) exercises,Use grading syllabus files in src/data/graduations and any official grading regulations in local docs.,candidate
C03193,src/data/graduations/4th-kyu.json,base,4th-kyu,knowledge[2].term,grading,Makiwara,Use grading syllabus files in src/data/graduations and any official grading regulations in local docs.,candidate
C03194,src/data/graduations/4th-kyu.json,base,4th-kyu,knowledge[2].meaning,definition,Striking post.,Use grading syllabus files in src/data/graduations and any official grading regulations in local docs.,candidate
C03195,src/data/graduations/4th-kyu.json,base,4th-kyu,knowledge[3].term,grading,Gyaku waza,Use grading syllabus files in src/data/graduations and any official grading regulations in local docs.,candidate
C03196,src/data/graduations/4th-kyu.json,base,4th-kyu,knowledge[3].meaning,definition,Joint-locking techniques.,Use grading syllabus files in src/data/graduations and any official grading regulations in local docs.,candidate
C03197,src/data/graduations/4th-kyu.json,base,4th-kyu,knowledge[4].term,grading,Hazushi waza,Use grading syllabus files in src/data/graduations and any official grading regulations in local docs.,candidate
C03198,src/data/graduations/4th-kyu.json,base,4th-kyu,knowledge[4].meaning,definition,Freeing or release techniques.,Use grading syllabus files in src/data/graduations and any official grading regulations in local docs.,candidate
C03199,src/data/graduations/4th-kyu.json,base,4th-kyu,knowledge[5].term,grading,Nage waza,Use grading syllabus files in src/data/graduations and any official grading regulations in local docs.,candidate
C03200,src/data/graduations/4th-kyu.json,base,4th-kyu,knowledge[5].meaning,definition,Throwing techniques.,Use grading syllabus files in src/data/graduations and any official grading regulations in local docs.,candidate
C03201,src/data/graduations/4th-kyu.json,base,4th-kyu,knowledge[6].term,grading,Ne waza,Use grading syllabus files in src/data/graduations and any official grading regulations in local docs.,candidate
C03202,src/data/graduations/4th-kyu.json,base,4th-kyu,knowledge[6].meaning,definition,Ground techniques,Use grading syllabus files in src/data/graduations and any official grading regulations in local docs.,candidate
C03203,src/data/graduations/4th-kyu.json,base,4th-kyu,knowledge[7].term,grading,Zanshin,Use grading syllabus files in src/data/graduations and any official grading regulations in local docs.,candidate
C03204,src/data/graduations/4th-kyu.json,base,4th-kyu,knowledge[7].meaning,definition,Lingering attention,Use grading syllabus files in src/data/graduations and any official grading regulations in local docs.,candidate
C03205,src/data/graduations/4th-kyu.json,base,4th-kyu,knowledge[8].term,grading,Morote,Use grading syllabus files in src/data/graduations and any official grading regulations in local docs.,candidate
C03206,src/data/graduations/4th-kyu.json,base,4th-kyu,knowledge[8].meaning,definition,Two-handed; using both hands.,Use grading syllabus files in src/data/graduations and any official grading regulations in local docs.,candidate
C03207,src/data/graduations/4th-kyu.json,base,4th-kyu,knowledge[9].term,grading,Morote waza,Use grading syllabus files in src/data/graduations and any official grading regulations in local docs.,candidate
C03208,src/data/graduations/4th-kyu.json,base,4th-kyu,knowledge[9].meaning,definition,Double-handed techniques.,Use grading syllabus files in src/data/graduations and any official grading regulations in local docs.,candidate
C03209,src/data/graduations/4th-kyu.json,base,4th-kyu,history[0],grading,"Sensei Chojun Miyagi created Gekisai Dai Ichi, Gekisai Dai Ni, Tensho kata, junbi undo and zenshin kotai Sanchin",Use grading syllabus files in src/data/graduations and any official grading regulations in local docs.,candidate
C03210,src/data/graduations/4th-kyu.json,base,4th-kyu,history[1],grading,"Sensei Chojun Miyagi created Gekisai Dai Ichi, Gekisai Dai Ni in 1940's to promote karate to the younger generation",Use grading syllabus files in src/data/graduations and any official grading regulations in local docs.,candidate
C03211,src/data/graduations/4th-kyu.json,base,4th-kyu,history[2],grading,"Sensei Chojun Miyagi named his martial art ""Goju-Ryu"" from one of eight martial arts principals (poems) from Bubishi",Use grading syllabus files in src/data/graduations and any official grading regulations in local docs.,candidate
C03212,src/data/graduations/4th-kyu.json,base,4th-kyu,history[3],grading,"Sensei Kanryo Higaonna went to Fuzou, China to learn martial arts when he was about 15 years old",Use grading syllabus files in src/data/graduations and any official grading regulations in local docs.,candidate
C03213,src/data/graduations/4th-kyu.json,base,4th-kyu,history[4],grading,"Sensei Chojun Miyagi and Sensei Kanryo Higaonna were called ""bushi (superb martial artist)"" in Okinawan society",Use grading syllabus files in src/data/graduations and any official grading regulations in local docs.,candidate
C03214,src/data/graduations/4th-kyu.json,base,4th-kyu,history[5],grading,"Kobudo was developed for the same reason as karate, as weapons were banned",Use grading syllabus files in src/data/graduations and any official grading regulations in local docs.,candidate
C03215,src/data/graduations/4th-kyu.nl.json,nl,4th-kyu,title,grading,DE WEG NAAR 4E KYU,Use grading syllabus files in src/data/graduations and any official grading regulations in local docs.,candidate
C03216,src/data/graduations/4th-kyu.nl.json,nl,4th-kyu,techniques[0].category,grading,Kihon Waza (Basis Technieken),Use grading syllabus files in src/data/graduations and any official grading regulations in local docs.,candidate
C03217,src/data/graduations/4th-kyu.nl.json,nl,4th-kyu,techniques[0].techniques[0],grading,Shotei zuki (Handpalm stoot),Use grading syllabus files in src/data/graduations and any official grading regulations in local docs.,candidate
C03218,src/data/graduations/4th-kyu.nl.json,nl,4th-kyu,techniques[0].techniques[1],grading,"Shuto uchi (Voor- jodan, gedan)",Use grading syllabus files in src/data/graduations and any official grading regulations in local docs.,candidate
C03219,src/data/graduations/4th-kyu.nl.json,nl,4th-kyu,techniques[0].techniques[2],grading,Tobi mae geri (Springende voorwaartse trap),Use grading syllabus files in src/data/graduations and any official grading regulations in local docs.,candidate
C03220,src/data/graduations/4th-kyu.nl.json,nl,4th-kyu,techniques[1].category,grading,Tachi Kata (Stances),Use grading syllabus files in src/data/graduations and any official grading regulations in local docs.,candidate
C03221,src/data/graduations/4th-kyu.nl.json,nl,4th-kyu,techniques[1].techniques[0],grading,Bensoku dachi (Kruisbeen houding),Use grading syllabus files in src/data/graduations and any official grading regulations in local docs.,candidate
C03222,src/data/graduations/4th-kyu.nl.json,nl,4th-kyu,techniques[1].techniques[1],grading,Renoji dachi (Vinkje houding),Use grading syllabus files in src/data/graduations and any official grading regulations in local docs.,candidate
C03223,src/data/graduations/4th-kyu.nl.json,nl,4th-kyu,techniques[2].category,grading,Ido (Bewegende Basis),Use grading syllabus files in src/data/graduations and any official grading regulations in local docs.,candidate
C03224,src/data/graduations/4th-kyu.nl.json,nl,4th-kyu,techniques[2].techniques[0],grading,"Jodan mawashi hiji ate, jodan uraken uchi, chudan ura zuki",Use grading syllabus files in src/data/graduations and any official grading regulations in local docs.,candidate
C03225,src/data/graduations/4th-kyu.nl.json,nl,4th-kyu,techniques[2].techniques[1],grading,"Jodan shotei uchi, shuto uchi",Use grading syllabus files in src/data/graduations and any official grading regulations in local docs.,candidate
C03226,src/data/graduations/4th-kyu.nl.json,nl,4th-kyu,techniques[3].category,grading,Kata,Use grading syllabus files in src/data/graduations and any official grading regulations in local docs.,candidate
C03227,src/data/graduations/4th-kyu.nl.json,nl,4th-kyu,techniques[3].techniques[0],grading,Seiyunchin (Reeks),Use grading syllabus files in src/data/graduations and any official grading regulations in local docs.,candidate
C03228,src/data/graduations/4th-kyu.nl.json,nl,4th-kyu,techniques[4].category,grading,Bunkai,Use grading syllabus files in src/data/graduations and any official grading regulations in local docs.,candidate
C03229,src/data/graduations/4th-kyu.nl.json,nl,4th-kyu,techniques[4].techniques[0],grading,Gekisai Dai Ichi renzoku bunkai,Use grading syllabus files in src/data/graduations and any official grading regulations in local docs.,candidate
C03230,src/data/graduations/4th-kyu.nl.json,nl,4th-kyu,techniques[5].category,grading,Kumite,Use grading syllabus files in src/data/graduations and any official grading regulations in local docs.,candidate
C03231,src/data/graduations/4th-kyu.nl.json,nl,4th-kyu,techniques[5].techniques[0],grading,Kakie - Gekisai Dai Ichi #4 (Shuto uchi),Use grading syllabus files in src/data/graduations and any official grading regulations in local docs.,candidate
C03232,src/data/graduations/4th-kyu.nl.json,nl,4th-kyu,techniques[5].techniques[1],grading,"Kakie – seiken zuki (Jodan, chudan, gedan)",Use grading syllabus files in src/data/graduations and any official grading regulations in local docs.,candidate
C03233,src/data/graduations/4th-kyu.nl.json,nl,4th-kyu,techniques[5].techniques[2],grading,Kakie – jodan shoto uchi,Use grading syllabus files in src/data/graduations and any official grading regulations in local docs.,candidate
C03234,src/data/graduations/4th-kyu.nl.json,nl,4th-kyu,techniques[5].techniques[3],grading,Kakie – chudan age hiji ate,Use grading syllabus files in src/data/graduations and any official grading regulations in local docs.,candidate
C03235,src/data/graduations/4th-kyu.nl.json,nl,4th-kyu,techniques[5].techniques[4],grading,Kakie – jodan mawashi hiji ate,Use grading syllabus files in src/data/graduations and any official grading regulations in local docs.,candidate
C03236,src/data/graduations/4th-kyu.nl.json,nl,4th-kyu,techniques[5].techniques[5],grading,Kakie – gedan kin geri,Use grading syllabus files in src/data/graduations and any official grading regulations in local docs.,candidate
C03237,src/data/graduations/4th-kyu.nl.json,nl,4th-kyu,techniques[5].techniques[6],grading,Schouder conditioning,Use grading syllabus files in src/data/graduations and any official grading regulations in local docs.,candidate
C03238,src/data/graduations/4th-kyu.nl.json,nl,4th-kyu,techniques[5].techniques[7],grading,Rug conditioning,Use grading syllabus files in src/data/graduations and any official grading regulations in local docs.,candidate
C03239,src/data/graduations/4th-kyu.nl.json,nl,4th-kyu,techniques[6].category,grading,Hojo Undo (Aanvullende Training),Use grading syllabus files in src/data/graduations and any official grading regulations in local docs.,candidate
C03240,src/data/graduations/4th-kyu.nl.json,nl,4th-kyu,techniques[6].techniques[0],grading,"Makiwara (Focus pad) – shotei zuki, shuto uchi, tobi mae geri",Use grading syllabus files in src/data/graduations and any official grading regulations in local docs.,candidate
C03241,src/data/graduations/4th-kyu.nl.json,nl,4th-kyu,techniques[6].techniques[1],grading,Chiishi - draai & duw,Use grading syllabus files in src/data/graduations and any official grading regulations in local docs.,candidate
C03242,src/data/graduations/4th-kyu.nl.json,nl,4th-kyu,techniques[6].techniques[2],grading,Chiishi - zwaai rond lichaam & pak op,Use grading syllabus files in src/data/graduations and any official grading regulations in local docs.,candidate
C03243,src/data/graduations/4th-kyu.nl.json,nl,4th-kyu,techniques[6].techniques[3],grading,Nigiri game - Sanchin stap,Use grading syllabus files in src/data/graduations and any official grading regulations in local docs.,candidate
C03244,src/data/graduations/4th-kyu.nl.json,nl,4th-kyu,knowledge[0].term,grading,Junbi undo,Use grading syllabus files in src/data/graduations and any official grading regulations in local docs.,candidate
C03245,src/data/graduations/4th-kyu.nl.json,nl,4th-kyu,knowledge[0].meaning,definition,Warming-up.,Use grading syllabus files in src/data/graduations and any official grading regulations in local docs.,candidate
C03246,src/data/graduations/4th-kyu.nl.json,nl,4th-kyu,knowledge[1].term,grading,Hojo undo,Use grading syllabus files in src/data/graduations and any official grading regulations in local docs.,candidate
C03247,src/data/graduations/4th-kyu.nl.json,nl,4th-kyu,knowledge[1].meaning,definition,Ondersteunende krachtoefeningen.,Use grading syllabus files in src/data/graduations and any official grading regulations in local docs.,candidate
C03248,src/data/graduations/4th-kyu.nl.json,nl,4th-kyu,knowledge[2].term,grading,Makiwara,Use grading syllabus files in src/data/graduations and any official grading regulations in local docs.,candidate
C03249,src/data/graduations/4th-kyu.nl.json,nl,4th-kyu,knowledge[2].meaning,definition,Stootplank.,Use grading syllabus files in src/data/graduations and any official grading regulations in local docs.,candidate
C03250,src/data/graduations/4th-kyu.nl.json,nl,4th-kyu,knowledge[3].term,grading,Gyaku waza,Use grading syllabus files in src/data/graduations and any official grading regulations in local docs.,candidate
C03251,src/data/graduations/4th-kyu.nl.json,nl,4th-kyu,knowledge[3].meaning,definition,Gewrichtsklemtechnieken.,Use grading syllabus files in src/data/graduations and any official grading regulations in local docs.,candidate
C03252,src/data/graduations/4th-kyu.nl.json,nl,4th-kyu,knowledge[4].term,grading,Hazushi waza,Use grading syllabus files in src/data/graduations and any official grading regulations in local docs.,candidate
C03253,src/data/graduations/4th-kyu.nl.json,nl,4th-kyu,knowledge[4].meaning,definition,Bevrijdings- of losmaaktechnieken.,Use grading syllabus files in src/data/graduations and any official grading regulations in local docs.,candidate
C03254,src/data/graduations/4th-kyu.nl.json,nl,4th-kyu,knowledge[5].term,grading,Nage waza,Use grading syllabus files in src/data/graduations and any official grading regulations in local docs.,candidate
C03255,src/data/graduations/4th-kyu.nl.json,nl,4th-kyu,knowledge[5].meaning,definition,Werptechnieken.,Use grading syllabus files in src/data/graduations and any official grading regulations in local docs.,candidate
C03256,src/data/graduations/4th-kyu.nl.json,nl,4th-kyu,knowledge[6].term,grading,Ne waza,Use grading syllabus files in src/data/graduations and any official grading regulations in local docs.,candidate
C03257,src/data/graduations/4th-kyu.nl.json,nl,4th-kyu,knowledge[6].meaning,definition,Grondtechnieken,Use grading syllabus files in src/data/graduations and any official grading regulations in local docs.,candidate
C03258,src/data/graduations/4th-kyu.nl.json,nl,4th-kyu,knowledge[7].term,grading,Zanshin,Use grading syllabus files in src/data/graduations and any official grading regulations in local docs.,candidate
C03259,src/data/graduations/4th-kyu.nl.json,nl,4th-kyu,knowledge[7].meaning,definition,Blijvende aandacht en alertheid ('blijvend hart').,Use grading syllabus files in src/data/graduations and any official grading regulations in local docs.,candidate
C03260,src/data/graduations/4th-kyu.nl.json,nl,4th-kyu,knowledge[8].term,grading,Morote,Use grading syllabus files in src/data/graduations and any official grading regulations in local docs.,candidate
C03261,src/data/graduations/4th-kyu.nl.json,nl,4th-kyu,knowledge[8].meaning,definition,Tweehandig; met beide handen.,Use grading syllabus files in src/data/graduations and any official grading regulations in local docs.,candidate
C03262,src/data/graduations/4th-kyu.nl.json,nl,4th-kyu,knowledge[9].term,grading,Morote waza,Use grading syllabus files in src/data/graduations and any official grading regulations in local docs.,candidate
C03263,src/data/graduations/4th-kyu.nl.json,nl,4th-kyu,knowledge[9].meaning,definition,Tweehandige technieken.,Use grading syllabus files in src/data/graduations and any official grading regulations in local docs.,candidate
C03264,src/data/graduations/4th-kyu.nl.json,nl,4th-kyu,history[0],grading,"Sensei Chojun Miyagi creëerde Gekisai Dai Ichi, Gekisai Dai Ni, Tensho kata, junbi undo en zenshin kotai Sanchin",Use grading syllabus files in src/data/graduations and any official grading regulations in local docs.,candidate
C03265,src/data/graduations/4th-kyu.nl.json,nl,4th-kyu,history[1],grading,"Sensei Chojun Miyagi creëerde Gekisai Dai Ichi, Gekisai Dai Ni in de jaren 1940 om karate te promoten bij de jongere generatie",Use grading syllabus files in src/data/graduations and any official grading regulations in local docs.,candidate
C03266,src/data/graduations/4th-kyu.nl.json,nl,4th-kyu,history[2],grading,"Sensei Chojun Miyagi noemde zijn martial art ""Goju-Ryu"" naar een van acht martial arts principes (gedichten) uit Bubishi",Use grading syllabus files in src/data/graduations and any official grading regulations in local docs.,candidate
C03267,src/data/graduations/4th-kyu.nl.json,nl,4th-kyu,history[3],grading,"Sensei Kanryo Higaonna ging naar Fuzou, China om martial arts te leren toen hij ongeveer 15 jaar oud was",Use grading syllabus files in src/data/graduations and any official grading regulations in local docs.,candidate
C03268,src/data/graduations/4th-kyu.nl.json,nl,4th-kyu,history[4],grading,"Sensei Chojun Miyagi en Sensei Kanryo Higaonna werden ""bushi (superbe martial artist)"" genoemd in de Okinawaanse samenleving",Use grading syllabus files in src/data/graduations and any official grading regulations in local docs.,candidate
C03269,src/data/graduations/4th-kyu.nl.json,nl,4th-kyu,history[5],safety,"Kobudo werd ontwikkeld om dezelfde reden als karate, omdat wapens verboden waren",Use grading syllabus files in src/data/graduations and any official grading regulations in local docs.,candidate
C03270,src/data/graduations/5th-kyu.json,base,5th-kyu,title,grading,THE WAY TO 5TH KYU,Use grading syllabus files in src/data/graduations and any official grading regulations in local docs.,candidate
C03271,src/data/graduations/5th-kyu.json,base,5th-kyu,techniques[0].category,grading,Kihon Waza (Basic Techniques),Use grading syllabus files in src/data/graduations and any official grading regulations in local docs.,candidate
C03272,src/data/graduations/5th-kyu.json,base,5th-kyu,techniques[0].techniques[0],grading,Mawashi hiji ate (Roundhouse elbow strike),Use grading syllabus files in src/data/graduations and any official grading regulations in local docs.,candidate
C03273,src/data/graduations/5th-kyu.json,base,5th-kyu,techniques[0].techniques[1],grading,Ushiro hiji ate (Back elbow strike),Use grading syllabus files in src/data/graduations and any official grading regulations in local docs.,candidate
C03274,src/data/graduations/5th-kyu.json,base,5th-kyu,techniques[1].category,grading,Ido (Moving Basics),Use grading syllabus files in src/data/graduations and any official grading regulations in local docs.,candidate
C03275,src/data/graduations/5th-kyu.json,base,5th-kyu,techniques[1].techniques[0],grading,"Chudan uchi uke, haito uchi",Use grading syllabus files in src/data/graduations and any official grading regulations in local docs.,candidate
C03276,src/data/graduations/5th-kyu.json,base,5th-kyu,techniques[1].techniques[1],grading,"Gedan uchi uke, jodan tateken zuki",Use grading syllabus files in src/data/graduations and any official grading regulations in local docs.,candidate
C03277,src/data/graduations/5th-kyu.json,base,5th-kyu,techniques[1].techniques[2],grading,"Neko ashi dachi, hiki uke",Use grading syllabus files in src/data/graduations and any official grading regulations in local docs.,candidate
C03278,src/data/graduations/5th-kyu.json,base,5th-kyu,techniques[1].techniques[3],grading,"Neko ashi dachi, hiki uke, mae ashi kin geri",Use grading syllabus files in src/data/graduations and any official grading regulations in local docs.,candidate
C03279,src/data/graduations/5th-kyu.json,base,5th-kyu,techniques[1].techniques[4],grading,"Neko ashi dachi, hiki uke, zenkutsu dachi, gyaku zuki, neko ashi dachi, hiki uke",Use grading syllabus files in src/data/graduations and any official grading regulations in local docs.,candidate
C03280,src/data/graduations/5th-kyu.json,base,5th-kyu,techniques[2].category,grading,Kata,Use grading syllabus files in src/data/graduations and any official grading regulations in local docs.,candidate
C03281,src/data/graduations/5th-kyu.json,base,5th-kyu,techniques[2].techniques[0],grading,Saifa (Good kata),Use grading syllabus files in src/data/graduations and any official grading regulations in local docs.,candidate
C03282,src/data/graduations/5th-kyu.json,base,5th-kyu,techniques[2].techniques[1],grading,Sanchin (Good form),Use grading syllabus files in src/data/graduations and any official grading regulations in local docs.,candidate
C03283,src/data/graduations/5th-kyu.json,base,5th-kyu,techniques[3].category,grading,Bunkai,Use grading syllabus files in src/data/graduations and any official grading regulations in local docs.,candidate
C03284,src/data/graduations/5th-kyu.json,base,5th-kyu,techniques[3].techniques[0],grading,Saifa,Use grading syllabus files in src/data/graduations and any official grading regulations in local docs.,candidate
C03285,src/data/graduations/5th-kyu.json,base,5th-kyu,techniques[4].category,grading,Kumite,Use grading syllabus files in src/data/graduations and any official grading regulations in local docs.,candidate
C03286,src/data/graduations/5th-kyu.json,base,5th-kyu,techniques[4].techniques[0],grading,"Basic block – sukui uke, kaishu gedan harai uke",Use grading syllabus files in src/data/graduations and any official grading regulations in local docs.,candidate
C03287,src/data/graduations/5th-kyu.json,base,5th-kyu,techniques[4].techniques[1],grading,Kakie – kote gaeshi,Use grading syllabus files in src/data/graduations and any official grading regulations in local docs.,candidate
C03288,src/data/graduations/5th-kyu.json,base,5th-kyu,techniques[4].techniques[2],grading,Kakie – Gekisai Dai Ni hiki uke bunkai (Nodo tsukami),Use grading syllabus files in src/data/graduations and any official grading regulations in local docs.,candidate
C03289,src/data/graduations/5th-kyu.json,base,5th-kyu,techniques[4].techniques[3],grading,Thigh conditioning,Use grading syllabus files in src/data/graduations and any official grading regulations in local docs.,candidate
C03290,src/data/graduations/5th-kyu.json,base,5th-kyu,techniques[4].techniques[4],grading,Stomach conditioning,Use grading syllabus files in src/data/graduations and any official grading regulations in local docs.,candidate
C03291,src/data/graduations/5th-kyu.json,base,5th-kyu,techniques[5].category,grading,Hojo Undo (Supplemental Training),Use grading syllabus files in src/data/graduations and any official grading regulations in local docs.,candidate
C03292,src/data/graduations/5th-kyu.json,base,5th-kyu,techniques[5].techniques[0],grading,"Makiwara – mawashi hiji ate, ushiro hiji ate",Use grading syllabus files in src/data/graduations and any official grading regulations in local docs.,candidate
C03293,src/data/graduations/5th-kyu.json,base,5th-kyu,techniques[5].techniques[1],grading,Chiishi – front & back/side to side,Use grading syllabus files in src/data/graduations and any official grading regulations in local docs.,candidate
C03294,src/data/graduations/5th-kyu.json,base,5th-kyu,techniques[5].techniques[2],grading,Neko undo,Use grading syllabus files in src/data/graduations and any official grading regulations in local docs.,candidate
C03295,src/data/graduations/5th-kyu.json,base,5th-kyu,knowledge[0].term,definition,Dojo kun in Japanese and its meaning,Use grading syllabus files in src/data/graduations and any official grading regulations in local docs.,candidate
C03296,src/data/graduations/5th-kyu.json,base,5th-kyu,knowledge[0].meaning,definition,"Know the five dojo kun: perfect character, seek the true way, cultivate perseverance, respect etiquette and refrain from uncontrolled behavior.",Use grading syllabus files in src/data/graduations and any official grading regulations in local docs.,candidate
C03297,src/data/graduations/5th-kyu.json,base,5th-kyu,knowledge[1].term,grading,Opening & closing ceremony in Japanese,Use grading syllabus files in src/data/graduations and any official grading regulations in local docs.,candidate
C03298,src/data/graduations/5th-kyu.json,base,5th-kyu,knowledge[1].meaning,definition,"Know the ceremony commands: shugo, ki o tsuke, seiza, mokuso, mokuso yame, shomen ni rei, sensei ni rei, otagai ni rei and kiritsu.",Use grading syllabus files in src/data/graduations and any official grading regulations in local docs.,candidate
C03299,src/data/graduations/5th-kyu.json,base,5th-kyu,knowledge[2].term,grading,Gasshuku,Use grading syllabus files in src/data/graduations and any official grading regulations in local docs.,candidate
C03300,src/data/graduations/5th-kyu.json,base,5th-kyu,knowledge[2].meaning,definition,Training camp,Use grading syllabus files in src/data/graduations and any official grading regulations in local docs.,candidate
C03301,src/data/graduations/5th-kyu.json,base,5th-kyu,knowledge[3].term,grading,Zenshin,Use grading syllabus files in src/data/graduations and any official grading regulations in local docs.,candidate
C03302,src/data/graduations/5th-kyu.json,base,5th-kyu,knowledge[3].meaning,definition,Forward.,Use grading syllabus files in src/data/graduations and any official grading regulations in local docs.,candidate
C03303,src/data/graduations/5th-kyu.json,base,5th-kyu,knowledge[4].term,grading,Kotai,Use grading syllabus files in src/data/graduations and any official grading regulations in local docs.,candidate
C03304,src/data/graduations/5th-kyu.json,base,5th-kyu,knowledge[4].meaning,definition,Backward.,Use grading syllabus files in src/data/graduations and any official grading regulations in local docs.,candidate
C03305,src/data/graduations/5th-kyu.json,base,5th-kyu,knowledge[5].term,grading,Kyu,Use grading syllabus files in src/data/graduations and any official grading regulations in local docs.,candidate
C03306,src/data/graduations/5th-kyu.json,base,5th-kyu,knowledge[5].meaning,definition,"Rank (colored belts, below black belt)",Use grading syllabus files in src/data/graduations and any official grading regulations in local docs.,candidate
C03307,src/data/graduations/5th-kyu.json,base,5th-kyu,knowledge[6].term,grading,Dan,Use grading syllabus files in src/data/graduations and any official grading regulations in local docs.,candidate
C03308,src/data/graduations/5th-kyu.json,base,5th-kyu,knowledge[6].meaning,definition,Level (black belt ranks),Use grading syllabus files in src/data/graduations and any official grading regulations in local docs.,candidate
C03309,src/data/graduations/5th-kyu.json,base,5th-kyu,knowledge[7].term,grading,Ryu,Use grading syllabus files in src/data/graduations and any official grading regulations in local docs.,candidate
C03310,src/data/graduations/5th-kyu.json,base,5th-kyu,knowledge[7].meaning,definition,Style,Use grading syllabus files in src/data/graduations and any official grading regulations in local docs.,candidate
C03311,src/data/graduations/5th-kyu.json,base,5th-kyu,history[0],grading,Your own lineage,Use grading syllabus files in src/data/graduations and any official grading regulations in local docs.,candidate
C03312,src/data/graduations/5th-kyu.json,base,5th-kyu,history[1],grading,Sensei Anichi Miyagi started training karate under Sensei Chojun Miyagi after World War II,Use grading syllabus files in src/data/graduations and any official grading regulations in local docs.,candidate
C03313,src/data/graduations/5th-kyu.json,base,5th-kyu,history[2],grading,"Sensei Shuichi Aragaki - Direct student of Sensei Chojun Miyagi, trained with Sensei Anichi Miyagi, IOGKF technical advisor",Use grading syllabus files in src/data/graduations and any official grading regulations in local docs.,candidate
C03314,src/data/graduations/5th-kyu.json,base,5th-kyu,history[3],grading,"Three major Okinawan karate styles were Naha-Te, Shuri-Te, Tomari-Te",Use grading syllabus files in src/data/graduations and any official grading regulations in local docs.,candidate
C03315,src/data/graduations/5th-kyu.nl.json,nl,5th-kyu,title,grading,DE WEG NAAR 5E KYU,Use grading syllabus files in src/data/graduations and any official grading regulations in local docs.,candidate
C03316,src/data/graduations/5th-kyu.nl.json,nl,5th-kyu,techniques[0].category,grading,Kihon Waza (Basis Technieken),Use grading syllabus files in src/data/graduations and any official grading regulations in local docs.,candidate
C03317,src/data/graduations/5th-kyu.nl.json,nl,5th-kyu,techniques[0].techniques[0],grading,Mawashi hiji ate (Ronde elleboog slag),Use grading syllabus files in src/data/graduations and any official grading regulations in local docs.,candidate
C03318,src/data/graduations/5th-kyu.nl.json,nl,5th-kyu,techniques[0].techniques[1],grading,Ushiro hiji ate (Achterwaartse elleboog slag),Use grading syllabus files in src/data/graduations and any official grading regulations in local docs.,candidate
C03319,src/data/graduations/5th-kyu.nl.json,nl,5th-kyu,techniques[1].category,grading,Ido (Bewegende Basis),Use grading syllabus files in src/data/graduations and any official grading regulations in local docs.,candidate
C03320,src/data/graduations/5th-kyu.nl.json,nl,5th-kyu,techniques[1].techniques[0],grading,"Chudan uchi uke, haito uchi",Use grading syllabus files in src/data/graduations and any official grading regulations in local docs.,candidate
C03321,src/data/graduations/5th-kyu.nl.json,nl,5th-kyu,techniques[1].techniques[1],grading,"Gedan uchi uke, jodan tateken zuki",Use grading syllabus files in src/data/graduations and any official grading regulations in local docs.,candidate
C03322,src/data/graduations/5th-kyu.nl.json,nl,5th-kyu,techniques[1].techniques[2],grading,"Neko ashi dachi, hiki uke",Use grading syllabus files in src/data/graduations and any official grading regulations in local docs.,candidate
C03323,src/data/graduations/5th-kyu.nl.json,nl,5th-kyu,techniques[1].techniques[3],grading,"Neko ashi dachi, hiki uke, mae ashi kin geri",Use grading syllabus files in src/data/graduations and any official grading regulations in local docs.,candidate
C03324,src/data/graduations/5th-kyu.nl.json,nl,5th-kyu,techniques[1].techniques[4],grading,"Neko ashi dachi, hiki uke, zenkutsu dachi, gyaku zuki, neko ashi dachi, hiki uke",Use grading syllabus files in src/data/graduations and any official grading regulations in local docs.,candidate
C03325,src/data/graduations/5th-kyu.nl.json,nl,5th-kyu,techniques[2].category,grading,Kata,Use grading syllabus files in src/data/graduations and any official grading regulations in local docs.,candidate
C03326,src/data/graduations/5th-kyu.nl.json,nl,5th-kyu,techniques[2].techniques[0],grading,Saifa (Goede kata),Use grading syllabus files in src/data/graduations and any official grading regulations in local docs.,candidate
C03327,src/data/graduations/5th-kyu.nl.json,nl,5th-kyu,techniques[2].techniques[1],grading,Sanchin (Goede vorm),Use grading syllabus files in src/data/graduations and any official grading regulations in local docs.,candidate
C03328,src/data/graduations/5th-kyu.nl.json,nl,5th-kyu,techniques[3].category,grading,Bunkai,Use grading syllabus files in src/data/graduations and any official grading regulations in local docs.,candidate
C03329,src/data/graduations/5th-kyu.nl.json,nl,5th-kyu,techniques[3].techniques[0],grading,Saifa,Use grading syllabus files in src/data/graduations and any official grading regulations in local docs.,candidate
C03330,src/data/graduations/5th-kyu.nl.json,nl,5th-kyu,techniques[4].category,grading,Kumite,Use grading syllabus files in src/data/graduations and any official grading regulations in local docs.,candidate
C03331,src/data/graduations/5th-kyu.nl.json,nl,5th-kyu,techniques[4].techniques[0],grading,"Basis blok – sukui uke, kaishu gedan harai uke",Use grading syllabus files in src/data/graduations and any official grading regulations in local docs.,candidate
C03332,src/data/graduations/5th-kyu.nl.json,nl,5th-kyu,techniques[4].techniques[1],grading,Kakie – kote gaeshi,Use grading syllabus files in src/data/graduations and any official grading regulations in local docs.,candidate
C03333,src/data/graduations/5th-kyu.nl.json,nl,5th-kyu,techniques[4].techniques[2],grading,Kakie – Gekisai Dai Ni hiki uke bunkai (Nodo tsukami),Use grading syllabus files in src/data/graduations and any official grading regulations in local docs.,candidate
C03334,src/data/graduations/5th-kyu.nl.json,nl,5th-kyu,techniques[4].techniques[3],grading,Dij conditioning,Use grading syllabus files in src/data/graduations and any official grading regulations in local docs.,candidate
C03335,src/data/graduations/5th-kyu.nl.json,nl,5th-kyu,techniques[4].techniques[4],grading,Buik conditioning,Use grading syllabus files in src/data/graduations and any official grading regulations in local docs.,candidate
C03336,src/data/graduations/5th-kyu.nl.json,nl,5th-kyu,techniques[5].category,grading,Hojo Undo (Aanvullende Training),Use grading syllabus files in src/data/graduations and any official grading regulations in local docs.,candidate
C03337,src/data/graduations/5th-kyu.nl.json,nl,5th-kyu,techniques[5].techniques[0],grading,"Makiwara – mawashi hiji ate, ushiro hiji ate",Use grading syllabus files in src/data/graduations and any official grading regulations in local docs.,candidate
C03338,src/data/graduations/5th-kyu.nl.json,nl,5th-kyu,techniques[5].techniques[1],grading,Chiishi – voor & achter/zij aan zij,Use grading syllabus files in src/data/graduations and any official grading regulations in local docs.,candidate
C03339,src/data/graduations/5th-kyu.nl.json,nl,5th-kyu,techniques[5].techniques[2],grading,Neko undo,Use grading syllabus files in src/data/graduations and any official grading regulations in local docs.,candidate
C03340,src/data/graduations/5th-kyu.nl.json,nl,5th-kyu,knowledge[0].term,definition,Dojo kun in het Japans en zijn betekenis,Use grading syllabus files in src/data/graduations and any official grading regulations in local docs.,candidate
C03341,src/data/graduations/5th-kyu.nl.json,nl,5th-kyu,knowledge[0].meaning,definition,"Ken de vijf dojo kun: karakter vervolmaken, de ware weg zoeken, volharding ontwikkelen, etiquette respecteren en ongecontroleerd gedrag vermijden.",Use grading syllabus files in src/data/graduations and any official grading regulations in local docs.,candidate
C03342,src/data/graduations/5th-kyu.nl.json,nl,5th-kyu,knowledge[1].term,grading,Opening & sluiting ceremonie in het Japans,Use grading syllabus files in src/data/graduations and any official grading regulations in local docs.,candidate
C03343,src/data/graduations/5th-kyu.nl.json,nl,5th-kyu,knowledge[1].meaning,definition,"Ken de ceremoniecommando's: shugo, ki o tsuke, seiza, mokuso, mokuso yame, shomen ni rei, sensei ni rei, otagai ni rei en kiritsu.",Use grading syllabus files in src/data/graduations and any official grading regulations in local docs.,candidate
C03344,src/data/graduations/5th-kyu.nl.json,nl,5th-kyu,knowledge[2].term,grading,Gasshuku,Use grading syllabus files in src/data/graduations and any official grading regulations in local docs.,candidate
C03345,src/data/graduations/5th-kyu.nl.json,nl,5th-kyu,knowledge[2].meaning,definition,Trainingskamp.,Use grading syllabus files in src/data/graduations and any official grading regulations in local docs.,candidate
C03346,src/data/graduations/5th-kyu.nl.json,nl,5th-kyu,knowledge[3].term,grading,Zenshin,Use grading syllabus files in src/data/graduations and any official grading regulations in local docs.,candidate
C03347,src/data/graduations/5th-kyu.nl.json,nl,5th-kyu,knowledge[3].meaning,definition,Voorwaarts.,Use grading syllabus files in src/data/graduations and any official grading regulations in local docs.,candidate
C03348,src/data/graduations/5th-kyu.nl.json,nl,5th-kyu,knowledge[4].term,grading,Kotai,Use grading syllabus files in src/data/graduations and any official grading regulations in local docs.,candidate
C03349,src/data/graduations/5th-kyu.nl.json,nl,5th-kyu,knowledge[4].meaning,definition,Achterwaarts.,Use grading syllabus files in src/data/graduations and any official grading regulations in local docs.,candidate
C03350,src/data/graduations/5th-kyu.nl.json,nl,5th-kyu,knowledge[5].term,grading,Kyu,Use grading syllabus files in src/data/graduations and any official grading regulations in local docs.,candidate
C03351,src/data/graduations/5th-kyu.nl.json,nl,5th-kyu,knowledge[5].meaning,definition,"Rang (gekleurde banden, onder zwarte band)",Use grading syllabus files in src/data/graduations and any official grading regulations in local docs.,candidate
C03352,src/data/graduations/5th-kyu.nl.json,nl,5th-kyu,knowledge[6].term,grading,Dan,Use grading syllabus files in src/data/graduations and any official grading regulations in local docs.,candidate
C03353,src/data/graduations/5th-kyu.nl.json,nl,5th-kyu,knowledge[6].meaning,definition,Niveau (zwarte band rangen),Use grading syllabus files in src/data/graduations and any official grading regulations in local docs.,candidate
C03354,src/data/graduations/5th-kyu.nl.json,nl,5th-kyu,knowledge[7].term,grading,Ryu,Use grading syllabus files in src/data/graduations and any official grading regulations in local docs.,candidate
C03355,src/data/graduations/5th-kyu.nl.json,nl,5th-kyu,knowledge[7].meaning,definition,Stijl.,Use grading syllabus files in src/data/graduations and any official grading regulations in local docs.,candidate
C03356,src/data/graduations/5th-kyu.nl.json,nl,5th-kyu,history[0],grading,Je eigen afstamming,Use grading syllabus files in src/data/graduations and any official grading regulations in local docs.,candidate
C03357,src/data/graduations/5th-kyu.nl.json,nl,5th-kyu,history[1],grading,Sensei Anichi Miyagi begon karate te trainen onder Sensei Chojun Miyagi na de Tweede Wereldoorlog,Use grading syllabus files in src/data/graduations and any official grading regulations in local docs.,candidate
C03358,src/data/graduations/5th-kyu.nl.json,nl,5th-kyu,history[2],grading,"Sensei Shuichi Aragaki - Directe student van Sensei Chojun Miyagi, trainde met Sensei Anichi Miyagi, IOGKF technisch adviseur",Use grading syllabus files in src/data/graduations and any official grading regulations in local docs.,candidate
C03359,src/data/graduations/5th-kyu.nl.json,nl,5th-kyu,history[3],grading,"Drie grote Okinawaanse karate stijlen waren Naha-Te, Shuri-Te, Tomari-Te",Use grading syllabus files in src/data/graduations and any official grading regulations in local docs.,candidate
C03360,src/data/graduations/6th-kyu.json,base,6th-kyu,title,grading,THE WAY TO 6TH KYU,Use grading syllabus files in src/data/graduations and any official grading regulations in local docs.,candidate
C03361,src/data/graduations/6th-kyu.json,base,6th-kyu,techniques[0].category,grading,Kihon Waza (Basic Techniques),Use grading syllabus files in src/data/graduations and any official grading regulations in local docs.,candidate
C03362,src/data/graduations/6th-kyu.json,base,6th-kyu,techniques[0].techniques[0],grading,Tateken zuki (Vertical fist punch),Use grading syllabus files in src/data/graduations and any official grading regulations in local docs.,candidate
C03363,src/data/graduations/6th-kyu.json,base,6th-kyu,techniques[0].techniques[1],grading,Haito uchi (Ridge hand strike),Use grading syllabus files in src/data/graduations and any official grading regulations in local docs.,candidate
C03364,src/data/graduations/6th-kyu.json,base,6th-kyu,techniques[0].techniques[2],grading,Ushiro geri (Back kick),Use grading syllabus files in src/data/graduations and any official grading regulations in local docs.,candidate
C03365,src/data/graduations/6th-kyu.json,base,6th-kyu,techniques[0].techniques[3],grading,Sukui uke (Scooping block),Use grading syllabus files in src/data/graduations and any official grading regulations in local docs.,candidate
C03366,src/data/graduations/6th-kyu.json,base,6th-kyu,techniques[0].techniques[4],grading,Kaishu gedan harai uke (Open hand lower level sweeping block),Use grading syllabus files in src/data/graduations and any official grading regulations in local docs.,candidate
C03367,src/data/graduations/6th-kyu.json,base,6th-kyu,techniques[1].category,grading,Tachi Kata (Stances),Use grading syllabus files in src/data/graduations and any official grading regulations in local docs.,candidate
C03368,src/data/graduations/6th-kyu.json,base,6th-kyu,techniques[1].techniques[0],grading,Sagi ashi dachi (Stork stance),Use grading syllabus files in src/data/graduations and any official grading regulations in local docs.,candidate
C03369,src/data/graduations/6th-kyu.json,base,6th-kyu,techniques[2].category,grading,Unsoku Ho (Foot Work),Use grading syllabus files in src/data/graduations and any official grading regulations in local docs.,candidate
C03370,src/data/graduations/6th-kyu.json,base,6th-kyu,techniques[2].techniques[0],grading,Sagi ashi dachi (Side step),Use grading syllabus files in src/data/graduations and any official grading regulations in local docs.,candidate
C03371,src/data/graduations/6th-kyu.json,base,6th-kyu,techniques[3].category,grading,Ido (Moving Basics),Use grading syllabus files in src/data/graduations and any official grading regulations in local docs.,candidate
C03372,src/data/graduations/6th-kyu.json,base,6th-kyu,techniques[3].techniques[0],grading,"Mae geri, mawashi geri, yoko geri",Use grading syllabus files in src/data/graduations and any official grading regulations in local docs.,candidate
C03373,src/data/graduations/6th-kyu.json,base,6th-kyu,techniques[3].techniques[1],grading,"Chudan uchi uke, jodan age zuki",Use grading syllabus files in src/data/graduations and any official grading regulations in local docs.,candidate
C03374,src/data/graduations/6th-kyu.json,base,6th-kyu,techniques[3].techniques[2],grading,"Gedan uchi uke, chudan ura zuki",Use grading syllabus files in src/data/graduations and any official grading regulations in local docs.,candidate
C03375,src/data/graduations/6th-kyu.json,base,6th-kyu,techniques[3].techniques[3],grading,"Yoko geri (Hachiji dachi, side step)",Use grading syllabus files in src/data/graduations and any official grading regulations in local docs.,candidate
C03376,src/data/graduations/6th-kyu.json,base,6th-kyu,techniques[3].techniques[4],grading,"Shiko dachi gedan harai uke, zenkutsu dachi chudan gyaku zuki, shiko dachi gedan harai uke",Use grading syllabus files in src/data/graduations and any official grading regulations in local docs.,candidate
C03377,src/data/graduations/6th-kyu.json,base,6th-kyu,techniques[4].category,grading,Kata,Use grading syllabus files in src/data/graduations and any official grading regulations in local docs.,candidate
C03378,src/data/graduations/6th-kyu.json,base,6th-kyu,techniques[4].techniques[0],grading,Saifa (Sequence),Use grading syllabus files in src/data/graduations and any official grading regulations in local docs.,candidate
C03379,src/data/graduations/6th-kyu.json,base,6th-kyu,techniques[5].category,grading,Bunkai,Use grading syllabus files in src/data/graduations and any official grading regulations in local docs.,candidate
C03380,src/data/graduations/6th-kyu.json,base,6th-kyu,techniques[5].techniques[0],grading,Gekisai Dai Ni,Use grading syllabus files in src/data/graduations and any official grading regulations in local docs.,candidate
C03381,src/data/graduations/6th-kyu.json,base,6th-kyu,techniques[6].category,grading,Kumite,Use grading syllabus files in src/data/graduations and any official grading regulations in local docs.,candidate
C03382,src/data/graduations/6th-kyu.json,base,6th-kyu,techniques[6].techniques[0],grading,"Basic block – chudan uchi uke, gedan uchi uke, jodan shotei uchi uke",Use grading syllabus files in src/data/graduations and any official grading regulations in local docs.,candidate
C03383,src/data/graduations/6th-kyu.json,base,6th-kyu,techniques[6].techniques[1],grading,Ude tanren combination,Use grading syllabus files in src/data/graduations and any official grading regulations in local docs.,candidate
C03384,src/data/graduations/6th-kyu.json,base,6th-kyu,techniques[6].techniques[2],grading,"Hachiji sabaki (Chudan uchi uke, gedan uchi uke)",Use grading syllabus files in src/data/graduations and any official grading regulations in local docs.,candidate
C03385,src/data/graduations/6th-kyu.json,base,6th-kyu,techniques[6].techniques[3],grading,Kakie with suri ashi,Use grading syllabus files in src/data/graduations and any official grading regulations in local docs.,candidate
C03386,src/data/graduations/6th-kyu.json,base,6th-kyu,techniques[6].techniques[4],grading,Kakie with balance breaking techniques,Use grading syllabus files in src/data/graduations and any official grading regulations in local docs.,candidate
C03387,src/data/graduations/6th-kyu.json,base,6th-kyu,techniques[6].techniques[5],grading,Irikumi ju,Use grading syllabus files in src/data/graduations and any official grading regulations in local docs.,candidate
C03388,src/data/graduations/6th-kyu.json,base,6th-kyu,techniques[7].category,grading,Hojo Undo (Supplemental Training),Use grading syllabus files in src/data/graduations and any official grading regulations in local docs.,candidate
C03389,src/data/graduations/6th-kyu.json,base,6th-kyu,techniques[7].techniques[0],grading,"Makiwara – tateken zuki, haito uchi, ushiro geri",Use grading syllabus files in src/data/graduations and any official grading regulations in local docs.,candidate
C03390,src/data/graduations/6th-kyu.json,base,6th-kyu,techniques[7].techniques[1],grading,"Ten tsuki (Single hand, double hands)",Use grading syllabus files in src/data/graduations and any official grading regulations in local docs.,candidate
C03391,src/data/graduations/6th-kyu.json,base,6th-kyu,techniques[7].techniques[2],grading,Furi sute,Use grading syllabus files in src/data/graduations and any official grading regulations in local docs.,candidate
C03392,src/data/graduations/6th-kyu.json,base,6th-kyu,techniques[7].techniques[3],grading,"Ukemi (Yoko, mae, kaiten)",Use grading syllabus files in src/data/graduations and any official grading regulations in local docs.,candidate
C03393,src/data/graduations/6th-kyu.json,base,6th-kyu,knowledge[0].term,grading,Kime,Use grading syllabus files in src/data/graduations and any official grading regulations in local docs.,candidate
C03394,src/data/graduations/6th-kyu.json,base,6th-kyu,knowledge[0].meaning,definition,Focus,Use grading syllabus files in src/data/graduations and any official grading regulations in local docs.,candidate
C03395,src/data/graduations/6th-kyu.json,base,6th-kyu,knowledge[1].term,grading,Budo,Use grading syllabus files in src/data/graduations and any official grading regulations in local docs.,candidate
C03396,src/data/graduations/6th-kyu.json,base,6th-kyu,knowledge[1].meaning,definition,The way of the warrior,Use grading syllabus files in src/data/graduations and any official grading regulations in local docs.,candidate
C03397,src/data/graduations/6th-kyu.json,base,6th-kyu,knowledge[2].meaning,definition,Way or path.,Use grading syllabus files in src/data/graduations and any official grading regulations in local docs.,candidate
C03398,src/data/graduations/6th-kyu.json,base,6th-kyu,knowledge[3].term,grading,Honbu,Use grading syllabus files in src/data/graduations and any official grading regulations in local docs.,candidate
C03399,src/data/graduations/6th-kyu.json,base,6th-kyu,knowledge[3].meaning,definition,Headquarters or central dojo.,Use grading syllabus files in src/data/graduations and any official grading regulations in local docs.,candidate
C03400,src/data/graduations/6th-kyu.json,base,6th-kyu,knowledge[4].term,grading,Yudansha,Use grading syllabus files in src/data/graduations and any official grading regulations in local docs.,candidate
C03401,src/data/graduations/6th-kyu.json,base,6th-kyu,knowledge[4].meaning,definition,Black Belt Holder,Use grading syllabus files in src/data/graduations and any official grading regulations in local docs.,candidate
C03402,src/data/graduations/6th-kyu.json,base,6th-kyu,knowledge[5].term,grading,Mudansha,Use grading syllabus files in src/data/graduations and any official grading regulations in local docs.,candidate
C03403,src/data/graduations/6th-kyu.json,base,6th-kyu,knowledge[5].meaning,definition,Student Without Black Belt,Use grading syllabus files in src/data/graduations and any official grading regulations in local docs.,candidate
C03404,src/data/graduations/6th-kyu.json,base,6th-kyu,knowledge[6].term,grading,Waza,Use grading syllabus files in src/data/graduations and any official grading regulations in local docs.,candidate
C03405,src/data/graduations/6th-kyu.json,base,6th-kyu,knowledge[6].meaning,definition,Technique,Use grading syllabus files in src/data/graduations and any official grading regulations in local docs.,candidate
C03406,src/data/graduations/6th-kyu.json,base,6th-kyu,knowledge[7].term,grading,Gorei nashi,Use grading syllabus files in src/data/graduations and any official grading regulations in local docs.,candidate
C03407,src/data/graduations/6th-kyu.json,base,6th-kyu,knowledge[7].meaning,definition,Without count,Use grading syllabus files in src/data/graduations and any official grading regulations in local docs.,candidate
C03408,src/data/graduations/6th-kyu.json,base,6th-kyu,knowledge[8].term,grading,Mawatte,Use grading syllabus files in src/data/graduations and any official grading regulations in local docs.,candidate
C03409,src/data/graduations/6th-kyu.json,base,6th-kyu,knowledge[8].meaning,definition,Turn,Use grading syllabus files in src/data/graduations and any official grading regulations in local docs.,candidate
C03410,src/data/graduations/6th-kyu.json,base,6th-kyu,knowledge[9].term,grading,Irikumi,Use grading syllabus files in src/data/graduations and any official grading regulations in local docs.,candidate
C03411,src/data/graduations/6th-kyu.json,base,6th-kyu,knowledge[9].meaning,definition,Close combat.,Use grading syllabus files in src/data/graduations and any official grading regulations in local docs.,candidate
C03412,src/data/graduations/6th-kyu.json,base,6th-kyu,knowledge[10].term,grading,Reigi/reishiki,Use grading syllabus files in src/data/graduations and any official grading regulations in local docs.,candidate
C03413,src/data/graduations/6th-kyu.json,base,6th-kyu,knowledge[10].meaning,definition,"Etiquette, manners and forms of respect.",Use grading syllabus files in src/data/graduations and any official grading regulations in local docs.,candidate
C03414,src/data/graduations/6th-kyu.json,base,6th-kyu,history[0],grading,"Four major Japanese karate styles, Goju-Ryu, Shotokan, Wado-Ryu, Shito-Ryu.",Use grading syllabus files in src/data/graduations and any official grading regulations in local docs.,candidate
C03415,src/data/graduations/6th-kyu.json,base,6th-kyu,history[1],grading,"Sensei Jin'an Shinzato – the top student, uchi deshi, and intended successor of Sensei Chojun Miyagi, died during World War II.",Use grading syllabus files in src/data/graduations and any official grading regulations in local docs.,candidate
C03416,src/data/graduations/6th-kyu.json,base,6th-kyu,history[2],grading,Goju-Ryu was the first official style name in all karate styles.,Use grading syllabus files in src/data/graduations and any official grading regulations in local docs.,candidate
C03417,src/data/graduations/6th-kyu.json,base,6th-kyu,history[3],grading,"Karate was originally called ""te"" (martial arts) or ""tode"" (Chinese martial arts) in Okinawa.",Use grading syllabus files in src/data/graduations and any official grading regulations in local docs.,candidate
C03418,src/data/graduations/6th-kyu.nl.json,nl,6th-kyu,title,grading,DE WEG NAAR 6E KYU,Use grading syllabus files in src/data/graduations and any official grading regulations in local docs.,candidate
C03419,src/data/graduations/6th-kyu.nl.json,nl,6th-kyu,techniques[0].category,grading,Kihon Waza (Basis Technieken),Use grading syllabus files in src/data/graduations and any official grading regulations in local docs.,candidate
C03420,src/data/graduations/6th-kyu.nl.json,nl,6th-kyu,techniques[0].techniques[0],grading,Tateken zuki (Verticale vuist stoot),Use grading syllabus files in src/data/graduations and any official grading regulations in local docs.,candidate
C03421,src/data/graduations/6th-kyu.nl.json,nl,6th-kyu,techniques[0].techniques[1],grading,Haito uchi (Ruggehand slag),Use grading syllabus files in src/data/graduations and any official grading regulations in local docs.,candidate
C03422,src/data/graduations/6th-kyu.nl.json,nl,6th-kyu,techniques[0].techniques[2],grading,Ushiro geri (Achterwaartse trap),Use grading syllabus files in src/data/graduations and any official grading regulations in local docs.,candidate
C03423,src/data/graduations/6th-kyu.nl.json,nl,6th-kyu,techniques[0].techniques[3],grading,Sukui uke (Schep blok),Use grading syllabus files in src/data/graduations and any official grading regulations in local docs.,candidate
C03424,src/data/graduations/6th-kyu.nl.json,nl,6th-kyu,techniques[0].techniques[4],grading,Kaishu gedan harai uke (Open hand onderste niveau veegblok),Use grading syllabus files in src/data/graduations and any official grading regulations in local docs.,candidate
C03425,src/data/graduations/6th-kyu.nl.json,nl,6th-kyu,techniques[1].category,grading,Tachi Kata (Stances),Use grading syllabus files in src/data/graduations and any official grading regulations in local docs.,candidate
C03426,src/data/graduations/6th-kyu.nl.json,nl,6th-kyu,techniques[1].techniques[0],grading,Sagi ashi dachi (Ooievaar houding),Use grading syllabus files in src/data/graduations and any official grading regulations in local docs.,candidate
C03427,src/data/graduations/6th-kyu.nl.json,nl,6th-kyu,techniques[2].category,grading,Unsoku Ho (Voetwerk),Use grading syllabus files in src/data/graduations and any official grading regulations in local docs.,candidate
C03428,src/data/graduations/6th-kyu.nl.json,nl,6th-kyu,techniques[2].techniques[0],grading,Sagi ashi dachi (Zijwaartse stap),Use grading syllabus files in src/data/graduations and any official grading regulations in local docs.,candidate
C03429,src/data/graduations/6th-kyu.nl.json,nl,6th-kyu,techniques[3].category,grading,Ido (Bewegende Basis),Use grading syllabus files in src/data/graduations and any official grading regulations in local docs.,candidate
C03430,src/data/graduations/6th-kyu.nl.json,nl,6th-kyu,techniques[3].techniques[0],grading,"Mae geri, mawashi geri, yoko geri",Use grading syllabus files in src/data/graduations and any official grading regulations in local docs.,candidate
C03431,src/data/graduations/6th-kyu.nl.json,nl,6th-kyu,techniques[3].techniques[1],grading,"Chudan uchi uke, jodan age zuki",Use grading syllabus files in src/data/graduations and any official grading regulations in local docs.,candidate
C03432,src/data/graduations/6th-kyu.nl.json,nl,6th-kyu,techniques[3].techniques[2],grading,"Gedan uchi uke, chudan ura zuki",Use grading syllabus files in src/data/graduations and any official grading regulations in local docs.,candidate
C03433,src/data/graduations/6th-kyu.nl.json,nl,6th-kyu,techniques[3].techniques[3],grading,"Yoko geri (Hachiji dachi, zijwaartse stap)",Use grading syllabus files in src/data/graduations and any official grading regulations in local docs.,candidate
C03434,src/data/graduations/6th-kyu.nl.json,nl,6th-kyu,techniques[3].techniques[4],grading,"Shiko dachi gedan harai uke, zenkutsu dachi chudan gyaku zuki, shiko dachi gedan harai uke",Use grading syllabus files in src/data/graduations and any official grading regulations in local docs.,candidate
C03435,src/data/graduations/6th-kyu.nl.json,nl,6th-kyu,techniques[4].category,grading,Kata,Use grading syllabus files in src/data/graduations and any official grading regulations in local docs.,candidate
C03436,src/data/graduations/6th-kyu.nl.json,nl,6th-kyu,techniques[4].techniques[0],grading,Saifa (Reeks),Use grading syllabus files in src/data/graduations and any official grading regulations in local docs.,candidate
C03437,src/data/graduations/6th-kyu.nl.json,nl,6th-kyu,techniques[5].category,grading,Bunkai,Use grading syllabus files in src/data/graduations and any official grading regulations in local docs.,candidate
C03438,src/data/graduations/6th-kyu.nl.json,nl,6th-kyu,techniques[5].techniques[0],grading,Gekisai Dai Ni,Use grading syllabus files in src/data/graduations and any official grading regulations in local docs.,candidate
C03439,src/data/graduations/6th-kyu.nl.json,nl,6th-kyu,techniques[6].category,grading,Kumite,Use grading syllabus files in src/data/graduations and any official grading regulations in local docs.,candidate
C03440,src/data/graduations/6th-kyu.nl.json,nl,6th-kyu,techniques[6].techniques[0],grading,"Basis blok – chudan uchi uke, gedan uchi uke, jodan shotei uchi uke",Use grading syllabus files in src/data/graduations and any official grading regulations in local docs.,candidate
C03441,src/data/graduations/6th-kyu.nl.json,nl,6th-kyu,techniques[6].techniques[1],grading,Ude tanren combinatie,Use grading syllabus files in src/data/graduations and any official grading regulations in local docs.,candidate
C03442,src/data/graduations/6th-kyu.nl.json,nl,6th-kyu,techniques[6].techniques[2],grading,"Hachiji sabaki (Chudan uchi uke, gedan uchi uke)",Use grading syllabus files in src/data/graduations and any official grading regulations in local docs.,candidate
C03443,src/data/graduations/6th-kyu.nl.json,nl,6th-kyu,techniques[6].techniques[3],grading,Kakie met suri ashi,Use grading syllabus files in src/data/graduations and any official grading regulations in local docs.,candidate
C03444,src/data/graduations/6th-kyu.nl.json,nl,6th-kyu,techniques[6].techniques[4],grading,Kakie met balans verbrekende technieken,Use grading syllabus files in src/data/graduations and any official grading regulations in local docs.,candidate
C03445,src/data/graduations/6th-kyu.nl.json,nl,6th-kyu,techniques[6].techniques[5],grading,Irikumi ju,Use grading syllabus files in src/data/graduations and any official grading regulations in local docs.,candidate
C03446,src/data/graduations/6th-kyu.nl.json,nl,6th-kyu,techniques[7].category,grading,Hojo Undo (Aanvullende Training),Use grading syllabus files in src/data/graduations and any official grading regulations in local docs.,candidate
C03447,src/data/graduations/6th-kyu.nl.json,nl,6th-kyu,techniques[7].techniques[0],grading,"Makiwara – tateken zuki, haito uchi, ushiro geri",Use grading syllabus files in src/data/graduations and any official grading regulations in local docs.,candidate
C03448,src/data/graduations/6th-kyu.nl.json,nl,6th-kyu,techniques[7].techniques[1],grading,"Ten tsuki (Enkele hand, dubbele handen)",Use grading syllabus files in src/data/graduations and any official grading regulations in local docs.,candidate
C03449,src/data/graduations/6th-kyu.nl.json,nl,6th-kyu,techniques[7].techniques[2],grading,Furi sute,Use grading syllabus files in src/data/graduations and any official grading regulations in local docs.,candidate
C03450,src/data/graduations/6th-kyu.nl.json,nl,6th-kyu,techniques[7].techniques[3],grading,"Ukemi (Yoko, mae, kaiten)",Use grading syllabus files in src/data/graduations and any official grading regulations in local docs.,candidate
C03451,src/data/graduations/6th-kyu.nl.json,nl,6th-kyu,knowledge[0].term,grading,Kime,Use grading syllabus files in src/data/graduations and any official grading regulations in local docs.,candidate
C03452,src/data/graduations/6th-kyu.nl.json,nl,6th-kyu,knowledge[0].meaning,definition,Focus.,Use grading syllabus files in src/data/graduations and any official grading regulations in local docs.,candidate
C03453,src/data/graduations/6th-kyu.nl.json,nl,6th-kyu,knowledge[1].term,grading,Budo,Use grading syllabus files in src/data/graduations and any official grading regulations in local docs.,candidate
C03454,src/data/graduations/6th-kyu.nl.json,nl,6th-kyu,knowledge[1].meaning,definition,De 'weg van de krijger' als levensstijl/filosofie.,Use grading syllabus files in src/data/graduations and any official grading regulations in local docs.,candidate
C03455,src/data/graduations/6th-kyu.nl.json,nl,6th-kyu,knowledge[2].meaning,definition,Weg of pad.,Use grading syllabus files in src/data/graduations and any official grading regulations in local docs.,candidate
C03456,src/data/graduations/6th-kyu.nl.json,nl,6th-kyu,knowledge[3].term,grading,Honbu,Use grading syllabus files in src/data/graduations and any official grading regulations in local docs.,candidate
C03457,src/data/graduations/6th-kyu.nl.json,nl,6th-kyu,knowledge[3].meaning,definition,Hoofdkwartier of centrale dojo.,Use grading syllabus files in src/data/graduations and any official grading regulations in local docs.,candidate
C03458,src/data/graduations/6th-kyu.nl.json,nl,6th-kyu,knowledge[4].term,grading,Yudansha,Use grading syllabus files in src/data/graduations and any official grading regulations in local docs.,candidate
C03459,src/data/graduations/6th-kyu.nl.json,nl,6th-kyu,knowledge[4].meaning,definition,Karateka met een dan-graad.,Use grading syllabus files in src/data/graduations and any official grading regulations in local docs.,candidate
C03460,src/data/graduations/6th-kyu.nl.json,nl,6th-kyu,knowledge[5].term,grading,Mudansha,Use grading syllabus files in src/data/graduations and any official grading regulations in local docs.,candidate
C03461,src/data/graduations/6th-kyu.nl.json,nl,6th-kyu,knowledge[5].meaning,definition,Student Zonder Zwarte Band,Use grading syllabus files in src/data/graduations and any official grading regulations in local docs.,candidate
C03462,src/data/graduations/6th-kyu.nl.json,nl,6th-kyu,knowledge[6].term,grading,Waza,Use grading syllabus files in src/data/graduations and any official grading regulations in local docs.,candidate
C03463,src/data/graduations/6th-kyu.nl.json,nl,6th-kyu,knowledge[6].meaning,definition,Techniek,Use grading syllabus files in src/data/graduations and any official grading regulations in local docs.,candidate
C03464,src/data/graduations/6th-kyu.nl.json,nl,6th-kyu,knowledge[7].term,grading,Gorei nashi,Use grading syllabus files in src/data/graduations and any official grading regulations in local docs.,candidate
C03465,src/data/graduations/6th-kyu.nl.json,nl,6th-kyu,knowledge[7].meaning,definition,Zonder tellen (op eigen tempo).,Use grading syllabus files in src/data/graduations and any official grading regulations in local docs.,candidate
C03466,src/data/graduations/6th-kyu.nl.json,nl,6th-kyu,knowledge[8].term,grading,Mawatte,Use grading syllabus files in src/data/graduations and any official grading regulations in local docs.,candidate
C03467,src/data/graduations/6th-kyu.nl.json,nl,6th-kyu,knowledge[8].meaning,definition,Draai,Use grading syllabus files in src/data/graduations and any official grading regulations in local docs.,candidate
C03468,src/data/graduations/6th-kyu.nl.json,nl,6th-kyu,knowledge[9].term,grading,Irikumi,Use grading syllabus files in src/data/graduations and any official grading regulations in local docs.,candidate
C03469,src/data/graduations/6th-kyu.nl.json,nl,6th-kyu,knowledge[9].meaning,definition,Gevecht op korte afstand.,Use grading syllabus files in src/data/graduations and any official grading regulations in local docs.,candidate
C03470,src/data/graduations/6th-kyu.nl.json,nl,6th-kyu,knowledge[10].term,grading,Reigi/reishiki,Use grading syllabus files in src/data/graduations and any official grading regulations in local docs.,candidate
C03471,src/data/graduations/6th-kyu.nl.json,nl,6th-kyu,knowledge[10].meaning,definition,"Etiquette, omgangsvormen en vormen van respect.",Use grading syllabus files in src/data/graduations and any official grading regulations in local docs.,candidate
C03472,src/data/graduations/6th-kyu.nl.json,nl,6th-kyu,history[0],grading,"Vier grote Japanse karate stijlen, Goju-Ryu, Shotokan, Wado-Ryu, Shito-Ryu.",Use grading syllabus files in src/data/graduations and any official grading regulations in local docs.,candidate
C03473,src/data/graduations/6th-kyu.nl.json,nl,6th-kyu,history[1],grading,"Sensei Jin'an Shinzato – de beste student, uchi deshi, en beoogde opvolger van Sensei Chojun Miyagi, stierf tijdens de Tweede Wereldoorlog.",Use grading syllabus files in src/data/graduations and any official grading regulations in local docs.,candidate
C03474,src/data/graduations/6th-kyu.nl.json,nl,6th-kyu,history[2],grading,Goju-Ryu was de eerste officiële stijlnaam in alle karate stijlen.,Use grading syllabus files in src/data/graduations and any official grading regulations in local docs.,candidate
C03475,src/data/graduations/6th-kyu.nl.json,nl,6th-kyu,history[3],grading,"Karate werd oorspronkelijk ""te"" (martial arts) of ""tode"" (Chinese martial arts) genoemd in Okinawa.",Use grading syllabus files in src/data/graduations and any official grading regulations in local docs.,candidate
C03476,src/data/graduations/7th-kyu.json,base,7th-kyu,title,grading,THE WAY TO 7TH KYU,Use grading syllabus files in src/data/graduations and any official grading regulations in local docs.,candidate
C03477,src/data/graduations/7th-kyu.json,base,7th-kyu,techniques[0].category,grading,Kihon Waza (Basic Techniques),Use grading syllabus files in src/data/graduations and any official grading regulations in local docs.,candidate
C03478,src/data/graduations/7th-kyu.json,base,7th-kyu,techniques[0].techniques[0],grading,Kizami zuki (Snap punch),Use grading syllabus files in src/data/graduations and any official grading regulations in local docs.,candidate
C03479,src/data/graduations/7th-kyu.json,base,7th-kyu,techniques[0].techniques[1],grading,Yoko geri (Side kick),Use grading syllabus files in src/data/graduations and any official grading regulations in local docs.,candidate
C03480,src/data/graduations/7th-kyu.json,base,7th-kyu,techniques[0].techniques[2],grading,Kin geri (Groin kick),Use grading syllabus files in src/data/graduations and any official grading regulations in local docs.,candidate
C03481,src/data/graduations/7th-kyu.json,base,7th-kyu,techniques[0].techniques[3],grading,Fumikomi geri (Stamping kick),Use grading syllabus files in src/data/graduations and any official grading regulations in local docs.,candidate
C03482,src/data/graduations/7th-kyu.json,base,7th-kyu,techniques[0].techniques[4],grading,Chudan uchi uke (Middle level inside block),Use grading syllabus files in src/data/graduations and any official grading regulations in local docs.,candidate
C03483,src/data/graduations/7th-kyu.json,base,7th-kyu,techniques[0].techniques[5],grading,Gedan uchi uke (Lower level inside block),Use grading syllabus files in src/data/graduations and any official grading regulations in local docs.,candidate
C03484,src/data/graduations/7th-kyu.json,base,7th-kyu,techniques[1].category,grading,Tachi Kata (Stances),Use grading syllabus files in src/data/graduations and any official grading regulations in local docs.,candidate
C03485,src/data/graduations/7th-kyu.json,base,7th-kyu,techniques[1].techniques[0],grading,Sanchin dachi (Hourglass stance/sanchin stance),Use grading syllabus files in src/data/graduations and any official grading regulations in local docs.,candidate
C03486,src/data/graduations/7th-kyu.json,base,7th-kyu,techniques[2].category,grading,Unsoku Ho (Foot Work),Use grading syllabus files in src/data/graduations and any official grading regulations in local docs.,candidate
C03487,src/data/graduations/7th-kyu.json,base,7th-kyu,techniques[2].techniques[0],grading,Sanchin dachi,Use grading syllabus files in src/data/graduations and any official grading regulations in local docs.,candidate
C03488,src/data/graduations/7th-kyu.json,base,7th-kyu,techniques[2].techniques[1],grading,"Neko ashi dachi (Turn, 45 degrees forward & backward)",Use grading syllabus files in src/data/graduations and any official grading regulations in local docs.,candidate
C03489,src/data/graduations/7th-kyu.json,base,7th-kyu,techniques[3].category,grading,Ido (Moving Basics),Use grading syllabus files in src/data/graduations and any official grading regulations in local docs.,candidate
C03490,src/data/graduations/7th-kyu.json,base,7th-kyu,techniques[3].techniques[0],grading,Hiza geri,Use grading syllabus files in src/data/graduations and any official grading regulations in local docs.,candidate
C03491,src/data/graduations/7th-kyu.json,base,7th-kyu,techniques[3].techniques[1],grading,Yoko geri,Use grading syllabus files in src/data/graduations and any official grading regulations in local docs.,candidate
C03492,src/data/graduations/7th-kyu.json,base,7th-kyu,techniques[3].techniques[2],grading,"Mae geri, mawashi geri, gyaku zuki",Use grading syllabus files in src/data/graduations and any official grading regulations in local docs.,candidate
C03493,src/data/graduations/7th-kyu.json,base,7th-kyu,techniques[3].techniques[3],grading,"Hiki uke, gyaku zuki",Use grading syllabus files in src/data/graduations and any official grading regulations in local docs.,candidate
C03494,src/data/graduations/7th-kyu.json,base,7th-kyu,techniques[4].category,grading,Kata,Use grading syllabus files in src/data/graduations and any official grading regulations in local docs.,candidate
C03495,src/data/graduations/7th-kyu.json,base,7th-kyu,techniques[4].techniques[0],grading,Gekisai Dai Ni (Detail),Use grading syllabus files in src/data/graduations and any official grading regulations in local docs.,candidate
C03496,src/data/graduations/7th-kyu.json,base,7th-kyu,techniques[4].techniques[1],grading,Sanchin (Sequence),Use grading syllabus files in src/data/graduations and any official grading regulations in local docs.,candidate
C03497,src/data/graduations/7th-kyu.json,base,7th-kyu,techniques[5].category,grading,Bunkai,Use grading syllabus files in src/data/graduations and any official grading regulations in local docs.,candidate
C03498,src/data/graduations/7th-kyu.json,base,7th-kyu,techniques[5].techniques[0],grading,Gekisai Dai Ichi,Use grading syllabus files in src/data/graduations and any official grading regulations in local docs.,candidate
C03499,src/data/graduations/7th-kyu.json,base,7th-kyu,techniques[6].category,grading,Kumite,Use grading syllabus files in src/data/graduations and any official grading regulations in local docs.,candidate
C03500,src/data/graduations/7th-kyu.json,base,7th-kyu,techniques[6].techniques[0],grading,Sandan gi,Use grading syllabus files in src/data/graduations and any official grading regulations in local docs.,candidate
C03501,src/data/graduations/7th-kyu.json,base,7th-kyu,techniques[6].techniques[1],grading,Basic block with partner – hiki uke,Use grading syllabus files in src/data/graduations and any official grading regulations in local docs.,candidate
C03502,src/data/graduations/7th-kyu.json,base,7th-kyu,techniques[6].techniques[2],grading,Kakie – basic,Use grading syllabus files in src/data/graduations and any official grading regulations in local docs.,candidate
C03503,src/data/graduations/7th-kyu.json,base,7th-kyu,techniques[6].techniques[3],grading,Ippon kumite,Use grading syllabus files in src/data/graduations and any official grading regulations in local docs.,candidate
C03504,src/data/graduations/7th-kyu.json,base,7th-kyu,techniques[6].techniques[4],grading,"Chudan uchi uke, jodan age zuki",Use grading syllabus files in src/data/graduations and any official grading regulations in local docs.,candidate
C03505,src/data/graduations/7th-kyu.json,base,7th-kyu,techniques[6].techniques[5],grading,"Gedan uchi uke, chudan gyaku zuki",Use grading syllabus files in src/data/graduations and any official grading regulations in local docs.,candidate
C03506,src/data/graduations/7th-kyu.json,base,7th-kyu,techniques[6].techniques[6],grading,"Chudan hiki uke, chudan mawashi geri, chudan gyaku zuki",Use grading syllabus files in src/data/graduations and any official grading regulations in local docs.,candidate
C03507,src/data/graduations/7th-kyu.json,base,7th-kyu,techniques[6].techniques[7],grading,Ude tanren (kote gitae) chudan gedan inside & outside,Use grading syllabus files in src/data/graduations and any official grading regulations in local docs.,candidate
C03508,src/data/graduations/7th-kyu.json,base,7th-kyu,techniques[7].category,grading,Hojo Undo (Supplemental Training),Use grading syllabus files in src/data/graduations and any official grading regulations in local docs.,candidate
C03509,src/data/graduations/7th-kyu.json,base,7th-kyu,techniques[7].techniques[0],grading,"Makiwara - Yoko geri, kingeri, kizami zuki",Use grading syllabus files in src/data/graduations and any official grading regulations in local docs.,candidate
C03510,src/data/graduations/7th-kyu.json,base,7th-kyu,techniques[7].techniques[1],grading,Tai otoshi,Use grading syllabus files in src/data/graduations and any official grading regulations in local docs.,candidate
C03511,src/data/graduations/7th-kyu.json,base,7th-kyu,knowledge[0].term,grading,Seiza,Use grading syllabus files in src/data/graduations and any official grading regulations in local docs.,candidate
C03512,src/data/graduations/7th-kyu.json,base,7th-kyu,knowledge[0].meaning,definition,Sit down (kneeling),Use grading syllabus files in src/data/graduations and any official grading regulations in local docs.,candidate
C03513,src/data/graduations/7th-kyu.json,base,7th-kyu,knowledge[1].term,grading,Mokuso,Use grading syllabus files in src/data/graduations and any official grading regulations in local docs.,candidate
C03514,src/data/graduations/7th-kyu.json,base,7th-kyu,knowledge[1].meaning,definition,Meditation,Use grading syllabus files in src/data/graduations and any official grading regulations in local docs.,candidate
C03515,src/data/graduations/7th-kyu.json,base,7th-kyu,knowledge[2].term,grading,Dojo kun,Use grading syllabus files in src/data/graduations and any official grading regulations in local docs.,candidate
C03516,src/data/graduations/7th-kyu.json,base,7th-kyu,knowledge[2].meaning,definition,Dojo rules,Use grading syllabus files in src/data/graduations and any official grading regulations in local docs.,candidate
C03517,src/data/graduations/7th-kyu.json,base,7th-kyu,knowledge[3].term,grading,Mae/yoko/migi/hidari/ushiro/naname,Use grading syllabus files in src/data/graduations and any official grading regulations in local docs.,candidate
C03518,src/data/graduations/7th-kyu.json,base,7th-kyu,knowledge[3].meaning,definition,"Front, side, right, left, back and diagonal.",Use grading syllabus files in src/data/graduations and any official grading regulations in local docs.,candidate
C03519,src/data/graduations/7th-kyu.json,base,7th-kyu,knowledge[4].term,grading,Ashi kaete,Use grading syllabus files in src/data/graduations and any official grading regulations in local docs.,candidate
C03520,src/data/graduations/7th-kyu.json,base,7th-kyu,knowledge[4].meaning,definition,Change legs.,Use grading syllabus files in src/data/graduations and any official grading regulations in local docs.,candidate
C03521,src/data/graduations/7th-kyu.json,base,7th-kyu,knowledge[5].term,grading,Shomen/shimoza,Use grading syllabus files in src/data/graduations and any official grading regulations in local docs.,candidate
C03522,src/data/graduations/7th-kyu.json,base,7th-kyu,knowledge[5].meaning,definition,Shomen is the front or main wall of the dojo; shimoza is the lower seat or back of the dojo.,Use grading syllabus files in src/data/graduations and any official grading regulations in local docs.,candidate
C03523,src/data/graduations/7th-kyu.json,base,7th-kyu,knowledge[6].term,grading,Joseki/shimoseki,Use grading syllabus files in src/data/graduations and any official grading regulations in local docs.,candidate
C03524,src/data/graduations/7th-kyu.json,base,7th-kyu,knowledge[6].meaning,definition,Joseki is the upper or right side of the dojo; shimoseki is the lower or left side.,Use grading syllabus files in src/data/graduations and any official grading regulations in local docs.,candidate
C03525,src/data/graduations/7th-kyu.json,base,7th-kyu,history[0],grading,"Sensei Anichi Miyagi - Direct/last student of Sensei Chojun Miyagi, and teacher of Sensei Morio Higaonna",Use grading syllabus files in src/data/graduations and any official grading regulations in local docs.,candidate
C03526,src/data/graduations/7th-kyu.json,base,7th-kyu,history[1],grading,Sensei Morio Higaonna - 1st Chairman and International Chief Instructor of IOGKF,Use grading syllabus files in src/data/graduations and any official grading regulations in local docs.,candidate
C03527,src/data/graduations/7th-kyu.json,base,7th-kyu,history[2],grading,IOGKF was formed in 1979 by Sensei Morio Higaonna,Use grading syllabus files in src/data/graduations and any official grading regulations in local docs.,candidate
C03528,src/data/graduations/7th-kyu.json,base,7th-kyu,history[3],grading,Bodhi Dharma - 5th century Zen Buddhist monk who had a major influence on development of martial arts,Use grading syllabus files in src/data/graduations and any official grading regulations in local docs.,candidate
C03529,src/data/graduations/7th-kyu.nl.json,nl,7th-kyu,title,grading,DE WEG NAAR 7E KYU,Use grading syllabus files in src/data/graduations and any official grading regulations in local docs.,candidate
C03530,src/data/graduations/7th-kyu.nl.json,nl,7th-kyu,techniques[0].category,grading,Kihon Waza (Basis Technieken),Use grading syllabus files in src/data/graduations and any official grading regulations in local docs.,candidate
C03531,src/data/graduations/7th-kyu.nl.json,nl,7th-kyu,techniques[0].techniques[0],grading,Kizami zuki (Snap stoot),Use grading syllabus files in src/data/graduations and any official grading regulations in local docs.,candidate
C03532,src/data/graduations/7th-kyu.nl.json,nl,7th-kyu,techniques[0].techniques[1],grading,Yoko geri (Zijwaartse trap),Use grading syllabus files in src/data/graduations and any official grading regulations in local docs.,candidate
C03533,src/data/graduations/7th-kyu.nl.json,nl,7th-kyu,techniques[0].techniques[2],grading,Kin geri (Lies trap),Use grading syllabus files in src/data/graduations and any official grading regulations in local docs.,candidate
C03534,src/data/graduations/7th-kyu.nl.json,nl,7th-kyu,techniques[0].techniques[3],grading,Fumikomi geri (Stempel trap),Use grading syllabus files in src/data/graduations and any official grading regulations in local docs.,candidate
C03535,src/data/graduations/7th-kyu.nl.json,nl,7th-kyu,techniques[0].techniques[4],grading,Chudan uchi uke (Middelste niveau binnenste blok),Use grading syllabus files in src/data/graduations and any official grading regulations in local docs.,candidate
C03536,src/data/graduations/7th-kyu.nl.json,nl,7th-kyu,techniques[0].techniques[5],grading,Gedan uchi uke (Onderste niveau binnenste blok),Use grading syllabus files in src/data/graduations and any official grading regulations in local docs.,candidate
C03537,src/data/graduations/7th-kyu.nl.json,nl,7th-kyu,techniques[1].category,grading,Tachi Kata (Stances),Use grading syllabus files in src/data/graduations and any official grading regulations in local docs.,candidate
C03538,src/data/graduations/7th-kyu.nl.json,nl,7th-kyu,techniques[1].techniques[0],grading,Sanchin dachi (Zandloper houding/sanchin houding),Use grading syllabus files in src/data/graduations and any official grading regulations in local docs.,candidate
C03539,src/data/graduations/7th-kyu.nl.json,nl,7th-kyu,techniques[2].category,grading,Unsoku Ho (Voetwerk),Use grading syllabus files in src/data/graduations and any official grading regulations in local docs.,candidate
C03540,src/data/graduations/7th-kyu.nl.json,nl,7th-kyu,techniques[2].techniques[0],grading,Sanchin dachi,Use grading syllabus files in src/data/graduations and any official grading regulations in local docs.,candidate
C03541,src/data/graduations/7th-kyu.nl.json,nl,7th-kyu,techniques[2].techniques[1],grading,"Neko ashi dachi (Draai, 45 graden voorwaarts & achterwaarts)",Use grading syllabus files in src/data/graduations and any official grading regulations in local docs.,candidate
C03542,src/data/graduations/7th-kyu.nl.json,nl,7th-kyu,techniques[3].category,grading,Ido (Bewegende Basis),Use grading syllabus files in src/data/graduations and any official grading regulations in local docs.,candidate
C03543,src/data/graduations/7th-kyu.nl.json,nl,7th-kyu,techniques[3].techniques[0],grading,Hiza geri,Use grading syllabus files in src/data/graduations and any official grading regulations in local docs.,candidate
C03544,src/data/graduations/7th-kyu.nl.json,nl,7th-kyu,techniques[3].techniques[1],grading,Yoko geri,Use grading syllabus files in src/data/graduations and any official grading regulations in local docs.,candidate
C03545,src/data/graduations/7th-kyu.nl.json,nl,7th-kyu,techniques[3].techniques[2],grading,"Mae geri, mawashi geri, gyaku zuki",Use grading syllabus files in src/data/graduations and any official grading regulations in local docs.,candidate
C03546,src/data/graduations/7th-kyu.nl.json,nl,7th-kyu,techniques[3].techniques[3],grading,"Hiki uke, gyaku zuki",Use grading syllabus files in src/data/graduations and any official grading regulations in local docs.,candidate
C03547,src/data/graduations/7th-kyu.nl.json,nl,7th-kyu,techniques[4].category,grading,Kata,Use grading syllabus files in src/data/graduations and any official grading regulations in local docs.,candidate
C03548,src/data/graduations/7th-kyu.nl.json,nl,7th-kyu,techniques[4].techniques[0],grading,Gekisai Dai Ni (Detail),Use grading syllabus files in src/data/graduations and any official grading regulations in local docs.,candidate
C03549,src/data/graduations/7th-kyu.nl.json,nl,7th-kyu,techniques[4].techniques[1],grading,Sanchin (Reeks),Use grading syllabus files in src/data/graduations and any official grading regulations in local docs.,candidate
C03550,src/data/graduations/7th-kyu.nl.json,nl,7th-kyu,techniques[5].category,grading,Bunkai,Use grading syllabus files in src/data/graduations and any official grading regulations in local docs.,candidate
C03551,src/data/graduations/7th-kyu.nl.json,nl,7th-kyu,techniques[5].techniques[0],grading,Gekisai Dai Ichi,Use grading syllabus files in src/data/graduations and any official grading regulations in local docs.,candidate
C03552,src/data/graduations/7th-kyu.nl.json,nl,7th-kyu,techniques[6].category,grading,Kumite,Use grading syllabus files in src/data/graduations and any official grading regulations in local docs.,candidate
C03553,src/data/graduations/7th-kyu.nl.json,nl,7th-kyu,techniques[6].techniques[0],grading,Sandan gi,Use grading syllabus files in src/data/graduations and any official grading regulations in local docs.,candidate
C03554,src/data/graduations/7th-kyu.nl.json,nl,7th-kyu,techniques[6].techniques[1],grading,Basis blok met partner – hiki uke,Use grading syllabus files in src/data/graduations and any official grading regulations in local docs.,candidate
C03555,src/data/graduations/7th-kyu.nl.json,nl,7th-kyu,techniques[6].techniques[2],grading,Kakie – basis,Use grading syllabus files in src/data/graduations and any official grading regulations in local docs.,candidate
C03556,src/data/graduations/7th-kyu.nl.json,nl,7th-kyu,techniques[6].techniques[3],grading,Ippon kumite,Use grading syllabus files in src/data/graduations and any official grading regulations in local docs.,candidate
C03557,src/data/graduations/7th-kyu.nl.json,nl,7th-kyu,techniques[6].techniques[4],grading,"Chudan uchi uke, jodan age zuki",Use grading syllabus files in src/data/graduations and any official grading regulations in local docs.,candidate
C03558,src/data/graduations/7th-kyu.nl.json,nl,7th-kyu,techniques[6].techniques[5],grading,"Gedan uchi uke, chudan gyaku zuki",Use grading syllabus files in src/data/graduations and any official grading regulations in local docs.,candidate
C03559,src/data/graduations/7th-kyu.nl.json,nl,7th-kyu,techniques[6].techniques[6],grading,"Chudan hiki uke, chudan mawashi geri, chudan gyaku zuki",Use grading syllabus files in src/data/graduations and any official grading regulations in local docs.,candidate
C03560,src/data/graduations/7th-kyu.nl.json,nl,7th-kyu,techniques[6].techniques[7],grading,Ude tanren (kote gitae) chudan gedan binnen & buiten,Use grading syllabus files in src/data/graduations and any official grading regulations in local docs.,candidate
C03561,src/data/graduations/7th-kyu.nl.json,nl,7th-kyu,techniques[7].category,grading,Hojo Undo (Aanvullende Training),Use grading syllabus files in src/data/graduations and any official grading regulations in local docs.,candidate
C03562,src/data/graduations/7th-kyu.nl.json,nl,7th-kyu,techniques[7].techniques[0],grading,"Makiwara - Yoko geri, kingeri, kizami zuki",Use grading syllabus files in src/data/graduations and any official grading regulations in local docs.,candidate
C03563,src/data/graduations/7th-kyu.nl.json,nl,7th-kyu,techniques[7].techniques[1],grading,Tai otoshi,Use grading syllabus files in src/data/graduations and any official grading regulations in local docs.,candidate
C03564,src/data/graduations/7th-kyu.nl.json,nl,7th-kyu,knowledge[0].term,grading,Seiza,Use grading syllabus files in src/data/graduations and any official grading regulations in local docs.,candidate
C03565,src/data/graduations/7th-kyu.nl.json,nl,7th-kyu,knowledge[0].meaning,definition,Formeel zitten,Use grading syllabus files in src/data/graduations and any official grading regulations in local docs.,candidate
C03566,src/data/graduations/7th-kyu.nl.json,nl,7th-kyu,knowledge[1].term,grading,Mokuso,Use grading syllabus files in src/data/graduations and any official grading regulations in local docs.,candidate
C03567,src/data/graduations/7th-kyu.nl.json,nl,7th-kyu,knowledge[1].meaning,definition,Meditatie start ('stop gedachten').,Use grading syllabus files in src/data/graduations and any official grading regulations in local docs.,candidate
C03568,src/data/graduations/7th-kyu.nl.json,nl,7th-kyu,knowledge[2].term,grading,Dojo kun,Use grading syllabus files in src/data/graduations and any official grading regulations in local docs.,candidate
C03569,src/data/graduations/7th-kyu.nl.json,nl,7th-kyu,knowledge[2].meaning,definition,De regels die in de dojo gelden.,Use grading syllabus files in src/data/graduations and any official grading regulations in local docs.,candidate
C03570,src/data/graduations/7th-kyu.nl.json,nl,7th-kyu,knowledge[3].term,grading,Mae/yoko/migi/hidari/ushiro/naname,Use grading syllabus files in src/data/graduations and any official grading regulations in local docs.,candidate
C03571,src/data/graduations/7th-kyu.nl.json,nl,7th-kyu,knowledge[3].meaning,definition,"Voor, zij, rechts, links, achter en diagonaal.",Use grading syllabus files in src/data/graduations and any official grading regulations in local docs.,candidate
C03572,src/data/graduations/7th-kyu.nl.json,nl,7th-kyu,knowledge[4].term,grading,Ashi kaete,Use grading syllabus files in src/data/graduations and any official grading regulations in local docs.,candidate
C03573,src/data/graduations/7th-kyu.nl.json,nl,7th-kyu,knowledge[4].meaning,definition,Wissel van been.,Use grading syllabus files in src/data/graduations and any official grading regulations in local docs.,candidate
C03574,src/data/graduations/7th-kyu.nl.json,nl,7th-kyu,knowledge[5].term,grading,Shomen/shimoza,Use grading syllabus files in src/data/graduations and any official grading regulations in local docs.,candidate
C03575,src/data/graduations/7th-kyu.nl.json,nl,7th-kyu,knowledge[5].meaning,definition,Shomen is de voorkant of hoofdmuur van de dojo; shimoza is de onderste plaats of achterkant van de dojo.,Use grading syllabus files in src/data/graduations and any official grading regulations in local docs.,candidate
C03576,src/data/graduations/7th-kyu.nl.json,nl,7th-kyu,knowledge[6].term,grading,Joseki/shimoseki,Use grading syllabus files in src/data/graduations and any official grading regulations in local docs.,candidate
C03577,src/data/graduations/7th-kyu.nl.json,nl,7th-kyu,knowledge[6].meaning,definition,Joseki is de bovenste of rechterkant van de dojo; shimoseki is de onderste of linkerkant.,Use grading syllabus files in src/data/graduations and any official grading regulations in local docs.,candidate
C03578,src/data/graduations/7th-kyu.nl.json,nl,7th-kyu,history[0],grading,"Sensei Anichi Miyagi - Direct/laatste student van Sensei Chojun Miyagi, en leraar van Sensei Morio Higaonna",Use grading syllabus files in src/data/graduations and any official grading regulations in local docs.,candidate
C03579,src/data/graduations/7th-kyu.nl.json,nl,7th-kyu,history[1],grading,Sensei Morio Higaonna - 1e Voorzitter en Internationale Hoofdinstructeur van IOGKF,Use grading syllabus files in src/data/graduations and any official grading regulations in local docs.,candidate
C03580,src/data/graduations/7th-kyu.nl.json,nl,7th-kyu,history[2],grading,IOGKF werd opgericht in 1979 door Sensei Morio Higaonna,Use grading syllabus files in src/data/graduations and any official grading regulations in local docs.,candidate
C03581,src/data/graduations/7th-kyu.nl.json,nl,7th-kyu,history[3],grading,Bodhi Dharma - 5e eeuw Zen Boeddhistische monnik die een grote invloed had op de ontwikkeling van martial arts,Use grading syllabus files in src/data/graduations and any official grading regulations in local docs.,candidate
C03582,src/data/graduations/8th-kyu.json,base,8th-kyu,title,grading,THE WAY TO 8TH KYU,Use grading syllabus files in src/data/graduations and any official grading regulations in local docs.,candidate
C03583,src/data/graduations/8th-kyu.json,base,8th-kyu,techniques[0].category,grading,Kihon Waza (Basic Techniques),Use grading syllabus files in src/data/graduations and any official grading regulations in local docs.,candidate
C03584,src/data/graduations/8th-kyu.json,base,8th-kyu,techniques[0].techniques[0],grading,Chudan ura zuki (Middle level short punch),Use grading syllabus files in src/data/graduations and any official grading regulations in local docs.,candidate
C03585,src/data/graduations/8th-kyu.json,base,8th-kyu,techniques[0].techniques[1],grading,Jodan age zuki (Upper cut),Use grading syllabus files in src/data/graduations and any official grading regulations in local docs.,candidate
C03586,src/data/graduations/8th-kyu.json,base,8th-kyu,techniques[0].techniques[2],grading,Sanbon zuki (Triple punch),Use grading syllabus files in src/data/graduations and any official grading regulations in local docs.,candidate
C03587,src/data/graduations/8th-kyu.json,base,8th-kyu,techniques[0].techniques[3],grading,Hiza geri (Knee kick),Use grading syllabus files in src/data/graduations and any official grading regulations in local docs.,candidate
C03588,src/data/graduations/8th-kyu.json,base,8th-kyu,techniques[0].techniques[4],grading,Chudan hiki uke (Middle level pulling block),Use grading syllabus files in src/data/graduations and any official grading regulations in local docs.,candidate
C03589,src/data/graduations/8th-kyu.json,base,8th-kyu,techniques[0].techniques[5],grading,Tora guchi (Tiger mouth block),Use grading syllabus files in src/data/graduations and any official grading regulations in local docs.,candidate
C03590,src/data/graduations/8th-kyu.json,base,8th-kyu,techniques[0].techniques[6],grading,Sanbon uke (Triple block),Use grading syllabus files in src/data/graduations and any official grading regulations in local docs.,candidate
C03591,src/data/graduations/8th-kyu.json,base,8th-kyu,techniques[1].category,grading,Tachi Kata (Stances),Use grading syllabus files in src/data/graduations and any official grading regulations in local docs.,candidate
C03592,src/data/graduations/8th-kyu.json,base,8th-kyu,techniques[1].techniques[0],grading,Neko ashi dachi (Cat stance),Use grading syllabus files in src/data/graduations and any official grading regulations in local docs.,candidate
C03593,src/data/graduations/8th-kyu.json,base,8th-kyu,techniques[2].category,grading,Unsoku Ho (Foot Work),Use grading syllabus files in src/data/graduations and any official grading regulations in local docs.,candidate
C03594,src/data/graduations/8th-kyu.json,base,8th-kyu,techniques[2].techniques[0],grading,Heiko dachi twist 90 degrees back,Use grading syllabus files in src/data/graduations and any official grading regulations in local docs.,candidate
C03595,src/data/graduations/8th-kyu.json,base,8th-kyu,techniques[2].techniques[1],grading,"Neko ashi dachi suri ashi (Forward, backward, sideways)",Use grading syllabus files in src/data/graduations and any official grading regulations in local docs.,candidate
C03596,src/data/graduations/8th-kyu.json,base,8th-kyu,techniques[3].category,grading,Ido (Moving Basics),Use grading syllabus files in src/data/graduations and any official grading regulations in local docs.,candidate
C03597,src/data/graduations/8th-kyu.json,base,8th-kyu,techniques[3].techniques[0],grading,"Jodan oi zuki, chudan gyaku zuki",Use grading syllabus files in src/data/graduations and any official grading regulations in local docs.,candidate
C03598,src/data/graduations/8th-kyu.json,base,8th-kyu,techniques[3].techniques[1],grading,"Mae geri, gyaku zuki",Use grading syllabus files in src/data/graduations and any official grading regulations in local docs.,candidate
C03599,src/data/graduations/8th-kyu.json,base,8th-kyu,techniques[3].techniques[2],grading,"Mawashi geri, gyaku zuki",Use grading syllabus files in src/data/graduations and any official grading regulations in local docs.,candidate
C03600,src/data/graduations/8th-kyu.json,base,8th-kyu,techniques[3].techniques[3],grading,"Jodan age uke, gyaku zuki",Use grading syllabus files in src/data/graduations and any official grading regulations in local docs.,candidate
C03601,src/data/graduations/8th-kyu.json,base,8th-kyu,techniques[3].techniques[4],grading,"Chudan yoko uke, gyaku zuki",Use grading syllabus files in src/data/graduations and any official grading regulations in local docs.,candidate
C03602,src/data/graduations/8th-kyu.json,base,8th-kyu,techniques[3].techniques[5],grading,"Gedan harai uke, gyaku zuki",Use grading syllabus files in src/data/graduations and any official grading regulations in local docs.,candidate
C03603,src/data/graduations/8th-kyu.json,base,8th-kyu,techniques[3].techniques[6],grading,Shiko dachi gedan harai uke,Use grading syllabus files in src/data/graduations and any official grading regulations in local docs.,candidate
C03604,src/data/graduations/8th-kyu.json,base,8th-kyu,techniques[3].techniques[7],grading,One men sandan gi,Use grading syllabus files in src/data/graduations and any official grading regulations in local docs.,candidate
C03605,src/data/graduations/8th-kyu.json,base,8th-kyu,techniques[4].category,grading,Kata,Use grading syllabus files in src/data/graduations and any official grading regulations in local docs.,candidate
C03606,src/data/graduations/8th-kyu.json,base,8th-kyu,techniques[4].techniques[0],grading,Gekisai Dai Ichi (Detail),Use grading syllabus files in src/data/graduations and any official grading regulations in local docs.,candidate
C03607,src/data/graduations/8th-kyu.json,base,8th-kyu,techniques[4].techniques[1],grading,Gekisai Dai Ni (Sequence),Use grading syllabus files in src/data/graduations and any official grading regulations in local docs.,candidate
C03608,src/data/graduations/8th-kyu.json,base,8th-kyu,techniques[5].category,grading,Kumite,Use grading syllabus files in src/data/graduations and any official grading regulations in local docs.,candidate
C03609,src/data/graduations/8th-kyu.json,base,8th-kyu,techniques[5].techniques[0],grading,"Kihon ippon kumite (Jodan, chudan, gedan)",Use grading syllabus files in src/data/graduations and any official grading regulations in local docs.,candidate
C03610,src/data/graduations/8th-kyu.json,base,8th-kyu,techniques[5].techniques[1],grading,Sonoba sandan gi,Use grading syllabus files in src/data/graduations and any official grading regulations in local docs.,candidate
C03611,src/data/graduations/8th-kyu.json,base,8th-kyu,techniques[6].category,grading,Hojo Undo (Supplemental Training),Use grading syllabus files in src/data/graduations and any official grading regulations in local docs.,candidate
C03612,src/data/graduations/8th-kyu.json,base,8th-kyu,techniques[6].techniques[0],grading,"Makiwara - Hiza geri, jodan age zuki, chudan ura zuki",Use grading syllabus files in src/data/graduations and any official grading regulations in local docs.,candidate
C03613,src/data/graduations/8th-kyu.json,base,8th-kyu,techniques[6].techniques[1],grading,Ukemi (Mae & ushiro),Use grading syllabus files in src/data/graduations and any official grading regulations in local docs.,candidate
C03614,src/data/graduations/8th-kyu.json,base,8th-kyu,knowledge[0].term,grading,International Okinawan Goju-Ryu Karate-Do Federation (IOGKF),Use grading syllabus files in src/data/graduations and any official grading regulations in local docs.,candidate
C03615,src/data/graduations/8th-kyu.json,base,8th-kyu,knowledge[0].meaning,definition,International federation for traditional Okinawan Goju-Ryu Karate-do.,Use grading syllabus files in src/data/graduations and any official grading regulations in local docs.,candidate
C03616,src/data/graduations/8th-kyu.json,base,8th-kyu,knowledge[1].term,grading,Kenkon/tenchi,Use grading syllabus files in src/data/graduations and any official grading regulations in local docs.,candidate
C03617,src/data/graduations/8th-kyu.json,base,8th-kyu,knowledge[1].meaning,definition,Heaven and earth; the IOGKF symbol representing the hard-soft principles of Goju-Ryu.,Use grading syllabus files in src/data/graduations and any official grading regulations in local docs.,candidate
C03618,src/data/graduations/8th-kyu.json,base,8th-kyu,knowledge[2].term,grading,Mon,Use grading syllabus files in src/data/graduations and any official grading regulations in local docs.,candidate
C03619,src/data/graduations/8th-kyu.json,base,8th-kyu,knowledge[2].meaning,definition,Crest or emblem; in this context the IOGKF/Kenkon badge.,Use grading syllabus files in src/data/graduations and any official grading regulations in local docs.,candidate
C03620,src/data/graduations/8th-kyu.json,base,8th-kyu,knowledge[3].term,grading,Count to 10 in Japanese,Use grading syllabus files in src/data/graduations and any official grading regulations in local docs.,candidate
C03621,src/data/graduations/8th-kyu.json,base,8th-kyu,knowledge[3].meaning,definition,"Ichi, ni, san, shi, go, roku, shichi, hachi, ku, ju.",Use grading syllabus files in src/data/graduations and any official grading regulations in local docs.,candidate
C03622,src/data/graduations/8th-kyu.json,base,8th-kyu,knowledge[4].term,grading,Shitsurei shimasu,Use grading syllabus files in src/data/graduations and any official grading regulations in local docs.,candidate
C03623,src/data/graduations/8th-kyu.json,base,8th-kyu,knowledge[4].meaning,definition,Excuse me / Sorry,Use grading syllabus files in src/data/graduations and any official grading regulations in local docs.,candidate
C03624,src/data/graduations/8th-kyu.json,base,8th-kyu,knowledge[5].term,grading,Moichido,Use grading syllabus files in src/data/graduations and any official grading regulations in local docs.,candidate
C03625,src/data/graduations/8th-kyu.json,base,8th-kyu,knowledge[5].meaning,definition,One more time,Use grading syllabus files in src/data/graduations and any official grading regulations in local docs.,candidate
C03626,src/data/graduations/8th-kyu.json,base,8th-kyu,knowledge[6].term,grading,Karate-ka,Use grading syllabus files in src/data/graduations and any official grading regulations in local docs.,candidate
C03627,src/data/graduations/8th-kyu.json,base,8th-kyu,knowledge[6].meaning,definition,Karate practitioner.,Use grading syllabus files in src/data/graduations and any official grading regulations in local docs.,candidate
C03628,src/data/graduations/8th-kyu.json,base,8th-kyu,knowledge[7].term,grading,Kata,Use grading syllabus files in src/data/graduations and any official grading regulations in local docs.,candidate
C03629,src/data/graduations/8th-kyu.json,base,8th-kyu,knowledge[7].meaning,definition,"Form, pattern",Use grading syllabus files in src/data/graduations and any official grading regulations in local docs.,candidate
C03630,src/data/graduations/8th-kyu.json,base,8th-kyu,knowledge[8].term,grading,Kihon,Use grading syllabus files in src/data/graduations and any official grading regulations in local docs.,candidate
C03631,src/data/graduations/8th-kyu.json,base,8th-kyu,knowledge[8].meaning,definition,Basic techniques,Use grading syllabus files in src/data/graduations and any official grading regulations in local docs.,candidate
C03632,src/data/graduations/8th-kyu.json,base,8th-kyu,knowledge[9].term,grading,Kiai,Use grading syllabus files in src/data/graduations and any official grading regulations in local docs.,candidate
C03633,src/data/graduations/8th-kyu.json,base,8th-kyu,knowledge[9].meaning,definition,Spirit shout,Use grading syllabus files in src/data/graduations and any official grading regulations in local docs.,candidate
C03634,src/data/graduations/8th-kyu.json,base,8th-kyu,knowledge[10].term,grading,Zuki / tsuki,Use grading syllabus files in src/data/graduations and any official grading regulations in local docs.,candidate
C03635,src/data/graduations/8th-kyu.json,base,8th-kyu,knowledge[10].meaning,definition,Punch; punching techniques.,Use grading syllabus files in src/data/graduations and any official grading regulations in local docs.,candidate
C03636,src/data/graduations/8th-kyu.json,base,8th-kyu,knowledge[11].term,grading,Uchi,Use grading syllabus files in src/data/graduations and any official grading regulations in local docs.,candidate
C03637,src/data/graduations/8th-kyu.json,base,8th-kyu,knowledge[11].meaning,definition,Inward,Use grading syllabus files in src/data/graduations and any official grading regulations in local docs.,candidate
C03638,src/data/graduations/8th-kyu.json,base,8th-kyu,knowledge[12].term,grading,Geri / keri,Use grading syllabus files in src/data/graduations and any official grading regulations in local docs.,candidate
C03639,src/data/graduations/8th-kyu.json,base,8th-kyu,knowledge[12].meaning,definition,Kick; kicking techniques.,Use grading syllabus files in src/data/graduations and any official grading regulations in local docs.,candidate
C03640,src/data/graduations/8th-kyu.json,base,8th-kyu,history[0],grading,Sensei Chojun Miyagi (1888 - 1953) - founder of Goju-Ryu.,Use grading syllabus files in src/data/graduations and any official grading regulations in local docs.,candidate
C03641,src/data/graduations/8th-kyu.json,base,8th-kyu,history[1],grading,"Sensei Kanryo Higaonna (1853 - 1915) - teacher of Sensei Chojun Miyagi, who went to China to practice Southern Chinese Martial Arts, founder of Naha-Te.",Use grading syllabus files in src/data/graduations and any official grading regulations in local docs.,candidate
C03642,src/data/graduations/8th-kyu.json,base,8th-kyu,history[2],grading,"Ryu Ryu Ko - Chinese Martial Arts (Southern Shaolin Style) Master, teacher of Sensei Kanryo Higaonna.",Use grading syllabus files in src/data/graduations and any official grading regulations in local docs.,candidate
C03643,src/data/graduations/8th-kyu.nl.json,nl,8th-kyu,title,grading,DE WEG NAAR 8E KYU,Use grading syllabus files in src/data/graduations and any official grading regulations in local docs.,candidate
C03644,src/data/graduations/8th-kyu.nl.json,nl,8th-kyu,techniques[0].category,grading,Kihon Waza (Basis Technieken),Use grading syllabus files in src/data/graduations and any official grading regulations in local docs.,candidate
C03645,src/data/graduations/8th-kyu.nl.json,nl,8th-kyu,techniques[0].techniques[0],grading,Chudan ura zuki (Middelste niveau korte stoot),Use grading syllabus files in src/data/graduations and any official grading regulations in local docs.,candidate
C03646,src/data/graduations/8th-kyu.nl.json,nl,8th-kyu,techniques[0].techniques[1],grading,Jodan age zuki (Bovenste haak),Use grading syllabus files in src/data/graduations and any official grading regulations in local docs.,candidate
C03647,src/data/graduations/8th-kyu.nl.json,nl,8th-kyu,techniques[0].techniques[2],grading,Sanbon zuki (Drievoudige stoot),Use grading syllabus files in src/data/graduations and any official grading regulations in local docs.,candidate
C03648,src/data/graduations/8th-kyu.nl.json,nl,8th-kyu,techniques[0].techniques[3],grading,Hiza geri (Knie trap),Use grading syllabus files in src/data/graduations and any official grading regulations in local docs.,candidate
C03649,src/data/graduations/8th-kyu.nl.json,nl,8th-kyu,techniques[0].techniques[4],grading,Chudan hiki uke (Middelste niveau trekkend blok),Use grading syllabus files in src/data/graduations and any official grading regulations in local docs.,candidate
C03650,src/data/graduations/8th-kyu.nl.json,nl,8th-kyu,techniques[0].techniques[5],grading,Tora guchi (Tijgermond blok),Use grading syllabus files in src/data/graduations and any official grading regulations in local docs.,candidate
C03651,src/data/graduations/8th-kyu.nl.json,nl,8th-kyu,techniques[0].techniques[6],grading,Sanbon uke (Drievoudig blok),Use grading syllabus files in src/data/graduations and any official grading regulations in local docs.,candidate
C03652,src/data/graduations/8th-kyu.nl.json,nl,8th-kyu,techniques[1].category,grading,Tachi Kata (Stances),Use grading syllabus files in src/data/graduations and any official grading regulations in local docs.,candidate
C03653,src/data/graduations/8th-kyu.nl.json,nl,8th-kyu,techniques[1].techniques[0],grading,Neko ashi dachi (Kattenhouding),Use grading syllabus files in src/data/graduations and any official grading regulations in local docs.,candidate
C03654,src/data/graduations/8th-kyu.nl.json,nl,8th-kyu,techniques[2].category,grading,Unsoku Ho (Voetwerk),Use grading syllabus files in src/data/graduations and any official grading regulations in local docs.,candidate
C03655,src/data/graduations/8th-kyu.nl.json,nl,8th-kyu,techniques[2].techniques[0],grading,Heiko dachi draai 90 graden terug,Use grading syllabus files in src/data/graduations and any official grading regulations in local docs.,candidate
C03656,src/data/graduations/8th-kyu.nl.json,nl,8th-kyu,techniques[2].techniques[1],grading,"Neko ashi dachi suri ashi (Voorwaarts, achterwaarts, zijwaarts)",Use grading syllabus files in src/data/graduations and any official grading regulations in local docs.,candidate
C03657,src/data/graduations/8th-kyu.nl.json,nl,8th-kyu,techniques[3].category,grading,Ido (Bewegende Basis),Use grading syllabus files in src/data/graduations and any official grading regulations in local docs.,candidate
C03658,src/data/graduations/8th-kyu.nl.json,nl,8th-kyu,techniques[3].techniques[0],grading,"Jodan oi zuki, chudan gyaku zuki",Use grading syllabus files in src/data/graduations and any official grading regulations in local docs.,candidate
C03659,src/data/graduations/8th-kyu.nl.json,nl,8th-kyu,techniques[3].techniques[1],grading,"Mae geri, gyaku zuki",Use grading syllabus files in src/data/graduations and any official grading regulations in local docs.,candidate
C03660,src/data/graduations/8th-kyu.nl.json,nl,8th-kyu,techniques[3].techniques[2],grading,"Mawashi geri, gyaku zuki",Use grading syllabus files in src/data/graduations and any official grading regulations in local docs.,candidate
C03661,src/data/graduations/8th-kyu.nl.json,nl,8th-kyu,techniques[3].techniques[3],grading,"Jodan age uke, gyaku zuki",Use grading syllabus files in src/data/graduations and any official grading regulations in local docs.,candidate
C03662,src/data/graduations/8th-kyu.nl.json,nl,8th-kyu,techniques[3].techniques[4],grading,"Chudan yoko uke, gyaku zuki",Use grading syllabus files in src/data/graduations and any official grading regulations in local docs.,candidate
C03663,src/data/graduations/8th-kyu.nl.json,nl,8th-kyu,techniques[3].techniques[5],grading,"Gedan harai uke, gyaku zuki",Use grading syllabus files in src/data/graduations and any official grading regulations in local docs.,candidate
C03664,src/data/graduations/8th-kyu.nl.json,nl,8th-kyu,techniques[3].techniques[6],grading,Shiko dachi gedan harai uke,Use grading syllabus files in src/data/graduations and any official grading regulations in local docs.,candidate
C03665,src/data/graduations/8th-kyu.nl.json,nl,8th-kyu,techniques[3].techniques[7],grading,One men sandan gi,Use grading syllabus files in src/data/graduations and any official grading regulations in local docs.,candidate
C03666,src/data/graduations/8th-kyu.nl.json,nl,8th-kyu,techniques[4].category,grading,Kata,Use grading syllabus files in src/data/graduations and any official grading regulations in local docs.,candidate
C03667,src/data/graduations/8th-kyu.nl.json,nl,8th-kyu,techniques[4].techniques[0],grading,Gekisai Dai Ichi (Detail),Use grading syllabus files in src/data/graduations and any official grading regulations in local docs.,candidate
C03668,src/data/graduations/8th-kyu.nl.json,nl,8th-kyu,techniques[4].techniques[1],grading,Gekisai Dai Ni (Reeks),Use grading syllabus files in src/data/graduations and any official grading regulations in local docs.,candidate
C03669,src/data/graduations/8th-kyu.nl.json,nl,8th-kyu,techniques[5].category,grading,Kumite,Use grading syllabus files in src/data/graduations and any official grading regulations in local docs.,candidate
C03670,src/data/graduations/8th-kyu.nl.json,nl,8th-kyu,techniques[5].techniques[0],grading,"Kihon ippon kumite (Jodan, chudan, gedan)",Use grading syllabus files in src/data/graduations and any official grading regulations in local docs.,candidate
C03671,src/data/graduations/8th-kyu.nl.json,nl,8th-kyu,techniques[5].techniques[1],grading,Sonoba sandan gi,Use grading syllabus files in src/data/graduations and any official grading regulations in local docs.,candidate
C03672,src/data/graduations/8th-kyu.nl.json,nl,8th-kyu,techniques[6].category,grading,Hojo Undo (Aanvullende Training),Use grading syllabus files in src/data/graduations and any official grading regulations in local docs.,candidate
C03673,src/data/graduations/8th-kyu.nl.json,nl,8th-kyu,techniques[6].techniques[0],grading,"Makiwara - Hiza geri, jodan age zuki, chudan ura zuki",Use grading syllabus files in src/data/graduations and any official grading regulations in local docs.,candidate
C03674,src/data/graduations/8th-kyu.nl.json,nl,8th-kyu,techniques[6].techniques[1],grading,Ukemi (Mae & ushiro),Use grading syllabus files in src/data/graduations and any official grading regulations in local docs.,candidate
C03675,src/data/graduations/8th-kyu.nl.json,nl,8th-kyu,knowledge[0].term,grading,International Okinawan Goju-Ryu Karate-Do Federation (IOGKF),Use grading syllabus files in src/data/graduations and any official grading regulations in local docs.,candidate
C03676,src/data/graduations/8th-kyu.nl.json,nl,8th-kyu,knowledge[0].meaning,definition,Internationale federatie voor traditioneel Okinawa Goju-Ryu Karate-do.,Use grading syllabus files in src/data/graduations and any official grading regulations in local docs.,candidate
C03677,src/data/graduations/8th-kyu.nl.json,nl,8th-kyu,knowledge[1].term,grading,Kenkon/tenchi,Use grading syllabus files in src/data/graduations and any official grading regulations in local docs.,candidate
C03678,src/data/graduations/8th-kyu.nl.json,nl,8th-kyu,knowledge[1].meaning,definition,Hemel en aarde; het IOGKF-symbool dat de harde en zachte principes van Goju-Ryu weergeeft.,Use grading syllabus files in src/data/graduations and any official grading regulations in local docs.,candidate
C03679,src/data/graduations/8th-kyu.nl.json,nl,8th-kyu,knowledge[2].term,grading,Mon,Use grading syllabus files in src/data/graduations and any official grading regulations in local docs.,candidate
C03680,src/data/graduations/8th-kyu.nl.json,nl,8th-kyu,knowledge[2].meaning,definition,Familiewapen of embleem; in deze context het IOGKF/Kenkon-embleem.,Use grading syllabus files in src/data/graduations and any official grading regulations in local docs.,candidate
C03681,src/data/graduations/8th-kyu.nl.json,nl,8th-kyu,knowledge[3].term,grading,Tel tot 10 in het Japans,Use grading syllabus files in src/data/graduations and any official grading regulations in local docs.,candidate
C03682,src/data/graduations/8th-kyu.nl.json,nl,8th-kyu,knowledge[3].meaning,definition,"Ichi (een), ni (twee), san (drie), shi (vier), go (vijf), roku (zes), shichi (zeven), hachi (acht), ku (negen), ju (tien).",Use grading syllabus files in src/data/graduations and any official grading regulations in local docs.,candidate
C03683,src/data/graduations/8th-kyu.nl.json,nl,8th-kyu,knowledge[4].term,grading,Shitsurei shimasu,Use grading syllabus files in src/data/graduations and any official grading regulations in local docs.,candidate
C03684,src/data/graduations/8th-kyu.nl.json,nl,8th-kyu,knowledge[4].meaning,definition,Sorry / excuseer.,Use grading syllabus files in src/data/graduations and any official grading regulations in local docs.,candidate
C03685,src/data/graduations/8th-kyu.nl.json,nl,8th-kyu,knowledge[5].term,grading,Moichido,Use grading syllabus files in src/data/graduations and any official grading regulations in local docs.,candidate
C03686,src/data/graduations/8th-kyu.nl.json,nl,8th-kyu,knowledge[5].meaning,definition,Nog een keer.,Use grading syllabus files in src/data/graduations and any official grading regulations in local docs.,candidate
C03687,src/data/graduations/8th-kyu.nl.json,nl,8th-kyu,knowledge[6].term,grading,Karate-ka,Use grading syllabus files in src/data/graduations and any official grading regulations in local docs.,candidate
C03688,src/data/graduations/8th-kyu.nl.json,nl,8th-kyu,knowledge[6].meaning,definition,Karatebeoefenaar.,Use grading syllabus files in src/data/graduations and any official grading regulations in local docs.,candidate
C03689,src/data/graduations/8th-kyu.nl.json,nl,8th-kyu,knowledge[7].term,grading,Kata,Use grading syllabus files in src/data/graduations and any official grading regulations in local docs.,candidate
C03690,src/data/graduations/8th-kyu.nl.json,nl,8th-kyu,knowledge[7].meaning,definition,Stijlvorm (solovorm).,Use grading syllabus files in src/data/graduations and any official grading regulations in local docs.,candidate
C03691,src/data/graduations/8th-kyu.nl.json,nl,8th-kyu,knowledge[8].term,grading,Kihon,Use grading syllabus files in src/data/graduations and any official grading regulations in local docs.,candidate
C03692,src/data/graduations/8th-kyu.nl.json,nl,8th-kyu,knowledge[8].meaning,definition,Basistechnieken.,Use grading syllabus files in src/data/graduations and any official grading regulations in local docs.,candidate
C03693,src/data/graduations/8th-kyu.nl.json,nl,8th-kyu,knowledge[9].term,grading,Kiai,Use grading syllabus files in src/data/graduations and any official grading regulations in local docs.,candidate
C03694,src/data/graduations/8th-kyu.nl.json,nl,8th-kyu,knowledge[9].meaning,definition,Schreeuw waarbij kracht wordt geconcentreerd (harmonie levenskracht en geest).,Use grading syllabus files in src/data/graduations and any official grading regulations in local docs.,candidate
C03695,src/data/graduations/8th-kyu.nl.json,nl,8th-kyu,knowledge[10].term,grading,Zuki / tsuki,Use grading syllabus files in src/data/graduations and any official grading regulations in local docs.,candidate
C03696,src/data/graduations/8th-kyu.nl.json,nl,8th-kyu,knowledge[10].meaning,definition,Stoot; stoottechnieken.,Use grading syllabus files in src/data/graduations and any official grading regulations in local docs.,candidate
C03697,src/data/graduations/8th-kyu.nl.json,nl,8th-kyu,knowledge[11].term,grading,Uchi,Use grading syllabus files in src/data/graduations and any official grading regulations in local docs.,candidate
C03698,src/data/graduations/8th-kyu.nl.json,nl,8th-kyu,knowledge[11].meaning,definition,Naar binnen (binnenwaarts),Use grading syllabus files in src/data/graduations and any official grading regulations in local docs.,candidate
C03699,src/data/graduations/8th-kyu.nl.json,nl,8th-kyu,knowledge[12].term,grading,Geri / keri,Use grading syllabus files in src/data/graduations and any official grading regulations in local docs.,candidate
C03700,src/data/graduations/8th-kyu.nl.json,nl,8th-kyu,knowledge[12].meaning,definition,Trap; traptechnieken.,Use grading syllabus files in src/data/graduations and any official grading regulations in local docs.,candidate
C03701,src/data/graduations/8th-kyu.nl.json,nl,8th-kyu,history[0],grading,Sensei Chojun Miyagi (1888 - 1953) - oprichter van Goju-Ryu.,Use grading syllabus files in src/data/graduations and any official grading regulations in local docs.,candidate
C03702,src/data/graduations/8th-kyu.nl.json,nl,8th-kyu,history[1],grading,"Sensei Kanryo Higaonna (1853 - 1915) - leraar van Sensei Chojun Miyagi, die naar China ging om Zuid-Chinese Martial Arts te beoefenen, oprichter van Naha-Te.",Use grading syllabus files in src/data/graduations and any official grading regulations in local docs.,candidate
C03703,src/data/graduations/8th-kyu.nl.json,nl,8th-kyu,history[2],grading,"Ryu Ryu Ko - Chinese Martial Arts (Zuidelijke Shaolin Stijl) Meester, leraar van Sensei Kanryo Higaonna.",Use grading syllabus files in src/data/graduations and any official grading regulations in local docs.,candidate
C03704,src/data/graduations/9th-kyu.json,base,9th-kyu,title,grading,THE WAY TO 9TH KYU,Use grading syllabus files in src/data/graduations and any official grading regulations in local docs.,candidate
C03705,src/data/graduations/9th-kyu.json,base,9th-kyu,techniques[0].category,grading,Kihon Waza (Basic Techniques),Use grading syllabus files in src/data/graduations and any official grading regulations in local docs.,candidate
C03706,src/data/graduations/9th-kyu.json,base,9th-kyu,techniques[0].techniques[0],grading,"Uraken uchi (Back fist strike; front, side & back)",Use grading syllabus files in src/data/graduations and any official grading regulations in local docs.,candidate
C03707,src/data/graduations/9th-kyu.json,base,9th-kyu,techniques[0].techniques[1],grading,"Shuto uchi (Knife hand strike, upper level side)",Use grading syllabus files in src/data/graduations and any official grading regulations in local docs.,candidate
C03708,src/data/graduations/9th-kyu.json,base,9th-kyu,techniques[0].techniques[2],grading,Age hiji ate (Rising elbow strike),Use grading syllabus files in src/data/graduations and any official grading regulations in local docs.,candidate
C03709,src/data/graduations/9th-kyu.json,base,9th-kyu,techniques[0].techniques[3],grading,Nami gaeshi (Foot sweep & stamp),Use grading syllabus files in src/data/graduations and any official grading regulations in local docs.,candidate
C03710,src/data/graduations/9th-kyu.json,base,9th-kyu,techniques[0].techniques[4],grading,Shikodachi gedan harai uke (Lower sweeping block with straddle leg stance),Use grading syllabus files in src/data/graduations and any official grading regulations in local docs.,candidate
C03711,src/data/graduations/9th-kyu.json,base,9th-kyu,techniques[1].category,grading,Tachi Kata (Stances),Use grading syllabus files in src/data/graduations and any official grading regulations in local docs.,candidate
C03712,src/data/graduations/9th-kyu.json,base,9th-kyu,techniques[1].techniques[0],grading,Shiko dachi (Straddle leg stance),Use grading syllabus files in src/data/graduations and any official grading regulations in local docs.,candidate
C03713,src/data/graduations/9th-kyu.json,base,9th-kyu,techniques[1].techniques[1],grading,Han zenkutsu dachi (Half front stance),Use grading syllabus files in src/data/graduations and any official grading regulations in local docs.,candidate
C03714,src/data/graduations/9th-kyu.json,base,9th-kyu,techniques[1].techniques[2],grading,"Hachiji dachi (Natural stance, toes slightly out)",Use grading syllabus files in src/data/graduations and any official grading regulations in local docs.,candidate
C03715,src/data/graduations/9th-kyu.json,base,9th-kyu,techniques[2].category,grading,Unsoku Ho (Foot Work),Use grading syllabus files in src/data/graduations and any official grading regulations in local docs.,candidate
C03716,src/data/graduations/9th-kyu.json,base,9th-kyu,techniques[2].techniques[0],grading,Han zenkutsu dachi,Use grading syllabus files in src/data/graduations and any official grading regulations in local docs.,candidate
C03717,src/data/graduations/9th-kyu.json,base,9th-kyu,techniques[2].techniques[1],grading,Shiko dachi,Use grading syllabus files in src/data/graduations and any official grading regulations in local docs.,candidate
C03718,src/data/graduations/9th-kyu.json,base,9th-kyu,techniques[2].techniques[2],grading,Heiko dachi suri ashi (Sideways),Use grading syllabus files in src/data/graduations and any official grading regulations in local docs.,candidate
C03719,src/data/graduations/9th-kyu.json,base,9th-kyu,techniques[3].category,grading,Ido (Moving Basics),Use grading syllabus files in src/data/graduations and any official grading regulations in local docs.,candidate
C03720,src/data/graduations/9th-kyu.json,base,9th-kyu,techniques[3].techniques[0],grading,Oi zuki (Lunge punch),Use grading syllabus files in src/data/graduations and any official grading regulations in local docs.,candidate
C03721,src/data/graduations/9th-kyu.json,base,9th-kyu,techniques[3].techniques[1],grading,Gyaku zuki (Reverse punch),Use grading syllabus files in src/data/graduations and any official grading regulations in local docs.,candidate
C03722,src/data/graduations/9th-kyu.json,base,9th-kyu,techniques[3].techniques[2],grading,Jodan age uke (Upper rising block),Use grading syllabus files in src/data/graduations and any official grading regulations in local docs.,candidate
C03723,src/data/graduations/9th-kyu.json,base,9th-kyu,techniques[3].techniques[3],grading,Chudan yoko uke (Middle outside block),Use grading syllabus files in src/data/graduations and any official grading regulations in local docs.,candidate
C03724,src/data/graduations/9th-kyu.json,base,9th-kyu,techniques[3].techniques[4],grading,Gedan harai uke (Lower sweeping block),Use grading syllabus files in src/data/graduations and any official grading regulations in local docs.,candidate
C03725,src/data/graduations/9th-kyu.json,base,9th-kyu,techniques[3].techniques[5],grading,Mae geri (Front kick),Use grading syllabus files in src/data/graduations and any official grading regulations in local docs.,candidate
C03726,src/data/graduations/9th-kyu.json,base,9th-kyu,techniques[3].techniques[6],grading,Mawashi geri (Roundhouse kick),Use grading syllabus files in src/data/graduations and any official grading regulations in local docs.,candidate
C03727,src/data/graduations/9th-kyu.json,base,9th-kyu,techniques[4].category,grading,Kata,Use grading syllabus files in src/data/graduations and any official grading regulations in local docs.,candidate
C03728,src/data/graduations/9th-kyu.json,base,9th-kyu,techniques[4].techniques[0],grading,Gekisai Dai Ichi (Sequence),Use grading syllabus files in src/data/graduations and any official grading regulations in local docs.,candidate
C03729,src/data/graduations/9th-kyu.json,base,9th-kyu,techniques[5].category,grading,Kumite,Use grading syllabus files in src/data/graduations and any official grading regulations in local docs.,candidate
C03730,src/data/graduations/9th-kyu.json,base,9th-kyu,techniques[5].techniques[0],grading,"Basic blocks with partner (Jodan, chudan, gedan)",Use grading syllabus files in src/data/graduations and any official grading regulations in local docs.,candidate
C03731,src/data/graduations/9th-kyu.json,base,9th-kyu,techniques[6].category,grading,Hojo Undo (Supplemental Training),Use grading syllabus files in src/data/graduations and any official grading regulations in local docs.,candidate
C03732,src/data/graduations/9th-kyu.json,base,9th-kyu,techniques[6].techniques[0],grading,"Makiwara - Uraken uchi, jodan yoko shuto uchi, chudan age hiji ate",Use grading syllabus files in src/data/graduations and any official grading regulations in local docs.,candidate
C03733,src/data/graduations/9th-kyu.json,base,9th-kyu,techniques[6].techniques[1],grading,Kakato otoshi,Use grading syllabus files in src/data/graduations and any official grading regulations in local docs.,candidate
C03734,src/data/graduations/9th-kyu.json,base,9th-kyu,knowledge[0].term,grading,Shugo,Use grading syllabus files in src/data/graduations and any official grading regulations in local docs.,candidate
C03735,src/data/graduations/9th-kyu.json,base,9th-kyu,knowledge[0].meaning,definition,Line up,Use grading syllabus files in src/data/graduations and any official grading regulations in local docs.,candidate
C03736,src/data/graduations/9th-kyu.json,base,9th-kyu,knowledge[1].term,grading,Hajime,Use grading syllabus files in src/data/graduations and any official grading regulations in local docs.,candidate
C03737,src/data/graduations/9th-kyu.json,base,9th-kyu,knowledge[1].meaning,definition,Begin,Use grading syllabus files in src/data/graduations and any official grading regulations in local docs.,candidate
C03738,src/data/graduations/9th-kyu.json,base,9th-kyu,knowledge[2].term,grading,Yame,Use grading syllabus files in src/data/graduations and any official grading regulations in local docs.,candidate
C03739,src/data/graduations/9th-kyu.json,base,9th-kyu,knowledge[2].meaning,definition,Stop,Use grading syllabus files in src/data/graduations and any official grading regulations in local docs.,candidate
C03740,src/data/graduations/9th-kyu.json,base,9th-kyu,knowledge[3].term,grading,Yoi,Use grading syllabus files in src/data/graduations and any official grading regulations in local docs.,candidate
C03741,src/data/graduations/9th-kyu.json,base,9th-kyu,knowledge[3].meaning,definition,Ready,Use grading syllabus files in src/data/graduations and any official grading regulations in local docs.,candidate
C03742,src/data/graduations/9th-kyu.json,base,9th-kyu,knowledge[4].term,grading,Kamae,Use grading syllabus files in src/data/graduations and any official grading regulations in local docs.,candidate
C03743,src/data/graduations/9th-kyu.json,base,9th-kyu,knowledge[4].meaning,definition,Fighting pose,Use grading syllabus files in src/data/graduations and any official grading regulations in local docs.,candidate
C03744,src/data/graduations/9th-kyu.json,base,9th-kyu,knowledge[5].term,grading,Semete,Use grading syllabus files in src/data/graduations and any official grading regulations in local docs.,candidate
C03745,src/data/graduations/9th-kyu.json,base,9th-kyu,knowledge[5].meaning,definition,Attacker,Use grading syllabus files in src/data/graduations and any official grading regulations in local docs.,candidate
C03746,src/data/graduations/9th-kyu.json,base,9th-kyu,knowledge[6].term,grading,Ukete,Use grading syllabus files in src/data/graduations and any official grading regulations in local docs.,candidate
C03747,src/data/graduations/9th-kyu.json,base,9th-kyu,knowledge[6].meaning,definition,Defender,Use grading syllabus files in src/data/graduations and any official grading regulations in local docs.,candidate
C03748,src/data/graduations/9th-kyu.json,base,9th-kyu,history[0],grading,Hand to hand combat (karate) was developed when the government banned the carrying of weapons in Okinawa,Use grading syllabus files in src/data/graduations and any official grading regulations in local docs.,candidate
C03749,src/data/graduations/9th-kyu.json,base,9th-kyu,history[1],grading,"Previously karate was taught secretly, and the sensei would carefully observe the person's character before he accepted him as a student",Use grading syllabus files in src/data/graduations and any official grading regulations in local docs.,candidate
C03750,src/data/graduations/9th-kyu.nl.json,nl,9th-kyu,title,grading,DE WEG NAAR 9E KYU,Use grading syllabus files in src/data/graduations and any official grading regulations in local docs.,candidate
C03751,src/data/graduations/9th-kyu.nl.json,nl,9th-kyu,techniques[0].category,grading,Kihon Waza (Basis Technieken),Use grading syllabus files in src/data/graduations and any official grading regulations in local docs.,candidate
C03752,src/data/graduations/9th-kyu.nl.json,nl,9th-kyu,techniques[0].techniques[0],grading,"Uraken uchi (Achtervuist slag; voor, zij & achter)",Use grading syllabus files in src/data/graduations and any official grading regulations in local docs.,candidate
C03753,src/data/graduations/9th-kyu.nl.json,nl,9th-kyu,techniques[0].techniques[1],grading,"Shuto uchi (Messenhand slag, bovenste niveau zij)",Use grading syllabus files in src/data/graduations and any official grading regulations in local docs.,candidate
C03754,src/data/graduations/9th-kyu.nl.json,nl,9th-kyu,techniques[0].techniques[2],grading,Age hiji ate (Opstekende elleboog slag),Use grading syllabus files in src/data/graduations and any official grading regulations in local docs.,candidate
C03755,src/data/graduations/9th-kyu.nl.json,nl,9th-kyu,techniques[0].techniques[3],grading,Nami gaeshi (Voetveeg & stamp),Use grading syllabus files in src/data/graduations and any official grading regulations in local docs.,candidate
C03756,src/data/graduations/9th-kyu.nl.json,nl,9th-kyu,techniques[0].techniques[4],grading,Shikodachi gedan harai uke (Onderste veegblok met spreidbeen houding),Use grading syllabus files in src/data/graduations and any official grading regulations in local docs.,candidate
C03757,src/data/graduations/9th-kyu.nl.json,nl,9th-kyu,techniques[1].category,grading,Tachi Kata (Stances),Use grading syllabus files in src/data/graduations and any official grading regulations in local docs.,candidate
C03758,src/data/graduations/9th-kyu.nl.json,nl,9th-kyu,techniques[1].techniques[0],grading,Shiko dachi (Spreidbeen houding),Use grading syllabus files in src/data/graduations and any official grading regulations in local docs.,candidate
C03759,src/data/graduations/9th-kyu.nl.json,nl,9th-kyu,techniques[1].techniques[1],grading,Han zenkutsu dachi (Halve voorwaartse houding),Use grading syllabus files in src/data/graduations and any official grading regulations in local docs.,candidate
C03760,src/data/graduations/9th-kyu.nl.json,nl,9th-kyu,techniques[1].techniques[2],grading,"Hachiji dachi (Natuurlijke houding, tenen iets naar buiten)",Use grading syllabus files in src/data/graduations and any official grading regulations in local docs.,candidate
C03761,src/data/graduations/9th-kyu.nl.json,nl,9th-kyu,techniques[2].category,grading,Unsoku Ho (Voetwerk),Use grading syllabus files in src/data/graduations and any official grading regulations in local docs.,candidate
C03762,src/data/graduations/9th-kyu.nl.json,nl,9th-kyu,techniques[2].techniques[0],grading,Han zenkutsu dachi,Use grading syllabus files in src/data/graduations and any official grading regulations in local docs.,candidate
C03763,src/data/graduations/9th-kyu.nl.json,nl,9th-kyu,techniques[2].techniques[1],grading,Shiko dachi,Use grading syllabus files in src/data/graduations and any official grading regulations in local docs.,candidate
C03764,src/data/graduations/9th-kyu.nl.json,nl,9th-kyu,techniques[2].techniques[2],grading,Heiko dachi suri ashi (Zijwaarts),Use grading syllabus files in src/data/graduations and any official grading regulations in local docs.,candidate
C03765,src/data/graduations/9th-kyu.nl.json,nl,9th-kyu,techniques[3].category,grading,Ido (Bewegende Basis),Use grading syllabus files in src/data/graduations and any official grading regulations in local docs.,candidate
C03766,src/data/graduations/9th-kyu.nl.json,nl,9th-kyu,techniques[3].techniques[0],grading,Oi zuki (Uithaal stoot),Use grading syllabus files in src/data/graduations and any official grading regulations in local docs.,candidate
C03767,src/data/graduations/9th-kyu.nl.json,nl,9th-kyu,techniques[3].techniques[1],grading,Gyaku zuki (Omgekeerde stoot),Use grading syllabus files in src/data/graduations and any official grading regulations in local docs.,candidate
C03768,src/data/graduations/9th-kyu.nl.json,nl,9th-kyu,techniques[3].techniques[2],grading,Jodan age uke (Bovenste opstekende blok),Use grading syllabus files in src/data/graduations and any official grading regulations in local docs.,candidate
C03769,src/data/graduations/9th-kyu.nl.json,nl,9th-kyu,techniques[3].techniques[3],grading,Chudan yoko uke (Middelste buitenste blok),Use grading syllabus files in src/data/graduations and any official grading regulations in local docs.,candidate
C03770,src/data/graduations/9th-kyu.nl.json,nl,9th-kyu,techniques[3].techniques[4],grading,Gedan harai uke (Onderste veegblok),Use grading syllabus files in src/data/graduations and any official grading regulations in local docs.,candidate
C03771,src/data/graduations/9th-kyu.nl.json,nl,9th-kyu,techniques[3].techniques[5],grading,Mae geri (Voorwaartse trap),Use grading syllabus files in src/data/graduations and any official grading regulations in local docs.,candidate
C03772,src/data/graduations/9th-kyu.nl.json,nl,9th-kyu,techniques[3].techniques[6],grading,Mawashi geri (Ronde trap),Use grading syllabus files in src/data/graduations and any official grading regulations in local docs.,candidate
C03773,src/data/graduations/9th-kyu.nl.json,nl,9th-kyu,techniques[4].category,grading,Kata,Use grading syllabus files in src/data/graduations and any official grading regulations in local docs.,candidate
C03774,src/data/graduations/9th-kyu.nl.json,nl,9th-kyu,techniques[4].techniques[0],grading,Gekisai Dai Ichi (Reeks),Use grading syllabus files in src/data/graduations and any official grading regulations in local docs.,candidate
C03775,src/data/graduations/9th-kyu.nl.json,nl,9th-kyu,techniques[5].category,grading,Kumite,Use grading syllabus files in src/data/graduations and any official grading regulations in local docs.,candidate
C03776,src/data/graduations/9th-kyu.nl.json,nl,9th-kyu,techniques[5].techniques[0],grading,"Basis blokken met partner (Jodan, chudan, gedan)",Use grading syllabus files in src/data/graduations and any official grading regulations in local docs.,candidate
C03777,src/data/graduations/9th-kyu.nl.json,nl,9th-kyu,techniques[6].category,grading,Hojo Undo (Aanvullende Training),Use grading syllabus files in src/data/graduations and any official grading regulations in local docs.,candidate
C03778,src/data/graduations/9th-kyu.nl.json,nl,9th-kyu,techniques[6].techniques[0],grading,"Makiwara - Uraken uchi, jodan yoko shuto uchi, chudan age hiji ate",Use grading syllabus files in src/data/graduations and any official grading regulations in local docs.,candidate
C03779,src/data/graduations/9th-kyu.nl.json,nl,9th-kyu,techniques[6].techniques[1],grading,Kakato otoshi,Use grading syllabus files in src/data/graduations and any official grading regulations in local docs.,candidate
C03780,src/data/graduations/9th-kyu.nl.json,nl,9th-kyu,knowledge[0].term,grading,Shugo,Use grading syllabus files in src/data/graduations and any official grading regulations in local docs.,candidate
C03781,src/data/graduations/9th-kyu.nl.json,nl,9th-kyu,knowledge[0].meaning,definition,Opstellen,Use grading syllabus files in src/data/graduations and any official grading regulations in local docs.,candidate
C03782,src/data/graduations/9th-kyu.nl.json,nl,9th-kyu,knowledge[1].term,grading,Hajime,Use grading syllabus files in src/data/graduations and any official grading regulations in local docs.,candidate
C03783,src/data/graduations/9th-kyu.nl.json,nl,9th-kyu,knowledge[1].meaning,definition,Begin,Use grading syllabus files in src/data/graduations and any official grading regulations in local docs.,candidate
C03784,src/data/graduations/9th-kyu.nl.json,nl,9th-kyu,knowledge[2].term,grading,Yame,Use grading syllabus files in src/data/graduations and any official grading regulations in local docs.,candidate
C03785,src/data/graduations/9th-kyu.nl.json,nl,9th-kyu,knowledge[2].meaning,definition,Stop,Use grading syllabus files in src/data/graduations and any official grading regulations in local docs.,candidate
C03786,src/data/graduations/9th-kyu.nl.json,nl,9th-kyu,knowledge[3].term,grading,Yoi,Use grading syllabus files in src/data/graduations and any official grading regulations in local docs.,candidate
C03787,src/data/graduations/9th-kyu.nl.json,nl,9th-kyu,knowledge[3].meaning,definition,Gereed,Use grading syllabus files in src/data/graduations and any official grading regulations in local docs.,candidate
C03788,src/data/graduations/9th-kyu.nl.json,nl,9th-kyu,knowledge[4].term,grading,Kamae,Use grading syllabus files in src/data/graduations and any official grading regulations in local docs.,candidate
C03789,src/data/graduations/9th-kyu.nl.json,nl,9th-kyu,knowledge[4].meaning,definition,Gevechtshouding,Use grading syllabus files in src/data/graduations and any official grading regulations in local docs.,candidate
C03790,src/data/graduations/9th-kyu.nl.json,nl,9th-kyu,knowledge[5].term,grading,Semete,Use grading syllabus files in src/data/graduations and any official grading regulations in local docs.,candidate
C03791,src/data/graduations/9th-kyu.nl.json,nl,9th-kyu,knowledge[5].meaning,definition,Aanvaller,Use grading syllabus files in src/data/graduations and any official grading regulations in local docs.,candidate
C03792,src/data/graduations/9th-kyu.nl.json,nl,9th-kyu,knowledge[6].term,grading,Ukete,Use grading syllabus files in src/data/graduations and any official grading regulations in local docs.,candidate
C03793,src/data/graduations/9th-kyu.nl.json,nl,9th-kyu,knowledge[6].meaning,definition,Verdediger,Use grading syllabus files in src/data/graduations and any official grading regulations in local docs.,candidate
C03794,src/data/graduations/9th-kyu.nl.json,nl,9th-kyu,history[0],grading,Hand-tot-hand gevecht (karate) werd ontwikkeld toen de regering het dragen van wapens in Okinawa verbood,Use grading syllabus files in src/data/graduations and any official grading regulations in local docs.,candidate
C03795,src/data/graduations/9th-kyu.nl.json,nl,9th-kyu,history[1],grading,"Voorheen werd karate in het geheim onderwezen, en de sensei zou zorgvuldig het karakter van de persoon observeren voordat hij hem als student accepteerde",Use grading syllabus files in src/data/graduations and any official grading regulations in local docs.,candidate
C03796,src/data/graduations/shodan.json,base,shodan,title,grading,THE WAY TO SHODAN,Use grading syllabus files in src/data/graduations and any official grading regulations in local docs.,candidate
C03797,src/data/graduations/shodan.json,base,shodan,techniques[0].category,grading,Unsoku Ho,Use grading syllabus files in src/data/graduations and any official grading regulations in local docs.,candidate
C03798,src/data/graduations/shodan.json,base,shodan,techniques[0].techniques[0],grading,Neko ashi dachi shiho sabaki (Four direction step),Use grading syllabus files in src/data/graduations and any official grading regulations in local docs.,candidate
C03799,src/data/graduations/shodan.json,base,shodan,techniques[1].category,grading,Bunkai,Use grading syllabus files in src/data/graduations and any official grading regulations in local docs.,candidate
C03800,src/data/graduations/shodan.json,base,shodan,techniques[1].techniques[0],grading,Shisochin,Use grading syllabus files in src/data/graduations and any official grading regulations in local docs.,candidate
C03801,src/data/graduations/shodan.json,base,shodan,techniques[2].category,grading,Kumite,Use grading syllabus files in src/data/graduations and any official grading regulations in local docs.,candidate
C03802,src/data/graduations/shodan.json,base,shodan,techniques[2].techniques[0],grading,Kakie – shuto uchi nage (Gekisai Dai Ichi),Use grading syllabus files in src/data/graduations and any official grading regulations in local docs.,candidate
C03803,src/data/graduations/shodan.json,base,shodan,techniques[2].techniques[1],grading,"Kakie – gedan mae geri, chudan age hiji ate, uraken uchi (Gekisai Dai Ichi)",Use grading syllabus files in src/data/graduations and any official grading regulations in local docs.,candidate
C03804,src/data/graduations/shodan.json,base,shodan,techniques[2].techniques[2],grading,Kakie – awase zuki (Gekisai Dai Ichi),Use grading syllabus files in src/data/graduations and any official grading regulations in local docs.,candidate
C03805,src/data/graduations/shodan.json,base,shodan,techniques[2].techniques[3],grading,Kakie – toraguchi oshi (Gekisai Dai Ni),Use grading syllabus files in src/data/graduations and any official grading regulations in local docs.,candidate
C03806,src/data/graduations/shodan.json,base,shodan,techniques[2].techniques[4],grading,Kakie – gedan ude garami,Use grading syllabus files in src/data/graduations and any official grading regulations in local docs.,candidate
C03807,src/data/graduations/shodan.json,base,shodan,techniques[2].techniques[5],grading,Kakie – ashi garami,Use grading syllabus files in src/data/graduations and any official grading regulations in local docs.,candidate
C03808,src/data/graduations/shodan.json,base,shodan,techniques[2].techniques[6],grading,"Kakie – hiji tori, ashi garami",Use grading syllabus files in src/data/graduations and any official grading regulations in local docs.,candidate
C03809,src/data/graduations/shodan.json,base,shodan,techniques[2].techniques[7],grading,Jiyu ippon kumite (Free one attack sparring),Use grading syllabus files in src/data/graduations and any official grading regulations in local docs.,candidate
C03810,src/data/graduations/shodan.json,base,shodan,techniques[3].category,grading,Hojo Undo (Supplemental Training),Use grading syllabus files in src/data/graduations and any official grading regulations in local docs.,candidate
C03811,src/data/graduations/shodan.json,base,shodan,techniques[3].techniques[0],grading,Udetate ryoashi ashi geri otoshi,Use grading syllabus files in src/data/graduations and any official grading regulations in local docs.,candidate
C03812,src/data/graduations/shodan.json,base,shodan,techniques[3].techniques[1],grading,Kusshin tobi (Squat jump),Use grading syllabus files in src/data/graduations and any official grading regulations in local docs.,candidate
C03813,src/data/graduations/shodan.json,base,shodan,techniques[3].techniques[2],grading,Nigiri game – shiko dachi,Use grading syllabus files in src/data/graduations and any official grading regulations in local docs.,candidate
C03814,src/data/graduations/shodan.json,base,shodan,techniques[3].techniques[3],grading,Nigiri game – neko ashi dachi,Use grading syllabus files in src/data/graduations and any official grading regulations in local docs.,candidate
C03815,src/data/graduations/shodan.json,base,shodan,knowledge[0].term,grading,Body parts in Japanese,Use grading syllabus files in src/data/graduations and any official grading regulations in local docs.,candidate
C03816,src/data/graduations/shodan.json,base,shodan,knowledge[0].meaning,definition,Know the main Japanese body-part terms used in training and kyusho practice.,Use grading syllabus files in src/data/graduations and any official grading regulations in local docs.,candidate
C03817,src/data/graduations/shodan.json,base,shodan,history[0],grading,"Sensei Chojun Miyagi went to Shanghai, China in 1936 for research and to build friendships with Chinese martial artists",Use grading syllabus files in src/data/graduations and any official grading regulations in local docs.,candidate
C03818,src/data/graduations/shodan.json,base,shodan,history[1],grading,"In 1926, Sensei Chojun Miyagi established the Karate KenKyu Club in Naha with masters from other Okinawa karate styles, Chomo Hanashiro, Choyu Motobu, and Kenwa Mabuni",Use grading syllabus files in src/data/graduations and any official grading regulations in local docs.,candidate
C03819,src/data/graduations/shodan.json,base,shodan,history[2],grading,"The purpose of the Karate KenKyu Club was to ensure the preservation of karate as an intangible cultural treasure in Okinawa for all time, to bring the karate community of the island into one cohesive force, to transmit traditional karate to future generations both in Okinawa and elsewhere, and to elevate karate in the eyes of the Japanese, bringing it to the level already enjoyed by judo and kendo.",Use grading syllabus files in src/data/graduations and any official grading regulations in local docs.,candidate
C03820,src/data/graduations/shodan.nl.json,nl,shodan,title,grading,DE WEG NAAR SHODAN,Use grading syllabus files in src/data/graduations and any official grading regulations in local docs.,candidate
C03821,src/data/graduations/shodan.nl.json,nl,shodan,techniques[0].category,grading,Unsoku Ho,Use grading syllabus files in src/data/graduations and any official grading regulations in local docs.,candidate
C03822,src/data/graduations/shodan.nl.json,nl,shodan,techniques[0].techniques[0],grading,Neko ashi dachi shiho sabaki (Vier richtingen stap),Use grading syllabus files in src/data/graduations and any official grading regulations in local docs.,candidate
C03823,src/data/graduations/shodan.nl.json,nl,shodan,techniques[1].category,grading,Bunkai,Use grading syllabus files in src/data/graduations and any official grading regulations in local docs.,candidate
C03824,src/data/graduations/shodan.nl.json,nl,shodan,techniques[1].techniques[0],grading,Shisochin,Use grading syllabus files in src/data/graduations and any official grading regulations in local docs.,candidate
C03825,src/data/graduations/shodan.nl.json,nl,shodan,techniques[2].category,grading,Kumite,Use grading syllabus files in src/data/graduations and any official grading regulations in local docs.,candidate
C03826,src/data/graduations/shodan.nl.json,nl,shodan,techniques[2].techniques[0],grading,Kakie – shuto uchi nage (Gekisai Dai Ichi),Use grading syllabus files in src/data/graduations and any official grading regulations in local docs.,candidate
C03827,src/data/graduations/shodan.nl.json,nl,shodan,techniques[2].techniques[1],grading,"Kakie – gedan mae geri, chudan age hiji ate, uraken uchi (Gekisai Dai Ichi)",Use grading syllabus files in src/data/graduations and any official grading regulations in local docs.,candidate
C03828,src/data/graduations/shodan.nl.json,nl,shodan,techniques[2].techniques[2],grading,Kakie – awase zuki (Gekisai Dai Ichi),Use grading syllabus files in src/data/graduations and any official grading regulations in local docs.,candidate
C03829,src/data/graduations/shodan.nl.json,nl,shodan,techniques[2].techniques[3],grading,Kakie – toraguchi oshi (Gekisai Dai Ni),Use grading syllabus files in src/data/graduations and any official grading regulations in local docs.,candidate
C03830,src/data/graduations/shodan.nl.json,nl,shodan,techniques[2].techniques[4],grading,Kakie – gedan ude garami,Use grading syllabus files in src/data/graduations and any official grading regulations in local docs.,candidate
C03831,src/data/graduations/shodan.nl.json,nl,shodan,techniques[2].techniques[5],grading,Kakie – ashi garami,Use grading syllabus files in src/data/graduations and any official grading regulations in local docs.,candidate
C03832,src/data/graduations/shodan.nl.json,nl,shodan,techniques[2].techniques[6],grading,"Kakie – hiji tori, ashi garami",Use grading syllabus files in src/data/graduations and any official grading regulations in local docs.,candidate
C03833,src/data/graduations/shodan.nl.json,nl,shodan,techniques[2].techniques[7],grading,Jiyu ippon kumite (Vrije één aanval sparring),Use grading syllabus files in src/data/graduations and any official grading regulations in local docs.,candidate
C03834,src/data/graduations/shodan.nl.json,nl,shodan,techniques[3].category,grading,Hojo Undo (Aanvullende Training),Use grading syllabus files in src/data/graduations and any official grading regulations in local docs.,candidate
C03835,src/data/graduations/shodan.nl.json,nl,shodan,techniques[3].techniques[0],grading,Udetate ryoashi ashi geri otoshi,Use grading syllabus files in src/data/graduations and any official grading regulations in local docs.,candidate
C03836,src/data/graduations/shodan.nl.json,nl,shodan,techniques[3].techniques[1],grading,Kusshin tobi (Hurksprong),Use grading syllabus files in src/data/graduations and any official grading regulations in local docs.,candidate
C03837,src/data/graduations/shodan.nl.json,nl,shodan,techniques[3].techniques[2],grading,Nigiri game – shiko dachi,Use grading syllabus files in src/data/graduations and any official grading regulations in local docs.,candidate
C03838,src/data/graduations/shodan.nl.json,nl,shodan,techniques[3].techniques[3],grading,Nigiri game – neko ashi dachi,Use grading syllabus files in src/data/graduations and any official grading regulations in local docs.,candidate
C03839,src/data/graduations/shodan.nl.json,nl,shodan,knowledge[0].term,grading,Lichaamsdelen in het Japans,Use grading syllabus files in src/data/graduations and any official grading regulations in local docs.,candidate
C03840,src/data/graduations/shodan.nl.json,nl,shodan,knowledge[0].meaning,definition,Ken de belangrijkste Japanse lichaamsdelen die in training en kyusho worden gebruikt.,Use grading syllabus files in src/data/graduations and any official grading regulations in local docs.,candidate
C03841,src/data/graduations/shodan.nl.json,nl,shodan,history[0],grading,"Sensei Chojun Miyagi ging naar Shanghai, China in 1936 voor onderzoek en om vriendschappen op te bouwen met Chinese martial artists",Use grading syllabus files in src/data/graduations and any official grading regulations in local docs.,candidate
C03842,src/data/graduations/shodan.nl.json,nl,shodan,history[1],grading,"In 1926 richtte Sensei Chojun Miyagi de Karate KenKyu Club op in Naha met meesters van andere Okinawaanse karate stijlen, Chomo Hanashiro, Choyu Motobu, en Kenwa Mabuni",Use grading syllabus files in src/data/graduations and any official grading regulations in local docs.,candidate
C03843,src/data/graduations/shodan.nl.json,nl,shodan,history[2],grading,"Het doel van de Karate KenKyu Club was om de bewaring van karate als een immaterieel cultureel erfgoed in Okinawa voor altijd te waarborgen, om de karate gemeenschap van het eiland tot één samenhangende kracht te brengen, om traditionele karate over te dragen aan toekomstige generaties zowel in Okinawa als elders, en om karate te verheffen in de ogen van de Japanners, het naar het niveau te brengen dat judo en kendo al genoten.",Use grading syllabus files in src/data/graduations and any official grading regulations in local docs.,candidate
