claim_id,rank,language,file_path,section,claim_type,current_text,suggested_source,status,notes
G00001,10th-kyu,base,src/data/graduations/10th-kyu.json,title,grading-title,THE WAY TO 10TH KYU,Compare with official grading syllabus title for this rank.,not reviewed,
G00002,10th-kyu,base,src/data/graduations/10th-kyu.json,requirements.classes,grading-requirement,classes: 16,Compare with official grading regulations and syllabus.,not reviewed,
G00003,10th-kyu,base,src/data/graduations/10th-kyu.json,requirements.months,grading-requirement,months: 2,Compare with official grading regulations and syllabus.,not reviewed,
G00004,10th-kyu,base,src/data/graduations/10th-kyu.json,techniques.Kihon Waza (Basic Techniques),grading-technique,Jodan age uke (Upper rising block),Compare with official grading syllabus and terminology glossary.,not reviewed,
G00005,10th-kyu,base,src/data/graduations/10th-kyu.json,techniques.Kihon Waza (Basic Techniques),grading-technique,Chudan (soto) yoko uke (Middle/out/side block),Compare with official grading syllabus and terminology glossary.,not reviewed,
G00006,10th-kyu,base,src/data/graduations/10th-kyu.json,techniques.Kihon Waza (Basic Techniques),grading-technique,Gedan harai uke / gedan barai (Lower sweeping block),Compare with official grading syllabus and terminology glossary.,not reviewed,
G00007,10th-kyu,base,src/data/graduations/10th-kyu.json,techniques.Kihon Waza (Basic Techniques),grading-technique,Seiken zuki (Proper fist punch),Compare with official grading syllabus and terminology glossary.,not reviewed,
G00008,10th-kyu,base,src/data/graduations/10th-kyu.json,techniques.Kihon Waza (Basic Techniques),grading-technique,Mae geri (Front kick),Compare with official grading syllabus and terminology glossary.,not reviewed,
G00009,10th-kyu,base,src/data/graduations/10th-kyu.json,techniques.Kihon Waza (Basic Techniques),grading-technique,Mawashi geri (Roundhouse kick),Compare with official grading syllabus and terminology glossary.,not reviewed,
G00010,10th-kyu,base,src/data/graduations/10th-kyu.json,techniques.Tachi Kata (Stances),grading-technique,Musubi dachi (Ready stance),Compare with official grading syllabus and terminology glossary.,not reviewed,
G00011,10th-kyu,base,src/data/graduations/10th-kyu.json,techniques.Tachi Kata (Stances),grading-technique,Heiko dachi (Parallel stance),Compare with official grading syllabus and terminology glossary.,not reviewed,
G00012,10th-kyu,base,src/data/graduations/10th-kyu.json,techniques.Tachi Kata (Stances),grading-technique,Zenkutsu dachi (Front stance),Compare with official grading syllabus and terminology glossary.,not reviewed,
G00013,10th-kyu,base,src/data/graduations/10th-kyu.json,techniques.Unsoku Ho (Foot Work),grading-technique,Zenkutsu dachi,Compare with official grading syllabus and terminology glossary.,not reviewed,
G00014,10th-kyu,base,src/data/graduations/10th-kyu.json,techniques.Hojo Undo (Supplemental Training),grading-technique,Makiwara (Focus pad),Compare with official grading syllabus and terminology glossary.,not reviewed,
G00015,10th-kyu,base,src/data/graduations/10th-kyu.json,techniques.Hojo Undo (Supplemental Training),grading-technique,O gyaku zuki (Reverse punch),Compare with official grading syllabus and terminology glossary.,not reviewed,
G00016,10th-kyu,base,src/data/graduations/10th-kyu.json,techniques.Hojo Undo (Supplemental Training),grading-technique,O mae geri (Front kick),Compare with official grading syllabus and terminology glossary.,not reviewed,
G00017,10th-kyu,base,src/data/graduations/10th-kyu.json,techniques.Hojo Undo (Supplemental Training),grading-technique,O mawashi geri (Roundhouse kick),Compare with official grading syllabus and terminology glossary.,not reviewed,
G00018,10th-kyu,base,src/data/graduations/10th-kyu.json,knowledge,terminology-knowledge,Onegai shimasu = Please teach/help me,Compare with terminology glossary and Japanese/Okinawan source notes.,not reviewed,
G00019,10th-kyu,base,src/data/graduations/10th-kyu.json,knowledge,terminology-knowledge,Arigato gozaimashita = Thank you for teaching/helping me,Compare with terminology glossary and Japanese/Okinawan source notes.,not reviewed,
G00020,10th-kyu,base,src/data/graduations/10th-kyu.json,knowledge,terminology-knowledge,Sayonara = Good bye,Compare with terminology glossary and Japanese/Okinawan source notes.,not reviewed,
G00021,10th-kyu,base,src/data/graduations/10th-kyu.json,knowledge,terminology-knowledge,Sensei = Teacher/instructor,Compare with terminology glossary and Japanese/Okinawan source notes.,not reviewed,
G00022,10th-kyu,base,src/data/graduations/10th-kyu.json,knowledge,terminology-knowledge,Senpai = Senior students,Compare with terminology glossary and Japanese/Okinawan source notes.,not reviewed,
G00023,10th-kyu,base,src/data/graduations/10th-kyu.json,knowledge,terminology-knowledge,Kohai = Junior students,Compare with terminology glossary and Japanese/Okinawan source notes.,not reviewed,
G00024,10th-kyu,base,src/data/graduations/10th-kyu.json,knowledge,terminology-knowledge,"Hai Sensei = Yes, teacher",Compare with terminology glossary and Japanese/Okinawan source notes.,not reviewed,
G00025,10th-kyu,base,src/data/graduations/10th-kyu.json,knowledge,terminology-knowledge,Karate = Literally means empty hands,Compare with terminology glossary and Japanese/Okinawan source notes.,not reviewed,
G00026,10th-kyu,base,src/data/graduations/10th-kyu.json,knowledge,terminology-knowledge,Dojo = Martial arts school,Compare with terminology glossary and Japanese/Okinawan source notes.,not reviewed,
G00027,10th-kyu,base,src/data/graduations/10th-kyu.json,knowledge,terminology-knowledge,Gi/dogi = Training uniform,Compare with terminology glossary and Japanese/Okinawan source notes.,not reviewed,
G00028,10th-kyu,base,src/data/graduations/10th-kyu.json,knowledge,terminology-knowledge,Obi = Belt,Compare with terminology glossary and Japanese/Okinawan source notes.,not reviewed,
G00029,10th-kyu,base,src/data/graduations/10th-kyu.json,knowledge,terminology-knowledge,"Jodan, chudan, gedan = Upper level, middle level, lower level",Compare with terminology glossary and Japanese/Okinawan source notes.,not reviewed,
G00030,10th-kyu,base,src/data/graduations/10th-kyu.json,history,history,"Karate came from Okinawa, Japan",Compare with history sources and lineage-specific source material.,not reviewed,
G00031,10th-kyu,nl,src/data/graduations/10th-kyu.nl.json,title,grading-title,DE WEG NAAR 10E KYU,Compare with official grading syllabus title for this rank.,not reviewed,
G00032,10th-kyu,nl,src/data/graduations/10th-kyu.nl.json,requirements.classes,grading-requirement,classes: 16,Compare with official grading regulations and syllabus.,not reviewed,
G00033,10th-kyu,nl,src/data/graduations/10th-kyu.nl.json,requirements.months,grading-requirement,months: 2,Compare with official grading regulations and syllabus.,not reviewed,
G00034,10th-kyu,nl,src/data/graduations/10th-kyu.nl.json,techniques.Kihon Waza (Basis Technieken),grading-technique,Jodan age uke (Bovenste opstekende blok),Compare with official grading syllabus and terminology glossary.,not reviewed,
G00035,10th-kyu,nl,src/data/graduations/10th-kyu.nl.json,techniques.Kihon Waza (Basis Technieken),grading-technique,Chudan (soto) yoko uke (Middelste buitenste zijblok),Compare with official grading syllabus and terminology glossary.,not reviewed,
G00036,10th-kyu,nl,src/data/graduations/10th-kyu.nl.json,techniques.Kihon Waza (Basis Technieken),grading-technique,Gedan harai uke / gedan barai (Onderste veegblok),Compare with official grading syllabus and terminology glossary.,not reviewed,
G00037,10th-kyu,nl,src/data/graduations/10th-kyu.nl.json,techniques.Kihon Waza (Basis Technieken),grading-technique,Seiken zuki (Juiste vuiststoot),Compare with official grading syllabus and terminology glossary.,not reviewed,
G00038,10th-kyu,nl,src/data/graduations/10th-kyu.nl.json,techniques.Kihon Waza (Basis Technieken),grading-technique,Mae geri (Voorwaartse trap),Compare with official grading syllabus and terminology glossary.,not reviewed,
G00039,10th-kyu,nl,src/data/graduations/10th-kyu.nl.json,techniques.Kihon Waza (Basis Technieken),grading-technique,Mawashi geri (Ronde trap),Compare with official grading syllabus and terminology glossary.,not reviewed,
G00040,10th-kyu,nl,src/data/graduations/10th-kyu.nl.json,techniques.Tachi Kata (Stances),grading-technique,Musubi dachi (Gereedheidshouding),Compare with official grading syllabus and terminology glossary.,not reviewed,
G00041,10th-kyu,nl,src/data/graduations/10th-kyu.nl.json,techniques.Tachi Kata (Stances),grading-technique,Heiko dachi (Parallelle houding),Compare with official grading syllabus and terminology glossary.,not reviewed,
G00042,10th-kyu,nl,src/data/graduations/10th-kyu.nl.json,techniques.Tachi Kata (Stances),grading-technique,Zenkutsu dachi (Voorwaartse houding),Compare with official grading syllabus and terminology glossary.,not reviewed,
G00043,10th-kyu,nl,src/data/graduations/10th-kyu.nl.json,techniques.Unsoku Ho (Voetwerk),grading-technique,Zenkutsu dachi,Compare with official grading syllabus and terminology glossary.,not reviewed,
G00044,10th-kyu,nl,src/data/graduations/10th-kyu.nl.json,techniques.Hojo Undo (Aanvullende Training),grading-technique,Makiwara (Focus pad),Compare with official grading syllabus and terminology glossary.,not reviewed,
G00045,10th-kyu,nl,src/data/graduations/10th-kyu.nl.json,techniques.Hojo Undo (Aanvullende Training),grading-technique,O gyaku zuki (Omgekeerde stoot),Compare with official grading syllabus and terminology glossary.,not reviewed,
G00046,10th-kyu,nl,src/data/graduations/10th-kyu.nl.json,techniques.Hojo Undo (Aanvullende Training),grading-technique,O mae geri (Voorwaartse trap),Compare with official grading syllabus and terminology glossary.,not reviewed,
G00047,10th-kyu,nl,src/data/graduations/10th-kyu.nl.json,techniques.Hojo Undo (Aanvullende Training),grading-technique,O mawashi geri (Ronde trap),Compare with official grading syllabus and terminology glossary.,not reviewed,
G00048,10th-kyu,nl,src/data/graduations/10th-kyu.nl.json,knowledge,terminology-knowledge,Onegai shimasu = Leer mij alstublieft/help mij,Compare with terminology glossary and Japanese/Okinawan source notes.,not reviewed,
G00049,10th-kyu,nl,src/data/graduations/10th-kyu.nl.json,knowledge,terminology-knowledge,Arigato gozaimashita = Dank u voor het onderwijzen/helpen,Compare with terminology glossary and Japanese/Okinawan source notes.,not reviewed,
G00050,10th-kyu,nl,src/data/graduations/10th-kyu.nl.json,knowledge,terminology-knowledge,Sayonara = Tot ziens,Compare with terminology glossary and Japanese/Okinawan source notes.,not reviewed,
G00051,10th-kyu,nl,src/data/graduations/10th-kyu.nl.json,knowledge,terminology-knowledge,Sensei = Leraar/instructeur,Compare with terminology glossary and Japanese/Okinawan source notes.,not reviewed,
G00052,10th-kyu,nl,src/data/graduations/10th-kyu.nl.json,knowledge,terminology-knowledge,Senpai = Senior studenten,Compare with terminology glossary and Japanese/Okinawan source notes.,not reviewed,
G00053,10th-kyu,nl,src/data/graduations/10th-kyu.nl.json,knowledge,terminology-knowledge,Kohai = Junior studenten,Compare with terminology glossary and Japanese/Okinawan source notes.,not reviewed,
G00054,10th-kyu,nl,src/data/graduations/10th-kyu.nl.json,knowledge,terminology-knowledge,"Hai Sensei = Ja, leraar",Compare with terminology glossary and Japanese/Okinawan source notes.,not reviewed,
G00055,10th-kyu,nl,src/data/graduations/10th-kyu.nl.json,knowledge,terminology-knowledge,Karate = Betekent letterlijk lege handen,Compare with terminology glossary and Japanese/Okinawan source notes.,not reviewed,
G00056,10th-kyu,nl,src/data/graduations/10th-kyu.nl.json,knowledge,terminology-knowledge,Dojo = Martial arts school,Compare with terminology glossary and Japanese/Okinawan source notes.,not reviewed,
G00057,10th-kyu,nl,src/data/graduations/10th-kyu.nl.json,knowledge,terminology-knowledge,Gi/dogi = Trainingsuniform,Compare with terminology glossary and Japanese/Okinawan source notes.,not reviewed,
G00058,10th-kyu,nl,src/data/graduations/10th-kyu.nl.json,knowledge,terminology-knowledge,Obi = Band,Compare with terminology glossary and Japanese/Okinawan source notes.,not reviewed,
G00059,10th-kyu,nl,src/data/graduations/10th-kyu.nl.json,knowledge,terminology-knowledge,"Jodan, chudan, gedan = Bovenste niveau, middelste niveau, onderste niveau",Compare with terminology glossary and Japanese/Okinawan source notes.,not reviewed,
G00060,10th-kyu,nl,src/data/graduations/10th-kyu.nl.json,history,history,"Karate kwam uit Okinawa, Japan",Compare with history sources and lineage-specific source material.,not reviewed,
G00061,1st-kyu,base,src/data/graduations/1st-kyu.json,title,grading-title,THE WAY TO 1ST KYU,Compare with official grading syllabus title for this rank.,not reviewed,
G00062,1st-kyu,base,src/data/graduations/1st-kyu.json,requirements.classes,grading-requirement,classes: 50,Compare with official grading regulations and syllabus.,not reviewed,
G00063,1st-kyu,base,src/data/graduations/1st-kyu.json,requirements.months,grading-requirement,months: 4,Compare with official grading regulations and syllabus.,not reviewed,
G00064,1st-kyu,base,src/data/graduations/1st-kyu.json,techniques.Kihon,grading-technique,Jodan haishu/haiwan age uke (Upper level back hand rising block),Compare with official grading syllabus and terminology glossary.,not reviewed,
G00065,1st-kyu,base,src/data/graduations/1st-kyu.json,techniques.Kihon,grading-technique,Chudan haishu/haiwan otoshi uke (Middle level back hand dropping block),Compare with official grading syllabus and terminology glossary.,not reviewed,
G00066,1st-kyu,base,src/data/graduations/1st-kyu.json,techniques.Ido,grading-technique,Neko ashi dachi chudan haishu otoshi uke,Compare with official grading syllabus and terminology glossary.,not reviewed,
G00067,1st-kyu,base,src/data/graduations/1st-kyu.json,techniques.Ido,grading-technique,"Neko ashi dachi chudan hiki uke, mae ashi kin geri, zenkutsu dachi chudan gyaku zuki, neko ashi dachi chudan hiki uke",Compare with official grading syllabus and terminology glossary.,not reviewed,
G00068,1st-kyu,base,src/data/graduations/1st-kyu.json,techniques.Ido,grading-technique,"Neko ashi dachi chudan chudan, haishu otoshi uke, mae ashi kin geri, zenkutsu dachi chudan gyaku zuki, neko ashi dachi chudan haishu otoshi uke",Compare with official grading syllabus and terminology glossary.,not reviewed,
G00069,1st-kyu,base,src/data/graduations/1st-kyu.json,techniques.Kata,grading-technique,Shisochin (Good kata),Compare with official grading syllabus and terminology glossary.,not reviewed,
G00070,1st-kyu,base,src/data/graduations/1st-kyu.json,techniques.Kumite,grading-technique,"Basic block with partner – jodan haishu age uke, chudan haishu otoshi uke",Compare with official grading syllabus and terminology glossary.,not reviewed,
G00071,1st-kyu,base,src/data/graduations/1st-kyu.json,techniques.Kumite,grading-technique,Sandan gi – neko ashi dachi open hand block,Compare with official grading syllabus and terminology glossary.,not reviewed,
G00072,1st-kyu,base,src/data/graduations/1st-kyu.json,techniques.Kumite,grading-technique,Niohn kumite (Two attacks sparring),Compare with official grading syllabus and terminology glossary.,not reviewed,
G00073,1st-kyu,base,src/data/graduations/1st-kyu.json,techniques.Hojo Undo (Supplemental Training),grading-technique,Kongo ken – chest & shoulder push,Compare with official grading syllabus and terminology glossary.,not reviewed,
G00074,1st-kyu,base,src/data/graduations/1st-kyu.json,techniques.Hojo Undo (Supplemental Training),grading-technique,Kongo ken – catch & push (Two men),Compare with official grading syllabus and terminology glossary.,not reviewed,
G00075,1st-kyu,base,src/data/graduations/1st-kyu.json,techniques.Hojo Undo (Supplemental Training),grading-technique,"Ishi sashi – Shisochin, nukite zuki",Compare with official grading syllabus and terminology glossary.,not reviewed,
G00076,1st-kyu,base,src/data/graduations/1st-kyu.json,techniques.Hojo Undo (Supplemental Training),grading-technique,Ishi sashi – Shisochin shotei zuki,Compare with official grading syllabus and terminology glossary.,not reviewed,
G00077,1st-kyu,base,src/data/graduations/1st-kyu.json,techniques.Hojo Undo (Supplemental Training),grading-technique,Ishi sashi – shiko dachi open and close,Compare with official grading syllabus and terminology glossary.,not reviewed,
G00078,1st-kyu,base,src/data/graduations/1st-kyu.json,techniques.Hojo Undo (Supplemental Training),grading-technique,Ishi sashi – bent over open & close,Compare with official grading syllabus and terminology glossary.,not reviewed,
G00079,1st-kyu,base,src/data/graduations/1st-kyu.json,knowledge,terminology-knowledge,Uchi deshi = Live-in Student,Compare with terminology glossary and Japanese/Okinawan source notes.,not reviewed,
G00080,1st-kyu,base,src/data/graduations/1st-kyu.json,knowledge,terminology-knowledge,Unsoku ho = Footwork,Compare with terminology glossary and Japanese/Okinawan source notes.,not reviewed,
G00081,1st-kyu,base,src/data/graduations/1st-kyu.json,knowledge,terminology-knowledge,Josokutei = Ball of the foot,Compare with terminology glossary and Japanese/Okinawan source notes.,not reviewed,
G00082,1st-kyu,base,src/data/graduations/1st-kyu.json,knowledge,terminology-knowledge,Kakato = Heel.,Compare with terminology glossary and Japanese/Okinawan source notes.,not reviewed,
G00083,1st-kyu,base,src/data/graduations/1st-kyu.json,knowledge,terminology-knowledge,Sokuto = Sole / Edge of the foot,Compare with terminology glossary and Japanese/Okinawan source notes.,not reviewed,
G00084,1st-kyu,base,src/data/graduations/1st-kyu.json,knowledge,terminology-knowledge,Haisoku = Instep.,Compare with terminology glossary and Japanese/Okinawan source notes.,not reviewed,
G00085,1st-kyu,base,src/data/graduations/1st-kyu.json,knowledge,terminology-knowledge,Tsumasaki = Toe tips,Compare with terminology glossary and Japanese/Okinawan source notes.,not reviewed,
G00086,1st-kyu,base,src/data/graduations/1st-kyu.json,knowledge,terminology-knowledge,Kasokutei = Inner edge of foot,Compare with terminology glossary and Japanese/Okinawan source notes.,not reviewed,
G00087,1st-kyu,base,src/data/graduations/1st-kyu.json,history,history,"Sensei Chojun Miyagi's childhood name was ""Machu""",Compare with history sources and lineage-specific source material.,not reviewed,
G00088,1st-kyu,base,src/data/graduations/1st-kyu.json,history,history,Sensei Chojun Miyagi introduced the kongoken after observing professional wrestlers training with it in Hawaii,Compare with history sources and lineage-specific source material.,not reviewed,
G00089,1st-kyu,base,src/data/graduations/1st-kyu.json,history,history,"In 1915, Sensei Chojun Miyagi traveled to China first time for his research of martial arts",Compare with history sources and lineage-specific source material.,not reviewed,
G00090,1st-kyu,base,src/data/graduations/1st-kyu.json,history,history,"In 1934, Sensei Chojun Miyagi traveled to Hawaii to promote karate",Compare with history sources and lineage-specific source material.,not reviewed,
G00091,1st-kyu,nl,src/data/graduations/1st-kyu.nl.json,title,grading-title,DE WEG NAAR 1E KYU,Compare with official grading syllabus title for this rank.,not reviewed,
G00092,1st-kyu,nl,src/data/graduations/1st-kyu.nl.json,requirements.classes,grading-requirement,classes: 50,Compare with official grading regulations and syllabus.,not reviewed,
G00093,1st-kyu,nl,src/data/graduations/1st-kyu.nl.json,requirements.months,grading-requirement,months: 4,Compare with official grading regulations and syllabus.,not reviewed,
G00094,1st-kyu,nl,src/data/graduations/1st-kyu.nl.json,techniques.Kihon,grading-technique,Jodan haishu/haiwan age uke (Bovenste niveau achterhand opstekend blok),Compare with official grading syllabus and terminology glossary.,not reviewed,
G00095,1st-kyu,nl,src/data/graduations/1st-kyu.nl.json,techniques.Kihon,grading-technique,Chudan haishu/haiwan otoshi uke (Middelste niveau achterhand vallend blok),Compare with official grading syllabus and terminology glossary.,not reviewed,
G00096,1st-kyu,nl,src/data/graduations/1st-kyu.nl.json,techniques.Ido,grading-technique,Neko ashi dachi chudan haishu otoshi uke,Compare with official grading syllabus and terminology glossary.,not reviewed,
G00097,1st-kyu,nl,src/data/graduations/1st-kyu.nl.json,techniques.Ido,grading-technique,"Neko ashi dachi chudan hiki uke, mae ashi kin geri, zenkutsu dachi chudan gyaku zuki, neko ashi dachi chudan hiki uke",Compare with official grading syllabus and terminology glossary.,not reviewed,
G00098,1st-kyu,nl,src/data/graduations/1st-kyu.nl.json,techniques.Ido,grading-technique,"Neko ashi dachi chudan chudan, haishu otoshi uke, mae ashi kin geri, zenkutsu dachi chudan gyaku zuki, neko ashi dachi chudan haishu otoshi uke",Compare with official grading syllabus and terminology glossary.,not reviewed,
G00099,1st-kyu,nl,src/data/graduations/1st-kyu.nl.json,techniques.Kata,grading-technique,Shisochin (Goede kata),Compare with official grading syllabus and terminology glossary.,not reviewed,
G00100,1st-kyu,nl,src/data/graduations/1st-kyu.nl.json,techniques.Kumite,grading-technique,"Basis blok met partner – jodan haishu age uke, chudan haishu otoshi uke",Compare with official grading syllabus and terminology glossary.,not reviewed,
G00101,1st-kyu,nl,src/data/graduations/1st-kyu.nl.json,techniques.Kumite,grading-technique,Sandan gi – neko ashi dachi open hand blok,Compare with official grading syllabus and terminology glossary.,not reviewed,
G00102,1st-kyu,nl,src/data/graduations/1st-kyu.nl.json,techniques.Kumite,grading-technique,Niohn kumite (Twee aanvallen sparring),Compare with official grading syllabus and terminology glossary.,not reviewed,
G00103,1st-kyu,nl,src/data/graduations/1st-kyu.nl.json,techniques.Hojo Undo (Aanvullende Training),grading-technique,Kongo ken – borst & schouder duw,Compare with official grading syllabus and terminology glossary.,not reviewed,
G00104,1st-kyu,nl,src/data/graduations/1st-kyu.nl.json,techniques.Hojo Undo (Aanvullende Training),grading-technique,Kongo ken – vang & duw (Twee mannen),Compare with official grading syllabus and terminology glossary.,not reviewed,
G00105,1st-kyu,nl,src/data/graduations/1st-kyu.nl.json,techniques.Hojo Undo (Aanvullende Training),grading-technique,"Ishi sashi – Shisochin, nukite zuki",Compare with official grading syllabus and terminology glossary.,not reviewed,
G00106,1st-kyu,nl,src/data/graduations/1st-kyu.nl.json,techniques.Hojo Undo (Aanvullende Training),grading-technique,Ishi sashi – Shisochin shotei zuki,Compare with official grading syllabus and terminology glossary.,not reviewed,
G00107,1st-kyu,nl,src/data/graduations/1st-kyu.nl.json,techniques.Hojo Undo (Aanvullende Training),grading-technique,Ishi sashi – shiko dachi open en sluit,Compare with official grading syllabus and terminology glossary.,not reviewed,
G00108,1st-kyu,nl,src/data/graduations/1st-kyu.nl.json,techniques.Hojo Undo (Aanvullende Training),grading-technique,Ishi sashi – voorover gebogen open & sluit,Compare with official grading syllabus and terminology glossary.,not reviewed,
G00109,1st-kyu,nl,src/data/graduations/1st-kyu.nl.json,knowledge,terminology-knowledge,Uchi deshi = Inwonende Student,Compare with terminology glossary and Japanese/Okinawan source notes.,not reviewed,
G00110,1st-kyu,nl,src/data/graduations/1st-kyu.nl.json,knowledge,terminology-knowledge,Unsoku ho = Voetenwerk.,Compare with terminology glossary and Japanese/Okinawan source notes.,not reviewed,
G00111,1st-kyu,nl,src/data/graduations/1st-kyu.nl.json,knowledge,terminology-knowledge,Josokutei = Bal van de voet.,Compare with terminology glossary and Japanese/Okinawan source notes.,not reviewed,
G00112,1st-kyu,nl,src/data/graduations/1st-kyu.nl.json,knowledge,terminology-knowledge,Kakato = Hiel.,Compare with terminology glossary and Japanese/Okinawan source notes.,not reviewed,
G00113,1st-kyu,nl,src/data/graduations/1st-kyu.nl.json,knowledge,terminology-knowledge,Sokuto = Zijkant voet (meskant).,Compare with terminology glossary and Japanese/Okinawan source notes.,not reviewed,
G00114,1st-kyu,nl,src/data/graduations/1st-kyu.nl.json,knowledge,terminology-knowledge,Haisoku = Wreef.,Compare with terminology glossary and Japanese/Okinawan source notes.,not reviewed,
G00115,1st-kyu,nl,src/data/graduations/1st-kyu.nl.json,knowledge,terminology-knowledge,Tsumasaki = Tenen,Compare with terminology glossary and Japanese/Okinawan source notes.,not reviewed,
G00116,1st-kyu,nl,src/data/graduations/1st-kyu.nl.json,knowledge,terminology-knowledge,Kasokutei = Binnenzijde van de voet,Compare with terminology glossary and Japanese/Okinawan source notes.,not reviewed,
G00117,1st-kyu,nl,src/data/graduations/1st-kyu.nl.json,history,history,"Sensei Chojun Miyagi's kindernaam was ""Machu""",Compare with history sources and lineage-specific source material.,not reviewed,
G00118,1st-kyu,nl,src/data/graduations/1st-kyu.nl.json,history,history,Sensei Chojun Miyagi introduceerde de kongoken na het observeren van professionele worstelaars die ermee trainden in Hawaii,Compare with history sources and lineage-specific source material.,not reviewed,
G00119,1st-kyu,nl,src/data/graduations/1st-kyu.nl.json,history,history,In 1915 reisde Sensei Chojun Miyagi voor het eerst naar China voor zijn onderzoek naar martial arts,Compare with history sources and lineage-specific source material.,not reviewed,
G00120,1st-kyu,nl,src/data/graduations/1st-kyu.nl.json,history,history,In 1934 reisde Sensei Chojun Miyagi naar Hawaii om karate te promoten,Compare with history sources and lineage-specific source material.,not reviewed,
G00121,2nd-kyu,base,src/data/graduations/2nd-kyu.json,title,grading-title,THE WAY TO 2ND KYU,Compare with official grading syllabus title for this rank.,not reviewed,
G00122,2nd-kyu,base,src/data/graduations/2nd-kyu.json,requirements.classes,grading-requirement,classes: 45,Compare with official grading regulations and syllabus.,not reviewed,
G00123,2nd-kyu,base,src/data/graduations/2nd-kyu.json,requirements.months,grading-requirement,months: 4,Compare with official grading regulations and syllabus.,not reviewed,
G00124,2nd-kyu,base,src/data/graduations/2nd-kyu.json,techniques.Kihon,grading-technique,Kagi zuki (Hook punch),Compare with official grading syllabus and terminology glossary.,not reviewed,
G00125,2nd-kyu,base,src/data/graduations/2nd-kyu.json,techniques.Kihon,grading-technique,Kansetsu geri (Joint kick),Compare with official grading syllabus and terminology glossary.,not reviewed,
G00126,2nd-kyu,base,src/data/graduations/2nd-kyu.json,techniques.Kihon,grading-technique,Jodan ko uke (Upper level wrist block),Compare with official grading syllabus and terminology glossary.,not reviewed,
G00127,2nd-kyu,base,src/data/graduations/2nd-kyu.json,techniques.Ido,grading-technique,"Jodan oi zuki, jodan furi zuki",Compare with official grading syllabus and terminology glossary.,not reviewed,
G00128,2nd-kyu,base,src/data/graduations/2nd-kyu.json,techniques.Ido,grading-technique,"Jodan oi zuki, chudan gyaku zuki, jodan kaki zuki",Compare with official grading syllabus and terminology glossary.,not reviewed,
G00129,2nd-kyu,base,src/data/graduations/2nd-kyu.json,techniques.Ido,grading-technique,"Neko ashi dachi, kaishu sandan uke",Compare with official grading syllabus and terminology glossary.,not reviewed,
G00130,2nd-kyu,base,src/data/graduations/2nd-kyu.json,techniques.Kumite,grading-technique,Basic blocks with partner – jodan ko uke,Compare with official grading syllabus and terminology glossary.,not reviewed,
G00131,2nd-kyu,base,src/data/graduations/2nd-kyu.json,techniques.Kumite,grading-technique,Sandan gi – open hand blocks,Compare with official grading syllabus and terminology glossary.,not reviewed,
G00132,2nd-kyu,base,src/data/graduations/2nd-kyu.json,techniques.Kumite,grading-technique,Kakie – hiji tori (Shisochin),Compare with official grading syllabus and terminology glossary.,not reviewed,
G00133,2nd-kyu,base,src/data/graduations/2nd-kyu.json,techniques.Kumite,grading-technique,Kakie – jodan ude garami,Compare with official grading syllabus and terminology glossary.,not reviewed,
G00134,2nd-kyu,base,src/data/graduations/2nd-kyu.json,techniques.Kumite,grading-technique,Ippon kumite,Compare with official grading syllabus and terminology glossary.,not reviewed,
G00135,2nd-kyu,base,src/data/graduations/2nd-kyu.json,techniques.Kumite,grading-technique,"Chudan hiki uke, kansetsu geri",Compare with official grading syllabus and terminology glossary.,not reviewed,
G00136,2nd-kyu,base,src/data/graduations/2nd-kyu.json,techniques.Kumite,grading-technique,"Chudan yoko uke, jodan kagi zuki",Compare with official grading syllabus and terminology glossary.,not reviewed,
G00137,2nd-kyu,base,src/data/graduations/2nd-kyu.json,techniques.Kata,grading-technique,Shisochin (Sequence),Compare with official grading syllabus and terminology glossary.,not reviewed,
G00138,2nd-kyu,base,src/data/graduations/2nd-kyu.json,techniques.Kata,grading-technique,Sanchin (Good kata),Compare with official grading syllabus and terminology glossary.,not reviewed,
G00139,2nd-kyu,base,src/data/graduations/2nd-kyu.json,techniques.Bunkai,grading-technique,Seiyunchin (Last 6 bunkai),Compare with official grading syllabus and terminology glossary.,not reviewed,
G00140,2nd-kyu,base,src/data/graduations/2nd-kyu.json,techniques.Hojo Undo (Supplemental Training),grading-technique,"Makiwara – furi zuki, kagi zuki",Compare with official grading syllabus and terminology glossary.,not reviewed,
G00141,2nd-kyu,base,src/data/graduations/2nd-kyu.json,techniques.Hojo Undo (Supplemental Training),grading-technique,Kongo ken – twist,Compare with official grading syllabus and terminology glossary.,not reviewed,
G00142,2nd-kyu,base,src/data/graduations/2nd-kyu.json,techniques.Hojo Undo (Supplemental Training),grading-technique,Kongo ken – lift up,Compare with official grading syllabus and terminology glossary.,not reviewed,
G00143,2nd-kyu,base,src/data/graduations/2nd-kyu.json,techniques.Hojo Undo (Supplemental Training),grading-technique,Kongo ken – shiko dachi squat,Compare with official grading syllabus and terminology glossary.,not reviewed,
G00144,2nd-kyu,base,src/data/graduations/2nd-kyu.json,knowledge,terminology-knowledge,Kaishu gata,Compare with terminology glossary and Japanese/Okinawan source notes.,not reviewed,Meaning is empty; verify whether this is intentional.
G00145,2nd-kyu,base,src/data/graduations/2nd-kyu.json,knowledge,terminology-knowledge,Heishu gata,Compare with terminology glossary and Japanese/Okinawan source notes.,not reviewed,Meaning is empty; verify whether this is intentional.
G00146,2nd-kyu,base,src/data/graduations/2nd-kyu.json,knowledge,terminology-knowledge,"Sho dan, ni dan, san dan, yon dan, go dan, rok udan, shichi dan, hachi dan, kyu dan, ju dan",Compare with terminology glossary and Japanese/Okinawan source notes.,not reviewed,Meaning is empty; verify whether this is intentional.
G00147,2nd-kyu,base,src/data/graduations/2nd-kyu.json,knowledge,terminology-knowledge,Ritsu rei,Compare with terminology glossary and Japanese/Okinawan source notes.,not reviewed,Meaning is empty; verify whether this is intentional.
G00148,2nd-kyu,base,src/data/graduations/2nd-kyu.json,knowledge,terminology-knowledge,Za rei,Compare with terminology glossary and Japanese/Okinawan source notes.,not reviewed,Meaning is empty; verify whether this is intentional.
G00149,2nd-kyu,base,src/data/graduations/2nd-kyu.json,knowledge,terminology-knowledge,Hoshin,Compare with terminology glossary and Japanese/Okinawan source notes.,not reviewed,Meaning is empty; verify whether this is intentional.
G00150,2nd-kyu,base,src/data/graduations/2nd-kyu.json,history,history,"Sensei Kanryo Higaonna's nickname was ""ashi (legs) no Higaonna"" because of his superb kicking techniques",Compare with history sources and lineage-specific source material.,not reviewed,
G00151,2nd-kyu,base,src/data/graduations/2nd-kyu.json,history,history,Both Sensei Kanryo Higaonna and Chojun Miyagi taught karate at Naha Shogyo Koko (Naha Commercial High School),Compare with history sources and lineage-specific source material.,not reviewed,
G00152,2nd-kyu,base,src/data/graduations/2nd-kyu.json,history,history,Sensei Chojun Miyagi created Tensho kata in 1926 from the Chinese form called Rokkishu,Compare with history sources and lineage-specific source material.,not reviewed,
G00153,2nd-kyu,base,src/data/graduations/2nd-kyu.json,history,history,Sensei Kanryo Higaonna is the among the first to teach karate publicly,Compare with history sources and lineage-specific source material.,not reviewed,
G00154,2nd-kyu,nl,src/data/graduations/2nd-kyu.nl.json,title,grading-title,DE WEG NAAR 2E KYU,Compare with official grading syllabus title for this rank.,not reviewed,
G00155,2nd-kyu,nl,src/data/graduations/2nd-kyu.nl.json,requirements.classes,grading-requirement,classes: 45,Compare with official grading regulations and syllabus.,not reviewed,
G00156,2nd-kyu,nl,src/data/graduations/2nd-kyu.nl.json,requirements.months,grading-requirement,months: 4,Compare with official grading regulations and syllabus.,not reviewed,
G00157,2nd-kyu,nl,src/data/graduations/2nd-kyu.nl.json,techniques.Kihon,grading-technique,Kagi zuki (Haak stoot),Compare with official grading syllabus and terminology glossary.,not reviewed,
G00158,2nd-kyu,nl,src/data/graduations/2nd-kyu.nl.json,techniques.Kihon,grading-technique,Kansetsu geri (Gewricht trap),Compare with official grading syllabus and terminology glossary.,not reviewed,
G00159,2nd-kyu,nl,src/data/graduations/2nd-kyu.nl.json,techniques.Kihon,grading-technique,Jodan ko uke (Bovenste niveau pols blok),Compare with official grading syllabus and terminology glossary.,not reviewed,
G00160,2nd-kyu,nl,src/data/graduations/2nd-kyu.nl.json,techniques.Ido,grading-technique,"Jodan oi zuki, jodan furi zuki",Compare with official grading syllabus and terminology glossary.,not reviewed,
G00161,2nd-kyu,nl,src/data/graduations/2nd-kyu.nl.json,techniques.Ido,grading-technique,"Jodan oi zuki, chudan gyaku zuki, jodan kaki zuki",Compare with official grading syllabus and terminology glossary.,not reviewed,
G00162,2nd-kyu,nl,src/data/graduations/2nd-kyu.nl.json,techniques.Ido,grading-technique,"Neko ashi dachi, kaishu sandan uke",Compare with official grading syllabus and terminology glossary.,not reviewed,
G00163,2nd-kyu,nl,src/data/graduations/2nd-kyu.nl.json,techniques.Kumite,grading-technique,Basis blokken met partner – jodan ko uke,Compare with official grading syllabus and terminology glossary.,not reviewed,
G00164,2nd-kyu,nl,src/data/graduations/2nd-kyu.nl.json,techniques.Kumite,grading-technique,Sandan gi – open hand blokken,Compare with official grading syllabus and terminology glossary.,not reviewed,
G00165,2nd-kyu,nl,src/data/graduations/2nd-kyu.nl.json,techniques.Kumite,grading-technique,Kakie – hiji tori (Shisochin),Compare with official grading syllabus and terminology glossary.,not reviewed,
G00166,2nd-kyu,nl,src/data/graduations/2nd-kyu.nl.json,techniques.Kumite,grading-technique,Kakie – jodan ude garami,Compare with official grading syllabus and terminology glossary.,not reviewed,
G00167,2nd-kyu,nl,src/data/graduations/2nd-kyu.nl.json,techniques.Kumite,grading-technique,Ippon kumite,Compare with official grading syllabus and terminology glossary.,not reviewed,
G00168,2nd-kyu,nl,src/data/graduations/2nd-kyu.nl.json,techniques.Kumite,grading-technique,"Chudan hiki uke, kansetsu geri",Compare with official grading syllabus and terminology glossary.,not reviewed,
G00169,2nd-kyu,nl,src/data/graduations/2nd-kyu.nl.json,techniques.Kumite,grading-technique,"Chudan yoko uke, jodan kagi zuki",Compare with official grading syllabus and terminology glossary.,not reviewed,
G00170,2nd-kyu,nl,src/data/graduations/2nd-kyu.nl.json,techniques.Kata,grading-technique,Shisochin (Reeks),Compare with official grading syllabus and terminology glossary.,not reviewed,
G00171,2nd-kyu,nl,src/data/graduations/2nd-kyu.nl.json,techniques.Kata,grading-technique,Sanchin (Goede kata),Compare with official grading syllabus and terminology glossary.,not reviewed,
G00172,2nd-kyu,nl,src/data/graduations/2nd-kyu.nl.json,techniques.Bunkai,grading-technique,Seiyunchin (Laatste 6 bunkai),Compare with official grading syllabus and terminology glossary.,not reviewed,
G00173,2nd-kyu,nl,src/data/graduations/2nd-kyu.nl.json,techniques.Hojo Undo (Aanvullende Training),grading-technique,"Makiwara – furi zuki, kagi zuki",Compare with official grading syllabus and terminology glossary.,not reviewed,
G00174,2nd-kyu,nl,src/data/graduations/2nd-kyu.nl.json,techniques.Hojo Undo (Aanvullende Training),grading-technique,Kongo ken – draai,Compare with official grading syllabus and terminology glossary.,not reviewed,
G00175,2nd-kyu,nl,src/data/graduations/2nd-kyu.nl.json,techniques.Hojo Undo (Aanvullende Training),grading-technique,Kongo ken – til op,Compare with official grading syllabus and terminology glossary.,not reviewed,
G00176,2nd-kyu,nl,src/data/graduations/2nd-kyu.nl.json,techniques.Hojo Undo (Aanvullende Training),grading-technique,Kongo ken – shiko dachi squat,Compare with official grading syllabus and terminology glossary.,not reviewed,
G00177,2nd-kyu,nl,src/data/graduations/2nd-kyu.nl.json,knowledge,terminology-knowledge,Kaishu gata,Compare with terminology glossary and Japanese/Okinawan source notes.,not reviewed,Meaning is empty; verify whether this is intentional.
G00178,2nd-kyu,nl,src/data/graduations/2nd-kyu.nl.json,knowledge,terminology-knowledge,Heishu gata,Compare with terminology glossary and Japanese/Okinawan source notes.,not reviewed,Meaning is empty; verify whether this is intentional.
G00179,2nd-kyu,nl,src/data/graduations/2nd-kyu.nl.json,knowledge,terminology-knowledge,"Sho dan, ni dan, san dan, yon dan, go dan, rok udan, shichi dan, hachi dan, kyu dan, ju dan",Compare with terminology glossary and Japanese/Okinawan source notes.,not reviewed,Meaning is empty; verify whether this is intentional.
G00180,2nd-kyu,nl,src/data/graduations/2nd-kyu.nl.json,knowledge,terminology-knowledge,Ritsu rei,Compare with terminology glossary and Japanese/Okinawan source notes.,not reviewed,Meaning is empty; verify whether this is intentional.
G00181,2nd-kyu,nl,src/data/graduations/2nd-kyu.nl.json,knowledge,terminology-knowledge,Za rei,Compare with terminology glossary and Japanese/Okinawan source notes.,not reviewed,Meaning is empty; verify whether this is intentional.
G00182,2nd-kyu,nl,src/data/graduations/2nd-kyu.nl.json,knowledge,terminology-knowledge,Hoshin,Compare with terminology glossary and Japanese/Okinawan source notes.,not reviewed,Meaning is empty; verify whether this is intentional.
G00183,2nd-kyu,nl,src/data/graduations/2nd-kyu.nl.json,history,history,"Sensei Kanryo Higaonna's bijnaam was ""ashi (benen) no Higaonna"" vanwege zijn superbe traptechnieken",Compare with history sources and lineage-specific source material.,not reviewed,
G00184,2nd-kyu,nl,src/data/graduations/2nd-kyu.nl.json,history,history,Zowel Sensei Kanryo Higaonna als Chojun Miyagi onderwezen karate op Naha Shogyo Koko (Naha Commercial High School),Compare with history sources and lineage-specific source material.,not reviewed,
G00185,2nd-kyu,nl,src/data/graduations/2nd-kyu.nl.json,history,history,Sensei Chojun Miyagi creëerde Tensho kata in 1926 van de Chinese vorm genaamd Rokkishu,Compare with history sources and lineage-specific source material.,not reviewed,
G00186,2nd-kyu,nl,src/data/graduations/2nd-kyu.nl.json,history,history,Sensei Kanryo Higaonna is een van de eersten die karate publiekelijk onderwees,Compare with history sources and lineage-specific source material.,not reviewed,
G00187,3rd-kyu,base,src/data/graduations/3rd-kyu.json,title,grading-title,THE WAY TO 3RD KYU,Compare with official grading syllabus title for this rank.,not reviewed,
G00188,3rd-kyu,base,src/data/graduations/3rd-kyu.json,requirements.classes,grading-requirement,classes: 45,Compare with official grading regulations and syllabus.,not reviewed,
G00189,3rd-kyu,base,src/data/graduations/3rd-kyu.json,requirements.months,grading-requirement,months: 4,Compare with official grading regulations and syllabus.,not reviewed,
G00190,3rd-kyu,base,src/data/graduations/3rd-kyu.json,techniques.Kihon Waza (Basic Techniques),grading-technique,"Nukite zuki (Knife hand punch) jodan, chudan, gedan",Compare with official grading syllabus and terminology glossary.,not reviewed,
G00191,3rd-kyu,base,src/data/graduations/3rd-kyu.json,techniques.Kihon Waza (Basic Techniques),grading-technique,Furi zuki (Swing punch),Compare with official grading syllabus and terminology glossary.,not reviewed,
G00192,3rd-kyu,base,src/data/graduations/3rd-kyu.json,techniques.Kihon Waza (Basic Techniques),grading-technique,Kaiten ushiro geri (Spinning back kick),Compare with official grading syllabus and terminology glossary.,not reviewed,
G00193,3rd-kyu,base,src/data/graduations/3rd-kyu.json,techniques.Tachi Kata (Stances),grading-technique,Heisoku dachi (Feet together stance),Compare with official grading syllabus and terminology glossary.,not reviewed,
G00194,3rd-kyu,base,src/data/graduations/3rd-kyu.json,techniques.Unsoku Ho (Foot Work),grading-technique,Bensoku dachi,Compare with official grading syllabus and terminology glossary.,not reviewed,
G00195,3rd-kyu,base,src/data/graduations/3rd-kyu.json,techniques.Unsoku Ho (Foot Work),grading-technique,Renoji dachi,Compare with official grading syllabus and terminology glossary.,not reviewed,
G00196,3rd-kyu,base,src/data/graduations/3rd-kyu.json,techniques.Ido,grading-technique,"Mae geri, mawashi geri, kaiten ushiro geri",Compare with official grading syllabus and terminology glossary.,not reviewed,
G00197,3rd-kyu,base,src/data/graduations/3rd-kyu.json,techniques.Ido,grading-technique,"Mae geri, mawashi geri, yoko geri, kaiten ushiro geri",Compare with official grading syllabus and terminology glossary.,not reviewed,
G00198,3rd-kyu,base,src/data/graduations/3rd-kyu.json,techniques.Kata,grading-technique,Seiyunchin (Good kata),Compare with official grading syllabus and terminology glossary.,not reviewed,
G00199,3rd-kyu,base,src/data/graduations/3rd-kyu.json,techniques.Kata,grading-technique,Sanchin (Good form & breathing),Compare with official grading syllabus and terminology glossary.,not reviewed,
G00200,3rd-kyu,base,src/data/graduations/3rd-kyu.json,techniques.Bunkai,grading-technique,Seiyunchin (First 6 bunkai),Compare with official grading syllabus and terminology glossary.,not reviewed,
G00201,3rd-kyu,base,src/data/graduations/3rd-kyu.json,techniques.Kumite,grading-technique,Sandan gi – suri ashi,Compare with official grading syllabus and terminology glossary.,not reviewed,
G00202,3rd-kyu,base,src/data/graduations/3rd-kyu.json,techniques.Hojo Undo (Supplemental Training),grading-technique,"Makiwara – furi zuki, kaiten ushiro geri",Compare with official grading syllabus and terminology glossary.,not reviewed,
G00203,3rd-kyu,base,src/data/graduations/3rd-kyu.json,techniques.Hojo Undo (Supplemental Training),grading-technique,Chiishi – swing & thrust with naname shiko dachi,Compare with official grading syllabus and terminology glossary.,not reviewed,
G00204,3rd-kyu,base,src/data/graduations/3rd-kyu.json,techniques.Hojo Undo (Supplemental Training),grading-technique,"Chiishi – squeeze (Up, down & rotate, forward)",Compare with official grading syllabus and terminology glossary.,not reviewed,
G00205,3rd-kyu,base,src/data/graduations/3rd-kyu.json,knowledge,terminology-knowledge,Renzoku,Compare with terminology glossary and Japanese/Okinawan source notes.,not reviewed,Meaning is empty; verify whether this is intentional.
G00206,3rd-kyu,base,src/data/graduations/3rd-kyu.json,knowledge,terminology-knowledge,Kenpo hakku,Compare with terminology glossary and Japanese/Okinawan source notes.,not reviewed,Meaning is empty; verify whether this is intentional.
G00207,3rd-kyu,base,src/data/graduations/3rd-kyu.json,knowledge,terminology-knowledge,Heijo shin (fudo shin),Compare with terminology glossary and Japanese/Okinawan source notes.,not reviewed,Meaning is empty; verify whether this is intentional.
G00208,3rd-kyu,base,src/data/graduations/3rd-kyu.json,knowledge,terminology-knowledge,Sabaki / tai sabaki,Compare with terminology glossary and Japanese/Okinawan source notes.,not reviewed,Meaning is empty; verify whether this is intentional.
G00209,3rd-kyu,base,src/data/graduations/3rd-kyu.json,knowledge,terminology-knowledge,"Shihan = Master Instructor, Teacher of Teachers",Compare with terminology glossary and Japanese/Okinawan source notes.,not reviewed,
G00210,3rd-kyu,base,src/data/graduations/3rd-kyu.json,knowledge,terminology-knowledge,Bubishi,Compare with terminology glossary and Japanese/Okinawan source notes.,not reviewed,Meaning is empty; verify whether this is intentional.
G00211,3rd-kyu,base,src/data/graduations/3rd-kyu.json,knowledge,terminology-knowledge,"Muchimi = Okinawan concept for slow, flowing, heavy, sticky movement.",Compare with terminology glossary and Japanese/Okinawan source notes.,not reviewed,
G00212,3rd-kyu,base,src/data/graduations/3rd-kyu.json,knowledge,terminology-knowledge,Chiru no chan chan = Explosive force,Compare with terminology glossary and Japanese/Okinawan source notes.,not reviewed,
G00213,3rd-kyu,base,src/data/graduations/3rd-kyu.json,knowledge,terminology-knowledge,Chin kuchi kakin,Compare with terminology glossary and Japanese/Okinawan source notes.,not reviewed,Meaning is empty; verify whether this is intentional.
G00214,3rd-kyu,base,src/data/graduations/3rd-kyu.json,knowledge,terminology-knowledge,Shime jurasan,Compare with terminology glossary and Japanese/Okinawan source notes.,not reviewed,Meaning is empty; verify whether this is intentional.
G00215,3rd-kyu,base,src/data/graduations/3rd-kyu.json,history,history,Sensei Kanryo Higaonna and Sensei Chojun Miyagi taught only Sanchin and hojo undo to their students for the first couple of years of their training,Compare with history sources and lineage-specific source material.,not reviewed,
G00216,3rd-kyu,base,src/data/graduations/3rd-kyu.json,history,history,"Sensei Ryuko Aragaki - first karate teacher of Sensei Chojun Miyagi, grandfather of Sensei Shuichi Aragaki",Compare with history sources and lineage-specific source material.,not reviewed,
G00217,3rd-kyu,base,src/data/graduations/3rd-kyu.json,history,history,"Naha-Te, the martial art form that Sensei Kanryo Higaonna taught",Compare with history sources and lineage-specific source material.,not reviewed,
G00218,3rd-kyu,base,src/data/graduations/3rd-kyu.json,history,history,Sensei Chojun Miyagi went to China for the first time in 1915,Compare with history sources and lineage-specific source material.,not reviewed,
G00219,3rd-kyu,nl,src/data/graduations/3rd-kyu.nl.json,title,grading-title,DE WEG NAAR 3E KYU,Compare with official grading syllabus title for this rank.,not reviewed,
G00220,3rd-kyu,nl,src/data/graduations/3rd-kyu.nl.json,requirements.classes,grading-requirement,classes: 45,Compare with official grading regulations and syllabus.,not reviewed,
G00221,3rd-kyu,nl,src/data/graduations/3rd-kyu.nl.json,requirements.months,grading-requirement,months: 4,Compare with official grading regulations and syllabus.,not reviewed,
G00222,3rd-kyu,nl,src/data/graduations/3rd-kyu.nl.json,techniques.Kihon Waza (Basis Technieken),grading-technique,"Nukite zuki (Messenhand stoot) jodan, chudan, gedan",Compare with official grading syllabus and terminology glossary.,not reviewed,
G00223,3rd-kyu,nl,src/data/graduations/3rd-kyu.nl.json,techniques.Kihon Waza (Basis Technieken),grading-technique,Furi zuki (Zwaai stoot),Compare with official grading syllabus and terminology glossary.,not reviewed,
G00224,3rd-kyu,nl,src/data/graduations/3rd-kyu.nl.json,techniques.Kihon Waza (Basis Technieken),grading-technique,Kaiten ushiro geri (Draaiende achterwaartse trap),Compare with official grading syllabus and terminology glossary.,not reviewed,
G00225,3rd-kyu,nl,src/data/graduations/3rd-kyu.nl.json,techniques.Tachi Kata (Stances),grading-technique,Heisoku dachi (Voeten samen houding),Compare with official grading syllabus and terminology glossary.,not reviewed,
G00226,3rd-kyu,nl,src/data/graduations/3rd-kyu.nl.json,techniques.Unsoku Ho (Voetwerk),grading-technique,Bensoku dachi,Compare with official grading syllabus and terminology glossary.,not reviewed,
G00227,3rd-kyu,nl,src/data/graduations/3rd-kyu.nl.json,techniques.Unsoku Ho (Voetwerk),grading-technique,Renoji dachi,Compare with official grading syllabus and terminology glossary.,not reviewed,
G00228,3rd-kyu,nl,src/data/graduations/3rd-kyu.nl.json,techniques.Ido,grading-technique,"Mae geri, mawashi geri, kaiten ushiro geri",Compare with official grading syllabus and terminology glossary.,not reviewed,
G00229,3rd-kyu,nl,src/data/graduations/3rd-kyu.nl.json,techniques.Ido,grading-technique,"Mae geri, mawashi geri, yoko geri, kaiten ushiro geri",Compare with official grading syllabus and terminology glossary.,not reviewed,
G00230,3rd-kyu,nl,src/data/graduations/3rd-kyu.nl.json,techniques.Kata,grading-technique,Seiyunchin (Goede kata),Compare with official grading syllabus and terminology glossary.,not reviewed,
G00231,3rd-kyu,nl,src/data/graduations/3rd-kyu.nl.json,techniques.Kata,grading-technique,Sanchin (Goede vorm & ademhaling),Compare with official grading syllabus and terminology glossary.,not reviewed,
G00232,3rd-kyu,nl,src/data/graduations/3rd-kyu.nl.json,techniques.Bunkai,grading-technique,Seiyunchin (Eerste 6 bunkai),Compare with official grading syllabus and terminology glossary.,not reviewed,
G00233,3rd-kyu,nl,src/data/graduations/3rd-kyu.nl.json,techniques.Kumite,grading-technique,Sandan gi – suri ashi,Compare with official grading syllabus and terminology glossary.,not reviewed,
G00234,3rd-kyu,nl,src/data/graduations/3rd-kyu.nl.json,techniques.Hojo Undo (Aanvullende Training),grading-technique,"Makiwara – furi zuki, kaiten ushiro geri",Compare with official grading syllabus and terminology glossary.,not reviewed,
G00235,3rd-kyu,nl,src/data/graduations/3rd-kyu.nl.json,techniques.Hojo Undo (Aanvullende Training),grading-technique,Chiishi – zwaai & stoot met naname shiko dachi,Compare with official grading syllabus and terminology glossary.,not reviewed,
G00236,3rd-kyu,nl,src/data/graduations/3rd-kyu.nl.json,techniques.Hojo Undo (Aanvullende Training),grading-technique,"Chiishi – knijp (Omhoog, omlaag & draai, voorwaarts)",Compare with official grading syllabus and terminology glossary.,not reviewed,
G00237,3rd-kyu,nl,src/data/graduations/3rd-kyu.nl.json,knowledge,terminology-knowledge,Renzoku,Compare with terminology glossary and Japanese/Okinawan source notes.,not reviewed,Meaning is empty; verify whether this is intentional.
G00238,3rd-kyu,nl,src/data/graduations/3rd-kyu.nl.json,knowledge,terminology-knowledge,Kenpo hakku,Compare with terminology glossary and Japanese/Okinawan source notes.,not reviewed,Meaning is empty; verify whether this is intentional.
G00239,3rd-kyu,nl,src/data/graduations/3rd-kyu.nl.json,knowledge,terminology-knowledge,Heijo shin (fudo shin),Compare with terminology glossary and Japanese/Okinawan source notes.,not reviewed,Meaning is empty; verify whether this is intentional.
G00240,3rd-kyu,nl,src/data/graduations/3rd-kyu.nl.json,knowledge,terminology-knowledge,Sabaki / tai sabaki,Compare with terminology glossary and Japanese/Okinawan source notes.,not reviewed,Meaning is empty; verify whether this is intentional.
G00241,3rd-kyu,nl,src/data/graduations/3rd-kyu.nl.json,knowledge,terminology-knowledge,"Shihan = Meester Instructeur, Leraar van Leraren",Compare with terminology glossary and Japanese/Okinawan source notes.,not reviewed,
G00242,3rd-kyu,nl,src/data/graduations/3rd-kyu.nl.json,knowledge,terminology-knowledge,Bubishi,Compare with terminology glossary and Japanese/Okinawan source notes.,not reviewed,Meaning is empty; verify whether this is intentional.
G00243,3rd-kyu,nl,src/data/graduations/3rd-kyu.nl.json,knowledge,terminology-knowledge,"Muchimi = Okinawaans concept voor trage, vloeiende, zware, klevende beweging.",Compare with terminology glossary and Japanese/Okinawan source notes.,not reviewed,
G00244,3rd-kyu,nl,src/data/graduations/3rd-kyu.nl.json,knowledge,terminology-knowledge,Chiru no chan chan = Explosiekracht / startkracht.,Compare with terminology glossary and Japanese/Okinawan source notes.,not reviewed,
G00245,3rd-kyu,nl,src/data/graduations/3rd-kyu.nl.json,knowledge,terminology-knowledge,Chin kuchi kakin,Compare with terminology glossary and Japanese/Okinawan source notes.,not reviewed,Meaning is empty; verify whether this is intentional.
G00246,3rd-kyu,nl,src/data/graduations/3rd-kyu.nl.json,knowledge,terminology-knowledge,Shime jurasan,Compare with terminology glossary and Japanese/Okinawan source notes.,not reviewed,Meaning is empty; verify whether this is intentional.
G00247,3rd-kyu,nl,src/data/graduations/3rd-kyu.nl.json,history,history,Sensei Kanryo Higaonna en Sensei Chojun Miyagi onderwezen alleen Sanchin en hojo undo aan hun studenten voor de eerste paar jaar van hun training,Compare with history sources and lineage-specific source material.,not reviewed,
G00248,3rd-kyu,nl,src/data/graduations/3rd-kyu.nl.json,history,history,"Sensei Ryuko Aragaki - eerste karate leraar van Sensei Chojun Miyagi, grootvader van Sensei Shuichi Aragaki",Compare with history sources and lineage-specific source material.,not reviewed,
G00249,3rd-kyu,nl,src/data/graduations/3rd-kyu.nl.json,history,history,"Naha-Te, de martial art vorm die Sensei Kanryo Higaonna onderwees",Compare with history sources and lineage-specific source material.,not reviewed,
G00250,3rd-kyu,nl,src/data/graduations/3rd-kyu.nl.json,history,history,Sensei Chojun Miyagi ging voor het eerst naar China in 1915,Compare with history sources and lineage-specific source material.,not reviewed,
G00251,4th-kyu,base,src/data/graduations/4th-kyu.json,title,grading-title,THE WAY TO 4TH KYU,Compare with official grading syllabus title for this rank.,not reviewed,
G00252,4th-kyu,base,src/data/graduations/4th-kyu.json,requirements.classes,grading-requirement,classes: 40,Compare with official grading regulations and syllabus.,not reviewed,
G00253,4th-kyu,base,src/data/graduations/4th-kyu.json,requirements.months,grading-requirement,months: 3,Compare with official grading regulations and syllabus.,not reviewed,
G00254,4th-kyu,base,src/data/graduations/4th-kyu.json,techniques.Kihon Waza (Basic Techniques),grading-technique,Shotei zuki (Palm heel thrust),Compare with official grading syllabus and terminology glossary.,not reviewed,
G00255,4th-kyu,base,src/data/graduations/4th-kyu.json,techniques.Kihon Waza (Basic Techniques),grading-technique,"Shuto uchi (Front- jodan, gedan)",Compare with official grading syllabus and terminology glossary.,not reviewed,
G00256,4th-kyu,base,src/data/graduations/4th-kyu.json,techniques.Kihon Waza (Basic Techniques),grading-technique,Tobi mae geri (Jumping front kick),Compare with official grading syllabus and terminology glossary.,not reviewed,
G00257,4th-kyu,base,src/data/graduations/4th-kyu.json,techniques.Tachi Kata (Stances),grading-technique,Bensoku dachi (Cross leg stance),Compare with official grading syllabus and terminology glossary.,not reviewed,
G00258,4th-kyu,base,src/data/graduations/4th-kyu.json,techniques.Tachi Kata (Stances),grading-technique,Renoji dachi (Checkmark stance),Compare with official grading syllabus and terminology glossary.,not reviewed,
G00259,4th-kyu,base,src/data/graduations/4th-kyu.json,techniques.Ido (Moving Basics),grading-technique,"Jodan mawashi hiji ate, jodan uraken uchi, chudan ura zuki",Compare with official grading syllabus and terminology glossary.,not reviewed,
G00260,4th-kyu,base,src/data/graduations/4th-kyu.json,techniques.Ido (Moving Basics),grading-technique,"Jodan shotei uchi, shuto uchi",Compare with official grading syllabus and terminology glossary.,not reviewed,
G00261,4th-kyu,base,src/data/graduations/4th-kyu.json,techniques.Kata,grading-technique,Seiyunchin (Sequence),Compare with official grading syllabus and terminology glossary.,not reviewed,
G00262,4th-kyu,base,src/data/graduations/4th-kyu.json,techniques.Bunkai,grading-technique,Gekisai Dai Ichi renzoku bunkai,Compare with official grading syllabus and terminology glossary.,not reviewed,
G00263,4th-kyu,base,src/data/graduations/4th-kyu.json,techniques.Kumite,grading-technique,Kakie - Gekisai Dai Ichi #4 (Shuto uchi),Compare with official grading syllabus and terminology glossary.,not reviewed,
G00264,4th-kyu,base,src/data/graduations/4th-kyu.json,techniques.Kumite,grading-technique,"Kakie – seiken zuki (Jodan, chudan, gedan)",Compare with official grading syllabus and terminology glossary.,not reviewed,
G00265,4th-kyu,base,src/data/graduations/4th-kyu.json,techniques.Kumite,grading-technique,Kakie – jodan shoto uchi,Compare with official grading syllabus and terminology glossary.,not reviewed,
G00266,4th-kyu,base,src/data/graduations/4th-kyu.json,techniques.Kumite,grading-technique,Kakie – chudan age hiji ate,Compare with official grading syllabus and terminology glossary.,not reviewed,
G00267,4th-kyu,base,src/data/graduations/4th-kyu.json,techniques.Kumite,grading-technique,Kakie – jodan mawashi hiji ate,Compare with official grading syllabus and terminology glossary.,not reviewed,
G00268,4th-kyu,base,src/data/graduations/4th-kyu.json,techniques.Kumite,grading-technique,Kakie – gedan kin geri,Compare with official grading syllabus and terminology glossary.,not reviewed,
G00269,4th-kyu,base,src/data/graduations/4th-kyu.json,techniques.Kumite,grading-technique,Shoulder conditioning,Compare with official grading syllabus and terminology glossary.,not reviewed,
G00270,4th-kyu,base,src/data/graduations/4th-kyu.json,techniques.Kumite,grading-technique,Back conditioning,Compare with official grading syllabus and terminology glossary.,not reviewed,
G00271,4th-kyu,base,src/data/graduations/4th-kyu.json,techniques.Hojo Undo (Supplemental Training),grading-technique,"Makiwara (Focus pad) – shotei zuki, shuto uchi, tobi mae geri",Compare with official grading syllabus and terminology glossary.,not reviewed,
G00272,4th-kyu,base,src/data/graduations/4th-kyu.json,techniques.Hojo Undo (Supplemental Training),grading-technique,Chiishi - rotate & push,Compare with official grading syllabus and terminology glossary.,not reviewed,
G00273,4th-kyu,base,src/data/graduations/4th-kyu.json,techniques.Hojo Undo (Supplemental Training),grading-technique,Chiishi - swing around body & pick up,Compare with official grading syllabus and terminology glossary.,not reviewed,
G00274,4th-kyu,base,src/data/graduations/4th-kyu.json,techniques.Hojo Undo (Supplemental Training),grading-technique,Nigiri game - Sanchin step,Compare with official grading syllabus and terminology glossary.,not reviewed,
G00275,4th-kyu,base,src/data/graduations/4th-kyu.json,knowledge,terminology-knowledge,"Junbi undo = Preparatory exercises, warming up",Compare with terminology glossary and Japanese/Okinawan source notes.,not reviewed,
G00276,4th-kyu,base,src/data/graduations/4th-kyu.json,knowledge,terminology-knowledge,Hojo undo = Supplementary (strength) exercises,Compare with terminology glossary and Japanese/Okinawan source notes.,not reviewed,
G00277,4th-kyu,base,src/data/graduations/4th-kyu.json,knowledge,terminology-knowledge,Makiwara = Striking post.,Compare with terminology glossary and Japanese/Okinawan source notes.,not reviewed,
G00278,4th-kyu,base,src/data/graduations/4th-kyu.json,knowledge,terminology-knowledge,Gyaku waza,Compare with terminology glossary and Japanese/Okinawan source notes.,not reviewed,Meaning is empty; verify whether this is intentional.
G00279,4th-kyu,base,src/data/graduations/4th-kyu.json,knowledge,terminology-knowledge,Hazushi waza,Compare with terminology glossary and Japanese/Okinawan source notes.,not reviewed,Meaning is empty; verify whether this is intentional.
G00280,4th-kyu,base,src/data/graduations/4th-kyu.json,knowledge,terminology-knowledge,Nage waza,Compare with terminology glossary and Japanese/Okinawan source notes.,not reviewed,Meaning is empty; verify whether this is intentional.
G00281,4th-kyu,base,src/data/graduations/4th-kyu.json,knowledge,terminology-knowledge,Ne waza = Ground techniques,Compare with terminology glossary and Japanese/Okinawan source notes.,not reviewed,
G00282,4th-kyu,base,src/data/graduations/4th-kyu.json,knowledge,terminology-knowledge,Zanshin = Lingering attention,Compare with terminology glossary and Japanese/Okinawan source notes.,not reviewed,
G00283,4th-kyu,base,src/data/graduations/4th-kyu.json,knowledge,terminology-knowledge,Morote,Compare with terminology glossary and Japanese/Okinawan source notes.,not reviewed,Meaning is empty; verify whether this is intentional.
G00284,4th-kyu,base,src/data/graduations/4th-kyu.json,knowledge,terminology-knowledge,Morote waza,Compare with terminology glossary and Japanese/Okinawan source notes.,not reviewed,Meaning is empty; verify whether this is intentional.
G00285,4th-kyu,base,src/data/graduations/4th-kyu.json,history,history,"Sensei Chojun Miyagi created Gekisai Dai Ichi, Gekisai Dai Ni, Tensho kata, junbi undo and zenshin kotai Sanchin",Compare with history sources and lineage-specific source material.,not reviewed,
G00286,4th-kyu,base,src/data/graduations/4th-kyu.json,history,history,"Sensei Chojun Miyagi created Gekisai Dai Ichi, Gekisai Dai Ni in 1940's to promote karate to the younger generation",Compare with history sources and lineage-specific source material.,not reviewed,
G00287,4th-kyu,base,src/data/graduations/4th-kyu.json,history,history,"Sensei Chojun Miyagi named his martial art ""Goju-Ryu"" from one of eight martial arts principals (poems) from Bubishi",Compare with history sources and lineage-specific source material.,not reviewed,
G00288,4th-kyu,base,src/data/graduations/4th-kyu.json,history,history,"Sensei Kanryo Higaonna went to Fuzou, China to learn martial arts when he was about 15 years old",Compare with history sources and lineage-specific source material.,not reviewed,
G00289,4th-kyu,base,src/data/graduations/4th-kyu.json,history,history,"Sensei Chojun Miyagi and Sensei Kanryo Higaonna were called ""bushi (superb martial artist)"" in Okinawan society",Compare with history sources and lineage-specific source material.,not reviewed,
G00290,4th-kyu,base,src/data/graduations/4th-kyu.json,history,history,"Kobudo was developed for the same reason as karate, as weapons were banned",Compare with history sources and lineage-specific source material.,not reviewed,
G00291,4th-kyu,nl,src/data/graduations/4th-kyu.nl.json,title,grading-title,DE WEG NAAR 4E KYU,Compare with official grading syllabus title for this rank.,not reviewed,
G00292,4th-kyu,nl,src/data/graduations/4th-kyu.nl.json,requirements.classes,grading-requirement,classes: 40,Compare with official grading regulations and syllabus.,not reviewed,
G00293,4th-kyu,nl,src/data/graduations/4th-kyu.nl.json,requirements.months,grading-requirement,months: 3,Compare with official grading regulations and syllabus.,not reviewed,
G00294,4th-kyu,nl,src/data/graduations/4th-kyu.nl.json,techniques.Kihon Waza (Basis Technieken),grading-technique,Shotei zuki (Handpalm stoot),Compare with official grading syllabus and terminology glossary.,not reviewed,
G00295,4th-kyu,nl,src/data/graduations/4th-kyu.nl.json,techniques.Kihon Waza (Basis Technieken),grading-technique,"Shuto uchi (Voor- jodan, gedan)",Compare with official grading syllabus and terminology glossary.,not reviewed,
G00296,4th-kyu,nl,src/data/graduations/4th-kyu.nl.json,techniques.Kihon Waza (Basis Technieken),grading-technique,Tobi mae geri (Springende voorwaartse trap),Compare with official grading syllabus and terminology glossary.,not reviewed,
G00297,4th-kyu,nl,src/data/graduations/4th-kyu.nl.json,techniques.Tachi Kata (Stances),grading-technique,Bensoku dachi (Kruisbeen houding),Compare with official grading syllabus and terminology glossary.,not reviewed,
G00298,4th-kyu,nl,src/data/graduations/4th-kyu.nl.json,techniques.Tachi Kata (Stances),grading-technique,Renoji dachi (Vinkje houding),Compare with official grading syllabus and terminology glossary.,not reviewed,
G00299,4th-kyu,nl,src/data/graduations/4th-kyu.nl.json,techniques.Ido (Bewegende Basis),grading-technique,"Jodan mawashi hiji ate, jodan uraken uchi, chudan ura zuki",Compare with official grading syllabus and terminology glossary.,not reviewed,
G00300,4th-kyu,nl,src/data/graduations/4th-kyu.nl.json,techniques.Ido (Bewegende Basis),grading-technique,"Jodan shotei uchi, shuto uchi",Compare with official grading syllabus and terminology glossary.,not reviewed,
G00301,4th-kyu,nl,src/data/graduations/4th-kyu.nl.json,techniques.Kata,grading-technique,Seiyunchin (Reeks),Compare with official grading syllabus and terminology glossary.,not reviewed,
G00302,4th-kyu,nl,src/data/graduations/4th-kyu.nl.json,techniques.Bunkai,grading-technique,Gekisai Dai Ichi renzoku bunkai,Compare with official grading syllabus and terminology glossary.,not reviewed,
G00303,4th-kyu,nl,src/data/graduations/4th-kyu.nl.json,techniques.Kumite,grading-technique,Kakie - Gekisai Dai Ichi #4 (Shuto uchi),Compare with official grading syllabus and terminology glossary.,not reviewed,
G00304,4th-kyu,nl,src/data/graduations/4th-kyu.nl.json,techniques.Kumite,grading-technique,"Kakie – seiken zuki (Jodan, chudan, gedan)",Compare with official grading syllabus and terminology glossary.,not reviewed,
G00305,4th-kyu,nl,src/data/graduations/4th-kyu.nl.json,techniques.Kumite,grading-technique,Kakie – jodan shoto uchi,Compare with official grading syllabus and terminology glossary.,not reviewed,
G00306,4th-kyu,nl,src/data/graduations/4th-kyu.nl.json,techniques.Kumite,grading-technique,Kakie – chudan age hiji ate,Compare with official grading syllabus and terminology glossary.,not reviewed,
G00307,4th-kyu,nl,src/data/graduations/4th-kyu.nl.json,techniques.Kumite,grading-technique,Kakie – jodan mawashi hiji ate,Compare with official grading syllabus and terminology glossary.,not reviewed,
G00308,4th-kyu,nl,src/data/graduations/4th-kyu.nl.json,techniques.Kumite,grading-technique,Kakie – gedan kin geri,Compare with official grading syllabus and terminology glossary.,not reviewed,
G00309,4th-kyu,nl,src/data/graduations/4th-kyu.nl.json,techniques.Kumite,grading-technique,Schouder conditioning,Compare with official grading syllabus and terminology glossary.,not reviewed,
G00310,4th-kyu,nl,src/data/graduations/4th-kyu.nl.json,techniques.Kumite,grading-technique,Rug conditioning,Compare with official grading syllabus and terminology glossary.,not reviewed,
G00311,4th-kyu,nl,src/data/graduations/4th-kyu.nl.json,techniques.Hojo Undo (Aanvullende Training),grading-technique,"Makiwara (Focus pad) – shotei zuki, shuto uchi, tobi mae geri",Compare with official grading syllabus and terminology glossary.,not reviewed,
G00312,4th-kyu,nl,src/data/graduations/4th-kyu.nl.json,techniques.Hojo Undo (Aanvullende Training),grading-technique,Chiishi - draai & duw,Compare with official grading syllabus and terminology glossary.,not reviewed,
G00313,4th-kyu,nl,src/data/graduations/4th-kyu.nl.json,techniques.Hojo Undo (Aanvullende Training),grading-technique,Chiishi - zwaai rond lichaam & pak op,Compare with official grading syllabus and terminology glossary.,not reviewed,
G00314,4th-kyu,nl,src/data/graduations/4th-kyu.nl.json,techniques.Hojo Undo (Aanvullende Training),grading-technique,Nigiri game - Sanchin stap,Compare with official grading syllabus and terminology glossary.,not reviewed,
G00315,4th-kyu,nl,src/data/graduations/4th-kyu.nl.json,knowledge,terminology-knowledge,Junbi undo = Warming-up.,Compare with terminology glossary and Japanese/Okinawan source notes.,not reviewed,
G00316,4th-kyu,nl,src/data/graduations/4th-kyu.nl.json,knowledge,terminology-knowledge,Hojo undo = Ondersteunende krachtoefeningen.,Compare with terminology glossary and Japanese/Okinawan source notes.,not reviewed,
G00317,4th-kyu,nl,src/data/graduations/4th-kyu.nl.json,knowledge,terminology-knowledge,Makiwara = Stootplank.,Compare with terminology glossary and Japanese/Okinawan source notes.,not reviewed,
G00318,4th-kyu,nl,src/data/graduations/4th-kyu.nl.json,knowledge,terminology-knowledge,Gyaku waza,Compare with terminology glossary and Japanese/Okinawan source notes.,not reviewed,Meaning is empty; verify whether this is intentional.
G00319,4th-kyu,nl,src/data/graduations/4th-kyu.nl.json,knowledge,terminology-knowledge,Hazushi waza,Compare with terminology glossary and Japanese/Okinawan source notes.,not reviewed,Meaning is empty; verify whether this is intentional.
G00320,4th-kyu,nl,src/data/graduations/4th-kyu.nl.json,knowledge,terminology-knowledge,Nage waza,Compare with terminology glossary and Japanese/Okinawan source notes.,not reviewed,Meaning is empty; verify whether this is intentional.
G00321,4th-kyu,nl,src/data/graduations/4th-kyu.nl.json,knowledge,terminology-knowledge,Ne waza = Grondtechnieken,Compare with terminology glossary and Japanese/Okinawan source notes.,not reviewed,
G00322,4th-kyu,nl,src/data/graduations/4th-kyu.nl.json,knowledge,terminology-knowledge,Zanshin = Blijvende aandacht en alertheid ('blijvend hart').,Compare with terminology glossary and Japanese/Okinawan source notes.,not reviewed,
G00323,4th-kyu,nl,src/data/graduations/4th-kyu.nl.json,knowledge,terminology-knowledge,Morote,Compare with terminology glossary and Japanese/Okinawan source notes.,not reviewed,Meaning is empty; verify whether this is intentional.
G00324,4th-kyu,nl,src/data/graduations/4th-kyu.nl.json,knowledge,terminology-knowledge,Morote waza,Compare with terminology glossary and Japanese/Okinawan source notes.,not reviewed,Meaning is empty; verify whether this is intentional.
G00325,4th-kyu,nl,src/data/graduations/4th-kyu.nl.json,history,history,"Sensei Chojun Miyagi creëerde Gekisai Dai Ichi, Gekisai Dai Ni, Tensho kata, junbi undo en zenshin kotai Sanchin",Compare with history sources and lineage-specific source material.,not reviewed,
G00326,4th-kyu,nl,src/data/graduations/4th-kyu.nl.json,history,history,"Sensei Chojun Miyagi creëerde Gekisai Dai Ichi, Gekisai Dai Ni in de jaren 1940 om karate te promoten bij de jongere generatie",Compare with history sources and lineage-specific source material.,not reviewed,
G00327,4th-kyu,nl,src/data/graduations/4th-kyu.nl.json,history,history,"Sensei Chojun Miyagi noemde zijn martial art ""Goju-Ryu"" naar een van acht martial arts principes (gedichten) uit Bubishi",Compare with history sources and lineage-specific source material.,not reviewed,
G00328,4th-kyu,nl,src/data/graduations/4th-kyu.nl.json,history,history,"Sensei Kanryo Higaonna ging naar Fuzou, China om martial arts te leren toen hij ongeveer 15 jaar oud was",Compare with history sources and lineage-specific source material.,not reviewed,
G00329,4th-kyu,nl,src/data/graduations/4th-kyu.nl.json,history,history,"Sensei Chojun Miyagi en Sensei Kanryo Higaonna werden ""bushi (superbe martial artist)"" genoemd in de Okinawaanse samenleving",Compare with history sources and lineage-specific source material.,not reviewed,
G00330,4th-kyu,nl,src/data/graduations/4th-kyu.nl.json,history,history,"Kobudo werd ontwikkeld om dezelfde reden als karate, omdat wapens verboden waren",Compare with history sources and lineage-specific source material.,not reviewed,
G00331,5th-kyu,base,src/data/graduations/5th-kyu.json,title,grading-title,THE WAY TO 5TH KYU,Compare with official grading syllabus title for this rank.,not reviewed,
G00332,5th-kyu,base,src/data/graduations/5th-kyu.json,requirements.classes,grading-requirement,classes: 35,Compare with official grading regulations and syllabus.,not reviewed,
G00333,5th-kyu,base,src/data/graduations/5th-kyu.json,requirements.months,grading-requirement,months: 3,Compare with official grading regulations and syllabus.,not reviewed,
G00334,5th-kyu,base,src/data/graduations/5th-kyu.json,techniques.Kihon Waza (Basic Techniques),grading-technique,Mawashi hiji ate (Roundhouse elbow strike),Compare with official grading syllabus and terminology glossary.,not reviewed,
G00335,5th-kyu,base,src/data/graduations/5th-kyu.json,techniques.Kihon Waza (Basic Techniques),grading-technique,Ushiro hiji ate (Back elbow strike),Compare with official grading syllabus and terminology glossary.,not reviewed,
G00336,5th-kyu,base,src/data/graduations/5th-kyu.json,techniques.Ido (Moving Basics),grading-technique,"Chudan uchi uke, haito uchi",Compare with official grading syllabus and terminology glossary.,not reviewed,
G00337,5th-kyu,base,src/data/graduations/5th-kyu.json,techniques.Ido (Moving Basics),grading-technique,"Gedan uchi uke, jodan tateken zuki",Compare with official grading syllabus and terminology glossary.,not reviewed,
G00338,5th-kyu,base,src/data/graduations/5th-kyu.json,techniques.Ido (Moving Basics),grading-technique,"Neko ashi dachi, hiki uke",Compare with official grading syllabus and terminology glossary.,not reviewed,
G00339,5th-kyu,base,src/data/graduations/5th-kyu.json,techniques.Ido (Moving Basics),grading-technique,"Neko ashi dachi, hiki uke, mae ashi kin geri",Compare with official grading syllabus and terminology glossary.,not reviewed,
G00340,5th-kyu,base,src/data/graduations/5th-kyu.json,techniques.Ido (Moving Basics),grading-technique,"Neko ashi dachi, hiki uke, zenkutsu dachi, gyaku zuki, neko ashi dachi, hiki uke",Compare with official grading syllabus and terminology glossary.,not reviewed,
G00341,5th-kyu,base,src/data/graduations/5th-kyu.json,techniques.Kata,grading-technique,Saifa (Good kata),Compare with official grading syllabus and terminology glossary.,not reviewed,
G00342,5th-kyu,base,src/data/graduations/5th-kyu.json,techniques.Kata,grading-technique,Sanchin (Good form),Compare with official grading syllabus and terminology glossary.,not reviewed,
G00343,5th-kyu,base,src/data/graduations/5th-kyu.json,techniques.Bunkai,grading-technique,Saifa,Compare with official grading syllabus and terminology glossary.,not reviewed,
G00344,5th-kyu,base,src/data/graduations/5th-kyu.json,techniques.Kumite,grading-technique,"Basic block – sukui uke, kaishu gedan harai uke",Compare with official grading syllabus and terminology glossary.,not reviewed,
G00345,5th-kyu,base,src/data/graduations/5th-kyu.json,techniques.Kumite,grading-technique,Kakie – kote gaeshi,Compare with official grading syllabus and terminology glossary.,not reviewed,
G00346,5th-kyu,base,src/data/graduations/5th-kyu.json,techniques.Kumite,grading-technique,Kakie – Gekisai Dai Ni hiki uke bunkai (Nodo tsukami),Compare with official grading syllabus and terminology glossary.,not reviewed,
G00347,5th-kyu,base,src/data/graduations/5th-kyu.json,techniques.Kumite,grading-technique,Thigh conditioning,Compare with official grading syllabus and terminology glossary.,not reviewed,
G00348,5th-kyu,base,src/data/graduations/5th-kyu.json,techniques.Kumite,grading-technique,Stomach conditioning,Compare with official grading syllabus and terminology glossary.,not reviewed,
G00349,5th-kyu,base,src/data/graduations/5th-kyu.json,techniques.Hojo Undo (Supplemental Training),grading-technique,"Makiwara – mawashi hiji ate, ushiro hiji ate",Compare with official grading syllabus and terminology glossary.,not reviewed,
G00350,5th-kyu,base,src/data/graduations/5th-kyu.json,techniques.Hojo Undo (Supplemental Training),grading-technique,Chiishi – front & back/side to side,Compare with official grading syllabus and terminology glossary.,not reviewed,
G00351,5th-kyu,base,src/data/graduations/5th-kyu.json,techniques.Hojo Undo (Supplemental Training),grading-technique,Neko undo,Compare with official grading syllabus and terminology glossary.,not reviewed,
G00352,5th-kyu,base,src/data/graduations/5th-kyu.json,knowledge,terminology-knowledge,Dojo kun in Japanese and its meaning,Compare with terminology glossary and Japanese/Okinawan source notes.,not reviewed,Meaning is empty; verify whether this is intentional.
G00353,5th-kyu,base,src/data/graduations/5th-kyu.json,knowledge,terminology-knowledge,Opening & closing ceremony in Japanese,Compare with terminology glossary and Japanese/Okinawan source notes.,not reviewed,Meaning is empty; verify whether this is intentional.
G00354,5th-kyu,base,src/data/graduations/5th-kyu.json,knowledge,terminology-knowledge,Gasshuku = Training camp,Compare with terminology glossary and Japanese/Okinawan source notes.,not reviewed,
G00355,5th-kyu,base,src/data/graduations/5th-kyu.json,knowledge,terminology-knowledge,Zenshin,Compare with terminology glossary and Japanese/Okinawan source notes.,not reviewed,Meaning is empty; verify whether this is intentional.
G00356,5th-kyu,base,src/data/graduations/5th-kyu.json,knowledge,terminology-knowledge,Kotai,Compare with terminology glossary and Japanese/Okinawan source notes.,not reviewed,Meaning is empty; verify whether this is intentional.
G00357,5th-kyu,base,src/data/graduations/5th-kyu.json,knowledge,terminology-knowledge,"Kyu = Rank (colored belts, below black belt)",Compare with terminology glossary and Japanese/Okinawan source notes.,not reviewed,
G00358,5th-kyu,base,src/data/graduations/5th-kyu.json,knowledge,terminology-knowledge,Dan = Level (black belt ranks),Compare with terminology glossary and Japanese/Okinawan source notes.,not reviewed,
G00359,5th-kyu,base,src/data/graduations/5th-kyu.json,knowledge,terminology-knowledge,Ryu = Style,Compare with terminology glossary and Japanese/Okinawan source notes.,not reviewed,
G00360,5th-kyu,base,src/data/graduations/5th-kyu.json,history,history,Your own lineage,Compare with history sources and lineage-specific source material.,not reviewed,
G00361,5th-kyu,base,src/data/graduations/5th-kyu.json,history,history,Sensei Anichi Miyagi started training karate under Sensei Chojun Miyagi after World War II,Compare with history sources and lineage-specific source material.,not reviewed,
G00362,5th-kyu,base,src/data/graduations/5th-kyu.json,history,history,"Sensei Shuichi Aragaki - Direct student of Sensei Chojun Miyagi, trained with Sensei Anichi Miyagi, IOGKF technical advisor",Compare with history sources and lineage-specific source material.,not reviewed,
G00363,5th-kyu,base,src/data/graduations/5th-kyu.json,history,history,"Three major Okinawan karate styles were Naha-Te, Shuri-Te, Tomari-Te",Compare with history sources and lineage-specific source material.,not reviewed,
G00364,5th-kyu,nl,src/data/graduations/5th-kyu.nl.json,title,grading-title,DE WEG NAAR 5E KYU,Compare with official grading syllabus title for this rank.,not reviewed,
G00365,5th-kyu,nl,src/data/graduations/5th-kyu.nl.json,requirements.classes,grading-requirement,classes: 35,Compare with official grading regulations and syllabus.,not reviewed,
G00366,5th-kyu,nl,src/data/graduations/5th-kyu.nl.json,requirements.months,grading-requirement,months: 3,Compare with official grading regulations and syllabus.,not reviewed,
G00367,5th-kyu,nl,src/data/graduations/5th-kyu.nl.json,techniques.Kihon Waza (Basis Technieken),grading-technique,Mawashi hiji ate (Ronde elleboog slag),Compare with official grading syllabus and terminology glossary.,not reviewed,
G00368,5th-kyu,nl,src/data/graduations/5th-kyu.nl.json,techniques.Kihon Waza (Basis Technieken),grading-technique,Ushiro hiji ate (Achterwaartse elleboog slag),Compare with official grading syllabus and terminology glossary.,not reviewed,
G00369,5th-kyu,nl,src/data/graduations/5th-kyu.nl.json,techniques.Ido (Bewegende Basis),grading-technique,"Chudan uchi uke, haito uchi",Compare with official grading syllabus and terminology glossary.,not reviewed,
G00370,5th-kyu,nl,src/data/graduations/5th-kyu.nl.json,techniques.Ido (Bewegende Basis),grading-technique,"Gedan uchi uke, jodan tateken zuki",Compare with official grading syllabus and terminology glossary.,not reviewed,
G00371,5th-kyu,nl,src/data/graduations/5th-kyu.nl.json,techniques.Ido (Bewegende Basis),grading-technique,"Neko ashi dachi, hiki uke",Compare with official grading syllabus and terminology glossary.,not reviewed,
G00372,5th-kyu,nl,src/data/graduations/5th-kyu.nl.json,techniques.Ido (Bewegende Basis),grading-technique,"Neko ashi dachi, hiki uke, mae ashi kin geri",Compare with official grading syllabus and terminology glossary.,not reviewed,
G00373,5th-kyu,nl,src/data/graduations/5th-kyu.nl.json,techniques.Ido (Bewegende Basis),grading-technique,"Neko ashi dachi, hiki uke, zenkutsu dachi, gyaku zuki, neko ashi dachi, hiki uke",Compare with official grading syllabus and terminology glossary.,not reviewed,
G00374,5th-kyu,nl,src/data/graduations/5th-kyu.nl.json,techniques.Kata,grading-technique,Saifa (Goede kata),Compare with official grading syllabus and terminology glossary.,not reviewed,
G00375,5th-kyu,nl,src/data/graduations/5th-kyu.nl.json,techniques.Kata,grading-technique,Sanchin (Goede vorm),Compare with official grading syllabus and terminology glossary.,not reviewed,
G00376,5th-kyu,nl,src/data/graduations/5th-kyu.nl.json,techniques.Bunkai,grading-technique,Saifa,Compare with official grading syllabus and terminology glossary.,not reviewed,
G00377,5th-kyu,nl,src/data/graduations/5th-kyu.nl.json,techniques.Kumite,grading-technique,"Basis blok – sukui uke, kaishu gedan harai uke",Compare with official grading syllabus and terminology glossary.,not reviewed,
G00378,5th-kyu,nl,src/data/graduations/5th-kyu.nl.json,techniques.Kumite,grading-technique,Kakie – kote gaeshi,Compare with official grading syllabus and terminology glossary.,not reviewed,
G00379,5th-kyu,nl,src/data/graduations/5th-kyu.nl.json,techniques.Kumite,grading-technique,Kakie – Gekisai Dai Ni hiki uke bunkai (Nodo tsukami),Compare with official grading syllabus and terminology glossary.,not reviewed,
G00380,5th-kyu,nl,src/data/graduations/5th-kyu.nl.json,techniques.Kumite,grading-technique,Dij conditioning,Compare with official grading syllabus and terminology glossary.,not reviewed,
G00381,5th-kyu,nl,src/data/graduations/5th-kyu.nl.json,techniques.Kumite,grading-technique,Buik conditioning,Compare with official grading syllabus and terminology glossary.,not reviewed,
G00382,5th-kyu,nl,src/data/graduations/5th-kyu.nl.json,techniques.Hojo Undo (Aanvullende Training),grading-technique,"Makiwara – mawashi hiji ate, ushiro hiji ate",Compare with official grading syllabus and terminology glossary.,not reviewed,
G00383,5th-kyu,nl,src/data/graduations/5th-kyu.nl.json,techniques.Hojo Undo (Aanvullende Training),grading-technique,Chiishi – voor & achter/zij aan zij,Compare with official grading syllabus and terminology glossary.,not reviewed,
G00384,5th-kyu,nl,src/data/graduations/5th-kyu.nl.json,techniques.Hojo Undo (Aanvullende Training),grading-technique,Neko undo,Compare with official grading syllabus and terminology glossary.,not reviewed,
G00385,5th-kyu,nl,src/data/graduations/5th-kyu.nl.json,knowledge,terminology-knowledge,Dojo kun in het Japans en zijn betekenis,Compare with terminology glossary and Japanese/Okinawan source notes.,not reviewed,Meaning is empty; verify whether this is intentional.
G00386,5th-kyu,nl,src/data/graduations/5th-kyu.nl.json,knowledge,terminology-knowledge,Opening & sluiting ceremonie in het Japans,Compare with terminology glossary and Japanese/Okinawan source notes.,not reviewed,Meaning is empty; verify whether this is intentional.
G00387,5th-kyu,nl,src/data/graduations/5th-kyu.nl.json,knowledge,terminology-knowledge,Gasshuku = Trainingskamp.,Compare with terminology glossary and Japanese/Okinawan source notes.,not reviewed,
G00388,5th-kyu,nl,src/data/graduations/5th-kyu.nl.json,knowledge,terminology-knowledge,Zenshin,Compare with terminology glossary and Japanese/Okinawan source notes.,not reviewed,Meaning is empty; verify whether this is intentional.
G00389,5th-kyu,nl,src/data/graduations/5th-kyu.nl.json,knowledge,terminology-knowledge,Kotai,Compare with terminology glossary and Japanese/Okinawan source notes.,not reviewed,Meaning is empty; verify whether this is intentional.
G00390,5th-kyu,nl,src/data/graduations/5th-kyu.nl.json,knowledge,terminology-knowledge,"Kyu = Rang (gekleurde banden, onder zwarte band)",Compare with terminology glossary and Japanese/Okinawan source notes.,not reviewed,
G00391,5th-kyu,nl,src/data/graduations/5th-kyu.nl.json,knowledge,terminology-knowledge,Dan = Niveau (zwarte band rangen),Compare with terminology glossary and Japanese/Okinawan source notes.,not reviewed,
G00392,5th-kyu,nl,src/data/graduations/5th-kyu.nl.json,knowledge,terminology-knowledge,Ryu = Stijl.,Compare with terminology glossary and Japanese/Okinawan source notes.,not reviewed,
G00393,5th-kyu,nl,src/data/graduations/5th-kyu.nl.json,history,history,Je eigen afstamming,Compare with history sources and lineage-specific source material.,not reviewed,
G00394,5th-kyu,nl,src/data/graduations/5th-kyu.nl.json,history,history,Sensei Anichi Miyagi begon karate te trainen onder Sensei Chojun Miyagi na de Tweede Wereldoorlog,Compare with history sources and lineage-specific source material.,not reviewed,
G00395,5th-kyu,nl,src/data/graduations/5th-kyu.nl.json,history,history,"Sensei Shuichi Aragaki - Directe student van Sensei Chojun Miyagi, trainde met Sensei Anichi Miyagi, IOGKF technisch adviseur",Compare with history sources and lineage-specific source material.,not reviewed,
G00396,5th-kyu,nl,src/data/graduations/5th-kyu.nl.json,history,history,"Drie grote Okinawaanse karate stijlen waren Naha-Te, Shuri-Te, Tomari-Te",Compare with history sources and lineage-specific source material.,not reviewed,
G00397,6th-kyu,base,src/data/graduations/6th-kyu.json,title,grading-title,THE WAY TO 6TH KYU,Compare with official grading syllabus title for this rank.,not reviewed,
G00398,6th-kyu,base,src/data/graduations/6th-kyu.json,requirements.classes,grading-requirement,classes: 35,Compare with official grading regulations and syllabus.,not reviewed,
G00399,6th-kyu,base,src/data/graduations/6th-kyu.json,requirements.months,grading-requirement,months: 3,Compare with official grading regulations and syllabus.,not reviewed,
G00400,6th-kyu,base,src/data/graduations/6th-kyu.json,techniques.Kihon Waza (Basic Techniques),grading-technique,Tateken zuki (Vertical fist punch),Compare with official grading syllabus and terminology glossary.,not reviewed,
G00401,6th-kyu,base,src/data/graduations/6th-kyu.json,techniques.Kihon Waza (Basic Techniques),grading-technique,Haito uchi (Ridge hand strike),Compare with official grading syllabus and terminology glossary.,not reviewed,
G00402,6th-kyu,base,src/data/graduations/6th-kyu.json,techniques.Kihon Waza (Basic Techniques),grading-technique,Ushiro geri (Back kick),Compare with official grading syllabus and terminology glossary.,not reviewed,
G00403,6th-kyu,base,src/data/graduations/6th-kyu.json,techniques.Kihon Waza (Basic Techniques),grading-technique,Sukui uke (Scooping block),Compare with official grading syllabus and terminology glossary.,not reviewed,
G00404,6th-kyu,base,src/data/graduations/6th-kyu.json,techniques.Kihon Waza (Basic Techniques),grading-technique,Kaishu gedan harai uke (Open hand lower level sweeping block),Compare with official grading syllabus and terminology glossary.,not reviewed,
G00405,6th-kyu,base,src/data/graduations/6th-kyu.json,techniques.Tachi Kata (Stances),grading-technique,Sagi ashi dachi (Stork stance),Compare with official grading syllabus and terminology glossary.,not reviewed,
G00406,6th-kyu,base,src/data/graduations/6th-kyu.json,techniques.Unsoku Ho (Foot Work),grading-technique,Sagi ashi dachi (Side step),Compare with official grading syllabus and terminology glossary.,not reviewed,
G00407,6th-kyu,base,src/data/graduations/6th-kyu.json,techniques.Ido (Moving Basics),grading-technique,"Mae geri, mawashi geri, yoko geri",Compare with official grading syllabus and terminology glossary.,not reviewed,
G00408,6th-kyu,base,src/data/graduations/6th-kyu.json,techniques.Ido (Moving Basics),grading-technique,"Chudan uchi uke, jodan age zuki",Compare with official grading syllabus and terminology glossary.,not reviewed,
G00409,6th-kyu,base,src/data/graduations/6th-kyu.json,techniques.Ido (Moving Basics),grading-technique,"Gedan uchi uke, chudan ura zuki",Compare with official grading syllabus and terminology glossary.,not reviewed,
G00410,6th-kyu,base,src/data/graduations/6th-kyu.json,techniques.Ido (Moving Basics),grading-technique,"Yoko geri (Hachiji dachi, side step)",Compare with official grading syllabus and terminology glossary.,not reviewed,
G00411,6th-kyu,base,src/data/graduations/6th-kyu.json,techniques.Ido (Moving Basics),grading-technique,"Shiko dachi gedan harai uke, zenkutsu dachi chudan gyaku zuki, shiko dachi gedan harai uke",Compare with official grading syllabus and terminology glossary.,not reviewed,
G00412,6th-kyu,base,src/data/graduations/6th-kyu.json,techniques.Kata,grading-technique,Saifa (Sequence),Compare with official grading syllabus and terminology glossary.,not reviewed,
G00413,6th-kyu,base,src/data/graduations/6th-kyu.json,techniques.Bunkai,grading-technique,Gekisai Dai Ni,Compare with official grading syllabus and terminology glossary.,not reviewed,
G00414,6th-kyu,base,src/data/graduations/6th-kyu.json,techniques.Kumite,grading-technique,"Basic block – chudan uchi uke, gedan uchi uke, jodan shotei uchi uke",Compare with official grading syllabus and terminology glossary.,not reviewed,
G00415,6th-kyu,base,src/data/graduations/6th-kyu.json,techniques.Kumite,grading-technique,Ude tanren combination,Compare with official grading syllabus and terminology glossary.,not reviewed,
G00416,6th-kyu,base,src/data/graduations/6th-kyu.json,techniques.Kumite,grading-technique,"Hachiji sabaki (Chudan uchi uke, gedan uchi uke)",Compare with official grading syllabus and terminology glossary.,not reviewed,
G00417,6th-kyu,base,src/data/graduations/6th-kyu.json,techniques.Kumite,grading-technique,Kakie with suri ashi,Compare with official grading syllabus and terminology glossary.,not reviewed,
G00418,6th-kyu,base,src/data/graduations/6th-kyu.json,techniques.Kumite,grading-technique,Kakie with balance breaking techniques,Compare with official grading syllabus and terminology glossary.,not reviewed,
G00419,6th-kyu,base,src/data/graduations/6th-kyu.json,techniques.Kumite,grading-technique,Irikumi ju,Compare with official grading syllabus and terminology glossary.,not reviewed,
G00420,6th-kyu,base,src/data/graduations/6th-kyu.json,techniques.Hojo Undo (Supplemental Training),grading-technique,"Makiwara – tateken zuki, haito uchi, ushiro geri",Compare with official grading syllabus and terminology glossary.,not reviewed,
G00421,6th-kyu,base,src/data/graduations/6th-kyu.json,techniques.Hojo Undo (Supplemental Training),grading-technique,"Ten tsuki (Single hand, double hands)",Compare with official grading syllabus and terminology glossary.,not reviewed,
G00422,6th-kyu,base,src/data/graduations/6th-kyu.json,techniques.Hojo Undo (Supplemental Training),grading-technique,Furi sute,Compare with official grading syllabus and terminology glossary.,not reviewed,
G00423,6th-kyu,base,src/data/graduations/6th-kyu.json,techniques.Hojo Undo (Supplemental Training),grading-technique,"Ukemi (Yoko, mae, kaiten)",Compare with official grading syllabus and terminology glossary.,not reviewed,
G00424,6th-kyu,base,src/data/graduations/6th-kyu.json,knowledge,terminology-knowledge,Kime = Focus,Compare with terminology glossary and Japanese/Okinawan source notes.,not reviewed,
G00425,6th-kyu,base,src/data/graduations/6th-kyu.json,knowledge,terminology-knowledge,Budo = The way of the warrior,Compare with terminology glossary and Japanese/Okinawan source notes.,not reviewed,
G00426,6th-kyu,base,src/data/graduations/6th-kyu.json,knowledge,terminology-knowledge,Do,Compare with terminology glossary and Japanese/Okinawan source notes.,not reviewed,Meaning is empty; verify whether this is intentional.
G00427,6th-kyu,base,src/data/graduations/6th-kyu.json,knowledge,terminology-knowledge,Honbu,Compare with terminology glossary and Japanese/Okinawan source notes.,not reviewed,Meaning is empty; verify whether this is intentional.
G00428,6th-kyu,base,src/data/graduations/6th-kyu.json,knowledge,terminology-knowledge,Yudansha = Black Belt Holder,Compare with terminology glossary and Japanese/Okinawan source notes.,not reviewed,
G00429,6th-kyu,base,src/data/graduations/6th-kyu.json,knowledge,terminology-knowledge,Mudansha = Student Without Black Belt,Compare with terminology glossary and Japanese/Okinawan source notes.,not reviewed,
G00430,6th-kyu,base,src/data/graduations/6th-kyu.json,knowledge,terminology-knowledge,Waza = Technique,Compare with terminology glossary and Japanese/Okinawan source notes.,not reviewed,
G00431,6th-kyu,base,src/data/graduations/6th-kyu.json,knowledge,terminology-knowledge,Gorei nashi = Without count,Compare with terminology glossary and Japanese/Okinawan source notes.,not reviewed,
G00432,6th-kyu,base,src/data/graduations/6th-kyu.json,knowledge,terminology-knowledge,Mawatte = Turn,Compare with terminology glossary and Japanese/Okinawan source notes.,not reviewed,
G00433,6th-kyu,base,src/data/graduations/6th-kyu.json,knowledge,terminology-knowledge,Irikumi,Compare with terminology glossary and Japanese/Okinawan source notes.,not reviewed,Meaning is empty; verify whether this is intentional.
G00434,6th-kyu,base,src/data/graduations/6th-kyu.json,knowledge,terminology-knowledge,Reigi/reishiki,Compare with terminology glossary and Japanese/Okinawan source notes.,not reviewed,Meaning is empty; verify whether this is intentional.
G00435,6th-kyu,base,src/data/graduations/6th-kyu.json,history,history,"Four major Japanese karate styles, Goju-Ryu, Shotokan, Wado-Ryu, Shito-Ryu.",Compare with history sources and lineage-specific source material.,not reviewed,
G00436,6th-kyu,base,src/data/graduations/6th-kyu.json,history,history,"Sensei Jin'an Shinzato – the top student, uchi deshi, and intended successor of Sensei Chojun Miyagi, died during World War II.",Compare with history sources and lineage-specific source material.,not reviewed,
G00437,6th-kyu,base,src/data/graduations/6th-kyu.json,history,history,Goju-Ryu was the first official style name in all karate styles.,Compare with history sources and lineage-specific source material.,not reviewed,
G00438,6th-kyu,base,src/data/graduations/6th-kyu.json,history,history,"Karate was originally called ""te"" (martial arts) or ""tode"" (Chinese martial arts) in Okinawa.",Compare with history sources and lineage-specific source material.,not reviewed,
G00439,6th-kyu,nl,src/data/graduations/6th-kyu.nl.json,title,grading-title,DE WEG NAAR 6E KYU,Compare with official grading syllabus title for this rank.,not reviewed,
G00440,6th-kyu,nl,src/data/graduations/6th-kyu.nl.json,requirements.classes,grading-requirement,classes: 35,Compare with official grading regulations and syllabus.,not reviewed,
G00441,6th-kyu,nl,src/data/graduations/6th-kyu.nl.json,requirements.months,grading-requirement,months: 3,Compare with official grading regulations and syllabus.,not reviewed,
G00442,6th-kyu,nl,src/data/graduations/6th-kyu.nl.json,techniques.Kihon Waza (Basis Technieken),grading-technique,Tateken zuki (Verticale vuist stoot),Compare with official grading syllabus and terminology glossary.,not reviewed,
G00443,6th-kyu,nl,src/data/graduations/6th-kyu.nl.json,techniques.Kihon Waza (Basis Technieken),grading-technique,Haito uchi (Ruggehand slag),Compare with official grading syllabus and terminology glossary.,not reviewed,
G00444,6th-kyu,nl,src/data/graduations/6th-kyu.nl.json,techniques.Kihon Waza (Basis Technieken),grading-technique,Ushiro geri (Achterwaartse trap),Compare with official grading syllabus and terminology glossary.,not reviewed,
G00445,6th-kyu,nl,src/data/graduations/6th-kyu.nl.json,techniques.Kihon Waza (Basis Technieken),grading-technique,Sukui uke (Schep blok),Compare with official grading syllabus and terminology glossary.,not reviewed,
G00446,6th-kyu,nl,src/data/graduations/6th-kyu.nl.json,techniques.Kihon Waza (Basis Technieken),grading-technique,Kaishu gedan harai uke (Open hand onderste niveau veegblok),Compare with official grading syllabus and terminology glossary.,not reviewed,
G00447,6th-kyu,nl,src/data/graduations/6th-kyu.nl.json,techniques.Tachi Kata (Stances),grading-technique,Sagi ashi dachi (Ooievaar houding),Compare with official grading syllabus and terminology glossary.,not reviewed,
G00448,6th-kyu,nl,src/data/graduations/6th-kyu.nl.json,techniques.Unsoku Ho (Voetwerk),grading-technique,Sagi ashi dachi (Zijwaartse stap),Compare with official grading syllabus and terminology glossary.,not reviewed,
G00449,6th-kyu,nl,src/data/graduations/6th-kyu.nl.json,techniques.Ido (Bewegende Basis),grading-technique,"Mae geri, mawashi geri, yoko geri",Compare with official grading syllabus and terminology glossary.,not reviewed,
G00450,6th-kyu,nl,src/data/graduations/6th-kyu.nl.json,techniques.Ido (Bewegende Basis),grading-technique,"Chudan uchi uke, jodan age zuki",Compare with official grading syllabus and terminology glossary.,not reviewed,
G00451,6th-kyu,nl,src/data/graduations/6th-kyu.nl.json,techniques.Ido (Bewegende Basis),grading-technique,"Gedan uchi uke, chudan ura zuki",Compare with official grading syllabus and terminology glossary.,not reviewed,
G00452,6th-kyu,nl,src/data/graduations/6th-kyu.nl.json,techniques.Ido (Bewegende Basis),grading-technique,"Yoko geri (Hachiji dachi, zijwaartse stap)",Compare with official grading syllabus and terminology glossary.,not reviewed,
G00453,6th-kyu,nl,src/data/graduations/6th-kyu.nl.json,techniques.Ido (Bewegende Basis),grading-technique,"Shiko dachi gedan harai uke, zenkutsu dachi chudan gyaku zuki, shiko dachi gedan harai uke",Compare with official grading syllabus and terminology glossary.,not reviewed,
G00454,6th-kyu,nl,src/data/graduations/6th-kyu.nl.json,techniques.Kata,grading-technique,Saifa (Reeks),Compare with official grading syllabus and terminology glossary.,not reviewed,
G00455,6th-kyu,nl,src/data/graduations/6th-kyu.nl.json,techniques.Bunkai,grading-technique,Gekisai Dai Ni,Compare with official grading syllabus and terminology glossary.,not reviewed,
G00456,6th-kyu,nl,src/data/graduations/6th-kyu.nl.json,techniques.Kumite,grading-technique,"Basis blok – chudan uchi uke, gedan uchi uke, jodan shotei uchi uke",Compare with official grading syllabus and terminology glossary.,not reviewed,
G00457,6th-kyu,nl,src/data/graduations/6th-kyu.nl.json,techniques.Kumite,grading-technique,Ude tanren combinatie,Compare with official grading syllabus and terminology glossary.,not reviewed,
G00458,6th-kyu,nl,src/data/graduations/6th-kyu.nl.json,techniques.Kumite,grading-technique,"Hachiji sabaki (Chudan uchi uke, gedan uchi uke)",Compare with official grading syllabus and terminology glossary.,not reviewed,
G00459,6th-kyu,nl,src/data/graduations/6th-kyu.nl.json,techniques.Kumite,grading-technique,Kakie met suri ashi,Compare with official grading syllabus and terminology glossary.,not reviewed,
G00460,6th-kyu,nl,src/data/graduations/6th-kyu.nl.json,techniques.Kumite,grading-technique,Kakie met balans verbrekende technieken,Compare with official grading syllabus and terminology glossary.,not reviewed,
G00461,6th-kyu,nl,src/data/graduations/6th-kyu.nl.json,techniques.Kumite,grading-technique,Irikumi ju,Compare with official grading syllabus and terminology glossary.,not reviewed,
G00462,6th-kyu,nl,src/data/graduations/6th-kyu.nl.json,techniques.Hojo Undo (Aanvullende Training),grading-technique,"Makiwara – tateken zuki, haito uchi, ushiro geri",Compare with official grading syllabus and terminology glossary.,not reviewed,
G00463,6th-kyu,nl,src/data/graduations/6th-kyu.nl.json,techniques.Hojo Undo (Aanvullende Training),grading-technique,"Ten tsuki (Enkele hand, dubbele handen)",Compare with official grading syllabus and terminology glossary.,not reviewed,
G00464,6th-kyu,nl,src/data/graduations/6th-kyu.nl.json,techniques.Hojo Undo (Aanvullende Training),grading-technique,Furi sute,Compare with official grading syllabus and terminology glossary.,not reviewed,
G00465,6th-kyu,nl,src/data/graduations/6th-kyu.nl.json,techniques.Hojo Undo (Aanvullende Training),grading-technique,"Ukemi (Yoko, mae, kaiten)",Compare with official grading syllabus and terminology glossary.,not reviewed,
G00466,6th-kyu,nl,src/data/graduations/6th-kyu.nl.json,knowledge,terminology-knowledge,Kime = Focus.,Compare with terminology glossary and Japanese/Okinawan source notes.,not reviewed,
G00467,6th-kyu,nl,src/data/graduations/6th-kyu.nl.json,knowledge,terminology-knowledge,Budo = De 'weg van de krijger' als levensstijl/filosofie.,Compare with terminology glossary and Japanese/Okinawan source notes.,not reviewed,
G00468,6th-kyu,nl,src/data/graduations/6th-kyu.nl.json,knowledge,terminology-knowledge,Do,Compare with terminology glossary and Japanese/Okinawan source notes.,not reviewed,Meaning is empty; verify whether this is intentional.
G00469,6th-kyu,nl,src/data/graduations/6th-kyu.nl.json,knowledge,terminology-knowledge,Honbu,Compare with terminology glossary and Japanese/Okinawan source notes.,not reviewed,Meaning is empty; verify whether this is intentional.
G00470,6th-kyu,nl,src/data/graduations/6th-kyu.nl.json,knowledge,terminology-knowledge,Yudansha = Karateka met een dan-graad.,Compare with terminology glossary and Japanese/Okinawan source notes.,not reviewed,
G00471,6th-kyu,nl,src/data/graduations/6th-kyu.nl.json,knowledge,terminology-knowledge,Mudansha = Student Zonder Zwarte Band,Compare with terminology glossary and Japanese/Okinawan source notes.,not reviewed,
G00472,6th-kyu,nl,src/data/graduations/6th-kyu.nl.json,knowledge,terminology-knowledge,Waza = Techniek,Compare with terminology glossary and Japanese/Okinawan source notes.,not reviewed,
G00473,6th-kyu,nl,src/data/graduations/6th-kyu.nl.json,knowledge,terminology-knowledge,Gorei nashi = Zonder tellen (op eigen tempo).,Compare with terminology glossary and Japanese/Okinawan source notes.,not reviewed,
G00474,6th-kyu,nl,src/data/graduations/6th-kyu.nl.json,knowledge,terminology-knowledge,Mawatte = Draai,Compare with terminology glossary and Japanese/Okinawan source notes.,not reviewed,
G00475,6th-kyu,nl,src/data/graduations/6th-kyu.nl.json,knowledge,terminology-knowledge,Irikumi,Compare with terminology glossary and Japanese/Okinawan source notes.,not reviewed,Meaning is empty; verify whether this is intentional.
G00476,6th-kyu,nl,src/data/graduations/6th-kyu.nl.json,knowledge,terminology-knowledge,Reigi/reishiki,Compare with terminology glossary and Japanese/Okinawan source notes.,not reviewed,Meaning is empty; verify whether this is intentional.
G00477,6th-kyu,nl,src/data/graduations/6th-kyu.nl.json,history,history,"Vier grote Japanse karate stijlen, Goju-Ryu, Shotokan, Wado-Ryu, Shito-Ryu.",Compare with history sources and lineage-specific source material.,not reviewed,
G00478,6th-kyu,nl,src/data/graduations/6th-kyu.nl.json,history,history,"Sensei Jin'an Shinzato – de beste student, uchi deshi, en beoogde opvolger van Sensei Chojun Miyagi, stierf tijdens de Tweede Wereldoorlog.",Compare with history sources and lineage-specific source material.,not reviewed,
G00479,6th-kyu,nl,src/data/graduations/6th-kyu.nl.json,history,history,Goju-Ryu was de eerste officiële stijlnaam in alle karate stijlen.,Compare with history sources and lineage-specific source material.,not reviewed,
G00480,6th-kyu,nl,src/data/graduations/6th-kyu.nl.json,history,history,"Karate werd oorspronkelijk ""te"" (martial arts) of ""tode"" (Chinese martial arts) genoemd in Okinawa.",Compare with history sources and lineage-specific source material.,not reviewed,
G00481,7th-kyu,base,src/data/graduations/7th-kyu.json,title,grading-title,THE WAY TO 7TH KYU,Compare with official grading syllabus title for this rank.,not reviewed,
G00482,7th-kyu,base,src/data/graduations/7th-kyu.json,requirements.classes,grading-requirement,classes: 30,Compare with official grading regulations and syllabus.,not reviewed,
G00483,7th-kyu,base,src/data/graduations/7th-kyu.json,requirements.months,grading-requirement,months: 3,Compare with official grading regulations and syllabus.,not reviewed,
G00484,7th-kyu,base,src/data/graduations/7th-kyu.json,techniques.Kihon Waza (Basic Techniques),grading-technique,Kizami zuki (Snap punch),Compare with official grading syllabus and terminology glossary.,not reviewed,
G00485,7th-kyu,base,src/data/graduations/7th-kyu.json,techniques.Kihon Waza (Basic Techniques),grading-technique,Yoko geri (Side kick),Compare with official grading syllabus and terminology glossary.,not reviewed,
G00486,7th-kyu,base,src/data/graduations/7th-kyu.json,techniques.Kihon Waza (Basic Techniques),grading-technique,Kin geri (Groin kick),Compare with official grading syllabus and terminology glossary.,not reviewed,
G00487,7th-kyu,base,src/data/graduations/7th-kyu.json,techniques.Kihon Waza (Basic Techniques),grading-technique,Fumikomi geri (Stamping kick),Compare with official grading syllabus and terminology glossary.,not reviewed,
G00488,7th-kyu,base,src/data/graduations/7th-kyu.json,techniques.Kihon Waza (Basic Techniques),grading-technique,Chudan uchi uke (Middle level inside block),Compare with official grading syllabus and terminology glossary.,not reviewed,
G00489,7th-kyu,base,src/data/graduations/7th-kyu.json,techniques.Kihon Waza (Basic Techniques),grading-technique,Gedan uchi uke (Lower level inside block),Compare with official grading syllabus and terminology glossary.,not reviewed,
G00490,7th-kyu,base,src/data/graduations/7th-kyu.json,techniques.Tachi Kata (Stances),grading-technique,Sanchin dachi (Hourglass stance/sanchin stance),Compare with official grading syllabus and terminology glossary.,not reviewed,
G00491,7th-kyu,base,src/data/graduations/7th-kyu.json,techniques.Unsoku Ho (Foot Work),grading-technique,Sanchin dachi,Compare with official grading syllabus and terminology glossary.,not reviewed,
G00492,7th-kyu,base,src/data/graduations/7th-kyu.json,techniques.Unsoku Ho (Foot Work),grading-technique,"Neko ashi dachi (Turn, 45 degrees forward & backward)",Compare with official grading syllabus and terminology glossary.,not reviewed,
G00493,7th-kyu,base,src/data/graduations/7th-kyu.json,techniques.Ido (Moving Basics),grading-technique,Hiza geri,Compare with official grading syllabus and terminology glossary.,not reviewed,
G00494,7th-kyu,base,src/data/graduations/7th-kyu.json,techniques.Ido (Moving Basics),grading-technique,Yoko geri,Compare with official grading syllabus and terminology glossary.,not reviewed,
G00495,7th-kyu,base,src/data/graduations/7th-kyu.json,techniques.Ido (Moving Basics),grading-technique,"Mae geri, mawashi geri, gyaku zuki",Compare with official grading syllabus and terminology glossary.,not reviewed,
G00496,7th-kyu,base,src/data/graduations/7th-kyu.json,techniques.Ido (Moving Basics),grading-technique,"Hiki uke, gyaku zuki",Compare with official grading syllabus and terminology glossary.,not reviewed,
G00497,7th-kyu,base,src/data/graduations/7th-kyu.json,techniques.Kata,grading-technique,Gekisai Dai Ni (Detail),Compare with official grading syllabus and terminology glossary.,not reviewed,
G00498,7th-kyu,base,src/data/graduations/7th-kyu.json,techniques.Kata,grading-technique,Sanchin (Sequence),Compare with official grading syllabus and terminology glossary.,not reviewed,
G00499,7th-kyu,base,src/data/graduations/7th-kyu.json,techniques.Bunkai,grading-technique,Gekisai Dai Ichi,Compare with official grading syllabus and terminology glossary.,not reviewed,
G00500,7th-kyu,base,src/data/graduations/7th-kyu.json,techniques.Kumite,grading-technique,Sandan gi,Compare with official grading syllabus and terminology glossary.,not reviewed,
G00501,7th-kyu,base,src/data/graduations/7th-kyu.json,techniques.Kumite,grading-technique,Basic block with partner – hiki uke,Compare with official grading syllabus and terminology glossary.,not reviewed,
G00502,7th-kyu,base,src/data/graduations/7th-kyu.json,techniques.Kumite,grading-technique,Kakie – basic,Compare with official grading syllabus and terminology glossary.,not reviewed,
G00503,7th-kyu,base,src/data/graduations/7th-kyu.json,techniques.Kumite,grading-technique,Ippon kumite,Compare with official grading syllabus and terminology glossary.,not reviewed,
G00504,7th-kyu,base,src/data/graduations/7th-kyu.json,techniques.Kumite,grading-technique,"Chudan uchi uke, jodan age zuki",Compare with official grading syllabus and terminology glossary.,not reviewed,
G00505,7th-kyu,base,src/data/graduations/7th-kyu.json,techniques.Kumite,grading-technique,"Gedan uchi uke, chudan gyaku zuki",Compare with official grading syllabus and terminology glossary.,not reviewed,
G00506,7th-kyu,base,src/data/graduations/7th-kyu.json,techniques.Kumite,grading-technique,"Chudan hiki uke, chudan mawashi geri, chudan gyaku zuki",Compare with official grading syllabus and terminology glossary.,not reviewed,
G00507,7th-kyu,base,src/data/graduations/7th-kyu.json,techniques.Kumite,grading-technique,Ude tanren (kote gitae) chudan gedan inside & outside,Compare with official grading syllabus and terminology glossary.,not reviewed,
G00508,7th-kyu,base,src/data/graduations/7th-kyu.json,techniques.Hojo Undo (Supplemental Training),grading-technique,"Makiwara - Yoko geri, kingeri, kizami zuki",Compare with official grading syllabus and terminology glossary.,not reviewed,
G00509,7th-kyu,base,src/data/graduations/7th-kyu.json,techniques.Hojo Undo (Supplemental Training),grading-technique,Tai otoshi,Compare with official grading syllabus and terminology glossary.,not reviewed,
G00510,7th-kyu,base,src/data/graduations/7th-kyu.json,knowledge,terminology-knowledge,Seiza = Sit down (kneeling),Compare with terminology glossary and Japanese/Okinawan source notes.,not reviewed,
G00511,7th-kyu,base,src/data/graduations/7th-kyu.json,knowledge,terminology-knowledge,Mokuso = Meditation,Compare with terminology glossary and Japanese/Okinawan source notes.,not reviewed,
G00512,7th-kyu,base,src/data/graduations/7th-kyu.json,knowledge,terminology-knowledge,Dojo kun = Dojo rules,Compare with terminology glossary and Japanese/Okinawan source notes.,not reviewed,
G00513,7th-kyu,base,src/data/graduations/7th-kyu.json,knowledge,terminology-knowledge,Mae/yoko/migi/hidari/ushiro/naname,Compare with terminology glossary and Japanese/Okinawan source notes.,not reviewed,Meaning is empty; verify whether this is intentional.
G00514,7th-kyu,base,src/data/graduations/7th-kyu.json,knowledge,terminology-knowledge,Ashi kaete,Compare with terminology glossary and Japanese/Okinawan source notes.,not reviewed,Meaning is empty; verify whether this is intentional.
G00515,7th-kyu,base,src/data/graduations/7th-kyu.json,knowledge,terminology-knowledge,Shomen/shimoza,Compare with terminology glossary and Japanese/Okinawan source notes.,not reviewed,Meaning is empty; verify whether this is intentional.
G00516,7th-kyu,base,src/data/graduations/7th-kyu.json,knowledge,terminology-knowledge,Joseki/shimoseki,Compare with terminology glossary and Japanese/Okinawan source notes.,not reviewed,Meaning is empty; verify whether this is intentional.
G00517,7th-kyu,base,src/data/graduations/7th-kyu.json,history,history,"Sensei Anichi Miyagi - Direct/last student of Sensei Chojun Miyagi, and teacher of Sensei Morio Higaonna",Compare with history sources and lineage-specific source material.,not reviewed,
G00518,7th-kyu,base,src/data/graduations/7th-kyu.json,history,history,Sensei Morio Higaonna - 1st Chairman and International Chief Instructor of IOGKF,Compare with history sources and lineage-specific source material.,not reviewed,
G00519,7th-kyu,base,src/data/graduations/7th-kyu.json,history,history,IOGKF was formed in 1979 by Sensei Morio Higaonna,Compare with history sources and lineage-specific source material.,not reviewed,
G00520,7th-kyu,base,src/data/graduations/7th-kyu.json,history,history,Bodhi Dharma - 5th century Zen Buddhist monk who had a major influence on development of martial arts,Compare with history sources and lineage-specific source material.,not reviewed,
G00521,7th-kyu,nl,src/data/graduations/7th-kyu.nl.json,title,grading-title,DE WEG NAAR 7E KYU,Compare with official grading syllabus title for this rank.,not reviewed,
G00522,7th-kyu,nl,src/data/graduations/7th-kyu.nl.json,requirements.classes,grading-requirement,classes: 30,Compare with official grading regulations and syllabus.,not reviewed,
G00523,7th-kyu,nl,src/data/graduations/7th-kyu.nl.json,requirements.months,grading-requirement,months: 3,Compare with official grading regulations and syllabus.,not reviewed,
G00524,7th-kyu,nl,src/data/graduations/7th-kyu.nl.json,techniques.Kihon Waza (Basis Technieken),grading-technique,Kizami zuki (Snap stoot),Compare with official grading syllabus and terminology glossary.,not reviewed,
G00525,7th-kyu,nl,src/data/graduations/7th-kyu.nl.json,techniques.Kihon Waza (Basis Technieken),grading-technique,Yoko geri (Zijwaartse trap),Compare with official grading syllabus and terminology glossary.,not reviewed,
G00526,7th-kyu,nl,src/data/graduations/7th-kyu.nl.json,techniques.Kihon Waza (Basis Technieken),grading-technique,Kin geri (Lies trap),Compare with official grading syllabus and terminology glossary.,not reviewed,
G00527,7th-kyu,nl,src/data/graduations/7th-kyu.nl.json,techniques.Kihon Waza (Basis Technieken),grading-technique,Fumikomi geri (Stempel trap),Compare with official grading syllabus and terminology glossary.,not reviewed,
G00528,7th-kyu,nl,src/data/graduations/7th-kyu.nl.json,techniques.Kihon Waza (Basis Technieken),grading-technique,Chudan uchi uke (Middelste niveau binnenste blok),Compare with official grading syllabus and terminology glossary.,not reviewed,
G00529,7th-kyu,nl,src/data/graduations/7th-kyu.nl.json,techniques.Kihon Waza (Basis Technieken),grading-technique,Gedan uchi uke (Onderste niveau binnenste blok),Compare with official grading syllabus and terminology glossary.,not reviewed,
G00530,7th-kyu,nl,src/data/graduations/7th-kyu.nl.json,techniques.Tachi Kata (Stances),grading-technique,Sanchin dachi (Zandloper houding/sanchin houding),Compare with official grading syllabus and terminology glossary.,not reviewed,
G00531,7th-kyu,nl,src/data/graduations/7th-kyu.nl.json,techniques.Unsoku Ho (Voetwerk),grading-technique,Sanchin dachi,Compare with official grading syllabus and terminology glossary.,not reviewed,
G00532,7th-kyu,nl,src/data/graduations/7th-kyu.nl.json,techniques.Unsoku Ho (Voetwerk),grading-technique,"Neko ashi dachi (Draai, 45 graden voorwaarts & achterwaarts)",Compare with official grading syllabus and terminology glossary.,not reviewed,
G00533,7th-kyu,nl,src/data/graduations/7th-kyu.nl.json,techniques.Ido (Bewegende Basis),grading-technique,Hiza geri,Compare with official grading syllabus and terminology glossary.,not reviewed,
G00534,7th-kyu,nl,src/data/graduations/7th-kyu.nl.json,techniques.Ido (Bewegende Basis),grading-technique,Yoko geri,Compare with official grading syllabus and terminology glossary.,not reviewed,
G00535,7th-kyu,nl,src/data/graduations/7th-kyu.nl.json,techniques.Ido (Bewegende Basis),grading-technique,"Mae geri, mawashi geri, gyaku zuki",Compare with official grading syllabus and terminology glossary.,not reviewed,
G00536,7th-kyu,nl,src/data/graduations/7th-kyu.nl.json,techniques.Ido (Bewegende Basis),grading-technique,"Hiki uke, gyaku zuki",Compare with official grading syllabus and terminology glossary.,not reviewed,
G00537,7th-kyu,nl,src/data/graduations/7th-kyu.nl.json,techniques.Kata,grading-technique,Gekisai Dai Ni (Detail),Compare with official grading syllabus and terminology glossary.,not reviewed,
G00538,7th-kyu,nl,src/data/graduations/7th-kyu.nl.json,techniques.Kata,grading-technique,Sanchin (Reeks),Compare with official grading syllabus and terminology glossary.,not reviewed,
G00539,7th-kyu,nl,src/data/graduations/7th-kyu.nl.json,techniques.Bunkai,grading-technique,Gekisai Dai Ichi,Compare with official grading syllabus and terminology glossary.,not reviewed,
G00540,7th-kyu,nl,src/data/graduations/7th-kyu.nl.json,techniques.Kumite,grading-technique,Sandan gi,Compare with official grading syllabus and terminology glossary.,not reviewed,
G00541,7th-kyu,nl,src/data/graduations/7th-kyu.nl.json,techniques.Kumite,grading-technique,Basis blok met partner – hiki uke,Compare with official grading syllabus and terminology glossary.,not reviewed,
G00542,7th-kyu,nl,src/data/graduations/7th-kyu.nl.json,techniques.Kumite,grading-technique,Kakie – basis,Compare with official grading syllabus and terminology glossary.,not reviewed,
G00543,7th-kyu,nl,src/data/graduations/7th-kyu.nl.json,techniques.Kumite,grading-technique,Ippon kumite,Compare with official grading syllabus and terminology glossary.,not reviewed,
G00544,7th-kyu,nl,src/data/graduations/7th-kyu.nl.json,techniques.Kumite,grading-technique,"Chudan uchi uke, jodan age zuki",Compare with official grading syllabus and terminology glossary.,not reviewed,
G00545,7th-kyu,nl,src/data/graduations/7th-kyu.nl.json,techniques.Kumite,grading-technique,"Gedan uchi uke, chudan gyaku zuki",Compare with official grading syllabus and terminology glossary.,not reviewed,
G00546,7th-kyu,nl,src/data/graduations/7th-kyu.nl.json,techniques.Kumite,grading-technique,"Chudan hiki uke, chudan mawashi geri, chudan gyaku zuki",Compare with official grading syllabus and terminology glossary.,not reviewed,
G00547,7th-kyu,nl,src/data/graduations/7th-kyu.nl.json,techniques.Kumite,grading-technique,Ude tanren (kote gitae) chudan gedan binnen & buiten,Compare with official grading syllabus and terminology glossary.,not reviewed,
G00548,7th-kyu,nl,src/data/graduations/7th-kyu.nl.json,techniques.Hojo Undo (Aanvullende Training),grading-technique,"Makiwara - Yoko geri, kingeri, kizami zuki",Compare with official grading syllabus and terminology glossary.,not reviewed,
G00549,7th-kyu,nl,src/data/graduations/7th-kyu.nl.json,techniques.Hojo Undo (Aanvullende Training),grading-technique,Tai otoshi,Compare with official grading syllabus and terminology glossary.,not reviewed,
G00550,7th-kyu,nl,src/data/graduations/7th-kyu.nl.json,knowledge,terminology-knowledge,Seiza = Formeel zitten,Compare with terminology glossary and Japanese/Okinawan source notes.,not reviewed,
G00551,7th-kyu,nl,src/data/graduations/7th-kyu.nl.json,knowledge,terminology-knowledge,Mokuso = Meditatie start ('stop gedachten').,Compare with terminology glossary and Japanese/Okinawan source notes.,not reviewed,
G00552,7th-kyu,nl,src/data/graduations/7th-kyu.nl.json,knowledge,terminology-knowledge,Dojo kun = De regels die in de dojo gelden.,Compare with terminology glossary and Japanese/Okinawan source notes.,not reviewed,
G00553,7th-kyu,nl,src/data/graduations/7th-kyu.nl.json,knowledge,terminology-knowledge,Mae/yoko/migi/hidari/ushiro/naname,Compare with terminology glossary and Japanese/Okinawan source notes.,not reviewed,Meaning is empty; verify whether this is intentional.
G00554,7th-kyu,nl,src/data/graduations/7th-kyu.nl.json,knowledge,terminology-knowledge,Ashi kaete,Compare with terminology glossary and Japanese/Okinawan source notes.,not reviewed,Meaning is empty; verify whether this is intentional.
G00555,7th-kyu,nl,src/data/graduations/7th-kyu.nl.json,knowledge,terminology-knowledge,Shomen/shimoza,Compare with terminology glossary and Japanese/Okinawan source notes.,not reviewed,Meaning is empty; verify whether this is intentional.
G00556,7th-kyu,nl,src/data/graduations/7th-kyu.nl.json,knowledge,terminology-knowledge,Joseki/shimoseki,Compare with terminology glossary and Japanese/Okinawan source notes.,not reviewed,Meaning is empty; verify whether this is intentional.
G00557,7th-kyu,nl,src/data/graduations/7th-kyu.nl.json,history,history,"Sensei Anichi Miyagi - Direct/laatste student van Sensei Chojun Miyagi, en leraar van Sensei Morio Higaonna",Compare with history sources and lineage-specific source material.,not reviewed,
G00558,7th-kyu,nl,src/data/graduations/7th-kyu.nl.json,history,history,Sensei Morio Higaonna - 1e Voorzitter en Internationale Hoofdinstructeur van IOGKF,Compare with history sources and lineage-specific source material.,not reviewed,
G00559,7th-kyu,nl,src/data/graduations/7th-kyu.nl.json,history,history,IOGKF werd opgericht in 1979 door Sensei Morio Higaonna,Compare with history sources and lineage-specific source material.,not reviewed,
G00560,7th-kyu,nl,src/data/graduations/7th-kyu.nl.json,history,history,Bodhi Dharma - 5e eeuw Zen Boeddhistische monnik die een grote invloed had op de ontwikkeling van martial arts,Compare with history sources and lineage-specific source material.,not reviewed,
G00561,8th-kyu,base,src/data/graduations/8th-kyu.json,title,grading-title,THE WAY TO 8TH KYU,Compare with official grading syllabus title for this rank.,not reviewed,
G00562,8th-kyu,base,src/data/graduations/8th-kyu.json,requirements.classes,grading-requirement,classes: 24,Compare with official grading regulations and syllabus.,not reviewed,
G00563,8th-kyu,base,src/data/graduations/8th-kyu.json,requirements.months,grading-requirement,months: 2,Compare with official grading regulations and syllabus.,not reviewed,
G00564,8th-kyu,base,src/data/graduations/8th-kyu.json,techniques.Kihon Waza (Basic Techniques),grading-technique,Chudan ura zuki (Middle level short punch),Compare with official grading syllabus and terminology glossary.,not reviewed,
G00565,8th-kyu,base,src/data/graduations/8th-kyu.json,techniques.Kihon Waza (Basic Techniques),grading-technique,Jodan age zuki (Upper cut),Compare with official grading syllabus and terminology glossary.,not reviewed,
G00566,8th-kyu,base,src/data/graduations/8th-kyu.json,techniques.Kihon Waza (Basic Techniques),grading-technique,Sanbon zuki (Triple punch),Compare with official grading syllabus and terminology glossary.,not reviewed,
G00567,8th-kyu,base,src/data/graduations/8th-kyu.json,techniques.Kihon Waza (Basic Techniques),grading-technique,Hiza geri (Knee kick),Compare with official grading syllabus and terminology glossary.,not reviewed,
G00568,8th-kyu,base,src/data/graduations/8th-kyu.json,techniques.Kihon Waza (Basic Techniques),grading-technique,Chudan hiki uke (Middle level pulling block),Compare with official grading syllabus and terminology glossary.,not reviewed,
G00569,8th-kyu,base,src/data/graduations/8th-kyu.json,techniques.Kihon Waza (Basic Techniques),grading-technique,Tora guchi (Tiger mouth block),Compare with official grading syllabus and terminology glossary.,not reviewed,
G00570,8th-kyu,base,src/data/graduations/8th-kyu.json,techniques.Kihon Waza (Basic Techniques),grading-technique,Sanbon uke (Triple block),Compare with official grading syllabus and terminology glossary.,not reviewed,
G00571,8th-kyu,base,src/data/graduations/8th-kyu.json,techniques.Tachi Kata (Stances),grading-technique,Neko ashi dachi (Cat stance),Compare with official grading syllabus and terminology glossary.,not reviewed,
G00572,8th-kyu,base,src/data/graduations/8th-kyu.json,techniques.Unsoku Ho (Foot Work),grading-technique,Heiko dachi twist 90 degrees back,Compare with official grading syllabus and terminology glossary.,not reviewed,
G00573,8th-kyu,base,src/data/graduations/8th-kyu.json,techniques.Unsoku Ho (Foot Work),grading-technique,"Neko ashi dachi suri ashi (Forward, backward, sideways)",Compare with official grading syllabus and terminology glossary.,not reviewed,
G00574,8th-kyu,base,src/data/graduations/8th-kyu.json,techniques.Ido (Moving Basics),grading-technique,"Jodan oi zuki, chudan gyaku zuki",Compare with official grading syllabus and terminology glossary.,not reviewed,
G00575,8th-kyu,base,src/data/graduations/8th-kyu.json,techniques.Ido (Moving Basics),grading-technique,"Mae geri, gyaku zuki",Compare with official grading syllabus and terminology glossary.,not reviewed,
G00576,8th-kyu,base,src/data/graduations/8th-kyu.json,techniques.Ido (Moving Basics),grading-technique,"Mawashi geri, gyaku zuki",Compare with official grading syllabus and terminology glossary.,not reviewed,
G00577,8th-kyu,base,src/data/graduations/8th-kyu.json,techniques.Ido (Moving Basics),grading-technique,"Jodan age uke, gyaku zuki",Compare with official grading syllabus and terminology glossary.,not reviewed,
G00578,8th-kyu,base,src/data/graduations/8th-kyu.json,techniques.Ido (Moving Basics),grading-technique,"Chudan yoko uke, gyaku zuki",Compare with official grading syllabus and terminology glossary.,not reviewed,
G00579,8th-kyu,base,src/data/graduations/8th-kyu.json,techniques.Ido (Moving Basics),grading-technique,"Gedan harai uke, gyaku zuki",Compare with official grading syllabus and terminology glossary.,not reviewed,
G00580,8th-kyu,base,src/data/graduations/8th-kyu.json,techniques.Ido (Moving Basics),grading-technique,Shiko dachi gedan harai uke,Compare with official grading syllabus and terminology glossary.,not reviewed,
G00581,8th-kyu,base,src/data/graduations/8th-kyu.json,techniques.Ido (Moving Basics),grading-technique,One men sandan gi,Compare with official grading syllabus and terminology glossary.,not reviewed,
G00582,8th-kyu,base,src/data/graduations/8th-kyu.json,techniques.Kata,grading-technique,Gekisai Dai Ichi (Detail),Compare with official grading syllabus and terminology glossary.,not reviewed,
G00583,8th-kyu,base,src/data/graduations/8th-kyu.json,techniques.Kata,grading-technique,Gekisai Dai Ni (Sequence),Compare with official grading syllabus and terminology glossary.,not reviewed,
G00584,8th-kyu,base,src/data/graduations/8th-kyu.json,techniques.Kumite,grading-technique,"Kihon ippon kumite (Jodan, chudan, gedan)",Compare with official grading syllabus and terminology glossary.,not reviewed,
G00585,8th-kyu,base,src/data/graduations/8th-kyu.json,techniques.Kumite,grading-technique,Sonoba sandan gi,Compare with official grading syllabus and terminology glossary.,not reviewed,
G00586,8th-kyu,base,src/data/graduations/8th-kyu.json,techniques.Hojo Undo (Supplemental Training),grading-technique,"Makiwara - Hiza geri, jodan age zuki, chudan ura zuki",Compare with official grading syllabus and terminology glossary.,not reviewed,
G00587,8th-kyu,base,src/data/graduations/8th-kyu.json,techniques.Hojo Undo (Supplemental Training),grading-technique,Ukemi (Mae & ushiro),Compare with official grading syllabus and terminology glossary.,not reviewed,
G00588,8th-kyu,base,src/data/graduations/8th-kyu.json,knowledge,terminology-knowledge,International Okinawan Goju-Ryu Karate-Do Federation (IOGKF),Compare with terminology glossary and Japanese/Okinawan source notes.,not reviewed,Meaning is empty; verify whether this is intentional.
G00589,8th-kyu,base,src/data/graduations/8th-kyu.json,knowledge,terminology-knowledge,Kenkon/tenchi,Compare with terminology glossary and Japanese/Okinawan source notes.,not reviewed,Meaning is empty; verify whether this is intentional.
G00590,8th-kyu,base,src/data/graduations/8th-kyu.json,knowledge,terminology-knowledge,Mon,Compare with terminology glossary and Japanese/Okinawan source notes.,not reviewed,Meaning is empty; verify whether this is intentional.
G00591,8th-kyu,base,src/data/graduations/8th-kyu.json,knowledge,terminology-knowledge,Count to 10 in Japanese,Compare with terminology glossary and Japanese/Okinawan source notes.,not reviewed,Meaning is empty; verify whether this is intentional.
G00592,8th-kyu,base,src/data/graduations/8th-kyu.json,knowledge,terminology-knowledge,Shitsurei shimasu = Excuse me / Sorry,Compare with terminology glossary and Japanese/Okinawan source notes.,not reviewed,
G00593,8th-kyu,base,src/data/graduations/8th-kyu.json,knowledge,terminology-knowledge,Moichido = One more time,Compare with terminology glossary and Japanese/Okinawan source notes.,not reviewed,
G00594,8th-kyu,base,src/data/graduations/8th-kyu.json,knowledge,terminology-knowledge,Karate-ka,Compare with terminology glossary and Japanese/Okinawan source notes.,not reviewed,Meaning is empty; verify whether this is intentional.
G00595,8th-kyu,base,src/data/graduations/8th-kyu.json,knowledge,terminology-knowledge,"Kata = Form, pattern",Compare with terminology glossary and Japanese/Okinawan source notes.,not reviewed,
G00596,8th-kyu,base,src/data/graduations/8th-kyu.json,knowledge,terminology-knowledge,Kihon = Basic techniques,Compare with terminology glossary and Japanese/Okinawan source notes.,not reviewed,
G00597,8th-kyu,base,src/data/graduations/8th-kyu.json,knowledge,terminology-knowledge,Kiai = Spirit shout,Compare with terminology glossary and Japanese/Okinawan source notes.,not reviewed,
G00598,8th-kyu,base,src/data/graduations/8th-kyu.json,knowledge,terminology-knowledge,Zuki / tsuki,Compare with terminology glossary and Japanese/Okinawan source notes.,not reviewed,Meaning is empty; verify whether this is intentional.
G00599,8th-kyu,base,src/data/graduations/8th-kyu.json,knowledge,terminology-knowledge,Uchi = Inward,Compare with terminology glossary and Japanese/Okinawan source notes.,not reviewed,
G00600,8th-kyu,base,src/data/graduations/8th-kyu.json,knowledge,terminology-knowledge,Geri / keri,Compare with terminology glossary and Japanese/Okinawan source notes.,not reviewed,Meaning is empty; verify whether this is intentional.
G00601,8th-kyu,base,src/data/graduations/8th-kyu.json,history,history,Sensei Chojun Miyagi (1888 - 1953) - founder of Goju-Ryu.,Compare with history sources and lineage-specific source material.,not reviewed,
G00602,8th-kyu,base,src/data/graduations/8th-kyu.json,history,history,"Sensei Kanryo Higaonna (1853 - 1915) - teacher of Sensei Chojun Miyagi, who went to China to practice Southern Chinese Martial Arts, founder of Naha-Te.",Compare with history sources and lineage-specific source material.,not reviewed,
G00603,8th-kyu,base,src/data/graduations/8th-kyu.json,history,history,"Ryu Ryu Ko - Chinese Martial Arts (Southern Shaolin Style) Master, teacher of Sensei Kanryo Higaonna.",Compare with history sources and lineage-specific source material.,not reviewed,
G00604,8th-kyu,nl,src/data/graduations/8th-kyu.nl.json,title,grading-title,DE WEG NAAR 8E KYU,Compare with official grading syllabus title for this rank.,not reviewed,
G00605,8th-kyu,nl,src/data/graduations/8th-kyu.nl.json,requirements.classes,grading-requirement,classes: 24,Compare with official grading regulations and syllabus.,not reviewed,
G00606,8th-kyu,nl,src/data/graduations/8th-kyu.nl.json,requirements.months,grading-requirement,months: 2,Compare with official grading regulations and syllabus.,not reviewed,
G00607,8th-kyu,nl,src/data/graduations/8th-kyu.nl.json,techniques.Kihon Waza (Basis Technieken),grading-technique,Chudan ura zuki (Middelste niveau korte stoot),Compare with official grading syllabus and terminology glossary.,not reviewed,
G00608,8th-kyu,nl,src/data/graduations/8th-kyu.nl.json,techniques.Kihon Waza (Basis Technieken),grading-technique,Jodan age zuki (Bovenste haak),Compare with official grading syllabus and terminology glossary.,not reviewed,
G00609,8th-kyu,nl,src/data/graduations/8th-kyu.nl.json,techniques.Kihon Waza (Basis Technieken),grading-technique,Sanbon zuki (Drievoudige stoot),Compare with official grading syllabus and terminology glossary.,not reviewed,
G00610,8th-kyu,nl,src/data/graduations/8th-kyu.nl.json,techniques.Kihon Waza (Basis Technieken),grading-technique,Hiza geri (Knie trap),Compare with official grading syllabus and terminology glossary.,not reviewed,
G00611,8th-kyu,nl,src/data/graduations/8th-kyu.nl.json,techniques.Kihon Waza (Basis Technieken),grading-technique,Chudan hiki uke (Middelste niveau trekkend blok),Compare with official grading syllabus and terminology glossary.,not reviewed,
G00612,8th-kyu,nl,src/data/graduations/8th-kyu.nl.json,techniques.Kihon Waza (Basis Technieken),grading-technique,Tora guchi (Tijgermond blok),Compare with official grading syllabus and terminology glossary.,not reviewed,
G00613,8th-kyu,nl,src/data/graduations/8th-kyu.nl.json,techniques.Kihon Waza (Basis Technieken),grading-technique,Sanbon uke (Drievoudig blok),Compare with official grading syllabus and terminology glossary.,not reviewed,
G00614,8th-kyu,nl,src/data/graduations/8th-kyu.nl.json,techniques.Tachi Kata (Stances),grading-technique,Neko ashi dachi (Kattenhouding),Compare with official grading syllabus and terminology glossary.,not reviewed,
G00615,8th-kyu,nl,src/data/graduations/8th-kyu.nl.json,techniques.Unsoku Ho (Voetwerk),grading-technique,Heiko dachi draai 90 graden terug,Compare with official grading syllabus and terminology glossary.,not reviewed,
G00616,8th-kyu,nl,src/data/graduations/8th-kyu.nl.json,techniques.Unsoku Ho (Voetwerk),grading-technique,"Neko ashi dachi suri ashi (Voorwaarts, achterwaarts, zijwaarts)",Compare with official grading syllabus and terminology glossary.,not reviewed,
G00617,8th-kyu,nl,src/data/graduations/8th-kyu.nl.json,techniques.Ido (Bewegende Basis),grading-technique,"Jodan oi zuki, chudan gyaku zuki",Compare with official grading syllabus and terminology glossary.,not reviewed,
G00618,8th-kyu,nl,src/data/graduations/8th-kyu.nl.json,techniques.Ido (Bewegende Basis),grading-technique,"Mae geri, gyaku zuki",Compare with official grading syllabus and terminology glossary.,not reviewed,
G00619,8th-kyu,nl,src/data/graduations/8th-kyu.nl.json,techniques.Ido (Bewegende Basis),grading-technique,"Mawashi geri, gyaku zuki",Compare with official grading syllabus and terminology glossary.,not reviewed,
G00620,8th-kyu,nl,src/data/graduations/8th-kyu.nl.json,techniques.Ido (Bewegende Basis),grading-technique,"Jodan age uke, gyaku zuki",Compare with official grading syllabus and terminology glossary.,not reviewed,
G00621,8th-kyu,nl,src/data/graduations/8th-kyu.nl.json,techniques.Ido (Bewegende Basis),grading-technique,"Chudan yoko uke, gyaku zuki",Compare with official grading syllabus and terminology glossary.,not reviewed,
G00622,8th-kyu,nl,src/data/graduations/8th-kyu.nl.json,techniques.Ido (Bewegende Basis),grading-technique,"Gedan harai uke, gyaku zuki",Compare with official grading syllabus and terminology glossary.,not reviewed,
G00623,8th-kyu,nl,src/data/graduations/8th-kyu.nl.json,techniques.Ido (Bewegende Basis),grading-technique,Shiko dachi gedan harai uke,Compare with official grading syllabus and terminology glossary.,not reviewed,
G00624,8th-kyu,nl,src/data/graduations/8th-kyu.nl.json,techniques.Ido (Bewegende Basis),grading-technique,One men sandan gi,Compare with official grading syllabus and terminology glossary.,not reviewed,
G00625,8th-kyu,nl,src/data/graduations/8th-kyu.nl.json,techniques.Kata,grading-technique,Gekisai Dai Ichi (Detail),Compare with official grading syllabus and terminology glossary.,not reviewed,
G00626,8th-kyu,nl,src/data/graduations/8th-kyu.nl.json,techniques.Kata,grading-technique,Gekisai Dai Ni (Reeks),Compare with official grading syllabus and terminology glossary.,not reviewed,
G00627,8th-kyu,nl,src/data/graduations/8th-kyu.nl.json,techniques.Kumite,grading-technique,"Kihon ippon kumite (Jodan, chudan, gedan)",Compare with official grading syllabus and terminology glossary.,not reviewed,
G00628,8th-kyu,nl,src/data/graduations/8th-kyu.nl.json,techniques.Kumite,grading-technique,Sonoba sandan gi,Compare with official grading syllabus and terminology glossary.,not reviewed,
G00629,8th-kyu,nl,src/data/graduations/8th-kyu.nl.json,techniques.Hojo Undo (Aanvullende Training),grading-technique,"Makiwara - Hiza geri, jodan age zuki, chudan ura zuki",Compare with official grading syllabus and terminology glossary.,not reviewed,
G00630,8th-kyu,nl,src/data/graduations/8th-kyu.nl.json,techniques.Hojo Undo (Aanvullende Training),grading-technique,Ukemi (Mae & ushiro),Compare with official grading syllabus and terminology glossary.,not reviewed,
G00631,8th-kyu,nl,src/data/graduations/8th-kyu.nl.json,knowledge,terminology-knowledge,International Okinawan Goju-Ryu Karate-Do Federation (IOGKF),Compare with terminology glossary and Japanese/Okinawan source notes.,not reviewed,Meaning is empty; verify whether this is intentional.
G00632,8th-kyu,nl,src/data/graduations/8th-kyu.nl.json,knowledge,terminology-knowledge,Kenkon/tenchi,Compare with terminology glossary and Japanese/Okinawan source notes.,not reviewed,Meaning is empty; verify whether this is intentional.
G00633,8th-kyu,nl,src/data/graduations/8th-kyu.nl.json,knowledge,terminology-knowledge,Mon,Compare with terminology glossary and Japanese/Okinawan source notes.,not reviewed,Meaning is empty; verify whether this is intentional.
G00634,8th-kyu,nl,src/data/graduations/8th-kyu.nl.json,knowledge,terminology-knowledge,Tel tot 10 in het Japans,Compare with terminology glossary and Japanese/Okinawan source notes.,not reviewed,Meaning is empty; verify whether this is intentional.
G00635,8th-kyu,nl,src/data/graduations/8th-kyu.nl.json,knowledge,terminology-knowledge,Shitsurei shimasu = Sorry / excuseer.,Compare with terminology glossary and Japanese/Okinawan source notes.,not reviewed,
G00636,8th-kyu,nl,src/data/graduations/8th-kyu.nl.json,knowledge,terminology-knowledge,Moichido = Nog een keer.,Compare with terminology glossary and Japanese/Okinawan source notes.,not reviewed,
G00637,8th-kyu,nl,src/data/graduations/8th-kyu.nl.json,knowledge,terminology-knowledge,Karate-ka,Compare with terminology glossary and Japanese/Okinawan source notes.,not reviewed,Meaning is empty; verify whether this is intentional.
G00638,8th-kyu,nl,src/data/graduations/8th-kyu.nl.json,knowledge,terminology-knowledge,Kata = Stijlvorm (solovorm).,Compare with terminology glossary and Japanese/Okinawan source notes.,not reviewed,
G00639,8th-kyu,nl,src/data/graduations/8th-kyu.nl.json,knowledge,terminology-knowledge,Kihon = Basistechnieken.,Compare with terminology glossary and Japanese/Okinawan source notes.,not reviewed,
G00640,8th-kyu,nl,src/data/graduations/8th-kyu.nl.json,knowledge,terminology-knowledge,Kiai = Schreeuw waarbij kracht wordt geconcentreerd (harmonie levenskracht en geest).,Compare with terminology glossary and Japanese/Okinawan source notes.,not reviewed,
G00641,8th-kyu,nl,src/data/graduations/8th-kyu.nl.json,knowledge,terminology-knowledge,Zuki / tsuki,Compare with terminology glossary and Japanese/Okinawan source notes.,not reviewed,Meaning is empty; verify whether this is intentional.
G00642,8th-kyu,nl,src/data/graduations/8th-kyu.nl.json,knowledge,terminology-knowledge,Uchi = Naar binnen (binnenwaarts),Compare with terminology glossary and Japanese/Okinawan source notes.,not reviewed,
G00643,8th-kyu,nl,src/data/graduations/8th-kyu.nl.json,knowledge,terminology-knowledge,Geri / keri,Compare with terminology glossary and Japanese/Okinawan source notes.,not reviewed,Meaning is empty; verify whether this is intentional.
G00644,8th-kyu,nl,src/data/graduations/8th-kyu.nl.json,history,history,Sensei Chojun Miyagi (1888 - 1953) - oprichter van Goju-Ryu.,Compare with history sources and lineage-specific source material.,not reviewed,
G00645,8th-kyu,nl,src/data/graduations/8th-kyu.nl.json,history,history,"Sensei Kanryo Higaonna (1853 - 1915) - leraar van Sensei Chojun Miyagi, die naar China ging om Zuid-Chinese Martial Arts te beoefenen, oprichter van Naha-Te.",Compare with history sources and lineage-specific source material.,not reviewed,
G00646,8th-kyu,nl,src/data/graduations/8th-kyu.nl.json,history,history,"Ryu Ryu Ko - Chinese Martial Arts (Zuidelijke Shaolin Stijl) Meester, leraar van Sensei Kanryo Higaonna.",Compare with history sources and lineage-specific source material.,not reviewed,
G00647,9th-kyu,base,src/data/graduations/9th-kyu.json,title,grading-title,THE WAY TO 9TH KYU,Compare with official grading syllabus title for this rank.,not reviewed,
G00648,9th-kyu,base,src/data/graduations/9th-kyu.json,requirements.classes,grading-requirement,classes: 20,Compare with official grading regulations and syllabus.,not reviewed,
G00649,9th-kyu,base,src/data/graduations/9th-kyu.json,requirements.months,grading-requirement,months: 2,Compare with official grading regulations and syllabus.,not reviewed,
G00650,9th-kyu,base,src/data/graduations/9th-kyu.json,techniques.Kihon Waza (Basic Techniques),grading-technique,"Uraken uchi (Back fist strike; front, side & back)",Compare with official grading syllabus and terminology glossary.,not reviewed,
G00651,9th-kyu,base,src/data/graduations/9th-kyu.json,techniques.Kihon Waza (Basic Techniques),grading-technique,"Shuto uchi (Knife hand strike, upper level side)",Compare with official grading syllabus and terminology glossary.,not reviewed,
G00652,9th-kyu,base,src/data/graduations/9th-kyu.json,techniques.Kihon Waza (Basic Techniques),grading-technique,Age hiji ate (Rising elbow strike),Compare with official grading syllabus and terminology glossary.,not reviewed,
G00653,9th-kyu,base,src/data/graduations/9th-kyu.json,techniques.Kihon Waza (Basic Techniques),grading-technique,Nami gaeshi (Foot sweep & stamp),Compare with official grading syllabus and terminology glossary.,not reviewed,
G00654,9th-kyu,base,src/data/graduations/9th-kyu.json,techniques.Kihon Waza (Basic Techniques),grading-technique,Shikodachi gedan harai uke (Lower sweeping block with straddle leg stance),Compare with official grading syllabus and terminology glossary.,not reviewed,
G00655,9th-kyu,base,src/data/graduations/9th-kyu.json,techniques.Tachi Kata (Stances),grading-technique,Shiko dachi (Straddle leg stance),Compare with official grading syllabus and terminology glossary.,not reviewed,
G00656,9th-kyu,base,src/data/graduations/9th-kyu.json,techniques.Tachi Kata (Stances),grading-technique,Han zenkutsu dachi (Half front stance),Compare with official grading syllabus and terminology glossary.,not reviewed,
G00657,9th-kyu,base,src/data/graduations/9th-kyu.json,techniques.Tachi Kata (Stances),grading-technique,"Hachiji dachi (Natural stance, toes slightly out)",Compare with official grading syllabus and terminology glossary.,not reviewed,
G00658,9th-kyu,base,src/data/graduations/9th-kyu.json,techniques.Unsoku Ho (Foot Work),grading-technique,Han zenkutsu dachi,Compare with official grading syllabus and terminology glossary.,not reviewed,
G00659,9th-kyu,base,src/data/graduations/9th-kyu.json,techniques.Unsoku Ho (Foot Work),grading-technique,Shiko dachi,Compare with official grading syllabus and terminology glossary.,not reviewed,
G00660,9th-kyu,base,src/data/graduations/9th-kyu.json,techniques.Unsoku Ho (Foot Work),grading-technique,Heiko dachi suri ashi (Sideways),Compare with official grading syllabus and terminology glossary.,not reviewed,
G00661,9th-kyu,base,src/data/graduations/9th-kyu.json,techniques.Ido (Moving Basics),grading-technique,Oi zuki (Lunge punch),Compare with official grading syllabus and terminology glossary.,not reviewed,
G00662,9th-kyu,base,src/data/graduations/9th-kyu.json,techniques.Ido (Moving Basics),grading-technique,Gyaku zuki (Reverse punch),Compare with official grading syllabus and terminology glossary.,not reviewed,
G00663,9th-kyu,base,src/data/graduations/9th-kyu.json,techniques.Ido (Moving Basics),grading-technique,Jodan age uke (Upper rising block),Compare with official grading syllabus and terminology glossary.,not reviewed,
G00664,9th-kyu,base,src/data/graduations/9th-kyu.json,techniques.Ido (Moving Basics),grading-technique,Chudan yoko uke (Middle outside block),Compare with official grading syllabus and terminology glossary.,not reviewed,
G00665,9th-kyu,base,src/data/graduations/9th-kyu.json,techniques.Ido (Moving Basics),grading-technique,Gedan harai uke (Lower sweeping block),Compare with official grading syllabus and terminology glossary.,not reviewed,
G00666,9th-kyu,base,src/data/graduations/9th-kyu.json,techniques.Ido (Moving Basics),grading-technique,Mae geri (Front kick),Compare with official grading syllabus and terminology glossary.,not reviewed,
G00667,9th-kyu,base,src/data/graduations/9th-kyu.json,techniques.Ido (Moving Basics),grading-technique,Mawashi geri (Roundhouse kick),Compare with official grading syllabus and terminology glossary.,not reviewed,
G00668,9th-kyu,base,src/data/graduations/9th-kyu.json,techniques.Kata,grading-technique,Gekisai Dai Ichi (Sequence),Compare with official grading syllabus and terminology glossary.,not reviewed,
G00669,9th-kyu,base,src/data/graduations/9th-kyu.json,techniques.Kumite,grading-technique,"Basic blocks with partner (Jodan, chudan, gedan)",Compare with official grading syllabus and terminology glossary.,not reviewed,
G00670,9th-kyu,base,src/data/graduations/9th-kyu.json,techniques.Hojo Undo (Supplemental Training),grading-technique,"Makiwara - Uraken uchi, jodan yoko shuto uchi, chudan age hiji ate",Compare with official grading syllabus and terminology glossary.,not reviewed,
G00671,9th-kyu,base,src/data/graduations/9th-kyu.json,techniques.Hojo Undo (Supplemental Training),grading-technique,Kakato otoshi,Compare with official grading syllabus and terminology glossary.,not reviewed,
G00672,9th-kyu,base,src/data/graduations/9th-kyu.json,knowledge,terminology-knowledge,Shugo = Line up,Compare with terminology glossary and Japanese/Okinawan source notes.,not reviewed,
G00673,9th-kyu,base,src/data/graduations/9th-kyu.json,knowledge,terminology-knowledge,Hajime = Begin,Compare with terminology glossary and Japanese/Okinawan source notes.,not reviewed,
G00674,9th-kyu,base,src/data/graduations/9th-kyu.json,knowledge,terminology-knowledge,Yame = Stop,Compare with terminology glossary and Japanese/Okinawan source notes.,not reviewed,
G00675,9th-kyu,base,src/data/graduations/9th-kyu.json,knowledge,terminology-knowledge,Yoi = Ready,Compare with terminology glossary and Japanese/Okinawan source notes.,not reviewed,
G00676,9th-kyu,base,src/data/graduations/9th-kyu.json,knowledge,terminology-knowledge,Kamae = Fighting pose,Compare with terminology glossary and Japanese/Okinawan source notes.,not reviewed,
G00677,9th-kyu,base,src/data/graduations/9th-kyu.json,knowledge,terminology-knowledge,Semete = Attacker,Compare with terminology glossary and Japanese/Okinawan source notes.,not reviewed,
G00678,9th-kyu,base,src/data/graduations/9th-kyu.json,knowledge,terminology-knowledge,Ukete = Defender,Compare with terminology glossary and Japanese/Okinawan source notes.,not reviewed,
G00679,9th-kyu,base,src/data/graduations/9th-kyu.json,history,history,Hand to hand combat (karate) was developed when the government banned the carrying of weapons in Okinawa,Compare with history sources and lineage-specific source material.,not reviewed,
G00680,9th-kyu,base,src/data/graduations/9th-kyu.json,history,history,"Previously karate was taught secretly, and the sensei would carefully observe the person's character before he accepted him as a student",Compare with history sources and lineage-specific source material.,not reviewed,
G00681,9th-kyu,nl,src/data/graduations/9th-kyu.nl.json,title,grading-title,DE WEG NAAR 9E KYU,Compare with official grading syllabus title for this rank.,not reviewed,
G00682,9th-kyu,nl,src/data/graduations/9th-kyu.nl.json,requirements.classes,grading-requirement,classes: 20,Compare with official grading regulations and syllabus.,not reviewed,
G00683,9th-kyu,nl,src/data/graduations/9th-kyu.nl.json,requirements.months,grading-requirement,months: 2,Compare with official grading regulations and syllabus.,not reviewed,
G00684,9th-kyu,nl,src/data/graduations/9th-kyu.nl.json,techniques.Kihon Waza (Basis Technieken),grading-technique,"Uraken uchi (Achtervuist slag; voor, zij & achter)",Compare with official grading syllabus and terminology glossary.,not reviewed,
G00685,9th-kyu,nl,src/data/graduations/9th-kyu.nl.json,techniques.Kihon Waza (Basis Technieken),grading-technique,"Shuto uchi (Messenhand slag, bovenste niveau zij)",Compare with official grading syllabus and terminology glossary.,not reviewed,
G00686,9th-kyu,nl,src/data/graduations/9th-kyu.nl.json,techniques.Kihon Waza (Basis Technieken),grading-technique,Age hiji ate (Opstekende elleboog slag),Compare with official grading syllabus and terminology glossary.,not reviewed,
G00687,9th-kyu,nl,src/data/graduations/9th-kyu.nl.json,techniques.Kihon Waza (Basis Technieken),grading-technique,Nami gaeshi (Voetveeg & stamp),Compare with official grading syllabus and terminology glossary.,not reviewed,
G00688,9th-kyu,nl,src/data/graduations/9th-kyu.nl.json,techniques.Kihon Waza (Basis Technieken),grading-technique,Shikodachi gedan harai uke (Onderste veegblok met spreidbeen houding),Compare with official grading syllabus and terminology glossary.,not reviewed,
G00689,9th-kyu,nl,src/data/graduations/9th-kyu.nl.json,techniques.Tachi Kata (Stances),grading-technique,Shiko dachi (Spreidbeen houding),Compare with official grading syllabus and terminology glossary.,not reviewed,
G00690,9th-kyu,nl,src/data/graduations/9th-kyu.nl.json,techniques.Tachi Kata (Stances),grading-technique,Han zenkutsu dachi (Halve voorwaartse houding),Compare with official grading syllabus and terminology glossary.,not reviewed,
G00691,9th-kyu,nl,src/data/graduations/9th-kyu.nl.json,techniques.Tachi Kata (Stances),grading-technique,"Hachiji dachi (Natuurlijke houding, tenen iets naar buiten)",Compare with official grading syllabus and terminology glossary.,not reviewed,
G00692,9th-kyu,nl,src/data/graduations/9th-kyu.nl.json,techniques.Unsoku Ho (Voetwerk),grading-technique,Han zenkutsu dachi,Compare with official grading syllabus and terminology glossary.,not reviewed,
G00693,9th-kyu,nl,src/data/graduations/9th-kyu.nl.json,techniques.Unsoku Ho (Voetwerk),grading-technique,Shiko dachi,Compare with official grading syllabus and terminology glossary.,not reviewed,
G00694,9th-kyu,nl,src/data/graduations/9th-kyu.nl.json,techniques.Unsoku Ho (Voetwerk),grading-technique,Heiko dachi suri ashi (Zijwaarts),Compare with official grading syllabus and terminology glossary.,not reviewed,
G00695,9th-kyu,nl,src/data/graduations/9th-kyu.nl.json,techniques.Ido (Bewegende Basis),grading-technique,Oi zuki (Uithaal stoot),Compare with official grading syllabus and terminology glossary.,not reviewed,
G00696,9th-kyu,nl,src/data/graduations/9th-kyu.nl.json,techniques.Ido (Bewegende Basis),grading-technique,Gyaku zuki (Omgekeerde stoot),Compare with official grading syllabus and terminology glossary.,not reviewed,
G00697,9th-kyu,nl,src/data/graduations/9th-kyu.nl.json,techniques.Ido (Bewegende Basis),grading-technique,Jodan age uke (Bovenste opstekende blok),Compare with official grading syllabus and terminology glossary.,not reviewed,
G00698,9th-kyu,nl,src/data/graduations/9th-kyu.nl.json,techniques.Ido (Bewegende Basis),grading-technique,Chudan yoko uke (Middelste buitenste blok),Compare with official grading syllabus and terminology glossary.,not reviewed,
G00699,9th-kyu,nl,src/data/graduations/9th-kyu.nl.json,techniques.Ido (Bewegende Basis),grading-technique,Gedan harai uke (Onderste veegblok),Compare with official grading syllabus and terminology glossary.,not reviewed,
G00700,9th-kyu,nl,src/data/graduations/9th-kyu.nl.json,techniques.Ido (Bewegende Basis),grading-technique,Mae geri (Voorwaartse trap),Compare with official grading syllabus and terminology glossary.,not reviewed,
G00701,9th-kyu,nl,src/data/graduations/9th-kyu.nl.json,techniques.Ido (Bewegende Basis),grading-technique,Mawashi geri (Ronde trap),Compare with official grading syllabus and terminology glossary.,not reviewed,
G00702,9th-kyu,nl,src/data/graduations/9th-kyu.nl.json,techniques.Kata,grading-technique,Gekisai Dai Ichi (Reeks),Compare with official grading syllabus and terminology glossary.,not reviewed,
G00703,9th-kyu,nl,src/data/graduations/9th-kyu.nl.json,techniques.Kumite,grading-technique,"Basis blokken met partner (Jodan, chudan, gedan)",Compare with official grading syllabus and terminology glossary.,not reviewed,
G00704,9th-kyu,nl,src/data/graduations/9th-kyu.nl.json,techniques.Hojo Undo (Aanvullende Training),grading-technique,"Makiwara - Uraken uchi, jodan yoko shuto uchi, chudan age hiji ate",Compare with official grading syllabus and terminology glossary.,not reviewed,
G00705,9th-kyu,nl,src/data/graduations/9th-kyu.nl.json,techniques.Hojo Undo (Aanvullende Training),grading-technique,Kakato otoshi,Compare with official grading syllabus and terminology glossary.,not reviewed,
G00706,9th-kyu,nl,src/data/graduations/9th-kyu.nl.json,knowledge,terminology-knowledge,Shugo = Opstellen,Compare with terminology glossary and Japanese/Okinawan source notes.,not reviewed,
G00707,9th-kyu,nl,src/data/graduations/9th-kyu.nl.json,knowledge,terminology-knowledge,Hajime = Begin,Compare with terminology glossary and Japanese/Okinawan source notes.,not reviewed,
G00708,9th-kyu,nl,src/data/graduations/9th-kyu.nl.json,knowledge,terminology-knowledge,Yame = Stop,Compare with terminology glossary and Japanese/Okinawan source notes.,not reviewed,
G00709,9th-kyu,nl,src/data/graduations/9th-kyu.nl.json,knowledge,terminology-knowledge,Yoi = Gereed,Compare with terminology glossary and Japanese/Okinawan source notes.,not reviewed,
G00710,9th-kyu,nl,src/data/graduations/9th-kyu.nl.json,knowledge,terminology-knowledge,Kamae = Gevechtshouding,Compare with terminology glossary and Japanese/Okinawan source notes.,not reviewed,
G00711,9th-kyu,nl,src/data/graduations/9th-kyu.nl.json,knowledge,terminology-knowledge,Semete = Aanvaller,Compare with terminology glossary and Japanese/Okinawan source notes.,not reviewed,
G00712,9th-kyu,nl,src/data/graduations/9th-kyu.nl.json,knowledge,terminology-knowledge,Ukete = Verdediger,Compare with terminology glossary and Japanese/Okinawan source notes.,not reviewed,
G00713,9th-kyu,nl,src/data/graduations/9th-kyu.nl.json,history,history,Hand-tot-hand gevecht (karate) werd ontwikkeld toen de regering het dragen van wapens in Okinawa verbood,Compare with history sources and lineage-specific source material.,not reviewed,
G00714,9th-kyu,nl,src/data/graduations/9th-kyu.nl.json,history,history,"Voorheen werd karate in het geheim onderwezen, en de sensei zou zorgvuldig het karakter van de persoon observeren voordat hij hem als student accepteerde",Compare with history sources and lineage-specific source material.,not reviewed,
G00715,shodan,base,src/data/graduations/shodan.json,title,grading-title,THE WAY TO SHODAN,Compare with official grading syllabus title for this rank.,not reviewed,
G00716,shodan,base,src/data/graduations/shodan.json,requirements.classes,grading-requirement,classes: 0,Compare with official grading regulations and syllabus.,not reviewed,
G00717,shodan,base,src/data/graduations/shodan.json,requirements.months,grading-requirement,months: 6,Compare with official grading regulations and syllabus.,not reviewed,
G00718,shodan,base,src/data/graduations/shodan.json,techniques.Unsoku Ho,grading-technique,Neko ashi dachi shiho sabaki (Four direction step),Compare with official grading syllabus and terminology glossary.,not reviewed,
G00719,shodan,base,src/data/graduations/shodan.json,techniques.Bunkai,grading-technique,Shisochin,Compare with official grading syllabus and terminology glossary.,not reviewed,
G00720,shodan,base,src/data/graduations/shodan.json,techniques.Kumite,grading-technique,Kakie – shuto uchi nage (Gekisai Dai Ichi),Compare with official grading syllabus and terminology glossary.,not reviewed,
G00721,shodan,base,src/data/graduations/shodan.json,techniques.Kumite,grading-technique,"Kakie – gedan mae geri, chudan age hiji ate, uraken uchi (Gekisai Dai Ichi)",Compare with official grading syllabus and terminology glossary.,not reviewed,
G00722,shodan,base,src/data/graduations/shodan.json,techniques.Kumite,grading-technique,Kakie – awase zuki (Gekisai Dai Ichi),Compare with official grading syllabus and terminology glossary.,not reviewed,
G00723,shodan,base,src/data/graduations/shodan.json,techniques.Kumite,grading-technique,Kakie – toraguchi oshi (Gekisai Dai Ni),Compare with official grading syllabus and terminology glossary.,not reviewed,
G00724,shodan,base,src/data/graduations/shodan.json,techniques.Kumite,grading-technique,Kakie – gedan ude garami,Compare with official grading syllabus and terminology glossary.,not reviewed,
G00725,shodan,base,src/data/graduations/shodan.json,techniques.Kumite,grading-technique,Kakie – ashi garami,Compare with official grading syllabus and terminology glossary.,not reviewed,
G00726,shodan,base,src/data/graduations/shodan.json,techniques.Kumite,grading-technique,"Kakie – hiji tori, ashi garami",Compare with official grading syllabus and terminology glossary.,not reviewed,
G00727,shodan,base,src/data/graduations/shodan.json,techniques.Kumite,grading-technique,Jiyu ippon kumite (Free one attack sparring),Compare with official grading syllabus and terminology glossary.,not reviewed,
G00728,shodan,base,src/data/graduations/shodan.json,techniques.Hojo Undo (Supplemental Training),grading-technique,Udetate ryoashi ashi geri otoshi,Compare with official grading syllabus and terminology glossary.,not reviewed,
G00729,shodan,base,src/data/graduations/shodan.json,techniques.Hojo Undo (Supplemental Training),grading-technique,Kusshin tobi (Squat jump),Compare with official grading syllabus and terminology glossary.,not reviewed,
G00730,shodan,base,src/data/graduations/shodan.json,techniques.Hojo Undo (Supplemental Training),grading-technique,Nigiri game – shiko dachi,Compare with official grading syllabus and terminology glossary.,not reviewed,
G00731,shodan,base,src/data/graduations/shodan.json,techniques.Hojo Undo (Supplemental Training),grading-technique,Nigiri game – neko ashi dachi,Compare with official grading syllabus and terminology glossary.,not reviewed,
G00732,shodan,base,src/data/graduations/shodan.json,knowledge,terminology-knowledge,Body parts in Japanese,Compare with terminology glossary and Japanese/Okinawan source notes.,not reviewed,Meaning is empty; verify whether this is intentional.
G00733,shodan,base,src/data/graduations/shodan.json,history,history,"Sensei Chojun Miyagi went to Shanghai, China in 1936 for research and to build friendships with Chinese martial artists",Compare with history sources and lineage-specific source material.,not reviewed,
G00734,shodan,base,src/data/graduations/shodan.json,history,history,"In 1926, Sensei Chojun Miyagi established the Karate KenKyu Club in Naha with masters from other Okinawa karate styles, Chomo Hanashiro, Choyu Motobu, and Kenwa Mabuni",Compare with history sources and lineage-specific source material.,not reviewed,
G00735,shodan,base,src/data/graduations/shodan.json,history,history,"The purpose of the Karate KenKyu Club was to ensure the preservation of karate as an intangible cultural treasure in Okinawa for all time, to bring the karate community of the island into one cohesive force, to transmit traditional karate to future generations both in Okinawa and elsewhere, and to elevate karate in the eyes of the Japanese, bringing it to the level already enjoyed by judo and kendo.",Compare with history sources and lineage-specific source material.,not reviewed,
G00736,shodan,nl,src/data/graduations/shodan.nl.json,title,grading-title,DE WEG NAAR SHODAN,Compare with official grading syllabus title for this rank.,not reviewed,
G00737,shodan,nl,src/data/graduations/shodan.nl.json,requirements.classes,grading-requirement,classes: 0,Compare with official grading regulations and syllabus.,not reviewed,
G00738,shodan,nl,src/data/graduations/shodan.nl.json,requirements.months,grading-requirement,months: 6,Compare with official grading regulations and syllabus.,not reviewed,
G00739,shodan,nl,src/data/graduations/shodan.nl.json,techniques.Unsoku Ho,grading-technique,Neko ashi dachi shiho sabaki (Vier richtingen stap),Compare with official grading syllabus and terminology glossary.,not reviewed,
G00740,shodan,nl,src/data/graduations/shodan.nl.json,techniques.Bunkai,grading-technique,Shisochin,Compare with official grading syllabus and terminology glossary.,not reviewed,
G00741,shodan,nl,src/data/graduations/shodan.nl.json,techniques.Kumite,grading-technique,Kakie – shuto uchi nage (Gekisai Dai Ichi),Compare with official grading syllabus and terminology glossary.,not reviewed,
G00742,shodan,nl,src/data/graduations/shodan.nl.json,techniques.Kumite,grading-technique,"Kakie – gedan mae geri, chudan age hiji ate, uraken uchi (Gekisai Dai Ichi)",Compare with official grading syllabus and terminology glossary.,not reviewed,
G00743,shodan,nl,src/data/graduations/shodan.nl.json,techniques.Kumite,grading-technique,Kakie – awase zuki (Gekisai Dai Ichi),Compare with official grading syllabus and terminology glossary.,not reviewed,
G00744,shodan,nl,src/data/graduations/shodan.nl.json,techniques.Kumite,grading-technique,Kakie – toraguchi oshi (Gekisai Dai Ni),Compare with official grading syllabus and terminology glossary.,not reviewed,
G00745,shodan,nl,src/data/graduations/shodan.nl.json,techniques.Kumite,grading-technique,Kakie – gedan ude garami,Compare with official grading syllabus and terminology glossary.,not reviewed,
G00746,shodan,nl,src/data/graduations/shodan.nl.json,techniques.Kumite,grading-technique,Kakie – ashi garami,Compare with official grading syllabus and terminology glossary.,not reviewed,
G00747,shodan,nl,src/data/graduations/shodan.nl.json,techniques.Kumite,grading-technique,"Kakie – hiji tori, ashi garami",Compare with official grading syllabus and terminology glossary.,not reviewed,
G00748,shodan,nl,src/data/graduations/shodan.nl.json,techniques.Kumite,grading-technique,Jiyu ippon kumite (Vrije één aanval sparring),Compare with official grading syllabus and terminology glossary.,not reviewed,
G00749,shodan,nl,src/data/graduations/shodan.nl.json,techniques.Hojo Undo (Aanvullende Training),grading-technique,Udetate ryoashi ashi geri otoshi,Compare with official grading syllabus and terminology glossary.,not reviewed,
G00750,shodan,nl,src/data/graduations/shodan.nl.json,techniques.Hojo Undo (Aanvullende Training),grading-technique,Kusshin tobi (Hurksprong),Compare with official grading syllabus and terminology glossary.,not reviewed,
G00751,shodan,nl,src/data/graduations/shodan.nl.json,techniques.Hojo Undo (Aanvullende Training),grading-technique,Nigiri game – shiko dachi,Compare with official grading syllabus and terminology glossary.,not reviewed,
G00752,shodan,nl,src/data/graduations/shodan.nl.json,techniques.Hojo Undo (Aanvullende Training),grading-technique,Nigiri game – neko ashi dachi,Compare with official grading syllabus and terminology glossary.,not reviewed,
G00753,shodan,nl,src/data/graduations/shodan.nl.json,knowledge,terminology-knowledge,Lichaamsdelen in het Japans,Compare with terminology glossary and Japanese/Okinawan source notes.,not reviewed,Meaning is empty; verify whether this is intentional.
G00754,shodan,nl,src/data/graduations/shodan.nl.json,history,history,"Sensei Chojun Miyagi ging naar Shanghai, China in 1936 voor onderzoek en om vriendschappen op te bouwen met Chinese martial artists",Compare with history sources and lineage-specific source material.,not reviewed,
G00755,shodan,nl,src/data/graduations/shodan.nl.json,history,history,"In 1926 richtte Sensei Chojun Miyagi de Karate KenKyu Club op in Naha met meesters van andere Okinawaanse karate stijlen, Chomo Hanashiro, Choyu Motobu, en Kenwa Mabuni",Compare with history sources and lineage-specific source material.,not reviewed,
G00756,shodan,nl,src/data/graduations/shodan.nl.json,history,history,"Het doel van de Karate KenKyu Club was om de bewaring van karate als een immaterieel cultureel erfgoed in Okinawa voor altijd te waarborgen, om de karate gemeenschap van het eiland tot één samenhangende kracht te brengen, om traditionele karate over te dragen aan toekomstige generaties zowel in Okinawa als elders, en om karate te verheffen in de ogen van de Japanners, het naar het niveau te brengen dat judo en kendo al genoten.",Compare with history sources and lineage-specific source material.,not reviewed,
