language,file,key,issue_type,text,notes
da,about.json,about.pageTitle,same-as-english,About GojuPedia,Review whether this should be translated or intentionally kept as-is.
da,about.json,about.pageDescription,same-as-english,Background for this Goju-Ryu knowledge base,Review whether this should be translated or intentionally kept as-is.
da,about.json,about.mainDescription,same-as-english,"GojuPedia is intended as a practical knowledge base for Goju-Ryu karateka. The content is compiled from available sources and practice knowledge, with room for improvement when better information becomes available.",Review whether this should be translated or intentionally kept as-is.
da,about.json,about.vision.description,same-as-english,"The app aims to make terminology, kata, history, philosophy and training material accessible for students and instructors.",Review whether this should be translated or intentionally kept as-is.
da,about.json,about.values.authenticity.description,same-as-english,We try to stay close to the Goju-Ryu tradition and correct content when better information is available.,Review whether this should be translated or intentionally kept as-is.
da,about.json,about.values.community.description,same-as-english,"Feedback from practitioners helps make the content sharper, more complete and more useful.",Review whether this should be translated or intentionally kept as-is.
da,about.json,about.contact.email,same-as-english,Not configured yet,Review whether this should be translated or intentionally kept as-is.
it,about.json,about.pageTitle,same-as-english,About GojuPedia,Review whether this should be translated or intentionally kept as-is.
it,about.json,about.pageDescription,same-as-english,Background for this Goju-Ryu knowledge base,Review whether this should be translated or intentionally kept as-is.
it,about.json,about.mainDescription,same-as-english,"GojuPedia is intended as a practical knowledge base for Goju-Ryu karateka. The content is compiled from available sources and practice knowledge, with room for improvement when better information becomes available.",Review whether this should be translated or intentionally kept as-is.
it,about.json,about.vision.description,same-as-english,"The app aims to make terminology, kata, history, philosophy and training material accessible for students and instructors.",Review whether this should be translated or intentionally kept as-is.
it,about.json,about.values.authenticity.description,same-as-english,We try to stay close to the Goju-Ryu tradition and correct content when better information is available.,Review whether this should be translated or intentionally kept as-is.
it,about.json,about.values.community.description,same-as-english,"Feedback from practitioners helps make the content sharper, more complete and more useful.",Review whether this should be translated or intentionally kept as-is.
it,about.json,about.contact.email,same-as-english,Not configured yet,Review whether this should be translated or intentionally kept as-is.
da,graduations.json,graduations.sections.examRequirements.description,same-as-english,Select a rank to view the specific requirements for that grading.,Review whether this should be translated or intentionally kept as-is.
da,graduations.json,graduations.regulations.title,same-as-english,IOGKF International Black Belt Grading Regulations,Review whether this should be translated or intentionally kept as-is.
da,graduations.json,graduations.regulations.intro.title,same-as-english,1. Introduction,Review whether this should be translated or intentionally kept as-is.
da,graduations.json,graduations.regulations.intro.text,same-as-english,The purpose of this update is to clarify and standardize the black belt grading system and rules among IOGKF member countries.,Review whether this should be translated or intentionally kept as-is.
da,graduations.json,graduations.regulations.perspective.title,same-as-english,2. Perspective on Dan Gradings,Review whether this should be translated or intentionally kept as-is.
da,graduations.json,graduations.regulations.perspective.text,same-as-english,Dan grading awards is an indication of an individual’s progress in Karate-Do and only really relevant to oneself. The following three ‘pillars’ illustrates the holistic Budo environment of the Way of Karate-Do upon which development and progress is evaluated:,Review whether this should be translated or intentionally kept as-is.
da,graduations.json,graduations.regulations.junior.title,same-as-english,3.1 Childrens’ Black Belt Grades,Review whether this should be translated or intentionally kept as-is.
da,graduations.json,graduations.regulations.junior.text,same-as-english,Students under the age of 18 may also grade to black belt – it is the responsibility of the individual countries to set the standard for such a grading. It is common practice to split the junior dan grading into 3 or 4 categories.,Review whether this should be translated or intentionally kept as-is.
da,graduations.json,graduations.regulations.junior.categories.kakyu,same-as-english,Ka-kyu shodan 10 – 13 years,Review whether this should be translated or intentionally kept as-is.
da,graduations.json,graduations.regulations.junior.categories.chukyu,same-as-english,Chu-kyu shodan 14 – 15 years,Review whether this should be translated or intentionally kept as-is.
da,graduations.json,graduations.regulations.junior.categories.jokyu,same-as-english,Jo-kyu shodan 16 – 17 years,Review whether this should be translated or intentionally kept as-is.
da,graduations.json,graduations.regulations.junior.registration,same-as-english,Regarding junior gradings (all gradings under 18 years) – it is important that the candidates are registered within the IOGKF system and that the appropriate grading fees are paid.,Review whether this should be translated or intentionally kept as-is.
da,graduations.json,graduations.regulations.junior.turning18,same-as-english,On becoming 18 years old – the student must grade to senior shodan on the same conditions and fulfilling requirements as everybody else.,Review whether this should be translated or intentionally kept as-is.
da,graduations.json,graduations.regulations.senior.title,same-as-english,3.2 Senior Ranks,Review whether this should be translated or intentionally kept as-is.
da,graduations.json,graduations.regulations.senior.sandan.title,same-as-english,3.2.1 Sandan,Review whether this should be translated or intentionally kept as-is.
da,graduations.json,graduations.regulations.senior.sandan.text,same-as-english,"This is the first step into the ‘Senior’ or ‘Sensei’ hierarchy where certain character qualities should start becoming prevalent, therefore, the minimum time requirements are not merely enough, the candidate is expected to put something extra into their efforts. The following, more specific, considerations are relevant to sandan candidates:",Review whether this should be translated or intentionally kept as-is.
da,graduations.json,graduations.regulations.senior.sandan.points[0],same-as-english,More physical ability and technical ability than candidates for nidan.,Review whether this should be translated or intentionally kept as-is.
da,graduations.json,graduations.regulations.senior.sandan.points[1],same-as-english,"A show of commitment to the organization, such as: Involvement and support at regional or national events.",Review whether this should be translated or intentionally kept as-is.
da,graduations.json,graduations.regulations.senior.sandan.points[2],same-as-english,"Status - Instructor or assistant instructor - No person can really attempt sandan grade unless they have been teaching as well, even if only on an ad hoc basis.",Review whether this should be translated or intentionally kept as-is.
da,graduations.json,graduations.regulations.senior.sandan.points[3],same-as-english,"Demonstrates loyalty to the organization, fellow members and the Chief Instructor.",Review whether this should be translated or intentionally kept as-is.
da,graduations.json,graduations.regulations.senior.sandan.points[4],same-as-english,"Status amongst peers - how do their peers regard their abilities, personality, etc.?",Review whether this should be translated or intentionally kept as-is.
da,graduations.json,graduations.regulations.senior.yondan.title,same-as-english,3.2.2 Yondan,Review whether this should be translated or intentionally kept as-is.
da,graduations.json,graduations.regulations.senior.yondan.text,same-as-english,"Everything required for sandan one step up, plus, a greater sense of being involved in the organization. Physical ability and conditioning are important – they must be able to 'handle’ themselves, considering, of course, age.",Review whether this should be translated or intentionally kept as-is.
da,graduations.json,graduations.regulations.senior.godan.text,same-as-english,Senior black belt level with the following considerations:,Review whether this should be translated or intentionally kept as-is.
da,graduations.json,graduations.regulations.senior.godan.points[0],same-as-english,"Have they earned the respect of senior instructors, junior and senior members of their dojo and country by their behaviour, both on and off the floor – proper attitude, unquestionable loyalty to the organization?",Review whether this should be translated or intentionally kept as-is.
da,graduations.json,graduations.regulations.senior.godan.points[1],same-as-english,Do they have the maturity of character to accept criticism and to progress from it?,Review whether this should be translated or intentionally kept as-is.
da,graduations.json,graduations.regulations.senior.godan.points[2],same-as-english,Do they have an objective sense of judgement?,Review whether this should be translated or intentionally kept as-is.
da,graduations.json,graduations.regulations.senior.godan.points[3],same-as-english,Physical ability is important – are they able to 'handle’ themselves?,Review whether this should be translated or intentionally kept as-is.
da,graduations.json,graduations.regulations.senior.godan.points[4],same-as-english,Do they self-train regularly?,Review whether this should be translated or intentionally kept as-is.
da,graduations.json,graduations.regulations.senior.rokudan.title,same-as-english,3.2.4 Rokudan,Review whether this should be translated or intentionally kept as-is.
da,graduations.json,graduations.regulations.senior.rokudan.text,same-as-english,"Starting to move into the 'upper echelons' of the organization, nationally as well as internationally. Physical ability and conditioning are important – considering age, candidates should still be improving technically and physically and should be seen by everyone as a person who endeavours to embody the philosophy of karate-do. Rokudan is usually the minimum rank qualification for ‘Shihan’, given only by invitation of the Honbu grading panel, which means 'Role Model' – or ‘Professor’, in other words: Do juniors below them and seniors above them respect them apart from their physical abilities?",Review whether this should be translated or intentionally kept as-is.
da,graduations.json,graduations.regulations.senior.rokudan.considerationsTitle,same-as-english,Other considerations for this level are:,Review whether this should be translated or intentionally kept as-is.
da,graduations.json,graduations.regulations.senior.rokudan.points[0],same-as-english,Do they continue to promote traditional karate and embody loyalty to the Chief Instructor and the rest of the organization?,Review whether this should be translated or intentionally kept as-is.
da,graduations.json,graduations.regulations.senior.rokudan.points[1],same-as-english,Do they possess the leadership qualities: Do they lead by example?,Review whether this should be translated or intentionally kept as-is.
da,graduations.json,graduations.regulations.senior.rokudan.points[2],same-as-english,Do other members of the international karate society accept and/or respect their abilities?,Review whether this should be translated or intentionally kept as-is.
da,graduations.json,graduations.regulations.senior.rokudan.points[3],same-as-english,What is their standing in the world outside karate? (Will people outside of the karate world have respected this person even if they did not have karate as a claim to ‘fame’?),Review whether this should be translated or intentionally kept as-is.
da,graduations.json,graduations.regulations.senior.rokudan.points[4],same-as-english,Exhibit appropriate behaviour outside of the dojo.,Review whether this should be translated or intentionally kept as-is.
da,graduations.json,graduations.regulations.senior.highranks.title,same-as-english,"3.2.5 Nanadan, hachidan and higher",Review whether this should be translated or intentionally kept as-is.
da,graduations.json,graduations.regulations.senior.highranks.text,same-as-english,"Candidates are now becoming a manifestation of Okinawan Goju Ryu and have mastered most of the basic concepts, and although they are a senior master, they still remain as students of karate-do – metaphorically, this is equivalent to a Professor at university. They must attend chief instructor gasshuku on a regular basis. Candidates will be informed by the IOGKF executive committee 6 or 12 months before they are invited to test, during this time they must present themselves at a gasshuku given by anyone of the Honbu grading panel. These ranks are on an invitation basis only.",Review whether this should be translated or intentionally kept as-is.
da,graduations.json,graduations.regulations.honorary.title,same-as-english,3.3 Honorary Dan Grade,Review whether this should be translated or intentionally kept as-is.
da,graduations.json,graduations.regulations.honorary.text,same-as-english,"At the discretion of the EC, an honorary dan grade may be awarded on an individual basis for the following reasons:",Review whether this should be translated or intentionally kept as-is.
da,graduations.json,graduations.regulations.honorary.points[0],same-as-english,Contribution to the association,Review whether this should be translated or intentionally kept as-is.
da,graduations.json,graduations.regulations.honorary.points[1],same-as-english,Promotion of the IOGKF,Review whether this should be translated or intentionally kept as-is.
da,graduations.json,graduations.regulations.honorary.points[2],same-as-english,Where an individual has had to limit their training for reasons beyond their control.,Review whether this should be translated or intentionally kept as-is.
da,graduations.json,graduations.regulations.chiefInstructors.title,same-as-english,3.4 Chief Instructors – Kambukai – Representatives,Review whether this should be translated or intentionally kept as-is.
da,graduations.json,graduations.regulations.chiefInstructors.text,same-as-english,"A Country Chief Instructor, Kambukai member or Representative needs permission from the EC for their grading and MUST grade under the appointed grading examiner.",Review whether this should be translated or intentionally kept as-is.
da,graduations.json,graduations.regulations.generalRules.title,same-as-english,4. General Rules for Dan Gradings,Review whether this should be translated or intentionally kept as-is.
da,graduations.json,graduations.regulations.generalRules.admin.title,same-as-english,4.1 Administrative Requirements,Review whether this should be translated or intentionally kept as-is.
da,graduations.json,graduations.regulations.generalRules.admin.points[0],same-as-english,"Only members whose countries are current regarding country affiliations, can be tested and registered for IOGKF Dan rankings.",Review whether this should be translated or intentionally kept as-is.
da,graduations.json,graduations.regulations.generalRules.admin.points[1],same-as-english,"Any country not paying IOGKF affiliation for a period of two years consecutively and/or a country chief instructor failing to attend three CI gasshukus consecutively, or any international gasshuku within the same period, will forfeit all grading mandates as defined herein.",Review whether this should be translated or intentionally kept as-is.
da,graduations.json,graduations.regulations.generalRules.timeFee.title,same-as-english,"4.2 Time, Gasshuku and Registration Fee requirements",Review whether this should be translated or intentionally kept as-is.
da,graduations.json,graduations.regulations.generalRules.timeFee.definitions.title,same-as-english,4.2.1 Definitions of qualifying gasshuku,Review whether this should be translated or intentionally kept as-is.
da,graduations.json,graduations.regulations.generalRules.timeFee.definitions.points[0],same-as-english,National. Any gasshuku organized by a national organization.,Review whether this should be translated or intentionally kept as-is.
da,graduations.json,graduations.regulations.generalRules.timeFee.definitions.points[1],same-as-english,"International. Any gasshuku of international status shall be conducted by Saiko Shihan, Shuseki Shihan, Fuku Shuseki Shihan or Gijutsu Komon (i.e. Budosai, European Gasshuku, or any special gasshuku defined by the EC)",Review whether this should be translated or intentionally kept as-is.
da,graduations.json,graduations.regulations.generalRules.timeFee.definitions.note,same-as-english,"NOTE – Minimum time periods are based on the assumption of minimum training of 4 hours per week with a senior instructor. In the event of an instructor being of lower rank, the time period could be longer. Minimum time and minimum age criteria are both adhered to.",Review whether this should be translated or intentionally kept as-is.
da,graduations.json,graduations.regulations.generalRules.timeFee.factors.title,same-as-english,4.2.2 Factors that could influence time requirements,Review whether this should be translated or intentionally kept as-is.
da,graduations.json,graduations.regulations.generalRules.timeFee.factors.registration,same-as-english,"All dan grades should be registered and approved by the IOGKF – if this requirement is not met, the IOGKF will annul the grade and the individual must undergo a new grading under the correct conditions.",Review whether this should be translated or intentionally kept as-is.
da,graduations.json,graduations.regulations.generalRules.timeFee.factors.increasingTime.title,same-as-english,Increasing the time period,Review whether this should be translated or intentionally kept as-is.
da,graduations.json,graduations.regulations.generalRules.timeFee.factors.increasingTime.text,same-as-english,At the discretion of the country Chief Instructor the minimum time period may be increased for the following reasons:,Review whether this should be translated or intentionally kept as-is.
da,graduations.json,graduations.regulations.generalRules.timeFee.factors.increasingTime.points[0],same-as-english,The individual has not achieved the necessary level with respect to the grade sought.,Review whether this should be translated or intentionally kept as-is.
da,graduations.json,graduations.regulations.generalRules.timeFee.factors.increasingTime.points[1],same-as-english,"A person is mostly self-taught, not necessarily training under supervision per se. This does not qualify the person for the above time period specification",Review whether this should be translated or intentionally kept as-is.
da,graduations.json,graduations.regulations.generalRules.timeFee.factors.increasingTime.points[2],same-as-english,A period of more than three months of non–training due to injury or other reasons since the last grading.,Review whether this should be translated or intentionally kept as-is.
da,graduations.json,graduations.regulations.generalRules.timeFee.factors.reducingTime.title,same-as-english,Reducing the time period,Review whether this should be translated or intentionally kept as-is.
da,graduations.json,graduations.regulations.generalRules.timeFee.factors.reducingTime.points[0],same-as-english,"Time delay between immediate previous grading dates – e.g. a person took 6/7 years to advance from yondan to godan, can therefore get 'credit' of not more than one year, e.g. godan to rokudan in 5 years.",Review whether this should be translated or intentionally kept as-is.
da,graduations.json,graduations.regulations.generalRules.timeFee.factors.reducingTime.points[1],same-as-english,"If the student in question has been a junior black belt for many years. Then after they reach 18, they grade to adult shodan. However, they may grade to nidan after one year. Thereafter, the published grading time periods must be adhered to. NB. The individual’s age would continue to be one year less than “traditionally required” for that grade.",Review whether this should be translated or intentionally kept as-is.
da,graduations.json,graduations.regulations.generalRules.timeFee.factors.otherOrg.title,same-as-english,Black belt received from another organization,Review whether this should be translated or intentionally kept as-is.
da,graduations.json,graduations.regulations.generalRules.timeFee.factors.otherOrg.text,same-as-english,"Newly joined members who have a dan grade from their previous organization must re-grade under IOGKF standards. Minimum time, age and gasshuku attendance requirements should apply from the date they joined the organization. The grading they receive may be lower according to the IOGKF grading requirements.",Review whether this should be translated or intentionally kept as-is.
da,graduations.json,graduations.regulations.generalRules.categories.title,same-as-english,4.3 Grading Categories and Mandate,Review whether this should be translated or intentionally kept as-is.
da,graduations.json,graduations.regulations.generalRules.categories.text,same-as-english,"Country chief instructors, kambukai and representatives mandated by Higaonna Sensei, can conduct dan gradings as follow:",Review whether this should be translated or intentionally kept as-is.
da,graduations.json,graduations.regulations.generalRules.categories.chiefs.title,same-as-english,Chief instructors,Review whether this should be translated or intentionally kept as-is.
da,graduations.json,graduations.regulations.generalRules.categories.chiefs.points[0],same-as-english,Hachidan chief instructor: Can grade up to godan,Review whether this should be translated or intentionally kept as-is.
da,graduations.json,graduations.regulations.generalRules.categories.chiefs.points[1],same-as-english,EC-members: Can grade up to godan,Review whether this should be translated or intentionally kept as-is.
da,graduations.json,graduations.regulations.generalRules.categories.chiefs.points[2],same-as-english,Nanadan chief instructor: Can grade up to yondan within their own country,Review whether this should be translated or intentionally kept as-is.
da,graduations.json,graduations.regulations.generalRules.categories.chiefs.points[3],same-as-english,Rokudan chief instructor: Can grade up to yondan within their own country,Review whether this should be translated or intentionally kept as-is.
da,graduations.json,graduations.regulations.generalRules.categories.chiefs.points[4],same-as-english,Godan chief instructor: Can grade up to sandan within their own country,Review whether this should be translated or intentionally kept as-is.
da,graduations.json,graduations.regulations.generalRules.categories.chiefs.points[5],same-as-english,Yondan chief instructor: Can grade up to shodan within their own country,Review whether this should be translated or intentionally kept as-is.
da,graduations.json,graduations.regulations.generalRules.categories.chiefs.points[6],same-as-english,"Sandan, nidan, shodan chief instructor: Can not conduct black belt gradings",Review whether this should be translated or intentionally kept as-is.
da,graduations.json,graduations.regulations.generalRules.categories.chiefs.note,same-as-english,Dan gradings in countries where the instructor is not permitted to grade can only be conducted by a senior IOGKF instructor with the permission of the shuseki shihan and that country’s chief instructor. Grading categories and mandates may be waived for honorary dan grades.,Review whether this should be translated or intentionally kept as-is.
da,graduations.json,graduations.regulations.generalRules.categories.kambukai.title,same-as-english,Kambukai countries,Review whether this should be translated or intentionally kept as-is.
da,graduations.json,graduations.regulations.generalRules.categories.kambukai.text,same-as-english,The grading level for a kambukai is the same as for the chief instructors. Grading categories and the mandate are the same as above.,Review whether this should be translated or intentionally kept as-is.
da,graduations.json,graduations.regulations.generalRules.categories.representatives.title,same-as-english,Representative countries,Review whether this should be translated or intentionally kept as-is.
da,graduations.json,graduations.regulations.generalRules.categories.representatives.text,same-as-english,IOGKF representatives of a minimum of yondan may only grade up to shodan. This privilege is only granted if the representative country has been a member of IOGKF for a minimum of 2 years and the representatives have participated in international gasshuku.,Review whether this should be translated or intentionally kept as-is.
da,graduations.json,graduations.regulations.generalRules.categories.permission,same-as-english,**** No student can be graded in another country without the express permission of their chief instructor. Their chief instructor must sign the application form.,Review whether this should be translated or intentionally kept as-is.
da,graduations.json,graduations.regulations.generalRules.honbu.title,same-as-english,4.4 Honbu Dojo grading panel,Review whether this should be translated or intentionally kept as-is.
da,graduations.json,graduations.regulations.generalRules.honbu.text,same-as-english,Candidates grading to rokudan and above must be graded in Okinawa or at the Chief Instructor Gasshuku. The Honbu Dojo grading panel will be appointed by the Saiko Shihan.,Review whether this should be translated or intentionally kept as-is.
da,graduations.json,graduations.regulations.generalRules.international.title,same-as-english,4.8 International Gasshuku Grading Requirements,Review whether this should be translated or intentionally kept as-is.
da,graduations.json,graduations.regulations.generalRules.international.points[0],same-as-english,For all international gasshuku it is a requirement that the candidate must have completed the written examination beforehand and has been approved by the chief instructor. The chief instructor also has to sign the candidates’ application form; otherwise it will not be possible to be graded.,Review whether this should be translated or intentionally kept as-is.
da,graduations.json,graduations.regulations.writtenExam.title,same-as-english,5. The Written Exam,Review whether this should be translated or intentionally kept as-is.
da,graduations.json,graduations.regulations.writtenExam.low.title,same-as-english,"5.1 Shodan, Nidan or Sandan",Review whether this should be translated or intentionally kept as-is.
da,graduations.json,graduations.regulations.writtenExam.low.text,same-as-english,"In order to grade to shodan, nidan or sandan, the written exam must be completed and given to the candidate’s chief instructor before attending the international gasshuku. The exam must have a passing rate of a minimum of 75%. If this is not achieved, the candidate can not grade.",Review whether this should be translated or intentionally kept as-is.
da,graduations.json,graduations.regulations.writtenExam.high.title,same-as-english,5.2 Yondan and up,Review whether this should be translated or intentionally kept as-is.
da,graduations.json,graduations.regulations.writtenExam.high.text,same-as-english,"In order to grade to these levels, a written essay concerning some of the challenges facing karate and Okinawan Goju Ryu must be completed and submitted. The candidate’s chief instructor can get the chosen questions by contacting the Administrative Director prior to the grading. The answer/essay must be in English for the international gradings.",Review whether this should be translated or intentionally kept as-is.
de,graduations.json,graduations.regulations.senior.sandan.title,same-as-english,3.2.1 Sandan,Review whether this should be translated or intentionally kept as-is.
de,graduations.json,graduations.regulations.senior.yondan.title,same-as-english,3.2.2 Yondan,Review whether this should be translated or intentionally kept as-is.
de,graduations.json,graduations.regulations.senior.rokudan.title,same-as-english,3.2.4 Rokudan,Review whether this should be translated or intentionally kept as-is.
es,graduations.json,graduations.regulations.senior.sandan.title,same-as-english,3.2.1 Sandan,Review whether this should be translated or intentionally kept as-is.
es,graduations.json,graduations.regulations.senior.yondan.title,same-as-english,3.2.2 Yondan,Review whether this should be translated or intentionally kept as-is.
es,graduations.json,graduations.regulations.senior.rokudan.title,same-as-english,3.2.4 Rokudan,Review whether this should be translated or intentionally kept as-is.
fr,graduations.json,graduations.regulations.intro.title,same-as-english,1. Introduction,Review whether this should be translated or intentionally kept as-is.
fr,graduations.json,graduations.regulations.senior.sandan.title,same-as-english,3.2.1 Sandan,Review whether this should be translated or intentionally kept as-is.
fr,graduations.json,graduations.regulations.senior.yondan.title,same-as-english,3.2.2 Yondan,Review whether this should be translated or intentionally kept as-is.
fr,graduations.json,graduations.regulations.senior.rokudan.title,same-as-english,3.2.4 Rokudan,Review whether this should be translated or intentionally kept as-is.
it,graduations.json,graduations.sections.examRequirements.description,same-as-english,Select a rank to view the specific requirements for that grading.,Review whether this should be translated or intentionally kept as-is.
it,graduations.json,graduations.regulations.title,same-as-english,IOGKF International Black Belt Grading Regulations,Review whether this should be translated or intentionally kept as-is.
it,graduations.json,graduations.regulations.intro.title,same-as-english,1. Introduction,Review whether this should be translated or intentionally kept as-is.
it,graduations.json,graduations.regulations.intro.text,same-as-english,The purpose of this update is to clarify and standardize the black belt grading system and rules among IOGKF member countries.,Review whether this should be translated or intentionally kept as-is.
it,graduations.json,graduations.regulations.perspective.title,same-as-english,2. Perspective on Dan Gradings,Review whether this should be translated or intentionally kept as-is.
it,graduations.json,graduations.regulations.perspective.text,same-as-english,Dan grading awards is an indication of an individual’s progress in Karate-Do and only really relevant to oneself. The following three ‘pillars’ illustrates the holistic Budo environment of the Way of Karate-Do upon which development and progress is evaluated:,Review whether this should be translated or intentionally kept as-is.
it,graduations.json,graduations.regulations.junior.title,same-as-english,3.1 Childrens’ Black Belt Grades,Review whether this should be translated or intentionally kept as-is.
it,graduations.json,graduations.regulations.junior.text,same-as-english,Students under the age of 18 may also grade to black belt – it is the responsibility of the individual countries to set the standard for such a grading. It is common practice to split the junior dan grading into 3 or 4 categories.,Review whether this should be translated or intentionally kept as-is.
it,graduations.json,graduations.regulations.junior.categories.kakyu,same-as-english,Ka-kyu shodan 10 – 13 years,Review whether this should be translated or intentionally kept as-is.
it,graduations.json,graduations.regulations.junior.categories.chukyu,same-as-english,Chu-kyu shodan 14 – 15 years,Review whether this should be translated or intentionally kept as-is.
it,graduations.json,graduations.regulations.junior.categories.jokyu,same-as-english,Jo-kyu shodan 16 – 17 years,Review whether this should be translated or intentionally kept as-is.
it,graduations.json,graduations.regulations.junior.registration,same-as-english,Regarding junior gradings (all gradings under 18 years) – it is important that the candidates are registered within the IOGKF system and that the appropriate grading fees are paid.,Review whether this should be translated or intentionally kept as-is.
it,graduations.json,graduations.regulations.junior.turning18,same-as-english,On becoming 18 years old – the student must grade to senior shodan on the same conditions and fulfilling requirements as everybody else.,Review whether this should be translated or intentionally kept as-is.
it,graduations.json,graduations.regulations.senior.title,same-as-english,3.2 Senior Ranks,Review whether this should be translated or intentionally kept as-is.
it,graduations.json,graduations.regulations.senior.sandan.title,same-as-english,3.2.1 Sandan,Review whether this should be translated or intentionally kept as-is.
it,graduations.json,graduations.regulations.senior.sandan.text,same-as-english,"This is the first step into the ‘Senior’ or ‘Sensei’ hierarchy where certain character qualities should start becoming prevalent, therefore, the minimum time requirements are not merely enough, the candidate is expected to put something extra into their efforts. The following, more specific, considerations are relevant to sandan candidates:",Review whether this should be translated or intentionally kept as-is.
it,graduations.json,graduations.regulations.senior.sandan.points[0],same-as-english,More physical ability and technical ability than candidates for nidan.,Review whether this should be translated or intentionally kept as-is.
it,graduations.json,graduations.regulations.senior.sandan.points[1],same-as-english,"A show of commitment to the organization, such as: Involvement and support at regional or national events.",Review whether this should be translated or intentionally kept as-is.
it,graduations.json,graduations.regulations.senior.sandan.points[2],same-as-english,"Status - Instructor or assistant instructor - No person can really attempt sandan grade unless they have been teaching as well, even if only on an ad hoc basis.",Review whether this should be translated or intentionally kept as-is.
it,graduations.json,graduations.regulations.senior.sandan.points[3],same-as-english,"Demonstrates loyalty to the organization, fellow members and the Chief Instructor.",Review whether this should be translated or intentionally kept as-is.
it,graduations.json,graduations.regulations.senior.sandan.points[4],same-as-english,"Status amongst peers - how do their peers regard their abilities, personality, etc.?",Review whether this should be translated or intentionally kept as-is.
it,graduations.json,graduations.regulations.senior.yondan.title,same-as-english,3.2.2 Yondan,Review whether this should be translated or intentionally kept as-is.
it,graduations.json,graduations.regulations.senior.yondan.text,same-as-english,"Everything required for sandan one step up, plus, a greater sense of being involved in the organization. Physical ability and conditioning are important – they must be able to 'handle’ themselves, considering, of course, age.",Review whether this should be translated or intentionally kept as-is.
it,graduations.json,graduations.regulations.senior.godan.text,same-as-english,Senior black belt level with the following considerations:,Review whether this should be translated or intentionally kept as-is.
it,graduations.json,graduations.regulations.senior.godan.points[0],same-as-english,"Have they earned the respect of senior instructors, junior and senior members of their dojo and country by their behaviour, both on and off the floor – proper attitude, unquestionable loyalty to the organization?",Review whether this should be translated or intentionally kept as-is.
it,graduations.json,graduations.regulations.senior.godan.points[1],same-as-english,Do they have the maturity of character to accept criticism and to progress from it?,Review whether this should be translated or intentionally kept as-is.
it,graduations.json,graduations.regulations.senior.godan.points[2],same-as-english,Do they have an objective sense of judgement?,Review whether this should be translated or intentionally kept as-is.
it,graduations.json,graduations.regulations.senior.godan.points[3],same-as-english,Physical ability is important – are they able to 'handle’ themselves?,Review whether this should be translated or intentionally kept as-is.
it,graduations.json,graduations.regulations.senior.godan.points[4],same-as-english,Do they self-train regularly?,Review whether this should be translated or intentionally kept as-is.
it,graduations.json,graduations.regulations.senior.rokudan.title,same-as-english,3.2.4 Rokudan,Review whether this should be translated or intentionally kept as-is.
it,graduations.json,graduations.regulations.senior.rokudan.text,same-as-english,"Starting to move into the 'upper echelons' of the organization, nationally as well as internationally. Physical ability and conditioning are important – considering age, candidates should still be improving technically and physically and should be seen by everyone as a person who endeavours to embody the philosophy of karate-do. Rokudan is usually the minimum rank qualification for ‘Shihan’, given only by invitation of the Honbu grading panel, which means 'Role Model' – or ‘Professor’, in other words: Do juniors below them and seniors above them respect them apart from their physical abilities?",Review whether this should be translated or intentionally kept as-is.
it,graduations.json,graduations.regulations.senior.rokudan.considerationsTitle,same-as-english,Other considerations for this level are:,Review whether this should be translated or intentionally kept as-is.
it,graduations.json,graduations.regulations.senior.rokudan.points[0],same-as-english,Do they continue to promote traditional karate and embody loyalty to the Chief Instructor and the rest of the organization?,Review whether this should be translated or intentionally kept as-is.
it,graduations.json,graduations.regulations.senior.rokudan.points[1],same-as-english,Do they possess the leadership qualities: Do they lead by example?,Review whether this should be translated or intentionally kept as-is.
it,graduations.json,graduations.regulations.senior.rokudan.points[2],same-as-english,Do other members of the international karate society accept and/or respect their abilities?,Review whether this should be translated or intentionally kept as-is.
it,graduations.json,graduations.regulations.senior.rokudan.points[3],same-as-english,What is their standing in the world outside karate? (Will people outside of the karate world have respected this person even if they did not have karate as a claim to ‘fame’?),Review whether this should be translated or intentionally kept as-is.
it,graduations.json,graduations.regulations.senior.rokudan.points[4],same-as-english,Exhibit appropriate behaviour outside of the dojo.,Review whether this should be translated or intentionally kept as-is.
it,graduations.json,graduations.regulations.senior.highranks.title,same-as-english,"3.2.5 Nanadan, hachidan and higher",Review whether this should be translated or intentionally kept as-is.
it,graduations.json,graduations.regulations.senior.highranks.text,same-as-english,"Candidates are now becoming a manifestation of Okinawan Goju Ryu and have mastered most of the basic concepts, and although they are a senior master, they still remain as students of karate-do – metaphorically, this is equivalent to a Professor at university. They must attend chief instructor gasshuku on a regular basis. Candidates will be informed by the IOGKF executive committee 6 or 12 months before they are invited to test, during this time they must present themselves at a gasshuku given by anyone of the Honbu grading panel. These ranks are on an invitation basis only.",Review whether this should be translated or intentionally kept as-is.
it,graduations.json,graduations.regulations.honorary.title,same-as-english,3.3 Honorary Dan Grade,Review whether this should be translated or intentionally kept as-is.
it,graduations.json,graduations.regulations.honorary.text,same-as-english,"At the discretion of the EC, an honorary dan grade may be awarded on an individual basis for the following reasons:",Review whether this should be translated or intentionally kept as-is.
it,graduations.json,graduations.regulations.honorary.points[0],same-as-english,Contribution to the association,Review whether this should be translated or intentionally kept as-is.
it,graduations.json,graduations.regulations.honorary.points[1],same-as-english,Promotion of the IOGKF,Review whether this should be translated or intentionally kept as-is.
it,graduations.json,graduations.regulations.honorary.points[2],same-as-english,Where an individual has had to limit their training for reasons beyond their control.,Review whether this should be translated or intentionally kept as-is.
it,graduations.json,graduations.regulations.chiefInstructors.title,same-as-english,3.4 Chief Instructors – Kambukai – Representatives,Review whether this should be translated or intentionally kept as-is.
it,graduations.json,graduations.regulations.chiefInstructors.text,same-as-english,"A Country Chief Instructor, Kambukai member or Representative needs permission from the EC for their grading and MUST grade under the appointed grading examiner.",Review whether this should be translated or intentionally kept as-is.
it,graduations.json,graduations.regulations.generalRules.title,same-as-english,4. General Rules for Dan Gradings,Review whether this should be translated or intentionally kept as-is.
it,graduations.json,graduations.regulations.generalRules.admin.title,same-as-english,4.1 Administrative Requirements,Review whether this should be translated or intentionally kept as-is.
it,graduations.json,graduations.regulations.generalRules.admin.points[0],same-as-english,"Only members whose countries are current regarding country affiliations, can be tested and registered for IOGKF Dan rankings.",Review whether this should be translated or intentionally kept as-is.
it,graduations.json,graduations.regulations.generalRules.admin.points[1],same-as-english,"Any country not paying IOGKF affiliation for a period of two years consecutively and/or a country chief instructor failing to attend three CI gasshukus consecutively, or any international gasshuku within the same period, will forfeit all grading mandates as defined herein.",Review whether this should be translated or intentionally kept as-is.
it,graduations.json,graduations.regulations.generalRules.timeFee.title,same-as-english,"4.2 Time, Gasshuku and Registration Fee requirements",Review whether this should be translated or intentionally kept as-is.
it,graduations.json,graduations.regulations.generalRules.timeFee.definitions.title,same-as-english,4.2.1 Definitions of qualifying gasshuku,Review whether this should be translated or intentionally kept as-is.
it,graduations.json,graduations.regulations.generalRules.timeFee.definitions.points[0],same-as-english,National. Any gasshuku organized by a national organization.,Review whether this should be translated or intentionally kept as-is.
it,graduations.json,graduations.regulations.generalRules.timeFee.definitions.points[1],same-as-english,"International. Any gasshuku of international status shall be conducted by Saiko Shihan, Shuseki Shihan, Fuku Shuseki Shihan or Gijutsu Komon (i.e. Budosai, European Gasshuku, or any special gasshuku defined by the EC)",Review whether this should be translated or intentionally kept as-is.
it,graduations.json,graduations.regulations.generalRules.timeFee.definitions.note,same-as-english,"NOTE – Minimum time periods are based on the assumption of minimum training of 4 hours per week with a senior instructor. In the event of an instructor being of lower rank, the time period could be longer. Minimum time and minimum age criteria are both adhered to.",Review whether this should be translated or intentionally kept as-is.
it,graduations.json,graduations.regulations.generalRules.timeFee.factors.title,same-as-english,4.2.2 Factors that could influence time requirements,Review whether this should be translated or intentionally kept as-is.
it,graduations.json,graduations.regulations.generalRules.timeFee.factors.registration,same-as-english,"All dan grades should be registered and approved by the IOGKF – if this requirement is not met, the IOGKF will annul the grade and the individual must undergo a new grading under the correct conditions.",Review whether this should be translated or intentionally kept as-is.
it,graduations.json,graduations.regulations.generalRules.timeFee.factors.increasingTime.title,same-as-english,Increasing the time period,Review whether this should be translated or intentionally kept as-is.
it,graduations.json,graduations.regulations.generalRules.timeFee.factors.increasingTime.text,same-as-english,At the discretion of the country Chief Instructor the minimum time period may be increased for the following reasons:,Review whether this should be translated or intentionally kept as-is.
it,graduations.json,graduations.regulations.generalRules.timeFee.factors.increasingTime.points[0],same-as-english,The individual has not achieved the necessary level with respect to the grade sought.,Review whether this should be translated or intentionally kept as-is.
it,graduations.json,graduations.regulations.generalRules.timeFee.factors.increasingTime.points[1],same-as-english,"A person is mostly self-taught, not necessarily training under supervision per se. This does not qualify the person for the above time period specification",Review whether this should be translated or intentionally kept as-is.
it,graduations.json,graduations.regulations.generalRules.timeFee.factors.increasingTime.points[2],same-as-english,A period of more than three months of non–training due to injury or other reasons since the last grading.,Review whether this should be translated or intentionally kept as-is.
it,graduations.json,graduations.regulations.generalRules.timeFee.factors.reducingTime.title,same-as-english,Reducing the time period,Review whether this should be translated or intentionally kept as-is.
it,graduations.json,graduations.regulations.generalRules.timeFee.factors.reducingTime.points[0],same-as-english,"Time delay between immediate previous grading dates – e.g. a person took 6/7 years to advance from yondan to godan, can therefore get 'credit' of not more than one year, e.g. godan to rokudan in 5 years.",Review whether this should be translated or intentionally kept as-is.
it,graduations.json,graduations.regulations.generalRules.timeFee.factors.reducingTime.points[1],same-as-english,"If the student in question has been a junior black belt for many years. Then after they reach 18, they grade to adult shodan. However, they may grade to nidan after one year. Thereafter, the published grading time periods must be adhered to. NB. The individual’s age would continue to be one year less than “traditionally required” for that grade.",Review whether this should be translated or intentionally kept as-is.
it,graduations.json,graduations.regulations.generalRules.timeFee.factors.otherOrg.title,same-as-english,Black belt received from another organization,Review whether this should be translated or intentionally kept as-is.
it,graduations.json,graduations.regulations.generalRules.timeFee.factors.otherOrg.text,same-as-english,"Newly joined members who have a dan grade from their previous organization must re-grade under IOGKF standards. Minimum time, age and gasshuku attendance requirements should apply from the date they joined the organization. The grading they receive may be lower according to the IOGKF grading requirements.",Review whether this should be translated or intentionally kept as-is.
it,graduations.json,graduations.regulations.generalRules.categories.title,same-as-english,4.3 Grading Categories and Mandate,Review whether this should be translated or intentionally kept as-is.
it,graduations.json,graduations.regulations.generalRules.categories.text,same-as-english,"Country chief instructors, kambukai and representatives mandated by Higaonna Sensei, can conduct dan gradings as follow:",Review whether this should be translated or intentionally kept as-is.
it,graduations.json,graduations.regulations.generalRules.categories.chiefs.title,same-as-english,Chief instructors,Review whether this should be translated or intentionally kept as-is.
it,graduations.json,graduations.regulations.generalRules.categories.chiefs.points[0],same-as-english,Hachidan chief instructor: Can grade up to godan,Review whether this should be translated or intentionally kept as-is.
it,graduations.json,graduations.regulations.generalRules.categories.chiefs.points[1],same-as-english,EC-members: Can grade up to godan,Review whether this should be translated or intentionally kept as-is.
it,graduations.json,graduations.regulations.generalRules.categories.chiefs.points[2],same-as-english,Nanadan chief instructor: Can grade up to yondan within their own country,Review whether this should be translated or intentionally kept as-is.
it,graduations.json,graduations.regulations.generalRules.categories.chiefs.points[3],same-as-english,Rokudan chief instructor: Can grade up to yondan within their own country,Review whether this should be translated or intentionally kept as-is.
it,graduations.json,graduations.regulations.generalRules.categories.chiefs.points[4],same-as-english,Godan chief instructor: Can grade up to sandan within their own country,Review whether this should be translated or intentionally kept as-is.
it,graduations.json,graduations.regulations.generalRules.categories.chiefs.points[5],same-as-english,Yondan chief instructor: Can grade up to shodan within their own country,Review whether this should be translated or intentionally kept as-is.
it,graduations.json,graduations.regulations.generalRules.categories.chiefs.points[6],same-as-english,"Sandan, nidan, shodan chief instructor: Can not conduct black belt gradings",Review whether this should be translated or intentionally kept as-is.
it,graduations.json,graduations.regulations.generalRules.categories.chiefs.note,same-as-english,Dan gradings in countries where the instructor is not permitted to grade can only be conducted by a senior IOGKF instructor with the permission of the shuseki shihan and that country’s chief instructor. Grading categories and mandates may be waived for honorary dan grades.,Review whether this should be translated or intentionally kept as-is.
it,graduations.json,graduations.regulations.generalRules.categories.kambukai.title,same-as-english,Kambukai countries,Review whether this should be translated or intentionally kept as-is.
it,graduations.json,graduations.regulations.generalRules.categories.kambukai.text,same-as-english,The grading level for a kambukai is the same as for the chief instructors. Grading categories and the mandate are the same as above.,Review whether this should be translated or intentionally kept as-is.
it,graduations.json,graduations.regulations.generalRules.categories.representatives.title,same-as-english,Representative countries,Review whether this should be translated or intentionally kept as-is.
it,graduations.json,graduations.regulations.generalRules.categories.representatives.text,same-as-english,IOGKF representatives of a minimum of yondan may only grade up to shodan. This privilege is only granted if the representative country has been a member of IOGKF for a minimum of 2 years and the representatives have participated in international gasshuku.,Review whether this should be translated or intentionally kept as-is.
it,graduations.json,graduations.regulations.generalRules.categories.permission,same-as-english,**** No student can be graded in another country without the express permission of their chief instructor. Their chief instructor must sign the application form.,Review whether this should be translated or intentionally kept as-is.
it,graduations.json,graduations.regulations.generalRules.honbu.title,same-as-english,4.4 Honbu Dojo grading panel,Review whether this should be translated or intentionally kept as-is.
it,graduations.json,graduations.regulations.generalRules.honbu.text,same-as-english,Candidates grading to rokudan and above must be graded in Okinawa or at the Chief Instructor Gasshuku. The Honbu Dojo grading panel will be appointed by the Saiko Shihan.,Review whether this should be translated or intentionally kept as-is.
it,graduations.json,graduations.regulations.generalRules.international.title,same-as-english,4.8 International Gasshuku Grading Requirements,Review whether this should be translated or intentionally kept as-is.
it,graduations.json,graduations.regulations.generalRules.international.points[0],same-as-english,For all international gasshuku it is a requirement that the candidate must have completed the written examination beforehand and has been approved by the chief instructor. The chief instructor also has to sign the candidates’ application form; otherwise it will not be possible to be graded.,Review whether this should be translated or intentionally kept as-is.
it,graduations.json,graduations.regulations.writtenExam.title,same-as-english,5. The Written Exam,Review whether this should be translated or intentionally kept as-is.
it,graduations.json,graduations.regulations.writtenExam.low.title,same-as-english,"5.1 Shodan, Nidan or Sandan",Review whether this should be translated or intentionally kept as-is.
it,graduations.json,graduations.regulations.writtenExam.low.text,same-as-english,"In order to grade to shodan, nidan or sandan, the written exam must be completed and given to the candidate’s chief instructor before attending the international gasshuku. The exam must have a passing rate of a minimum of 75%. If this is not achieved, the candidate can not grade.",Review whether this should be translated or intentionally kept as-is.
it,graduations.json,graduations.regulations.writtenExam.high.title,same-as-english,5.2 Yondan and up,Review whether this should be translated or intentionally kept as-is.
it,graduations.json,graduations.regulations.writtenExam.high.text,same-as-english,"In order to grade to these levels, a written essay concerning some of the challenges facing karate and Okinawan Goju Ryu must be completed and submitted. The candidate’s chief instructor can get the chosen questions by contacting the Administrative Director prior to the grading. The answer/essay must be in English for the international gradings.",Review whether this should be translated or intentionally kept as-is.
nl,graduations.json,graduations.regulations.senior.sandan.title,same-as-english,3.2.1 Sandan,Review whether this should be translated or intentionally kept as-is.
nl,graduations.json,graduations.regulations.senior.yondan.title,same-as-english,3.2.2 Yondan,Review whether this should be translated or intentionally kept as-is.
nl,graduations.json,graduations.regulations.senior.rokudan.title,same-as-english,3.2.4 Rokudan,Review whether this should be translated or intentionally kept as-is.
pt,graduations.json,graduations.sections.examRequirements.description,same-as-english,Select a rank to view the specific requirements for that grading.,Review whether this should be translated or intentionally kept as-is.
pt,graduations.json,graduations.sections.beltColors.colors.black.description,same-as-english,Maturity - the journey only begins,Review whether this should be translated or intentionally kept as-is.
pt,graduations.json,graduations.sections.titles.description,same-as-english,Different titles and ranks in the karate world,Review whether this should be translated or intentionally kept as-is.
pt,graduations.json,graduations.sections.titles.studentTitles.titles.mudansha.description,same-as-english,Student without black belt,Review whether this should be translated or intentionally kept as-is.
pt,graduations.json,graduations.sections.titles.studentTitles.titles.yudansha.description,same-as-english,Black belt holder,Review whether this should be translated or intentionally kept as-is.
pt,graduations.json,graduations.sections.titles.studentTitles.titles.karateka.description,same-as-english,Karate practitioner,Review whether this should be translated or intentionally kept as-is.
pt,graduations.json,graduations.sections.titles.studentTitles.titles.sempai.description,same-as-english,Senior student,Review whether this should be translated or intentionally kept as-is.
pt,graduations.json,graduations.sections.titles.studentTitles.titles.kohai.description,same-as-english,Junior student,Review whether this should be translated or intentionally kept as-is.
pt,graduations.json,graduations.sections.titles.studentTitles.titles.uchiDeshi.description,same-as-english,Live-in student,Review whether this should be translated or intentionally kept as-is.
pt,graduations.json,graduations.sections.titles.instructorTitles.titles.shihan.description,same-as-english,"Master instructor, teacher of teachers",Review whether this should be translated or intentionally kept as-is.
pt,graduations.json,graduations.sections.titles.instructorTitles.titles.renshi.description,same-as-english,Polished instructor (teaching title),Review whether this should be translated or intentionally kept as-is.
pt,graduations.json,graduations.sections.titles.instructorTitles.titles.kyoshi.description,same-as-english,Advanced teacher (teaching title),Review whether this should be translated or intentionally kept as-is.
pt,graduations.json,graduations.sections.titles.instructorTitles.titles.hanshi.description,same-as-english,"Exemplary teacher, master (teaching title)",Review whether this should be translated or intentionally kept as-is.
pt,graduations.json,graduations.sections.titles.otherTitles.titles.bushi.description,same-as-english,Great martial artist,Review whether this should be translated or intentionally kept as-is.
pt,graduations.json,graduations.sections.titles.otherTitles.titles.fukushin.description,same-as-english,Assistant referee,Review whether this should be translated or intentionally kept as-is.
pt,graduations.json,graduations.sections.gradingSystem.description,same-as-english,How the grading system works,Review whether this should be translated or intentionally kept as-is.
pt,graduations.json,graduations.sections.gradingSystem.kyuSystem.description,same-as-english,The kyu system for colored belts,Review whether this should be translated or intentionally kept as-is.
pt,graduations.json,graduations.sections.gradingSystem.danSystem.description,same-as-english,The dan system for black belts,Review whether this should be translated or intentionally kept as-is.
pt,graduations.json,graduations.regulations.title,same-as-english,IOGKF International Black Belt Grading Regulations,Review whether this should be translated or intentionally kept as-is.
pt,graduations.json,graduations.regulations.intro.title,same-as-english,1. Introduction,Review whether this should be translated or intentionally kept as-is.
pt,graduations.json,graduations.regulations.intro.text,same-as-english,The purpose of this update is to clarify and standardize the black belt grading system and rules among IOGKF member countries.,Review whether this should be translated or intentionally kept as-is.
pt,graduations.json,graduations.regulations.perspective.title,same-as-english,2. Perspective on Dan Gradings,Review whether this should be translated or intentionally kept as-is.
pt,graduations.json,graduations.regulations.perspective.text,same-as-english,Dan grading awards is an indication of an individual’s progress in Karate-Do and only really relevant to oneself. The following three ‘pillars’ illustrates the holistic Budo environment of the Way of Karate-Do upon which development and progress is evaluated:,Review whether this should be translated or intentionally kept as-is.
pt,graduations.json,graduations.regulations.junior.title,same-as-english,3.1 Childrens’ Black Belt Grades,Review whether this should be translated or intentionally kept as-is.
pt,graduations.json,graduations.regulations.junior.text,same-as-english,Students under the age of 18 may also grade to black belt – it is the responsibility of the individual countries to set the standard for such a grading. It is common practice to split the junior dan grading into 3 or 4 categories.,Review whether this should be translated or intentionally kept as-is.
pt,graduations.json,graduations.regulations.junior.categories.kakyu,same-as-english,Ka-kyu shodan 10 – 13 years,Review whether this should be translated or intentionally kept as-is.
pt,graduations.json,graduations.regulations.junior.categories.chukyu,same-as-english,Chu-kyu shodan 14 – 15 years,Review whether this should be translated or intentionally kept as-is.
pt,graduations.json,graduations.regulations.junior.categories.jokyu,same-as-english,Jo-kyu shodan 16 – 17 years,Review whether this should be translated or intentionally kept as-is.
pt,graduations.json,graduations.regulations.junior.registration,same-as-english,Regarding junior gradings (all gradings under 18 years) – it is important that the candidates are registered within the IOGKF system and that the appropriate grading fees are paid.,Review whether this should be translated or intentionally kept as-is.
pt,graduations.json,graduations.regulations.junior.turning18,same-as-english,On becoming 18 years old – the student must grade to senior shodan on the same conditions and fulfilling requirements as everybody else.,Review whether this should be translated or intentionally kept as-is.
pt,graduations.json,graduations.regulations.senior.title,same-as-english,3.2 Senior Ranks,Review whether this should be translated or intentionally kept as-is.
pt,graduations.json,graduations.regulations.senior.sandan.title,same-as-english,3.2.1 Sandan,Review whether this should be translated or intentionally kept as-is.
pt,graduations.json,graduations.regulations.senior.sandan.text,same-as-english,"This is the first step into the ‘Senior’ or ‘Sensei’ hierarchy where certain character qualities should start becoming prevalent, therefore, the minimum time requirements are not merely enough, the candidate is expected to put something extra into their efforts. The following, more specific, considerations are relevant to sandan candidates:",Review whether this should be translated or intentionally kept as-is.
pt,graduations.json,graduations.regulations.senior.sandan.points[0],same-as-english,More physical ability and technical ability than candidates for nidan.,Review whether this should be translated or intentionally kept as-is.
pt,graduations.json,graduations.regulations.senior.sandan.points[1],same-as-english,"A show of commitment to the organization, such as: Involvement and support at regional or national events.",Review whether this should be translated or intentionally kept as-is.
pt,graduations.json,graduations.regulations.senior.sandan.points[2],same-as-english,"Status - Instructor or assistant instructor - No person can really attempt sandan grade unless they have been teaching as well, even if only on an ad hoc basis.",Review whether this should be translated or intentionally kept as-is.
pt,graduations.json,graduations.regulations.senior.sandan.points[3],same-as-english,"Demonstrates loyalty to the organization, fellow members and the Chief Instructor.",Review whether this should be translated or intentionally kept as-is.
pt,graduations.json,graduations.regulations.senior.sandan.points[4],same-as-english,"Status amongst peers - how do their peers regard their abilities, personality, etc.?",Review whether this should be translated or intentionally kept as-is.
pt,graduations.json,graduations.regulations.senior.yondan.title,same-as-english,3.2.2 Yondan,Review whether this should be translated or intentionally kept as-is.
pt,graduations.json,graduations.regulations.senior.yondan.text,same-as-english,"Everything required for sandan one step up, plus, a greater sense of being involved in the organization. Physical ability and conditioning are important – they must be able to 'handle’ themselves, considering, of course, age.",Review whether this should be translated or intentionally kept as-is.
pt,graduations.json,graduations.regulations.senior.godan.text,same-as-english,Senior black belt level with the following considerations:,Review whether this should be translated or intentionally kept as-is.
pt,graduations.json,graduations.regulations.senior.godan.points[0],same-as-english,"Have they earned the respect of senior instructors, junior and senior members of their dojo and country by their behaviour, both on and off the floor – proper attitude, unquestionable loyalty to the organization?",Review whether this should be translated or intentionally kept as-is.
pt,graduations.json,graduations.regulations.senior.godan.points[1],same-as-english,Do they have the maturity of character to accept criticism and to progress from it?,Review whether this should be translated or intentionally kept as-is.
pt,graduations.json,graduations.regulations.senior.godan.points[2],same-as-english,Do they have an objective sense of judgement?,Review whether this should be translated or intentionally kept as-is.
pt,graduations.json,graduations.regulations.senior.godan.points[3],same-as-english,Physical ability is important – are they able to 'handle’ themselves?,Review whether this should be translated or intentionally kept as-is.
pt,graduations.json,graduations.regulations.senior.godan.points[4],same-as-english,Do they self-train regularly?,Review whether this should be translated or intentionally kept as-is.
pt,graduations.json,graduations.regulations.senior.rokudan.title,same-as-english,3.2.4 Rokudan,Review whether this should be translated or intentionally kept as-is.
pt,graduations.json,graduations.regulations.senior.rokudan.text,same-as-english,"Starting to move into the 'upper echelons' of the organization, nationally as well as internationally. Physical ability and conditioning are important – considering age, candidates should still be improving technically and physically and should be seen by everyone as a person who endeavours to embody the philosophy of karate-do. Rokudan is usually the minimum rank qualification for ‘Shihan’, given only by invitation of the Honbu grading panel, which means 'Role Model' – or ‘Professor’, in other words: Do juniors below them and seniors above them respect them apart from their physical abilities?",Review whether this should be translated or intentionally kept as-is.
pt,graduations.json,graduations.regulations.senior.rokudan.considerationsTitle,same-as-english,Other considerations for this level are:,Review whether this should be translated or intentionally kept as-is.
pt,graduations.json,graduations.regulations.senior.rokudan.points[0],same-as-english,Do they continue to promote traditional karate and embody loyalty to the Chief Instructor and the rest of the organization?,Review whether this should be translated or intentionally kept as-is.
pt,graduations.json,graduations.regulations.senior.rokudan.points[1],same-as-english,Do they possess the leadership qualities: Do they lead by example?,Review whether this should be translated or intentionally kept as-is.
pt,graduations.json,graduations.regulations.senior.rokudan.points[2],same-as-english,Do other members of the international karate society accept and/or respect their abilities?,Review whether this should be translated or intentionally kept as-is.
pt,graduations.json,graduations.regulations.senior.rokudan.points[3],same-as-english,What is their standing in the world outside karate? (Will people outside of the karate world have respected this person even if they did not have karate as a claim to ‘fame’?),Review whether this should be translated or intentionally kept as-is.
pt,graduations.json,graduations.regulations.senior.rokudan.points[4],same-as-english,Exhibit appropriate behaviour outside of the dojo.,Review whether this should be translated or intentionally kept as-is.
pt,graduations.json,graduations.regulations.senior.highranks.title,same-as-english,"3.2.5 Nanadan, hachidan and higher",Review whether this should be translated or intentionally kept as-is.
pt,graduations.json,graduations.regulations.senior.highranks.text,same-as-english,"Candidates are now becoming a manifestation of Okinawan Goju Ryu and have mastered most of the basic concepts, and although they are a senior master, they still remain as students of karate-do – metaphorically, this is equivalent to a Professor at university. They must attend chief instructor gasshuku on a regular basis. Candidates will be informed by the IOGKF executive committee 6 or 12 months before they are invited to test, during this time they must present themselves at a gasshuku given by anyone of the Honbu grading panel. These ranks are on an invitation basis only.",Review whether this should be translated or intentionally kept as-is.
pt,graduations.json,graduations.regulations.honorary.title,same-as-english,3.3 Honorary Dan Grade,Review whether this should be translated or intentionally kept as-is.
pt,graduations.json,graduations.regulations.honorary.text,same-as-english,"At the discretion of the EC, an honorary dan grade may be awarded on an individual basis for the following reasons:",Review whether this should be translated or intentionally kept as-is.
pt,graduations.json,graduations.regulations.honorary.points[0],same-as-english,Contribution to the association,Review whether this should be translated or intentionally kept as-is.
pt,graduations.json,graduations.regulations.honorary.points[1],same-as-english,Promotion of the IOGKF,Review whether this should be translated or intentionally kept as-is.
pt,graduations.json,graduations.regulations.honorary.points[2],same-as-english,Where an individual has had to limit their training for reasons beyond their control.,Review whether this should be translated or intentionally kept as-is.
pt,graduations.json,graduations.regulations.chiefInstructors.title,same-as-english,3.4 Chief Instructors – Kambukai – Representatives,Review whether this should be translated or intentionally kept as-is.
pt,graduations.json,graduations.regulations.chiefInstructors.text,same-as-english,"A Country Chief Instructor, Kambukai member or Representative needs permission from the EC for their grading and MUST grade under the appointed grading examiner.",Review whether this should be translated or intentionally kept as-is.
pt,graduations.json,graduations.regulations.generalRules.title,same-as-english,4. General Rules for Dan Gradings,Review whether this should be translated or intentionally kept as-is.
pt,graduations.json,graduations.regulations.generalRules.admin.title,same-as-english,4.1 Administrative Requirements,Review whether this should be translated or intentionally kept as-is.
pt,graduations.json,graduations.regulations.generalRules.admin.points[0],same-as-english,"Only members whose countries are current regarding country affiliations, can be tested and registered for IOGKF Dan rankings.",Review whether this should be translated or intentionally kept as-is.
pt,graduations.json,graduations.regulations.generalRules.admin.points[1],same-as-english,"Any country not paying IOGKF affiliation for a period of two years consecutively and/or a country chief instructor failing to attend three CI gasshukus consecutively, or any international gasshuku within the same period, will forfeit all grading mandates as defined herein.",Review whether this should be translated or intentionally kept as-is.
pt,graduations.json,graduations.regulations.generalRules.timeFee.title,same-as-english,"4.2 Time, Gasshuku and Registration Fee requirements",Review whether this should be translated or intentionally kept as-is.
pt,graduations.json,graduations.regulations.generalRules.timeFee.definitions.title,same-as-english,4.2.1 Definitions of qualifying gasshuku,Review whether this should be translated or intentionally kept as-is.
pt,graduations.json,graduations.regulations.generalRules.timeFee.definitions.points[0],same-as-english,National. Any gasshuku organized by a national organization.,Review whether this should be translated or intentionally kept as-is.
pt,graduations.json,graduations.regulations.generalRules.timeFee.definitions.points[1],same-as-english,"International. Any gasshuku of international status shall be conducted by Saiko Shihan, Shuseki Shihan, Fuku Shuseki Shihan or Gijutsu Komon (i.e. Budosai, European Gasshuku, or any special gasshuku defined by the EC)",Review whether this should be translated or intentionally kept as-is.
pt,graduations.json,graduations.regulations.generalRules.timeFee.definitions.note,same-as-english,"NOTE – Minimum time periods are based on the assumption of minimum training of 4 hours per week with a senior instructor. In the event of an instructor being of lower rank, the time period could be longer. Minimum time and minimum age criteria are both adhered to.",Review whether this should be translated or intentionally kept as-is.
pt,graduations.json,graduations.regulations.generalRules.timeFee.factors.title,same-as-english,4.2.2 Factors that could influence time requirements,Review whether this should be translated or intentionally kept as-is.
pt,graduations.json,graduations.regulations.generalRules.timeFee.factors.registration,same-as-english,"All dan grades should be registered and approved by the IOGKF – if this requirement is not met, the IOGKF will annul the grade and the individual must undergo a new grading under the correct conditions.",Review whether this should be translated or intentionally kept as-is.
pt,graduations.json,graduations.regulations.generalRules.timeFee.factors.increasingTime.title,same-as-english,Increasing the time period,Review whether this should be translated or intentionally kept as-is.
pt,graduations.json,graduations.regulations.generalRules.timeFee.factors.increasingTime.text,same-as-english,At the discretion of the country Chief Instructor the minimum time period may be increased for the following reasons:,Review whether this should be translated or intentionally kept as-is.
pt,graduations.json,graduations.regulations.generalRules.timeFee.factors.increasingTime.points[0],same-as-english,The individual has not achieved the necessary level with respect to the grade sought.,Review whether this should be translated or intentionally kept as-is.
pt,graduations.json,graduations.regulations.generalRules.timeFee.factors.increasingTime.points[1],same-as-english,"A person is mostly self-taught, not necessarily training under supervision per se. This does not qualify the person for the above time period specification",Review whether this should be translated or intentionally kept as-is.
pt,graduations.json,graduations.regulations.generalRules.timeFee.factors.increasingTime.points[2],same-as-english,A period of more than three months of non–training due to injury or other reasons since the last grading.,Review whether this should be translated or intentionally kept as-is.
pt,graduations.json,graduations.regulations.generalRules.timeFee.factors.reducingTime.title,same-as-english,Reducing the time period,Review whether this should be translated or intentionally kept as-is.
pt,graduations.json,graduations.regulations.generalRules.timeFee.factors.reducingTime.points[0],same-as-english,"Time delay between immediate previous grading dates – e.g. a person took 6/7 years to advance from yondan to godan, can therefore get 'credit' of not more than one year, e.g. godan to rokudan in 5 years.",Review whether this should be translated or intentionally kept as-is.
pt,graduations.json,graduations.regulations.generalRules.timeFee.factors.reducingTime.points[1],same-as-english,"If the student in question has been a junior black belt for many years. Then after they reach 18, they grade to adult shodan. However, they may grade to nidan after one year. Thereafter, the published grading time periods must be adhered to. NB. The individual’s age would continue to be one year less than “traditionally required” for that grade.",Review whether this should be translated or intentionally kept as-is.
pt,graduations.json,graduations.regulations.generalRules.timeFee.factors.otherOrg.title,same-as-english,Black belt received from another organization,Review whether this should be translated or intentionally kept as-is.
pt,graduations.json,graduations.regulations.generalRules.timeFee.factors.otherOrg.text,same-as-english,"Newly joined members who have a dan grade from their previous organization must re-grade under IOGKF standards. Minimum time, age and gasshuku attendance requirements should apply from the date they joined the organization. The grading they receive may be lower according to the IOGKF grading requirements.",Review whether this should be translated or intentionally kept as-is.
pt,graduations.json,graduations.regulations.generalRules.categories.title,same-as-english,4.3 Grading Categories and Mandate,Review whether this should be translated or intentionally kept as-is.
pt,graduations.json,graduations.regulations.generalRules.categories.text,same-as-english,"Country chief instructors, kambukai and representatives mandated by Higaonna Sensei, can conduct dan gradings as follow:",Review whether this should be translated or intentionally kept as-is.
pt,graduations.json,graduations.regulations.generalRules.categories.chiefs.title,same-as-english,Chief instructors,Review whether this should be translated or intentionally kept as-is.
pt,graduations.json,graduations.regulations.generalRules.categories.chiefs.points[0],same-as-english,Hachidan chief instructor: Can grade up to godan,Review whether this should be translated or intentionally kept as-is.
pt,graduations.json,graduations.regulations.generalRules.categories.chiefs.points[1],same-as-english,EC-members: Can grade up to godan,Review whether this should be translated or intentionally kept as-is.
pt,graduations.json,graduations.regulations.generalRules.categories.chiefs.points[2],same-as-english,Nanadan chief instructor: Can grade up to yondan within their own country,Review whether this should be translated or intentionally kept as-is.
pt,graduations.json,graduations.regulations.generalRules.categories.chiefs.points[3],same-as-english,Rokudan chief instructor: Can grade up to yondan within their own country,Review whether this should be translated or intentionally kept as-is.
pt,graduations.json,graduations.regulations.generalRules.categories.chiefs.points[4],same-as-english,Godan chief instructor: Can grade up to sandan within their own country,Review whether this should be translated or intentionally kept as-is.
pt,graduations.json,graduations.regulations.generalRules.categories.chiefs.points[5],same-as-english,Yondan chief instructor: Can grade up to shodan within their own country,Review whether this should be translated or intentionally kept as-is.
pt,graduations.json,graduations.regulations.generalRules.categories.chiefs.points[6],same-as-english,"Sandan, nidan, shodan chief instructor: Can not conduct black belt gradings",Review whether this should be translated or intentionally kept as-is.
pt,graduations.json,graduations.regulations.generalRules.categories.chiefs.note,same-as-english,Dan gradings in countries where the instructor is not permitted to grade can only be conducted by a senior IOGKF instructor with the permission of the shuseki shihan and that country’s chief instructor. Grading categories and mandates may be waived for honorary dan grades.,Review whether this should be translated or intentionally kept as-is.
pt,graduations.json,graduations.regulations.generalRules.categories.kambukai.title,same-as-english,Kambukai countries,Review whether this should be translated or intentionally kept as-is.
pt,graduations.json,graduations.regulations.generalRules.categories.kambukai.text,same-as-english,The grading level for a kambukai is the same as for the chief instructors. Grading categories and the mandate are the same as above.,Review whether this should be translated or intentionally kept as-is.
pt,graduations.json,graduations.regulations.generalRules.categories.representatives.title,same-as-english,Representative countries,Review whether this should be translated or intentionally kept as-is.
pt,graduations.json,graduations.regulations.generalRules.categories.representatives.text,same-as-english,IOGKF representatives of a minimum of yondan may only grade up to shodan. This privilege is only granted if the representative country has been a member of IOGKF for a minimum of 2 years and the representatives have participated in international gasshuku.,Review whether this should be translated or intentionally kept as-is.
pt,graduations.json,graduations.regulations.generalRules.categories.permission,same-as-english,**** No student can be graded in another country without the express permission of their chief instructor. Their chief instructor must sign the application form.,Review whether this should be translated or intentionally kept as-is.
pt,graduations.json,graduations.regulations.generalRules.honbu.title,same-as-english,4.4 Honbu Dojo grading panel,Review whether this should be translated or intentionally kept as-is.
pt,graduations.json,graduations.regulations.generalRules.honbu.text,same-as-english,Candidates grading to rokudan and above must be graded in Okinawa or at the Chief Instructor Gasshuku. The Honbu Dojo grading panel will be appointed by the Saiko Shihan.,Review whether this should be translated or intentionally kept as-is.
pt,graduations.json,graduations.regulations.generalRules.international.title,same-as-english,4.8 International Gasshuku Grading Requirements,Review whether this should be translated or intentionally kept as-is.
pt,graduations.json,graduations.regulations.generalRules.international.points[0],same-as-english,For all international gasshuku it is a requirement that the candidate must have completed the written examination beforehand and has been approved by the chief instructor. The chief instructor also has to sign the candidates’ application form; otherwise it will not be possible to be graded.,Review whether this should be translated or intentionally kept as-is.
pt,graduations.json,graduations.regulations.writtenExam.title,same-as-english,5. The Written Exam,Review whether this should be translated or intentionally kept as-is.
pt,graduations.json,graduations.regulations.writtenExam.low.title,same-as-english,"5.1 Shodan, Nidan or Sandan",Review whether this should be translated or intentionally kept as-is.
pt,graduations.json,graduations.regulations.writtenExam.low.text,same-as-english,"In order to grade to shodan, nidan or sandan, the written exam must be completed and given to the candidate’s chief instructor before attending the international gasshuku. The exam must have a passing rate of a minimum of 75%. If this is not achieved, the candidate can not grade.",Review whether this should be translated or intentionally kept as-is.
pt,graduations.json,graduations.regulations.writtenExam.high.title,same-as-english,5.2 Yondan and up,Review whether this should be translated or intentionally kept as-is.
pt,graduations.json,graduations.regulations.writtenExam.high.text,same-as-english,"In order to grade to these levels, a written essay concerning some of the challenges facing karate and Okinawan Goju Ryu must be completed and submitted. The candidate’s chief instructor can get the chosen questions by contacting the Administrative Director prior to the grading. The answer/essay must be in English for the international gradings.",Review whether this should be translated or intentionally kept as-is.
da,hojoUndo.json,equipment.doubleHandleChiishi.attentionPoints.safetyGuidelines[0],same-as-english,Watch balance,Review whether this should be translated or intentionally kept as-is.
da,hojoUndo.json,equipment.doubleHandleChiishi.attentionPoints.safetyGuidelines[1],same-as-english,Do not start too heavy,Review whether this should be translated or intentionally kept as-is.
de,hojoUndo.json,equipment.chiIshi.origin,same-as-english,China (Fuzhou),Review whether this should be translated or intentionally kept as-is.
de,hojoUndo.json,equipment.ton.origin,same-as-english,Okinawa/China,Review whether this should be translated or intentionally kept as-is.
de,hojoUndo.json,equipment.supplemental.exercises.basicExercises[1],same-as-english,Sit-ups / Crunches,Review whether this should be translated or intentionally kept as-is.
es,hojoUndo.json,equipment.chiIshi.origin,same-as-english,China (Fuzhou),Review whether this should be translated or intentionally kept as-is.
es,hojoUndo.json,equipment.ishiSashi.origin,same-as-english,China/Okinawa,Review whether this should be translated or intentionally kept as-is.
es,hojoUndo.json,equipment.ton.origin,same-as-english,Okinawa/China,Review whether this should be translated or intentionally kept as-is.
it,hojoUndo.json,equipment.chiIshi.function.mainFunctions[4],same-as-english,Develops chinkuchi kakin power through gripping at the end of movements,Review whether this should be translated or intentionally kept as-is.
it,hojoUndo.json,equipment.chiIshi.attentionPoints.importantPoints[5],same-as-english,'Combine external muscle power and internal breath power',Review whether this should be translated or intentionally kept as-is.
it,hojoUndo.json,equipment.chiIshi.attentionPoints.importantPoints[6],same-as-english,'Practice the weak side more often',Review whether this should be translated or intentionally kept as-is.
it,hojoUndo.json,equipment.chiIshi.attentionPoints.importantPoints[7],same-as-english,'Practice fast punches after an exercise series to avoid becoming slow',Review whether this should be translated or intentionally kept as-is.
it,hojoUndo.json,equipment.chiIshi.exercises.advancedExercises[4],same-as-english,Stick rolling over shin for circulation,Review whether this should be translated or intentionally kept as-is.
it,hojoUndo.json,equipment.doubleHandleChiishi.attentionPoints.safetyGuidelines[0],same-as-english,Watch balance,Review whether this should be translated or intentionally kept as-is.
it,hojoUndo.json,equipment.doubleHandleChiishi.attentionPoints.safetyGuidelines[1],same-as-english,Do not start too heavy,Review whether this should be translated or intentionally kept as-is.
nl,hojoUndo.json,equipment.chiIshi.origin,same-as-english,China (Fuzhou),Review whether this should be translated or intentionally kept as-is.
nl,hojoUndo.json,equipment.ishiSashi.construction.dimensions.body.value,same-as-english,15-25 cm length,Review whether this should be translated or intentionally kept as-is.
nl,hojoUndo.json,equipment.ton.origin,same-as-english,Okinawa/China,Review whether this should be translated or intentionally kept as-is.
pt,hojoUndo.json,common.learnFundamentals,same-as-english,Learn the fundamentals,Review whether this should be translated or intentionally kept as-is.
pt,hojoUndo.json,common.understandingPurpose,same-as-english,Understanding purpose and function,Review whether this should be translated or intentionally kept as-is.
pt,hojoUndo.json,common.buildMaintain,same-as-english,Build and maintain equipment,Review whether this should be translated or intentionally kept as-is.
pt,hojoUndo.json,common.safetyTechnique,same-as-english,Safety and technique focus,Review whether this should be translated or intentionally kept as-is.
pt,hojoUndo.json,common.specificExercises,same-as-english,Specific exercises and routines,Review whether this should be translated or intentionally kept as-is.
pt,hojoUndo.json,equipment.chiIshi.origin,same-as-english,China (Fuzhou),Review whether this should be translated or intentionally kept as-is.
pt,hojoUndo.json,equipment.ishiSashi.origin,same-as-english,China/Okinawa,Review whether this should be translated or intentionally kept as-is.
pt,hojoUndo.json,equipment.ton.origin,same-as-english,Okinawa/China,Review whether this should be translated or intentionally kept as-is.
pt,hojoUndo.json,equipment.doubleHandleChiishi.attentionPoints.safetyGuidelines[0],same-as-english,Watch balance,Review whether this should be translated or intentionally kept as-is.
pt,hojoUndo.json,equipment.doubleHandleChiishi.attentionPoints.safetyGuidelines[1],same-as-english,Do not start too heavy,Review whether this should be translated or intentionally kept as-is.
fr,information.json,information.events.participants,same-as-english,participants,Review whether this should be translated or intentionally kept as-is.
pt,junbi-undo.json,junbiUndo.exercises.list[11].description,same-as-english,"Remaining in heikodachi (natural stance), place the left hand on the side of the body with the fingers pointing up.",Review whether this should be translated or intentionally kept as-is.
pt,junbi-undo.json,junbiUndo.exercises.list[11].instructions,same-as-english,The fingers of the right hand cross over the front of the fingers of the left hand. Slowly push the left arm out straight while maintaining contact with the right hand.,Review whether this should be translated or intentionally kept as-is.
pt,junbi-undo.json,junbiUndo.exercises.list[12].description,same-as-english,"Assume a heiko dachi (natural stance), making sure the feet are slightly wider than shoulder width and parallel.",Review whether this should be translated or intentionally kept as-is.
pt,junbi-undo.json,junbiUndo.exercises.list[12].instructions,same-as-english,"Hold both arms in the chudan uke (mid-level block) posture. Without raising your center of gravity or the shoulders, stretch the arms out a little and open the hands and fingers as wide as possible.",Review whether this should be translated or intentionally kept as-is.
pt,junbi-undo.json,junbiUndo.exercises.list[13].description,same-as-english,"Standing in heiko dachi, push the palms of the hands together hard and stretch the arms out in front of the chest.",Review whether this should be translated or intentionally kept as-is.
pt,junbi-undo.json,junbiUndo.exercises.list[13].instructions,same-as-english,"Continue to push the hands together hard while you draw them back toward the chest and exhale through the open mouth. Making a line between both elbows, try to draw the wrists back a little beyond that line.",Review whether this should be translated or intentionally kept as-is.
pt,junbi-undo.json,junbiUndo.exercises.list[14].description,same-as-english,"Standing in heiko dachi (natural stance) with the hands resting on the hips, drop the chin to the chest and breathe in through the nose.",Review whether this should be translated or intentionally kept as-is.
pt,junbi-undo.json,junbiUndo.exercises.list[14].instructions,same-as-english,"Without holding the breath, move the head slowly backward as far as it will go, breathing out through the open mouth while you do so. Relax the shoulders and focus the mind on the harmony of the breath and posture.",Review whether this should be translated or intentionally kept as-is.
pt,junbi-undo.json,junbiUndo.exercises.list[15].description,same-as-english,"Holding the head naturally, breathe in before dropping the head over to one side on an exhalation while pushing the opposite shoulder down toward the ground.",Review whether this should be translated or intentionally kept as-is.
pt,junbi-undo.json,junbiUndo.exercises.list[15].instructions,same-as-english,"Hold this for just a second before moving the head slowly over to the other side. Keeping the body upright and standing in a natural posture, cup the hands over the back of the head.",Review whether this should be translated or intentionally kept as-is.
es,kakie.json,kakie.sections.basic-abilities.control-muchimi.title,same-as-english,Control - Muchimi,Review whether this should be translated or intentionally kept as-is.
da,kata.json,kata.kururunfa.meaning,same-as-english,Holding on Long and Striking Suddenly,Review whether this should be translated or intentionally kept as-is.
da,kata.json,kata.kururunfa.steps.step1.title,same-as-english,Deceptive movements,Review whether this should be translated or intentionally kept as-is.
da,kata.json,kata.kururunfa.steps.step1.description,same-as-english,Deceptive movements and quick transitions,Review whether this should be translated or intentionally kept as-is.
da,kata.json,kata.kururunfa.steps.step2.title,same-as-english,'Sticky hands' (Muchimi),Review whether this should be translated or intentionally kept as-is.
da,kata.json,kata.kururunfa.steps.step2.description,same-as-english,'Sticky hands' (Muchimi) principle,Review whether this should be translated or intentionally kept as-is.
da,kata.json,kata.kururunfa.steps.step3.title,same-as-english,Joint manipulation,Review whether this should be translated or intentionally kept as-is.
da,kata.json,kata.kururunfa.steps.step3.description,same-as-english,Close-quarter combat and joint manipulation,Review whether this should be translated or intentionally kept as-is.
da,kata/gekisai-dai-ni.json,meaning,same-as-english,Attack and Smash Number Two,Review whether this should be translated or intentionally kept as-is.
da,kata/gekisai-dai-ni.json,description,same-as-english,"The second kata in the Gekisai series, building upon the foundation established by Gekisai Dai Ichi.",Review whether this should be translated or intentionally kept as-is.
da,kata/gekisai-dai-ni.json,origin.content,same-as-english,Developed alongside Gekisai Dai Ichi by Chōjun Miyagi and Shoshin Nagamine around 1940.,Review whether this should be translated or intentionally kept as-is.
da,kata/gekisai-dai-ni.json,transmission.title,same-as-english,Transmission to Goju-Ryu,Review whether this should be translated or intentionally kept as-is.
da,kata/gekisai-dai-ni.json,transmission.content,same-as-english,This kata was passed down through the Goju-Ryu lineage.,Review whether this should be translated or intentionally kept as-is.
da,kata/gekisai-dai-ni.json,historicalDevelopment.title,same-as-english,Historical Development and Variations,Review whether this should be translated or intentionally kept as-is.
da,kata/gekisai-dai-ni.json,historicalDevelopment.content,same-as-english,The kata has maintained its core structure while allowing for minor variations between schools.,Review whether this should be translated or intentionally kept as-is.
da,kata/gekisai-dai-ni.json,technicalFeatures.title,same-as-english,Technical and Philosophical Features,Review whether this should be translated or intentionally kept as-is.
da,kata/gekisai-dai-ni.json,technicalFeatures.content,same-as-english,"The second kata in the Gekisai series, building upon the foundation established by Gekisai Dai Ichi.",Review whether this should be translated or intentionally kept as-is.
da,kata/gekisai-dai-ni.json,controversy.title,same-as-english,Controversy/Variations within Goju-Ryu,Review whether this should be translated or intentionally kept as-is.
da,kata/gekisai-dai-ni.json,controversy.content,same-as-english,There are minor variations in timing and emphasis between different Goju-Ryu schools.,Review whether this should be translated or intentionally kept as-is.
da,kata/gekisai-dai-ni.json,relationships.title,same-as-english,Relationship to other kata/Systems,Review whether this should be translated or intentionally kept as-is.
da,kata/gekisai-dai-ni.json,relationships.content,same-as-english,This kata is part of the Goju-Ryu curriculum.,Review whether this should be translated or intentionally kept as-is.
da,kata/gekisai-dai-ni.json,modernPractice.title,same-as-english,Use in Modern Practice,Review whether this should be translated or intentionally kept as-is.
da,kata/gekisai-dai-ni.json,modernPractice.content,same-as-english,This kata is used to develop techniques and understanding in Goju-Ryu training.,Review whether this should be translated or intentionally kept as-is.
da,kata/gekisai-dai-ni.json,nameAndMeaning.title,same-as-english,Name and Meaning,Review whether this should be translated or intentionally kept as-is.
da,kata/gekisai-dai-ni.json,nameAndMeaning.content,same-as-english,The name and meaning of this kata reflect its traditional origins and purpose.,Review whether this should be translated or intentionally kept as-is.
da,kata/gekisai-dai-ni.json,history,same-as-english,Developed alongside Gekisai Dai Ichi by Chōjun Miyagi and Shoshin Nagamine around 1940.,Review whether this should be translated or intentionally kept as-is.
da,kata/gekisai-dai-ni.json,culturalSignificance,same-as-english,This kata is used to develop techniques and understanding in Goju-Ryu training.,Review whether this should be translated or intentionally kept as-is.
it,kata/gekisai-dai-ni.json,meaning,same-as-english,Attack and Smash Number Two,Review whether this should be translated or intentionally kept as-is.
it,kata/gekisai-dai-ni.json,description,same-as-english,"The second kata in the Gekisai series, building upon the foundation established by Gekisai Dai Ichi.",Review whether this should be translated or intentionally kept as-is.
it,kata/gekisai-dai-ni.json,transmission.title,same-as-english,Transmission to Goju-Ryu,Review whether this should be translated or intentionally kept as-is.
it,kata/gekisai-dai-ni.json,transmission.content,same-as-english,This kata was passed down through the Goju-Ryu lineage.,Review whether this should be translated or intentionally kept as-is.
it,kata/gekisai-dai-ni.json,historicalDevelopment.title,same-as-english,Historical Development and Variations,Review whether this should be translated or intentionally kept as-is.
it,kata/gekisai-dai-ni.json,historicalDevelopment.content,same-as-english,The kata has maintained its core structure while allowing for minor variations between schools.,Review whether this should be translated or intentionally kept as-is.
it,kata/gekisai-dai-ni.json,technicalFeatures.title,same-as-english,Technical and Philosophical Features,Review whether this should be translated or intentionally kept as-is.
it,kata/gekisai-dai-ni.json,technicalFeatures.content,same-as-english,"The second kata in the Gekisai series, building upon the foundation established by Gekisai Dai Ichi.",Review whether this should be translated or intentionally kept as-is.
it,kata/gekisai-dai-ni.json,controversy.title,same-as-english,Controversy/Variations within Goju-Ryu,Review whether this should be translated or intentionally kept as-is.
it,kata/gekisai-dai-ni.json,controversy.content,same-as-english,There are minor variations in timing and emphasis between different Goju-Ryu schools.,Review whether this should be translated or intentionally kept as-is.
it,kata/gekisai-dai-ni.json,relationships.title,same-as-english,Relationship to other kata/Systems,Review whether this should be translated or intentionally kept as-is.
it,kata/gekisai-dai-ni.json,relationships.content,same-as-english,This kata is part of the Goju-Ryu curriculum.,Review whether this should be translated or intentionally kept as-is.
it,kata/gekisai-dai-ni.json,modernPractice.title,same-as-english,Use in Modern Practice,Review whether this should be translated or intentionally kept as-is.
it,kata/gekisai-dai-ni.json,modernPractice.content,same-as-english,This kata is used to develop techniques and understanding in Goju-Ryu training.,Review whether this should be translated or intentionally kept as-is.
it,kata/gekisai-dai-ni.json,culturalSignificance,same-as-english,This kata is used to develop techniques and understanding in Goju-Ryu training.,Review whether this should be translated or intentionally kept as-is.
da,kata/kururunfa.json,meaning,same-as-english,Long holding and sudden attacking,Review whether this should be translated or intentionally kept as-is.
da,kata/kururunfa.json,description,same-as-english,"A master kata with deceptive movements, rapid transitions and 'sticky hands' (Muchimi) principle.",Review whether this should be translated or intentionally kept as-is.
da,kata/kururunfa.json,origin.content,same-as-english,"Kururunfa is an advanced kata traditionally attributed to Goju-Ryu. According to tradition, Kanryō Higaonna brought it from Fuzhou (Southern China), but there are very few historical records. Researcher Akio Kinjo suggests that Kururunfa may be related to Chinese Palongfa (臥龍法), ""lying dragon technique"", but this remains speculative. The kata is certainly effective, short and fast; against Higaonna's usual hard blocks, Kururunfa is executed sharply. It may also be that Miyagi Chōjun composed Kururunfa himself from techniques he learned in China and Okinawa. The fact remains that Kururunfa is not widely found in other styles and is typical of the traditional Goju-ryu lineage.",Review whether this should be translated or intentionally kept as-is.
da,kata/kururunfa.json,transmission.title,same-as-english,Transmission to Goju-Ryu,Review whether this should be translated or intentionally kept as-is.
da,kata/kururunfa.json,transmission.content,same-as-english,"Miyagi Sensei apparently learned Kururunfa in the tradition of Higaonna (or via his own Chinese journey). He introduced it as an advanced kata, which showed that Higaonna (or Miyagi) had brought more than just the four classical kata (Sanchin, Sanseiru, Seisan, Suparinpei). In any case, Kururunfa remained in the Goju line: later Goju masters (e.g., Miyazato, Higaonna Morio) have maintained it. Mas Oyama included Kururunfa – like Tensho – in Kyokushin via Gogen Yamaguchi, which also made it known in Kyokushin circles.",Review whether this should be translated or intentionally kept as-is.
da,kata/kururunfa.json,historicalDevelopment.content,same-as-english,"Kururunfa has always remained a complex kata within Goju and underwent little change. The form is completely different from the earlier kata; there are no ""simpler versions"". However, there is some difference in emphasis: some schools emphasize Tai Sabaki (upper body movements) with each strike, others focus slightly less on those body points. Importantly, Kururunfa at the time – unlike the other five hard kata – is executed in one smooth movement, which aligns with Higaonna's concept of 'slip-, step- and away'-technique (zenshin). There are no major controversies about the kata: it is simply passed on as Miyagi left it.",Review whether this should be translated or intentionally kept as-is.
da,kata/kururunfa.json,technicalFeatures.title,same-as-english,Technical and Philosophical Characteristics,Review whether this should be translated or intentionally kept as-is.
da,kata/kururunfa.json,technicalFeatures.content,same-as-english,"Kururunfa combines flowing circular movements with sudden outbursts. After a calm, stable start, the fist is launched with a built-in ""slip, slide"" tactic. Typical applications in the kata are (in bunkai) counter-knees to the thigh (tobi-hiza), kakate hand grips (hook grips to unbalance the opponent), palm strikes and arm locks. Philosophically, Kururunfa teaches distance control: one remains calm until the opponent exposes themselves, then uses rapid evasion combined with – via hook grips – a rotation for a finishing strike or throw. The kata is very ""internal"" in the sense that one controls energy (Qi) through body efficiency; deep breathing and rapid rotations play a major role.",Review whether this should be translated or intentionally kept as-is.
da,kata/kururunfa.json,controversy.title,same-as-english,Controversy/Variations within Goju-Ryu,Review whether this should be translated or intentionally kept as-is.
da,kata/kururunfa.json,controversy.content,same-as-english,"Kururunfa has no major variants or disputes within Goju; it is unique enough to have no alternative forms. However, it has also been adopted in Kyokushin (by Oyama), but there it is generally not called Kururunfa but is seen as ""Turning Palms"" or Southern Kata. Within Goju itself, every connected school (Jundokan, Goju Kai, etc.) has learned the same basic form.",Review whether this should be translated or intentionally kept as-is.
da,kata/kururunfa.json,relationships.title,same-as-english,Relationship to Other Kata/Systems,Review whether this should be translated or intentionally kept as-is.
da,kata/kururunfa.json,relationships.content,same-as-english,"Kururunfa is often considered strongly influenced by Southern Chinese snake or dragon styles. Akio Kinjo mentioned parallels with Fujianese ""lying dragon"" principles. Links with Mantis (Cricket) have also been suggested, due to the emphasis on rapid hip movements and low strikes. The name also suggests kinship with Saifa (the sister kata ""tearing and destroying"" from the south) through the use of ""fa"" (破) in both names. In summary, Kururunfa is a kata that stands in the tradition of Naha-te, but in execution has much in common with southern Chinese arts.",Review whether this should be translated or intentionally kept as-is.
da,kata/kururunfa.json,modernPractice.title,same-as-english,Use in Modern Practice,Review whether this should be translated or intentionally kept as-is.
da,kata/kururunfa.json,modernPractice.content,same-as-english,"Due to its difficulty, Kururunfa is usually learned after the basic kata (Sanchin, Tensho). It rarely appears in Dutch or European kata competitions (too specialized). In the dojo, it is taught to practice advanced counter-techniques and lock grips. Bunkai for Kururunfa emphasizes tai-sabaki and kakate in grappling combat. Generally, Kururunfa is considered a highlight in the Goju-ryu curriculum: it shows the profound internal principles of the style.",Review whether this should be translated or intentionally kept as-is.
da,kata/kururunfa.json,nameAndMeaning.title,same-as-english,Name and Meaning,Review whether this should be translated or intentionally kept as-is.
da,kata/kururunfa.json,nameAndMeaning.content,same-as-english,"Kururunfa (来留蹲破 according to some writers) is often explained as ""standing still, then suddenly striking"" or ""slowly holding, suddenly destroying"". The name is broken down: Ku (long or always), ru (holding or staying calm), run (suddenly) and fa (tearing, breaking). So Kururunfa can literally mean ""always still, suddenly breaking"". Another approach is ""maintain your patience, then suddenly enter"". This reinforces the essence: remaining calm in anticipation of an attack, then striking with lightning speed in one movement.",Review whether this should be translated or intentionally kept as-is.
da,kata/kururunfa.json,history,same-as-english,"Kururunfa is an advanced kata traditionally attributed to Goju-Ryu. According to tradition, Kanryō Higaonna brought it from Fuzhou (Southern China), but there are very few historical records. Researcher Akio Kinjo suggests that Kururunfa may be related to Chinese Palongfa (臥龍法), ""lying dragon technique"", but this remains speculative. The kata is certainly effective, short and fast; against Higaonna's usual hard blocks, Kururunfa is executed sharply. It may also be that Miyagi Chōjun composed Kururunfa himself from techniques he learned in China and Okinawa. The fact remains that Kururunfa is not widely found in other styles and is typical of the traditional Goju-ryu lineage.",Review whether this should be translated or intentionally kept as-is.
da,kata/kururunfa.json,culturalSignificance,same-as-english,"Due to its difficulty, Kururunfa is usually learned after the basic kata (Sanchin, Tensho). It rarely appears in Dutch or European kata competitions (too specialized). In the dojo, it is taught to practice advanced counter-techniques and lock grips. Bunkai for Kururunfa emphasizes tai-sabaki and kakate in grappling combat. Generally, Kururunfa is considered a highlight in the Goju-ryu curriculum: it shows the profound internal principles of the style.",Review whether this should be translated or intentionally kept as-is.
pt,kata/kururunfa.json,origin.content,same-as-english,"Kururunfa is an advanced kata traditionally attributed to Goju-Ryu. According to tradition, Kanryō Higaonna brought it from Fuzhou (Southern China), but there are very few historical records. Researcher Akio Kinjo suggests that Kururunfa may be related to Chinese Palongfa (臥龍法), ""lying dragon technique"", but this remains speculative. The kata is certainly effective, short and fast; against Higaonna's usual hard blocks, Kururunfa is executed sharply. It may also be that Miyagi Chōjun composed Kururunfa himself from techniques he learned in China and Okinawa. The fact remains that Kururunfa is not widely found in other styles and is typical of the traditional Goju-ryu lineage.",Review whether this should be translated or intentionally kept as-is.
pt,kata/kururunfa.json,transmission.title,same-as-english,Transmission to Goju-Ryu,Review whether this should be translated or intentionally kept as-is.
pt,kata/kururunfa.json,transmission.content,same-as-english,"Miyagi Sensei apparently learned Kururunfa in the tradition of Higaonna (or via his own Chinese journey). He introduced it as an advanced kata, which showed that Higaonna (or Miyagi) had brought more than just the four classical kata (Sanchin, Sanseiru, Seisan, Suparinpei). In any case, Kururunfa remained in the Goju line: later Goju masters (e.g., Miyazato, Higaonna Morio) have maintained it. Mas Oyama included Kururunfa – like Tensho – in Kyokushin via Gogen Yamaguchi, which also made it known in Kyokushin circles.",Review whether this should be translated or intentionally kept as-is.
pt,kata/kururunfa.json,historicalDevelopment.content,same-as-english,"Kururunfa has always remained a complex kata within Goju and underwent little change. The form is completely different from the earlier kata; there are no ""simpler versions"". However, there is some difference in emphasis: some schools emphasize Tai Sabaki (upper body movements) with each strike, others focus slightly less on those body points. Importantly, Kururunfa at the time – unlike the other five hard kata – is executed in one smooth movement, which aligns with Higaonna's concept of 'slip-, step- and away'-technique (zenshin). There are no major controversies about the kata: it is simply passed on as Miyagi left it.",Review whether this should be translated or intentionally kept as-is.
pt,kata/kururunfa.json,technicalFeatures.title,same-as-english,Technical and Philosophical Characteristics,Review whether this should be translated or intentionally kept as-is.
pt,kata/kururunfa.json,technicalFeatures.content,same-as-english,"Kururunfa combines flowing circular movements with sudden outbursts. After a calm, stable start, the fist is launched with a built-in ""slip, slide"" tactic. Typical applications in the kata are (in bunkai) counter-knees to the thigh (tobi-hiza), kakate hand grips (hook grips to unbalance the opponent), palm strikes and arm locks. Philosophically, Kururunfa teaches distance control: one remains calm until the opponent exposes themselves, then uses rapid evasion combined with – via hook grips – a rotation for a finishing strike or throw. The kata is very ""internal"" in the sense that one controls energy (Qi) through body efficiency; deep breathing and rapid rotations play a major role.",Review whether this should be translated or intentionally kept as-is.
pt,kata/kururunfa.json,controversy.title,same-as-english,Controversy/Variations within Goju-Ryu,Review whether this should be translated or intentionally kept as-is.
pt,kata/kururunfa.json,controversy.content,same-as-english,"Kururunfa has no major variants or disputes within Goju; it is unique enough to have no alternative forms. However, it has also been adopted in Kyokushin (by Oyama), but there it is generally not called Kururunfa but is seen as ""Turning Palms"" or Southern Kata. Within Goju itself, every connected school (Jundokan, Goju Kai, etc.) has learned the same basic form.",Review whether this should be translated or intentionally kept as-is.
pt,kata/kururunfa.json,relationships.title,same-as-english,Relationship to Other Kata/Systems,Review whether this should be translated or intentionally kept as-is.
pt,kata/kururunfa.json,relationships.content,same-as-english,"Kururunfa is often considered strongly influenced by Southern Chinese snake or dragon styles. Akio Kinjo mentioned parallels with Fujianese ""lying dragon"" principles. Links with Mantis (Cricket) have also been suggested, due to the emphasis on rapid hip movements and low strikes. The name also suggests kinship with Saifa (the sister kata ""tearing and destroying"" from the south) through the use of ""fa"" (破) in both names. In summary, Kururunfa is a kata that stands in the tradition of Naha-te, but in execution has much in common with southern Chinese arts.",Review whether this should be translated or intentionally kept as-is.
pt,kata/kururunfa.json,modernPractice.title,same-as-english,Use in Modern Practice,Review whether this should be translated or intentionally kept as-is.
pt,kata/kururunfa.json,modernPractice.content,same-as-english,"Due to its difficulty, Kururunfa is usually learned after the basic kata (Sanchin, Tensho). It rarely appears in Dutch or European kata competitions (too specialized). In the dojo, it is taught to practice advanced counter-techniques and lock grips. Bunkai for Kururunfa emphasizes tai-sabaki and kakate in grappling combat. Generally, Kururunfa is considered a highlight in the Goju-ryu curriculum: it shows the profound internal principles of the style.",Review whether this should be translated or intentionally kept as-is.
pt,kata/kururunfa.json,nameAndMeaning.title,same-as-english,Name and Meaning,Review whether this should be translated or intentionally kept as-is.
pt,kata/kururunfa.json,nameAndMeaning.content,same-as-english,"Kururunfa (来留蹲破 according to some writers) is often explained as ""standing still, then suddenly striking"" or ""slowly holding, suddenly destroying"". The name is broken down: Ku (long or always), ru (holding or staying calm), run (suddenly) and fa (tearing, breaking). So Kururunfa can literally mean ""always still, suddenly breaking"". Another approach is ""maintain your patience, then suddenly enter"". This reinforces the essence: remaining calm in anticipation of an attack, then striking with lightning speed in one movement.",Review whether this should be translated or intentionally kept as-is.
pt,kata/kururunfa.json,history,same-as-english,"Kururunfa is an advanced kata traditionally attributed to Goju-Ryu. According to tradition, Kanryō Higaonna brought it from Fuzhou (Southern China), but there are very few historical records. Researcher Akio Kinjo suggests that Kururunfa may be related to Chinese Palongfa (臥龍法), ""lying dragon technique"", but this remains speculative. The kata is certainly effective, short and fast; against Higaonna's usual hard blocks, Kururunfa is executed sharply. It may also be that Miyagi Chōjun composed Kururunfa himself from techniques he learned in China and Okinawa. The fact remains that Kururunfa is not widely found in other styles and is typical of the traditional Goju-ryu lineage.",Review whether this should be translated or intentionally kept as-is.
pt,kata/kururunfa.json,culturalSignificance,same-as-english,"Due to its difficulty, Kururunfa is usually learned after the basic kata (Sanchin, Tensho). It rarely appears in Dutch or European kata competitions (too specialized). In the dojo, it is taught to practice advanced counter-techniques and lock grips. Bunkai for Kururunfa emphasizes tai-sabaki and kakate in grappling combat. Generally, Kururunfa is considered a highlight in the Goju-ryu curriculum: it shows the profound internal principles of the style.",Review whether this should be translated or intentionally kept as-is.
da,kata/peichurin.json,description,same-as-english,The most comprehensive kata in Goju-Ryu with 108 techniques and movements.,Review whether this should be translated or intentionally kept as-is.
da,kata/peichurin.json,origin.content,same-as-english,"Suparinpei is very old in origin. According to tradition, Higaonna's student Chōjun Miyagi inherited it from Ryu Ryu Ko's system as ""Pechurin"" (a romanization for 108) and later modernized it to Suparinpei. According to some stories, the name refers to Yue Fei's 108 gripping techniques (108 Seizing & Grabbing). The kata is comparable to traditional Chinese forms of Shaolin, Tiger or Crane. Within the goju community, it is assumed that Miyagi learned the kata from Higaonna or during self-study in China. In fact, the kata has had no namesake found in Okinawa; it is simply the most comprehensive form from the Goju arsenal.",Review whether this should be translated or intentionally kept as-is.
da,kata/peichurin.json,transmission.title,same-as-english,Transmission to Goju-Ryu,Review whether this should be translated or intentionally kept as-is.
da,kata/peichurin.json,transmission.content,same-as-english,"The transmission goes via the Higaonna→Miyagi line. Chōjun Miyagi undoubtedly preserved Suparinpei as the last kata in the system. In To'on-Ryū (Kyoda) and Shito-Ryū, versions of this kata also appear, which indicates that Higaonna may have shared it with his students. In the Goju tradition, Suparinpei remained limited to the highest grades (black belt).",Review whether this should be translated or intentionally kept as-is.
da,kata/peichurin.json,historicalDevelopment.content,same-as-english,"Suparinpei has never been shortened over the years; it remains the longest Goju kata (typically 108+ movements). There are some interpretation differences (direction of turns, breathing rhythms) but generally the kata has been consistently preserved from Miyagi's generation. It formerly had the Okinawan name ""Pechurin"" and is still called that in some circles. Mas Oyama called it ""Hangetsu"" in Kyokushin (like in Shotokan) – same as Seisan – but that is a name change for a Shorin version. Within Goju it remains Suparinpei.",Review whether this should be translated or intentionally kept as-is.
da,kata/peichurin.json,technicalFeatures.title,same-as-english,Technical and Philosophical Characteristics,Review whether this should be translated or intentionally kept as-is.
da,kata/peichurin.json,technicalFeatures.content,same-as-english,"Suparinpei contains literally everything that Goju-Ryu has: hard and soft strikes, various kicks (including double lateral/horizontal) and extensive lock and throw techniques. The kata arranges movements from all previous kata (hence the number 108). Bunkai is legion: from openings for punches to complex throws. The kata strengthens the entire body and endurance and serves as the pinnacle of the Goju principle (especially jin, the mirroring of attack with energy). Breathing and tension vary: as in Tensho and Sanchin, both hard and soft breathing occur. A well-known philosophy is that whoever masters Suparinpei has learned the essence of Karate (hence the association with ""nirvana"" in ancient traditions).",Review whether this should be translated or intentionally kept as-is.
da,kata/peichurin.json,controversy.title,same-as-english,Controversy/Variations within Goju-Ryu,Review whether this should be translated or intentionally kept as-is.
da,kata/peichurin.json,controversy.content,same-as-english,"There is no real controversy; Suparinpei is so complex that everyone mainly struggles with their own version. Sometimes there are small differences between Okinawa and Japan (how strictly the hachiji dachi is used, for example). The main ""variation"" lies in interpretation (where each other's line sometimes recognizes unusual grips). There are indications that Kyoda's Tōon-ryū also knows it under the name ""Kururunfa"" for the last part, but that is speculative.",Review whether this should be translated or intentionally kept as-is.
da,kata/peichurin.json,relationships.title,same-as-english,Relationship to Other Kata/Systems,Review whether this should be translated or intentionally kept as-is.
da,kata/peichurin.json,relationships.content,same-as-english,"Suparinpei is the ultimate kata in Goju-ryu and has parallels in other Okinawan systems (the Eagle Claw Yī Bǎi Líng Bā Qín Ná, 108 grips of General Yue Fei, or the Shaolin ""Fu Zhen"" kata). Funakoshi's Hangetsu kata for Shotokan is actually a highly streamlined version of (part of) Suparinpei/Seisan. In Kyokushin, some schools also teach a form with 108 movements, which underscores the historical kinship. Essentially, Suparinpei connects Goju-Ryu back to traditional Chinese Kung Fu systems through the number 108 and the integral combination of techniques.",Review whether this should be translated or intentionally kept as-is.
da,kata/peichurin.json,modernPractice.title,same-as-english,Use in Modern Practice,Review whether this should be translated or intentionally kept as-is.
da,kata/peichurin.json,modernPractice.content,same-as-english,"In Goju dojos, Suparinpei is reserved for the highest grades. It is rarely done in competition (too long and too specific), but practiced for theory and conditioning. In contemporary lessons, Suparinpei serves as a test case for comprehension: students often analyze the bunkai to extract all possible attacks/defenses. In self-defense context, it is mainly a demonstration of the 'round' final attack (often with two short diagonal kicks and closing open hand). It is not a form that one practices casually; whoever masters Suparinpei completes the karate program.",Review whether this should be translated or intentionally kept as-is.
da,kata/peichurin.json,nameAndMeaning.title,same-as-english,Name and Meaning,Review whether this should be translated or intentionally kept as-is.
da,kata/peichurin.json,nameAndMeaning.content,same-as-english,"Suparinpei (壱百零八手) means ""108 hands/techniques"". The Japanese name is built from 壱 (100), 百 (100), 零 (0), 八 (8) and 手 (hand) – which together indicates 108. In Chinese, the kata had a different name (""Pechurin"" or similar) which may indicate a homonym. 108 is a sacred Buddhist number (think of the 108 powers of Yue Fei's Eagle Claw). Sometimes Suparinpei is translated as ""108 steps"", but actually it's about the number 108 in the kata.",Review whether this should be translated or intentionally kept as-is.
da,kata/peichurin.json,history,same-as-english,"Suparinpei is very old in origin. According to tradition, Higaonna's student Chōjun Miyagi inherited it from Ryu Ryu Ko's system as ""Pechurin"" (a romanization for 108) and later modernized it to Suparinpei. According to some stories, the name refers to Yue Fei's 108 gripping techniques (108 Seizing & Grabbing). The kata is comparable to traditional Chinese forms of Shaolin, Tiger or Crane. Within the goju community, it is assumed that Miyagi learned the kata from Higaonna or during self-study in China. In fact, the kata has had no namesake found in Okinawa; it is simply the most comprehensive form from the Goju arsenal.",Review whether this should be translated or intentionally kept as-is.
da,kata/peichurin.json,culturalSignificance,same-as-english,"In Goju dojos, Suparinpei is reserved for the highest grades. It is rarely done in competition (too long and too specific), but practiced for theory and conditioning. In contemporary lessons, Suparinpei serves as a test case for comprehension: students often analyze the bunkai to extract all possible attacks/defenses. In self-defense context, it is mainly a demonstration of the 'round' final attack (often with two short diagonal kicks and closing open hand). It is not a form that one practices casually; whoever masters Suparinpei completes the karate program.",Review whether this should be translated or intentionally kept as-is.
es,kata/peichurin.json,nameAndMeaning.content,same-as-english,"Suparinpei (壱百零八手) means ""108 hands/techniques"". The Japanese name is built from 壱 (100), 百 (100), 零 (0), 八 (8) and 手 (hand) – which together indicates 108. In Chinese, the kata had a different name (""Pechurin"" or similar) which may indicate a homonym. 108 is a sacred Buddhist number (think of the 108 powers of Yue Fei's Eagle Claw). Sometimes Suparinpei is translated as ""108 steps"", but actually it's about the number 108 in the kata.",Review whether this should be translated or intentionally kept as-is.
it,kata/peichurin.json,transmission.title,same-as-english,Transmission to Goju-Ryu,Review whether this should be translated or intentionally kept as-is.
it,kata/peichurin.json,controversy.title,same-as-english,Controversy/Variations within Goju-Ryu,Review whether this should be translated or intentionally kept as-is.
it,kata/peichurin.json,modernPractice.title,same-as-english,Use in Modern Practice,Review whether this should be translated or intentionally kept as-is.
it,kata/peichurin.json,nameAndMeaning.title,same-as-english,Name and Meaning,Review whether this should be translated or intentionally kept as-is.
it,kata/peichurin.json,nameAndMeaning.content,same-as-english,"Suparinpei (壱百零八手) means ""108 hands/techniques"". The Japanese name is built from 壱 (100), 百 (100), 零 (0), 八 (8) and 手 (hand) – which together indicates 108. In Chinese, the kata had a different name (""Pechurin"" or similar) which may indicate a homonym. 108 is a sacred Buddhist number (think of the 108 powers of Yue Fei's Eagle Claw). Sometimes Suparinpei is translated as ""108 steps"", but actually it's about the number 108 in the kata.",Review whether this should be translated or intentionally kept as-is.
pt,kata/peichurin.json,origin.content,same-as-english,"Suparinpei is very old in origin. According to tradition, Higaonna's student Chōjun Miyagi inherited it from Ryu Ryu Ko's system as ""Pechurin"" (a romanization for 108) and later modernized it to Suparinpei. According to some stories, the name refers to Yue Fei's 108 gripping techniques (108 Seizing & Grabbing). The kata is comparable to traditional Chinese forms of Shaolin, Tiger or Crane. Within the goju community, it is assumed that Miyagi learned the kata from Higaonna or during self-study in China. In fact, the kata has had no namesake found in Okinawa; it is simply the most comprehensive form from the Goju arsenal.",Review whether this should be translated or intentionally kept as-is.
pt,kata/peichurin.json,transmission.title,same-as-english,Transmission to Goju-Ryu,Review whether this should be translated or intentionally kept as-is.
pt,kata/peichurin.json,transmission.content,same-as-english,"The transmission goes via the Higaonna→Miyagi line. Chōjun Miyagi undoubtedly preserved Suparinpei as the last kata in the system. In To'on-Ryū (Kyoda) and Shito-Ryū, versions of this kata also appear, which indicates that Higaonna may have shared it with his students. In the Goju tradition, Suparinpei remained limited to the highest grades (black belt).",Review whether this should be translated or intentionally kept as-is.
pt,kata/peichurin.json,historicalDevelopment.content,same-as-english,"Suparinpei has never been shortened over the years; it remains the longest Goju kata (typically 108+ movements). There are some interpretation differences (direction of turns, breathing rhythms) but generally the kata has been consistently preserved from Miyagi's generation. It formerly had the Okinawan name ""Pechurin"" and is still called that in some circles. Mas Oyama called it ""Hangetsu"" in Kyokushin (like in Shotokan) – same as Seisan – but that is a name change for a Shorin version. Within Goju it remains Suparinpei.",Review whether this should be translated or intentionally kept as-is.
pt,kata/peichurin.json,technicalFeatures.title,same-as-english,Technical and Philosophical Characteristics,Review whether this should be translated or intentionally kept as-is.
pt,kata/peichurin.json,technicalFeatures.content,same-as-english,"Suparinpei contains literally everything that Goju-Ryu has: hard and soft strikes, various kicks (including double lateral/horizontal) and extensive lock and throw techniques. The kata arranges movements from all previous kata (hence the number 108). Bunkai is legion: from openings for punches to complex throws. The kata strengthens the entire body and endurance and serves as the pinnacle of the Goju principle (especially jin, the mirroring of attack with energy). Breathing and tension vary: as in Tensho and Sanchin, both hard and soft breathing occur. A well-known philosophy is that whoever masters Suparinpei has learned the essence of Karate (hence the association with ""nirvana"" in ancient traditions).",Review whether this should be translated or intentionally kept as-is.
pt,kata/peichurin.json,controversy.title,same-as-english,Controversy/Variations within Goju-Ryu,Review whether this should be translated or intentionally kept as-is.
pt,kata/peichurin.json,controversy.content,same-as-english,"There is no real controversy; Suparinpei is so complex that everyone mainly struggles with their own version. Sometimes there are small differences between Okinawa and Japan (how strictly the hachiji dachi is used, for example). The main ""variation"" lies in interpretation (where each other's line sometimes recognizes unusual grips). There are indications that Kyoda's Tōon-ryū also knows it under the name ""Kururunfa"" for the last part, but that is speculative.",Review whether this should be translated or intentionally kept as-is.
pt,kata/peichurin.json,relationships.title,same-as-english,Relationship to Other Kata/Systems,Review whether this should be translated or intentionally kept as-is.
pt,kata/peichurin.json,relationships.content,same-as-english,"Suparinpei is the ultimate kata in Goju-ryu and has parallels in other Okinawan systems (the Eagle Claw Yī Bǎi Líng Bā Qín Ná, 108 grips of General Yue Fei, or the Shaolin ""Fu Zhen"" kata). Funakoshi's Hangetsu kata for Shotokan is actually a highly streamlined version of (part of) Suparinpei/Seisan. In Kyokushin, some schools also teach a form with 108 movements, which underscores the historical kinship. Essentially, Suparinpei connects Goju-Ryu back to traditional Chinese Kung Fu systems through the number 108 and the integral combination of techniques.",Review whether this should be translated or intentionally kept as-is.
pt,kata/peichurin.json,modernPractice.title,same-as-english,Use in Modern Practice,Review whether this should be translated or intentionally kept as-is.
pt,kata/peichurin.json,modernPractice.content,same-as-english,"In Goju dojos, Suparinpei is reserved for the highest grades. It is rarely done in competition (too long and too specific), but practiced for theory and conditioning. In contemporary lessons, Suparinpei serves as a test case for comprehension: students often analyze the bunkai to extract all possible attacks/defenses. In self-defense context, it is mainly a demonstration of the 'round' final attack (often with two short diagonal kicks and closing open hand). It is not a form that one practices casually; whoever masters Suparinpei completes the karate program.",Review whether this should be translated or intentionally kept as-is.
pt,kata/peichurin.json,nameAndMeaning.title,same-as-english,Name and Meaning,Review whether this should be translated or intentionally kept as-is.
pt,kata/peichurin.json,nameAndMeaning.content,same-as-english,"Suparinpei (壱百零八手) means ""108 hands/techniques"". The Japanese name is built from 壱 (100), 百 (100), 零 (0), 八 (8) and 手 (hand) – which together indicates 108. In Chinese, the kata had a different name (""Pechurin"" or similar) which may indicate a homonym. 108 is a sacred Buddhist number (think of the 108 powers of Yue Fei's Eagle Claw). Sometimes Suparinpei is translated as ""108 steps"", but actually it's about the number 108 in the kata.",Review whether this should be translated or intentionally kept as-is.
pt,kata/peichurin.json,history,same-as-english,"Suparinpei is very old in origin. According to tradition, Higaonna's student Chōjun Miyagi inherited it from Ryu Ryu Ko's system as ""Pechurin"" (a romanization for 108) and later modernized it to Suparinpei. According to some stories, the name refers to Yue Fei's 108 gripping techniques (108 Seizing & Grabbing). The kata is comparable to traditional Chinese forms of Shaolin, Tiger or Crane. Within the goju community, it is assumed that Miyagi learned the kata from Higaonna or during self-study in China. In fact, the kata has had no namesake found in Okinawa; it is simply the most comprehensive form from the Goju arsenal.",Review whether this should be translated or intentionally kept as-is.
pt,kata/peichurin.json,culturalSignificance,same-as-english,"In Goju dojos, Suparinpei is reserved for the highest grades. It is rarely done in competition (too long and too specific), but practiced for theory and conditioning. In contemporary lessons, Suparinpei serves as a test case for comprehension: students often analyze the bunkai to extract all possible attacks/defenses. In self-defense context, it is mainly a demonstration of the 'round' final attack (often with two short diagonal kicks and closing open hand). It is not a form that one practices casually; whoever masters Suparinpei completes the karate program.",Review whether this should be translated or intentionally kept as-is.
da,kata/sanchin.json,description,same-as-english,"The foundation of Goju-Ryu, a kata that unites body, mind and technique.",Review whether this should be translated or intentionally kept as-is.
da,kata/sanchin.json,origin.content,same-as-english,"Sanchin has clear roots in Southern China (Fujian). It is one of the few kata that occurs in both Okinawan Uechi-, Goju-, and Pangainoon/Kombatie styles. Originally it was called sānzhàn in Mandarin. In Okinawa, Kanryō Higaonna learned it from his Chinese master and passed it on to Miyagi. In Shuri, Sokon Matsumura also learned it in China and passed it on in Okinawa. Thus Sanchin appears in all major lines. Goju-ryu knows two variants: Miyagi's closed-fist sanchin dai ichi and Higaonna's original open-hand sanchin dai ni (later also made closed by Juhatsu Kyoda). The kata belongs to the oldest karate forms and is believed to have existed before 1800.",Review whether this should be translated or intentionally kept as-is.
da,kata/sanchin.json,transmission.title,same-as-english,Transmission to Goju-Ryu,Review whether this should be translated or intentionally kept as-is.
da,kata/sanchin.json,transmission.content,same-as-english,"Sanchin is the first kata that Miyagi Sensei taught (except for basic exercises). Higaonna introduced the Naha-style Sanchin (with open hands) in Miyagi's training. Miyagi made his own variant with closed fists (for practical reasons). So there have been two Sanchin within Goju from the beginning. These are preserved to this day; the 'Miyagi-' and 'Higashionna-Sanchin' are both sometimes still corrected in breathing and fist work. Other styles (Isshin, Shito, Kyokushin, Wado) have also adopted Sanchin, which shows the central role of this kata.",Review whether this should be translated or intentionally kept as-is.
da,kata/sanchin.json,historicalDevelopment.content,same-as-english,"The core of Sanchin is unchanged: heavy physical training in sanchin-dachi, with intense ibuki breathing and isometric tension. The only important historical differences are (1) closed vs open fists (like between Yamazato vs Kyoda) and (2) light stylistic accents per Dojo. Funakoshi renamed the Shuri line Sanchin to Hangetsu (半月) for Shotokan, which is essentially an electrified version. Within Goju, however, Sanchin is identical to how Higaonna knew it. Traditionally, Sanchin is considered heishugata (hanging breath), which makes a deep difference with Tensho.",Review whether this should be translated or intentionally kept as-is.
da,kata/sanchin.json,technicalFeatures.title,same-as-english,Technical and Philosophical Characteristics,Review whether this should be translated or intentionally kept as-is.
da,kata/sanchin.json,technicalFeatures.content,same-as-english,"Sanchin is the foundation of Goju. It is performed in sanchin-dachi (triangle stance). The kata consists of very tight, repetitive movements: high defenses and strikes and gradual shifts of posture. Important is the ibuki breathing: exhaling more forcefully during each tension. The goal is to strengthen the body (muscle and bone strengthening) and the mind (perseverance). Philosophically, Sanchin revolves around internal power and concentration: it emphasizes ki development and the transition from natural to conscious breathing technique. The motto ""Karate ni sente nashi"" is sometimes shown in Sanchin through blocks instead of initiate. Sanchin contains hardly any open hands (exception Higaonna's version) and no kicks; it is purely upper-body and stance.",Review whether this should be translated or intentionally kept as-is.
da,kata/sanchin.json,controversy.title,same-as-english,Controversy/Variations within Goju-Ryu,Review whether this should be translated or intentionally kept as-is.
da,kata/sanchin.json,controversy.content,same-as-english,"The main discussion concerns mainly the implementation of breathing and the fist: some Goju schools teach two Sanchin (open and closed), others only one. There are also disagreements about tempo (slow vs slightly faster). Yet all Goju-Ryu's see Sanchin as the foundation. The term ""three battles"" has also been quite open to interpretation in Goju (sometimes seen as connection of body/breath/mind). Outside Goju, Sanchin sometimes got a different name (Hangetsu, Sanseiru in Uechi), but within Goju it has remained stable.",Review whether this should be translated or intentionally kept as-is.
da,kata/sanchin.json,relationships.title,same-as-english,Relationship to Other Kata/Systems,Review whether this should be translated or intentionally kept as-is.
da,kata/sanchin.json,relationships.content,same-as-english,"Sanchin is the model for other kata within Goju. It shares much with Tensho (the ""Yin"" counterpart). Uechi-Ryū also uses Sanchin (with open hands), and Isshin-ryū has two almost identical Sanchin (reflection of both Goju versions). In a broader sense, Sanchin connects Goju with Chinese styles such as White Crane and Pangainoon, because it uses exactly the same stance and beat as ""San Zhan"" in those systems. Whoever masters Sanchin has learned a universal principle that appears everywhere in traditional martial arts.",Review whether this should be translated or intentionally kept as-is.
da,kata/sanchin.json,modernPractice.title,same-as-english,Use in Modern Practice,Review whether this should be translated or intentionally kept as-is.
da,kata/sanchin.json,modernPractice.content,same-as-english,"Sanchin is still practiced daily in most Goju-ryu dojos, often as a warm-up or as a separate strength exercise. It is the standard form for beginning brown belts. Sanchin shows hardly any competition functions (unless special Kihon-tai-ko contests), but it forms the backbone of traditional Goju training. In competitions, the principles of Sanchin (stability, breathing technique) do form the basis for interpretations in other kata. Furthermore, Sanchin is used in health aspects (trembling or exercises) because of the well-known body saying ""A Sanchin per day…"".",Review whether this should be translated or intentionally kept as-is.
da,kata/sanchin.json,nameAndMeaning.title,same-as-english,Name and Meaning,Review whether this should be translated or intentionally kept as-is.
da,kata/sanchin.json,nameAndMeaning.content,same-as-english,"Sanchin (三戦) means ""three battles"" or ""three struggles"". Literally it is Japanese/Chinese for three (三, san) and battle/war (戦, chin). Traditionally this is interpreted as the struggle to unite shin-ki-tai (mind, technique, body). Other interpretations are ""three parties"" (technique, breath, posture). In essence, the name stands for the three aspects of strength training that Sanchin brings together.",Review whether this should be translated or intentionally kept as-is.
da,kata/sanchin.json,history,same-as-english,"Sanchin has clear roots in Southern China (Fujian). It is one of the few kata that occurs in both Okinawan Uechi-, Goju-, and Pangainoon/Kombatie styles. Originally it was called sānzhàn in Mandarin. In Okinawa, Kanryō Higaonna learned it from his Chinese master and passed it on to Miyagi. In Shuri, Sokon Matsumura also learned it in China and passed it on in Okinawa. Thus Sanchin appears in all major lines. Goju-ryu knows two variants: Miyagi's closed-fist sanchin dai ichi and Higaonna's original open-hand sanchin dai ni (later also made closed by Juhatsu Kyoda). The kata belongs to the oldest karate forms and is believed to have existed before 1800.",Review whether this should be translated or intentionally kept as-is.
da,kata/sanchin.json,culturalSignificance,same-as-english,"Sanchin is still practiced daily in most Goju-ryu dojos, often as a warm-up or as a separate strength exercise. It is the standard form for beginning brown belts. Sanchin shows hardly any competition functions (unless special Kihon-tai-ko contests), but it forms the backbone of traditional Goju training. In competitions, the principles of Sanchin (stability, breathing technique) do form the basis for interpretations in other kata. Furthermore, Sanchin is used in health aspects (trembling or exercises) because of the well-known body saying ""A Sanchin per day…"".",Review whether this should be translated or intentionally kept as-is.
es,kata/sanchin.json,nameAndMeaning.content,same-as-english,"Sanchin (三戦) means ""three battles"" or ""three struggles"". Literally it is Japanese/Chinese for three (三, san) and battle/war (戦, chin). Traditionally this is interpreted as the struggle to unite shin-ki-tai (mind, technique, body). Other interpretations are ""three parties"" (technique, breath, posture). In essence, the name stands for the three aspects of strength training that Sanchin brings together.",Review whether this should be translated or intentionally kept as-is.
it,kata/sanchin.json,transmission.title,same-as-english,Transmission to Goju-Ryu,Review whether this should be translated or intentionally kept as-is.
it,kata/sanchin.json,controversy.title,same-as-english,Controversy/Variations within Goju-Ryu,Review whether this should be translated or intentionally kept as-is.
it,kata/sanchin.json,modernPractice.title,same-as-english,Use in Modern Practice,Review whether this should be translated or intentionally kept as-is.
it,kata/sanchin.json,nameAndMeaning.title,same-as-english,Name and Meaning,Review whether this should be translated or intentionally kept as-is.
it,kata/sanchin.json,nameAndMeaning.content,same-as-english,"Sanchin (三戦) means ""three battles"" or ""three struggles"". Literally it is Japanese/Chinese for three (三, san) and battle/war (戦, chin). Traditionally this is interpreted as the struggle to unite shin-ki-tai (mind, technique, body). Other interpretations are ""three parties"" (technique, breath, posture). In essence, the name stands for the three aspects of strength training that Sanchin brings together.",Review whether this should be translated or intentionally kept as-is.
da,kata/sanseru.json,transmission.title,same-as-english,Transmission to Goju-Ryu,Review whether this should be translated or intentionally kept as-is.
da,kata/sanseru.json,transmission.content,same-as-english,"Sanseru has been a fixed part of the Goju-ryu tradition from the beginning and was passed on by Miyagi Sensei to his students. Since To'on-ryu and Uechi-ryu also know it, it was presumably spread through Higaonna (and his circle). There are no major new ""additions""; the kata has been unchanged in Goju from ancient times.",Review whether this should be translated or intentionally kept as-is.
da,kata/sanseru.json,historicalDevelopment.title,same-as-english,Historical development,Review whether this should be translated or intentionally kept as-is.
da,kata/sanseru.json,historicalDevelopment.content,same-as-english,"Sanseru has the most variations of all Goju kata. The To'on-ryu version starts differently (no vertical kicks) and has different ending movements. The version of Seiko Higa also differs in details from the usual one. Modern Goju practice often follows the version of Morio Higaonna/IOGKF. An example of differences is the ending: Higaonna/Goju-kai end with two consecutive mae-geri, while Miyagi's line (Miyazato/Goju Kai) shows two tobi mae-geri. The kata is thus historically diverse in performance style.",Review whether this should be translated or intentionally kept as-is.
da,kata/sanseru.json,technicalFeatures.title,same-as-english,Technical and philosophical characteristics,Review whether this should be translated or intentionally kept as-is.
da,kata/sanseru.json,technicalFeatures.content,same-as-english,"Sanseru is a relatively linear, straightforward kata. It uses mainly hip-twisting forward punches, powerful elbow and knee attacks, and throw/legbreak techniques. Typical elements are short close-range punch combinations and powerful bounce and kick techniques that drive the opponent to the ground. Joints, balance breaking and grips also play a role – the kata contains violent lock-like finishes and breakfalls. Philosophically it emphasizes dominance and ground techniques. The kata can be seen as a ""dragon kata"" (as sometimes described) in which coordinated nose-and-a-heavier attack takes place. There is no special deep breathing, rather short, explosive power.",Review whether this should be translated or intentionally kept as-is.
da,kata/sanseru.json,controversy.title,same-as-english,Controversy/variations within Goju-Ryu,Review whether this should be translated or intentionally kept as-is.
da,kata/sanseru.json,controversy.content,same-as-english,"As mentioned, the variation is great. There is no controversy in the sense of disagreement; the fact itself is rather remarkable. Every Goju association has its own ""acceptable"" Sanseru. For example, in Japanese Goju-ken there are two mae-geri variants. Furthermore, Sanseru has a less dramatic finale than other kata (no formidable stance), but that is not controversial.",Review whether this should be translated or intentionally kept as-is.
da,kata/sanseru.json,relationships.title,same-as-english,Relationship to other kata/systems,Review whether this should be translated or intentionally kept as-is.
da,kata/sanseru.json,relationships.content,same-as-english,"Sanseru is a genuine Naha-te kata and is related to kata such as Rohai and Kururunfa. Due to the emphasis on finishing punch patterns and throwing movements, it is similar to some Chinese Taiji or Dragon forms. Uechi-Ryu also has a loosely structured Sanseru-like kata (with different steps), which underscores the common origin. Symbolically, Sanseru (36) is related to Sepai (18) – it is said that 18 is half of 36, from which it would follow that Sepai is the alternative set of attacks/coverage relative to Sanseru.",Review whether this should be translated or intentionally kept as-is.
da,kata/sanseru.json,modernPractice.title,same-as-english,Use in modern practice,Review whether this should be translated or intentionally kept as-is.
da,kata/sanseru.json,modernPractice.content,same-as-english,"Sanseru is taught as a required kata high in the Goju cycle. In training, it is used to practice various close-range techniques (claw grips, throws, wrist locks). In kata competitions, it is quite rare due to its complexity and length. However, in Goju dojos, Sanseru is a core form and is often demonstrated as an example of powerful, effective fighting.",Review whether this should be translated or intentionally kept as-is.
da,kata/sanseru.json,nameAndMeaning.title,same-as-english,Name and meaning,Review whether this should be translated or intentionally kept as-is.
da,kata/sanseru.json,nameAndMeaning.content,same-as-english,"Sanseru (三十六步) literally means ""36 steps"" (sansei-ru). In the kata name ""三"" is three, ""六"" is six, and ""步"" is ""step/hand"". Most translations give ""36 hands"" or ""36 techniques"". The meaning is somewhat symbolic: 36 is a derivative of the Buddhist number 108 (108/3). It is said that numerical kata refer to initiation or acupuncture points. Sanseru can then refer to systematically going through 36 vital points or understanding all variations in one kata.",Review whether this should be translated or intentionally kept as-is.
da,kata/sanseru.json,history,same-as-english,"Sanseru is unique within the Goju curriculum: it is practiced by every Goju style and the sister system To'on-ryū and even Uechi-Ryū. This indicates that it is presumably a very old kata, before Higaonna's China trip. The transmission is unclear: the popular version of Seiko Higa (Goju Kai/Kyokushin) and that of Miyagi differ slightly. Possibly Miyagi learned Sanseru through Higaonna's fellow students (such as Juhatsu Kyoda in To'on-ryu) while Higaonna was absent. The fact is that it is a traditional Naha-te kata with Chinese influences, used by all Okinawan Goju masters.",Review whether this should be translated or intentionally kept as-is.
da,kata/sanseru.json,culturalSignificance,same-as-english,"Sanseru is taught as a required kata high in the Goju cycle. In training, it is used to practice various close-range techniques (claw grips, throws, wrist locks). In kata competitions, it is quite rare due to its complexity and length. However, in Goju dojos, Sanseru is a core form and is often demonstrated as an example of powerful, effective fighting.",Review whether this should be translated or intentionally kept as-is.
pt,kata/sanseru.json,transmission.title,same-as-english,Transmission to Goju-Ryu,Review whether this should be translated or intentionally kept as-is.
pt,kata/sanseru.json,transmission.content,same-as-english,"Sanseru has been a fixed part of the Goju-ryu tradition from the beginning and was passed on by Miyagi Sensei to his students. Since To'on-ryu and Uechi-ryu also know it, it was presumably spread through Higaonna (and his circle). There are no major new ""additions""; the kata has been unchanged in Goju from ancient times.",Review whether this should be translated or intentionally kept as-is.
pt,kata/sanseru.json,historicalDevelopment.title,same-as-english,Historical development,Review whether this should be translated or intentionally kept as-is.
pt,kata/sanseru.json,historicalDevelopment.content,same-as-english,"Sanseru has the most variations of all Goju kata. The To'on-ryu version starts differently (no vertical kicks) and has different ending movements. The version of Seiko Higa also differs in details from the usual one. Modern Goju practice often follows the version of Morio Higaonna/IOGKF. An example of differences is the ending: Higaonna/Goju-kai end with two consecutive mae-geri, while Miyagi's line (Miyazato/Goju Kai) shows two tobi mae-geri. The kata is thus historically diverse in performance style.",Review whether this should be translated or intentionally kept as-is.
pt,kata/sanseru.json,technicalFeatures.title,same-as-english,Technical and philosophical characteristics,Review whether this should be translated or intentionally kept as-is.
pt,kata/sanseru.json,technicalFeatures.content,same-as-english,"Sanseru is a relatively linear, straightforward kata. It uses mainly hip-twisting forward punches, powerful elbow and knee attacks, and throw/legbreak techniques. Typical elements are short close-range punch combinations and powerful bounce and kick techniques that drive the opponent to the ground. Joints, balance breaking and grips also play a role – the kata contains violent lock-like finishes and breakfalls. Philosophically it emphasizes dominance and ground techniques. The kata can be seen as a ""dragon kata"" (as sometimes described) in which coordinated nose-and-a-heavier attack takes place. There is no special deep breathing, rather short, explosive power.",Review whether this should be translated or intentionally kept as-is.
pt,kata/sanseru.json,controversy.title,same-as-english,Controversy/variations within Goju-Ryu,Review whether this should be translated or intentionally kept as-is.
pt,kata/sanseru.json,controversy.content,same-as-english,"As mentioned, the variation is great. There is no controversy in the sense of disagreement; the fact itself is rather remarkable. Every Goju association has its own ""acceptable"" Sanseru. For example, in Japanese Goju-ken there are two mae-geri variants. Furthermore, Sanseru has a less dramatic finale than other kata (no formidable stance), but that is not controversial.",Review whether this should be translated or intentionally kept as-is.
pt,kata/sanseru.json,relationships.title,same-as-english,Relationship to other kata/systems,Review whether this should be translated or intentionally kept as-is.
pt,kata/sanseru.json,relationships.content,same-as-english,"Sanseru is a genuine Naha-te kata and is related to kata such as Rohai and Kururunfa. Due to the emphasis on finishing punch patterns and throwing movements, it is similar to some Chinese Taiji or Dragon forms. Uechi-Ryu also has a loosely structured Sanseru-like kata (with different steps), which underscores the common origin. Symbolically, Sanseru (36) is related to Sepai (18) – it is said that 18 is half of 36, from which it would follow that Sepai is the alternative set of attacks/coverage relative to Sanseru.",Review whether this should be translated or intentionally kept as-is.
pt,kata/sanseru.json,modernPractice.title,same-as-english,Use in modern practice,Review whether this should be translated or intentionally kept as-is.
pt,kata/sanseru.json,modernPractice.content,same-as-english,"Sanseru is taught as a required kata high in the Goju cycle. In training, it is used to practice various close-range techniques (claw grips, throws, wrist locks). In kata competitions, it is quite rare due to its complexity and length. However, in Goju dojos, Sanseru is a core form and is often demonstrated as an example of powerful, effective fighting.",Review whether this should be translated or intentionally kept as-is.
pt,kata/sanseru.json,nameAndMeaning.title,same-as-english,Name and meaning,Review whether this should be translated or intentionally kept as-is.
pt,kata/sanseru.json,nameAndMeaning.content,same-as-english,"Sanseru (三十六步) literally means ""36 steps"" (sansei-ru). In the kata name ""三"" is three, ""六"" is six, and ""步"" is ""step/hand"". Most translations give ""36 hands"" or ""36 techniques"". The meaning is somewhat symbolic: 36 is a derivative of the Buddhist number 108 (108/3). It is said that numerical kata refer to initiation or acupuncture points. Sanseru can then refer to systematically going through 36 vital points or understanding all variations in one kata.",Review whether this should be translated or intentionally kept as-is.
pt,kata/sanseru.json,history,same-as-english,"Sanseru is unique within the Goju curriculum: it is practiced by every Goju style and the sister system To'on-ryū and even Uechi-Ryū. This indicates that it is presumably a very old kata, before Higaonna's China trip. The transmission is unclear: the popular version of Seiko Higa (Goju Kai/Kyokushin) and that of Miyagi differ slightly. Possibly Miyagi learned Sanseru through Higaonna's fellow students (such as Juhatsu Kyoda in To'on-ryu) while Higaonna was absent. The fact is that it is a traditional Naha-te kata with Chinese influences, used by all Okinawan Goju masters.",Review whether this should be translated or intentionally kept as-is.
pt,kata/sanseru.json,culturalSignificance,same-as-english,"Sanseru is taught as a required kata high in the Goju cycle. In training, it is used to practice various close-range techniques (claw grips, throws, wrist locks). In kata competitions, it is quite rare due to its complexity and length. However, in Goju dojos, Sanseru is a core form and is often demonstrated as an example of powerful, effective fighting.",Review whether this should be translated or intentionally kept as-is.
da,kata/seiyunchin.json,name,same-as-english,Seiyunchin (Seiunchin),Review whether this should be translated or intentionally kept as-is.
de,kata/seiyunchin.json,name,same-as-english,Seiyunchin (Seiunchin),Review whether this should be translated or intentionally kept as-is.
es,kata/seiyunchin.json,name,same-as-english,Seiyunchin (Seiunchin),Review whether this should be translated or intentionally kept as-is.
fr,kata/seiyunchin.json,name,same-as-english,Seiyunchin (Seiunchin),Review whether this should be translated or intentionally kept as-is.
it,kata/seiyunchin.json,name,same-as-english,Seiyunchin (Seiunchin),Review whether this should be translated or intentionally kept as-is.
nl,kata/seiyunchin.json,name,same-as-english,Seiyunchin (Seiunchin),Review whether this should be translated or intentionally kept as-is.
pt,kata/seiyunchin.json,name,same-as-english,Seiyunchin (Seiunchin),Review whether this should be translated or intentionally kept as-is.
da,kata/sepai.json,transmission.title,same-as-english,Transmission to Goju-Ryu,Review whether this should be translated or intentionally kept as-is.
da,kata/sepai.json,transmission.content,same-as-english,Sepai was taught by Kanryō Higaonna to Miyagi as part of the core curricula in the 1910s-1920s. Miyagi incorporated it unchanged into Goju-Ryu and it was later also taught by his successors. It is one of the heavier kata within the Goju system.,Review whether this should be translated or intentionally kept as-is.
da,kata/sepai.json,historicalDevelopment.title,same-as-english,Historical development,Review whether this should be translated or intentionally kept as-is.
da,kata/sepai.json,historicalDevelopment.content,same-as-english,"Sepai has undergone few fundamental changes within Goju-Ryu. However, different Goju-ha developed their own accents in techniques and rhythm. In Okinawa (e.g., Jundokan) the emphasis is on relaxed transitions, in Japan (JKF branches) sometimes more dynamism. Sepai is widely represented: besides Goju, Shito and Kyokushin (via Gōgen Yamaguchi and Mas Oyama) also do the kata. In fact, Sepai was included in Kyokushin as an example of a ""southern kata"". It remains one of the long, complex kata in Goju programs worldwide.",Review whether this should be translated or intentionally kept as-is.
da,kata/sepai.json,technicalFeatures.title,same-as-english,Technical and philosophical characteristics,Review whether this should be translated or intentionally kept as-is.
da,kata/sepai.json,technicalFeatures.content,same-as-english,"Sepai combines hard and soft Naha-te elements. It contains throws, grips and circular movements alongside powerful strikes. The working foundation is handling multiple attackers and close-range fighting. Bunkai-wise, many techniques are hidden: Sepai contains 'fakes' and double functions (e.g., a block that is also a whirl). Around the middle, second knees/kicks occur, and it ends with open-hand technique (to then close abruptly). According to Jaap Kooman, Sepai implements ""four-direction attack, long and short distance"" with much body-shifting and feints. Philosophically, the kata emphasizes completeness: both long-range and close confrontation, and maximum utilization of body rotations.",Review whether this should be translated or intentionally kept as-is.
da,kata/sepai.json,controversy.title,same-as-english,Controversy/variations within Goju-Ryu,Review whether this should be translated or intentionally kept as-is.
da,kata/sepai.json,controversy.content,same-as-english,"Differences in Sepai are limited and mainly concern stylistic performances. The main dividing line is the old Okinawa-Japan style: in Okinawa the deep teeth of the kata were preserved, while some Japanese dojos have become more fluid. There is no official controversy; everyone recognizes Sepai as a Goju classic. The only mention of variation is that Mas Oyama (Kyokushin) and Goju echoes (Oyama's Kyokushin vs Miyagi's Goju) had slightly different rhythmic accents, but the embusen is the same.",Review whether this should be translated or intentionally kept as-is.
da,kata/sepai.json,relationships.title,same-as-english,Relationship to other kata/systems,Review whether this should be translated or intentionally kept as-is.
da,kata/sepai.json,relationships.content,same-as-english,"Sepai seems to fit into the ""southern tradition"" (together with Saifa, Kururunfa, Sanchin, etc.). It follows the example of Sanseiru in the foregoing running (36 vs 18), as noted: the name Sepai (18) is half of 36 and would indicate an alternative set of techniques. In Okinawa, Sepai is comparable to Goju's Yoseikan and other form types within Shito-Ryu and Uechi. Like other Naha kata, it reflects Chinese influences (e.g., knee bends that resemble classical Lion or Mantis techniques). The distortion by Funakoshi in Shotokan has produced the Java name ""Hangetsu"" for his version of Sepai, but that is outside Goju.",Review whether this should be translated or intentionally kept as-is.
da,kata/sepai.json,modernPractice.title,same-as-english,Use in modern practice,Review whether this should be translated or intentionally kept as-is.
da,kata/sepai.json,modernPractice.content,same-as-english,"Sepai is usually taught from mid to high qualified students (brown/black belts). It is rare in kata competitions due to its length and difficulty, though it can be performed as a demonstration kata. Many dojos treat the application (bunkai) in detail, especially the grips and locks that are hidden in the kata. In self-defense, Sepai is translated into combinations of strikes with close-in throws and holding grips. It serves primarily as a technological and conditioning-promoting kata in traditional Goju curricula.",Review whether this should be translated or intentionally kept as-is.
da,kata/sepai.json,nameAndMeaning.title,same-as-english,Name and meaning,Review whether this should be translated or intentionally kept as-is.
da,kata/sepai.json,nameAndMeaning.content,same-as-english,"Sepai (十八手), also called Seipai, means ""18 hands"". The Fujian pronunciation is Sei (10) and pai (8), together 18. The number probably refers to the number of main movements or techniques in the kata. In Okinawa there is an additional interpretation: 18 is related to 36 (Sanseru) as Buddhist or battle point variations. Sometimes it is suggested that Sepai stands for ""18 guards of the king"", but most explanation focuses on the technical meaning (18 essential attack/defense patterns).",Review whether this should be translated or intentionally kept as-is.
da,kata/sepai.json,history,same-as-english,"Sepai is a classical Naha-te kata. It was taught by Kanryō Higaonna to Miyagi as part of the core curricula in the 1910s-1920s. It was thus an existing Okinawan form before the systematization of Goju-Ryu. Miyagi incorporated it unchanged into Goju-Ryu; it is one of the heavier kata, later also taught by his successors. Like Seisan and Sanseru, it presumably has Chinese roots, possibly from southern kungfu (There is no question of Miyagi's own creation).",Review whether this should be translated or intentionally kept as-is.
da,kata/sepai.json,culturalSignificance,same-as-english,"Sepai is usually taught from mid to high qualified students (brown/black belts). It is rare in kata competitions due to its length and difficulty, though it can be performed as a demonstration kata. Many dojos treat the application (bunkai) in detail, especially the grips and locks that are hidden in the kata. In self-defense, Sepai is translated into combinations of strikes with close-in throws and holding grips. It serves primarily as a technological and conditioning-promoting kata in traditional Goju curricula.",Review whether this should be translated or intentionally kept as-is.
pt,kata/sepai.json,transmission.title,same-as-english,Transmission to Goju-Ryu,Review whether this should be translated or intentionally kept as-is.
pt,kata/sepai.json,transmission.content,same-as-english,Sepai was taught by Kanryō Higaonna to Miyagi as part of the core curricula in the 1910s-1920s. Miyagi incorporated it unchanged into Goju-Ryu and it was later also taught by his successors. It is one of the heavier kata within the Goju system.,Review whether this should be translated or intentionally kept as-is.
pt,kata/sepai.json,historicalDevelopment.title,same-as-english,Historical development,Review whether this should be translated or intentionally kept as-is.
pt,kata/sepai.json,historicalDevelopment.content,same-as-english,"Sepai has undergone few fundamental changes within Goju-Ryu. However, different Goju-ha developed their own accents in techniques and rhythm. In Okinawa (e.g., Jundokan) the emphasis is on relaxed transitions, in Japan (JKF branches) sometimes more dynamism. Sepai is widely represented: besides Goju, Shito and Kyokushin (via Gōgen Yamaguchi and Mas Oyama) also do the kata. In fact, Sepai was included in Kyokushin as an example of a ""southern kata"". It remains one of the long, complex kata in Goju programs worldwide.",Review whether this should be translated or intentionally kept as-is.
pt,kata/sepai.json,technicalFeatures.title,same-as-english,Technical and philosophical characteristics,Review whether this should be translated or intentionally kept as-is.
pt,kata/sepai.json,technicalFeatures.content,same-as-english,"Sepai combines hard and soft Naha-te elements. It contains throws, grips and circular movements alongside powerful strikes. The working foundation is handling multiple attackers and close-range fighting. Bunkai-wise, many techniques are hidden: Sepai contains 'fakes' and double functions (e.g., a block that is also a whirl). Around the middle, second knees/kicks occur, and it ends with open-hand technique (to then close abruptly). According to Jaap Kooman, Sepai implements ""four-direction attack, long and short distance"" with much body-shifting and feints. Philosophically, the kata emphasizes completeness: both long-range and close confrontation, and maximum utilization of body rotations.",Review whether this should be translated or intentionally kept as-is.
pt,kata/sepai.json,controversy.title,same-as-english,Controversy/variations within Goju-Ryu,Review whether this should be translated or intentionally kept as-is.
pt,kata/sepai.json,controversy.content,same-as-english,"Differences in Sepai are limited and mainly concern stylistic performances. The main dividing line is the old Okinawa-Japan style: in Okinawa the deep teeth of the kata were preserved, while some Japanese dojos have become more fluid. There is no official controversy; everyone recognizes Sepai as a Goju classic. The only mention of variation is that Mas Oyama (Kyokushin) and Goju echoes (Oyama's Kyokushin vs Miyagi's Goju) had slightly different rhythmic accents, but the embusen is the same.",Review whether this should be translated or intentionally kept as-is.
pt,kata/sepai.json,relationships.title,same-as-english,Relationship to other kata/systems,Review whether this should be translated or intentionally kept as-is.
pt,kata/sepai.json,relationships.content,same-as-english,"Sepai seems to fit into the ""southern tradition"" (together with Saifa, Kururunfa, Sanchin, etc.). It follows the example of Sanseiru in the foregoing running (36 vs 18), as noted: the name Sepai (18) is half of 36 and would indicate an alternative set of techniques. In Okinawa, Sepai is comparable to Goju's Yoseikan and other form types within Shito-Ryu and Uechi. Like other Naha kata, it reflects Chinese influences (e.g., knee bends that resemble classical Lion or Mantis techniques). The distortion by Funakoshi in Shotokan has produced the Java name ""Hangetsu"" for his version of Sepai, but that is outside Goju.",Review whether this should be translated or intentionally kept as-is.
pt,kata/sepai.json,modernPractice.title,same-as-english,Use in modern practice,Review whether this should be translated or intentionally kept as-is.
pt,kata/sepai.json,modernPractice.content,same-as-english,"Sepai is usually taught from mid to high qualified students (brown/black belts). It is rare in kata competitions due to its length and difficulty, though it can be performed as a demonstration kata. Many dojos treat the application (bunkai) in detail, especially the grips and locks that are hidden in the kata. In self-defense, Sepai is translated into combinations of strikes with close-in throws and holding grips. It serves primarily as a technological and conditioning-promoting kata in traditional Goju curricula.",Review whether this should be translated or intentionally kept as-is.
pt,kata/sepai.json,nameAndMeaning.title,same-as-english,Name and meaning,Review whether this should be translated or intentionally kept as-is.
pt,kata/sepai.json,nameAndMeaning.content,same-as-english,"Sepai (十八手), also called Seipai, means ""18 hands"". The Fujian pronunciation is Sei (10) and pai (8), together 18. The number probably refers to the number of main movements or techniques in the kata. In Okinawa there is an additional interpretation: 18 is related to 36 (Sanseru) as Buddhist or battle point variations. Sometimes it is suggested that Sepai stands for ""18 guards of the king"", but most explanation focuses on the technical meaning (18 essential attack/defense patterns).",Review whether this should be translated or intentionally kept as-is.
pt,kata/sepai.json,history,same-as-english,"Sepai is a classical Naha-te kata. It was taught by Kanryō Higaonna to Miyagi as part of the core curricula in the 1910s-1920s. It was thus an existing Okinawan form before the systematization of Goju-Ryu. Miyagi incorporated it unchanged into Goju-Ryu; it is one of the heavier kata, later also taught by his successors. Like Seisan and Sanseru, it presumably has Chinese roots, possibly from southern kungfu (There is no question of Miyagi's own creation).",Review whether this should be translated or intentionally kept as-is.
pt,kata/sepai.json,culturalSignificance,same-as-english,"Sepai is usually taught from mid to high qualified students (brown/black belts). It is rare in kata competitions due to its length and difficulty, though it can be performed as a demonstration kata. Many dojos treat the application (bunkai) in detail, especially the grips and locks that are hidden in the kata. In self-defense, Sepai is translated into combinations of strikes with close-in throws and holding grips. It serves primarily as a technological and conditioning-promoting kata in traditional Goju curricula.",Review whether this should be translated or intentionally kept as-is.
da,kata/sesan.json,description,same-as-english,An advanced kata with thirteen techniques and complex combinations of hard and soft movements.,Review whether this should be translated or intentionally kept as-is.
da,kata/sesan.json,origin.content,same-as-english,"Seisan is perhaps the oldest kata in Okinawa-te, and is found in both Shuri, Naha, and Tomari traditions. There are versions attributed to master Sokon Matsumura (Shuri) and to Higaonna (Naha), and even kanbun Uechi (Tomari). It probably dates from the late 18th or early 19th century, long before Miyagi, and originally comes from southeastern China (Tora-kenpo has a longer Seisan under the same name). After their China periods, Matsumura and Higaonna continued to teach it in Okinawa. In the Naha line, Seisho Aragaki taught Seisan to Higaonna before his journey, which indicates that the kata was deeply rooted in Okinawa. In Goju-Ryu, reference is often made to the Naha heritage that Higaonna learned this from Aragaki (who in turn learned from Matsumura). In short, Seisan is an ancient kata that has crossed both Okinawa and China.",Review whether this should be translated or intentionally kept as-is.
da,kata/sesan.json,transmission.title,same-as-english,Transmission to Goju-Ryu,Review whether this should be translated or intentionally kept as-is.
da,kata/sesan.json,transmission.content,same-as-english,"Kanryō Higaonna adopted Seisan in the Naha-te and taught it to Miyagi. Miyagi spread it further in the Goju tradition. Others also brought Seisan (e.g., Takahara Peichin to Sakugawa). Thus the kata came into all Goju lines (also in Kyokushin, Isshin-Ryū, etc.). It is one of the core kata that Goju inherited from the original Naha-te.",Review whether this should be translated or intentionally kept as-is.
da,kata/sesan.json,historicalDevelopment.content,same-as-english,"Seisan remained relatively stable, albeit in various performances. There is no unambiguous ""the true"" Seisan, because each line (Matsumura/Shuri, Aragaki/Higaonna/Naha, Isshin, Uechi) developed its own versions. In Goju (Miyagi's line), the kata is hard/soft mixed with both striking and throwing and gripping techniques. After Matsumura's or Higaonna's journey, Miyagi introduced no major new changes; he learned the existing form. However, there was later an adaptation in Japan: Funakoshi changed Seisan to Shotokan as Hangetsu (半月), but in Okinawa, Goju dojos have retained the original name. Over the years, the hard-soft combinations and triple repetitions remained characteristic.",Review whether this should be translated or intentionally kept as-is.
da,kata/sesan.json,technicalFeatures.title,same-as-english,Technical and Philosophical Characteristics,Review whether this should be translated or intentionally kept as-is.
da,kata/sesan.json,technicalFeatures.content,same-as-english,"Seisan contains many double/triple strike combinations (techniques that occur three times in a row). The kata has a great variety of stiff and flowing techniques: gates of strikes, high elbows, strikes, throws, lock grips and even strangulations occur in it. It is not just strike-block work; there are also ""escape"" movements (escaping from grips) and nervous edge techniques. Philosophically, Seisan shows the complete arsenal of Goju-Ryu: it is both a strength and endurance kata. It is notorious for brutal applications: e.g., claw grips and ""lobster claw-like"" grips (similar to fish-hooking) to hit vital points. Due to the highly concentrated movements (Sanchin-dachi and cat stance), the kata requires much control.",Review whether this should be translated or intentionally kept as-is.
da,kata/sesan.json,controversy.title,same-as-english,Controversy/Variations within Goju-Ryu,Review whether this should be translated or intentionally kept as-is.
da,kata/sesan.json,controversy.content,same-as-english,"There is much variation. Countless Okinawan masters can claim their version. The discussion focuses mainly on the name (13 vs ""13 techniques""). Some point to a legendary master Seisan as a possible namesake. Funakoshi's change to Hangetsu in Japan is also remarkable. In the Goju circuit, there is no dispute about ""the right Seisan"": everyone practices their familiar version.",Review whether this should be translated or intentionally kept as-is.
da,kata/sesan.json,relationships.title,same-as-english,Relationship to Other Kata/Systems,Review whether this should be translated or intentionally kept as-is.
da,kata/sesan.json,relationships.content,same-as-english,"Seisan is central to many Okinawan styles. In Shuri (Matsumura) it is called ""Hangetsu"" in Funakoshi's work. In Goju it is the 9th (or 10th) kata, usually for black belt. In Isshin-Ryū (Kyoda/Shima), Seisan is also present. In Kyokushin (Oyama) and Isshin it also has a place as a heavier kata. It shares much with Chinese Taiji and Shaolin Tiger/Crane combinations (the theory about Yuan Fei seishan in Shorin has some roots). Internally, Seisan is sometimes called ""the mother of all kata"" because of the complete teaching it contains.",Review whether this should be translated or intentionally kept as-is.
da,kata/sesan.json,modernPractice.title,same-as-english,Use in Modern Practice,Review whether this should be translated or intentionally kept as-is.
da,kata/sesan.json,modernPractice.content,same-as-english,"Seisan is widely taught in Goju-ryu. It appears in kata competitions (Goju and open shori events) and is popular for stage demonstrations. In contemporary Goju, Seisan is seen as an ultimate test of technique and mental strength. It serves to train all aspects (strength, breathing, technique) and remains part of the highest curriculum in JKF Goju Kai and IOGKF.",Review whether this should be translated or intentionally kept as-is.
da,kata/sesan.json,nameAndMeaning.title,same-as-english,Name and Meaning,Review whether this should be translated or intentionally kept as-is.
da,kata/sesan.json,nameAndMeaning.content,same-as-english,"Seisan (十三) simply means ""thirteen"". The Japanese kanji are 十 (10) and 三 (3). This is usually interpreted as ""13 (killed?) techniques"" or ""13 combat movements"". An alternative explanation is ""10 and 3"" where most techniques in the kata are repeated three times. Since the kanji (seishan) already existed before karate in Japan, it is uncertain whether the Okinawan original had a different meaning. The fact is that 13 is considered a lucky number in China, which some find relevant symbolism.",Review whether this should be translated or intentionally kept as-is.
da,kata/sesan.json,history,same-as-english,"Seisan is perhaps the oldest kata in Okinawa-te, and is found in both Shuri, Naha, and Tomari traditions. There are versions attributed to master Sokon Matsumura (Shuri) and to Higaonna (Naha), and even kanbun Uechi (Tomari). It probably dates from the late 18th or early 19th century, long before Miyagi, and originally comes from southeastern China (Tora-kenpo has a longer Seisan under the same name). After their China periods, Matsumura and Higaonna continued to teach it in Okinawa. In the Naha line, Seisho Aragaki taught Seisan to Higaonna before his journey, which indicates that the kata was deeply rooted in Okinawa. In Goju-Ryu, reference is often made to the Naha heritage that Higaonna learned this from Aragaki (who in turn learned from Matsumura). In short, Seisan is an ancient kata that has crossed both Okinawa and China.",Review whether this should be translated or intentionally kept as-is.
da,kata/sesan.json,culturalSignificance,same-as-english,"Seisan is widely taught in Goju-ryu. It appears in kata competitions (Goju and open shori events) and is popular for stage demonstrations. In contemporary Goju, Seisan is seen as an ultimate test of technique and mental strength. It serves to train all aspects (strength, breathing, technique) and remains part of the highest curriculum in JKF Goju Kai and IOGKF.",Review whether this should be translated or intentionally kept as-is.
es,kata/sesan.json,nameAndMeaning.content,same-as-english,"Seisan (十三) simply means ""thirteen"". The Japanese kanji are 十 (10) and 三 (3). This is usually interpreted as ""13 (killed?) techniques"" or ""13 combat movements"". An alternative explanation is ""10 and 3"" where most techniques in the kata are repeated three times. Since the kanji (seishan) already existed before karate in Japan, it is uncertain whether the Okinawan original had a different meaning. The fact is that 13 is considered a lucky number in China, which some find relevant symbolism.",Review whether this should be translated or intentionally kept as-is.
it,kata/sesan.json,transmission.title,same-as-english,Transmission to Goju-Ryu,Review whether this should be translated or intentionally kept as-is.
it,kata/sesan.json,controversy.title,same-as-english,Controversy/Variations within Goju-Ryu,Review whether this should be translated or intentionally kept as-is.
it,kata/sesan.json,modernPractice.title,same-as-english,Use in Modern Practice,Review whether this should be translated or intentionally kept as-is.
it,kata/sesan.json,nameAndMeaning.title,same-as-english,Name and Meaning,Review whether this should be translated or intentionally kept as-is.
it,kata/sesan.json,nameAndMeaning.content,same-as-english,"Seisan (十三) simply means ""thirteen"". The Japanese kanji are 十 (10) and 三 (3). This is usually interpreted as ""13 (killed?) techniques"" or ""13 combat movements"". An alternative explanation is ""10 and 3"" where most techniques in the kata are repeated three times. Since the kanji (seishan) already existed before karate in Japan, it is uncertain whether the Okinawan original had a different meaning. The fact is that 13 is considered a lucky number in China, which some find relevant symbolism.",Review whether this should be translated or intentionally kept as-is.
pt,kata/sesan.json,origin.content,same-as-english,"Seisan is perhaps the oldest kata in Okinawa-te, and is found in both Shuri, Naha, and Tomari traditions. There are versions attributed to master Sokon Matsumura (Shuri) and to Higaonna (Naha), and even kanbun Uechi (Tomari). It probably dates from the late 18th or early 19th century, long before Miyagi, and originally comes from southeastern China (Tora-kenpo has a longer Seisan under the same name). After their China periods, Matsumura and Higaonna continued to teach it in Okinawa. In the Naha line, Seisho Aragaki taught Seisan to Higaonna before his journey, which indicates that the kata was deeply rooted in Okinawa. In Goju-Ryu, reference is often made to the Naha heritage that Higaonna learned this from Aragaki (who in turn learned from Matsumura). In short, Seisan is an ancient kata that has crossed both Okinawa and China.",Review whether this should be translated or intentionally kept as-is.
pt,kata/sesan.json,transmission.title,same-as-english,Transmission to Goju-Ryu,Review whether this should be translated or intentionally kept as-is.
pt,kata/sesan.json,transmission.content,same-as-english,"Kanryō Higaonna adopted Seisan in the Naha-te and taught it to Miyagi. Miyagi spread it further in the Goju tradition. Others also brought Seisan (e.g., Takahara Peichin to Sakugawa). Thus the kata came into all Goju lines (also in Kyokushin, Isshin-Ryū, etc.). It is one of the core kata that Goju inherited from the original Naha-te.",Review whether this should be translated or intentionally kept as-is.
pt,kata/sesan.json,historicalDevelopment.content,same-as-english,"Seisan remained relatively stable, albeit in various performances. There is no unambiguous ""the true"" Seisan, because each line (Matsumura/Shuri, Aragaki/Higaonna/Naha, Isshin, Uechi) developed its own versions. In Goju (Miyagi's line), the kata is hard/soft mixed with both striking and throwing and gripping techniques. After Matsumura's or Higaonna's journey, Miyagi introduced no major new changes; he learned the existing form. However, there was later an adaptation in Japan: Funakoshi changed Seisan to Shotokan as Hangetsu (半月), but in Okinawa, Goju dojos have retained the original name. Over the years, the hard-soft combinations and triple repetitions remained characteristic.",Review whether this should be translated or intentionally kept as-is.
pt,kata/sesan.json,technicalFeatures.title,same-as-english,Technical and Philosophical Characteristics,Review whether this should be translated or intentionally kept as-is.
pt,kata/sesan.json,technicalFeatures.content,same-as-english,"Seisan contains many double/triple strike combinations (techniques that occur three times in a row). The kata has a great variety of stiff and flowing techniques: gates of strikes, high elbows, strikes, throws, lock grips and even strangulations occur in it. It is not just strike-block work; there are also ""escape"" movements (escaping from grips) and nervous edge techniques. Philosophically, Seisan shows the complete arsenal of Goju-Ryu: it is both a strength and endurance kata. It is notorious for brutal applications: e.g., claw grips and ""lobster claw-like"" grips (similar to fish-hooking) to hit vital points. Due to the highly concentrated movements (Sanchin-dachi and cat stance), the kata requires much control.",Review whether this should be translated or intentionally kept as-is.
pt,kata/sesan.json,controversy.title,same-as-english,Controversy/Variations within Goju-Ryu,Review whether this should be translated or intentionally kept as-is.
pt,kata/sesan.json,controversy.content,same-as-english,"There is much variation. Countless Okinawan masters can claim their version. The discussion focuses mainly on the name (13 vs ""13 techniques""). Some point to a legendary master Seisan as a possible namesake. Funakoshi's change to Hangetsu in Japan is also remarkable. In the Goju circuit, there is no dispute about ""the right Seisan"": everyone practices their familiar version.",Review whether this should be translated or intentionally kept as-is.
pt,kata/sesan.json,relationships.title,same-as-english,Relationship to Other Kata/Systems,Review whether this should be translated or intentionally kept as-is.
pt,kata/sesan.json,relationships.content,same-as-english,"Seisan is central to many Okinawan styles. In Shuri (Matsumura) it is called ""Hangetsu"" in Funakoshi's work. In Goju it is the 9th (or 10th) kata, usually for black belt. In Isshin-Ryū (Kyoda/Shima), Seisan is also present. In Kyokushin (Oyama) and Isshin it also has a place as a heavier kata. It shares much with Chinese Taiji and Shaolin Tiger/Crane combinations (the theory about Yuan Fei seishan in Shorin has some roots). Internally, Seisan is sometimes called ""the mother of all kata"" because of the complete teaching it contains.",Review whether this should be translated or intentionally kept as-is.
pt,kata/sesan.json,modernPractice.title,same-as-english,Use in Modern Practice,Review whether this should be translated or intentionally kept as-is.
pt,kata/sesan.json,modernPractice.content,same-as-english,"Seisan is widely taught in Goju-ryu. It appears in kata competitions (Goju and open shori events) and is popular for stage demonstrations. In contemporary Goju, Seisan is seen as an ultimate test of technique and mental strength. It serves to train all aspects (strength, breathing, technique) and remains part of the highest curriculum in JKF Goju Kai and IOGKF.",Review whether this should be translated or intentionally kept as-is.
pt,kata/sesan.json,nameAndMeaning.title,same-as-english,Name and Meaning,Review whether this should be translated or intentionally kept as-is.
pt,kata/sesan.json,nameAndMeaning.content,same-as-english,"Seisan (十三) simply means ""thirteen"". The Japanese kanji are 十 (10) and 三 (3). This is usually interpreted as ""13 (killed?) techniques"" or ""13 combat movements"". An alternative explanation is ""10 and 3"" where most techniques in the kata are repeated three times. Since the kanji (seishan) already existed before karate in Japan, it is uncertain whether the Okinawan original had a different meaning. The fact is that 13 is considered a lucky number in China, which some find relevant symbolism.",Review whether this should be translated or intentionally kept as-is.
pt,kata/sesan.json,history,same-as-english,"Seisan is perhaps the oldest kata in Okinawa-te, and is found in both Shuri, Naha, and Tomari traditions. There are versions attributed to master Sokon Matsumura (Shuri) and to Higaonna (Naha), and even kanbun Uechi (Tomari). It probably dates from the late 18th or early 19th century, long before Miyagi, and originally comes from southeastern China (Tora-kenpo has a longer Seisan under the same name). After their China periods, Matsumura and Higaonna continued to teach it in Okinawa. In the Naha line, Seisho Aragaki taught Seisan to Higaonna before his journey, which indicates that the kata was deeply rooted in Okinawa. In Goju-Ryu, reference is often made to the Naha heritage that Higaonna learned this from Aragaki (who in turn learned from Matsumura). In short, Seisan is an ancient kata that has crossed both Okinawa and China.",Review whether this should be translated or intentionally kept as-is.
pt,kata/sesan.json,culturalSignificance,same-as-english,"Seisan is widely taught in Goju-ryu. It appears in kata competitions (Goju and open shori events) and is popular for stage demonstrations. In contemporary Goju, Seisan is seen as an ultimate test of technique and mental strength. It serves to train all aspects (strength, breathing, technique) and remains part of the highest curriculum in JKF Goju Kai and IOGKF.",Review whether this should be translated or intentionally kept as-is.
da,kata/shisochin.json,origin.content,same-as-english,"Shisochin likely originated in Okinawa before Higaonna's China trip. There is a historical record from 1867 of Seisho Aragaki demonstrating a kata called ""Chisaukin"", presumably the predecessor of Shisochin. Aragaki was Higaonna's teacher, so Shisochin has Okinawan roots. Possibly Higaonna or even Miyagi himself later brought in a refined form of Shisochin. Additionally, research (Akio Kinjo) points to strong similarities with Southern Chinese mantis/cricket style. The kata appears to be a synthesis of Aragaki's techniques (comparable to his kata Unsū) and Asian mantis postures.",Review whether this should be translated or intentionally kept as-is.
da,kata/shisochin.json,transmission.title,same-as-english,Transmission to Goju-Ryu,Review whether this should be translated or intentionally kept as-is.
da,kata/shisochin.json,transmission.content,same-as-english,"Chōjun Miyagi undoubtedly learned Shisochin (possibly through Aragaki or Higaonna) and passed it on within Goju-Ryu. Kenjiro Iguchi (Gojukai) says it was one of the classical kata that came to Naha-te through Higaonna, and Miyagi included it in the Goju curriculum. Shito-Ryu also has a similar form (learned by Mabuni from Aragaki's legacy). Tōon-Ryū does not use Shisochin, which supports the hypothesis that Miyagi arranged it from Okinawa.",Review whether this should be translated or intentionally kept as-is.
da,kata/shisochin.json,historicalDevelopment.title,same-as-english,Historical development and variations,Review whether this should be translated or intentionally kept as-is.
da,kata/shisochin.json,historicalDevelopment.content,same-as-english,"Shisochin is one of the most ""symmetrical"" Goju kata, with a high proportion of soft, open-hand techniques. The kata has undergone few fundamental changes since its beginning; variations are limited to style differences (e.g., in Shito-ryu or Kyokushin). The numbering (as 'The fourth kata') remains consistent. The hypothesis is that Miyagi established Shisochin based on Okinawan heritage (looking at Aragaki's Unsū and Rohai) and possibly streamlined it with influences from southern mantis. Historically, Shisochin thus differs from typical hard kata through its open-handed nukite movements.",Review whether this should be translated or intentionally kept as-is.
da,kata/shisochin.json,technicalFeatures.title,same-as-english,Technical and philosophical characteristics,Review whether this should be translated or intentionally kept as-is.
da,kata/shisochin.json,technicalFeatures.content,same-as-english,"Shisochin begins with three consecutive nukite (finger strikes) from sanchin-dachi. Then it is worked ""symmetrically"", without favoring any side, and contains many soft, circular movements. Important techniques: rising elbow strikes, tie Uke (pulling blocks with the palm), haito-uke (stopping hand blocks), and turning movements in all directions. Philosophically, it is seen as a kata of balance (""fighting in all directions at once""), which could reflect the name. The breathing is generally more normal than in Sanchin, but the movements have a flowing character.",Review whether this should be translated or intentionally kept as-is.
da,kata/shisochin.json,controversy.title,same-as-english,Controversy/variations within Goju-Ryu,Review whether this should be translated or intentionally kept as-is.
da,kata/shisochin.json,controversy.content,same-as-english,"There is debate about the name and origin (mantis vs crane). Some translate it as ""battle in four directions"". Variants worldwide are minimal; the core movements remain the same across all Goju Ryu schools. Only in the Meibukan circuit is there talk of a third morote-tsuki at the end, but that applies more to Gekisai. Shisochin itself has few variants within Goju. However, Shisochin is performed as a free kata in some JKA competitions.",Review whether this should be translated or intentionally kept as-is.
da,kata/shisochin.json,relationships.title,same-as-english,Relationship to other kata/systems,Review whether this should be translated or intentionally kept as-is.
da,kata/shisochin.json,relationships.content,same-as-english,"Shisochin belongs to the ""southern kata"" within Goju (alongside Saifa, Seiyunchin, Sepai, Kururunfa). It shows similarities with Aragaki's kata Unsū (same opening nukite) and with Tomari-Rohai (identical beginning). It shares characteristics with Chinese Fist styles (Southern White Crane and Mantis) through the combination of short attacks and circular movements. There is a certain link with Shito-Ryu's Rohai/Sochin and Isshin-Ryu's Rohai, indicating that Shisochin possibly reflects a common ""Okinawan origin kata"".",Review whether this should be translated or intentionally kept as-is.
da,kata/shisochin.json,modernPractice.title,same-as-english,Use in modern practice,Review whether this should be translated or intentionally kept as-is.
da,kata/shisochin.json,modernPractice.content,same-as-english,"Shisochin is an advanced kata taught in advanced Goju lessons. It is practiced at demonstrations and internationally in kata competitions (same embusen as in traditional Goju). It plays a role in self-defense training (including elbow and gripping techniques). Since the kata appears less frequently in karate events, it remains primarily a traditional training form.",Review whether this should be translated or intentionally kept as-is.
da,kata/shisochin.json,nameAndMeaning.title,same-as-english,Name and meaning,Review whether this should be translated or intentionally kept as-is.
da,kata/shisochin.json,nameAndMeaning.content,same-as-english,"The meaning of Shisochin (死相鎮 or 蟋蟀戦 according to theories) is disputed. A common translation is ""crane fighting posture"" or ""crane fighting posture"" (for example from the Chinese xishi grip). However, researchers suggest that the original characters were probably 蟋蟀戦 (chi-sau-kin, ""cricket/mantis fight""). In Min Nan (Hokkien) this sounds like shisauchin, which in both dialects means ""mantis fight"". The name may thus refer to fighting principles from the Southern Chinese mantis style. Some explanations mention ""battle on four fronts"", but little evidence supports this. In summary, the symbolic character lies in the ""four-direction battle"" or the mantis-cricket theme.",Review whether this should be translated or intentionally kept as-is.
da,kata/shisochin.json,history,same-as-english,"Shisochin likely originated in Okinawa before Higaonna's China trip. There is a historical record from 1867 of Seisho Aragaki demonstrating a kata called ""Chisaukin"", presumably the predecessor of Shisochin. Aragaki was Higaonna's teacher, so Shisochin has Okinawan roots. Possibly Higaonna or even Miyagi himself later brought in a refined form of Shisochin. Additionally, research (Akio Kinjo) points to strong similarities with Southern Chinese mantis/cricket style. The kata appears to be a synthesis of Aragaki's techniques (comparable to his kata Unsū) and Asian mantis postures.",Review whether this should be translated or intentionally kept as-is.
da,kata/shisochin.json,culturalSignificance,same-as-english,"Shisochin is an advanced kata taught in advanced Goju lessons. It is practiced at demonstrations and internationally in kata competitions (same embusen as in traditional Goju). It plays a role in self-defense training (including elbow and gripping techniques). Since the kata appears less frequently in karate events, it remains primarily a traditional training form.",Review whether this should be translated or intentionally kept as-is.
pt,kata/shisochin.json,origin.content,same-as-english,"Shisochin likely originated in Okinawa before Higaonna's China trip. There is a historical record from 1867 of Seisho Aragaki demonstrating a kata called ""Chisaukin"", presumably the predecessor of Shisochin. Aragaki was Higaonna's teacher, so Shisochin has Okinawan roots. Possibly Higaonna or even Miyagi himself later brought in a refined form of Shisochin. Additionally, research (Akio Kinjo) points to strong similarities with Southern Chinese mantis/cricket style. The kata appears to be a synthesis of Aragaki's techniques (comparable to his kata Unsū) and Asian mantis postures.",Review whether this should be translated or intentionally kept as-is.
pt,kata/shisochin.json,transmission.title,same-as-english,Transmission to Goju-Ryu,Review whether this should be translated or intentionally kept as-is.
pt,kata/shisochin.json,transmission.content,same-as-english,"Chōjun Miyagi undoubtedly learned Shisochin (possibly through Aragaki or Higaonna) and passed it on within Goju-Ryu. Kenjiro Iguchi (Gojukai) says it was one of the classical kata that came to Naha-te through Higaonna, and Miyagi included it in the Goju curriculum. Shito-Ryu also has a similar form (learned by Mabuni from Aragaki's legacy). Tōon-Ryū does not use Shisochin, which supports the hypothesis that Miyagi arranged it from Okinawa.",Review whether this should be translated or intentionally kept as-is.
pt,kata/shisochin.json,historicalDevelopment.title,same-as-english,Historical development and variations,Review whether this should be translated or intentionally kept as-is.
pt,kata/shisochin.json,historicalDevelopment.content,same-as-english,"Shisochin is one of the most ""symmetrical"" Goju kata, with a high proportion of soft, open-hand techniques. The kata has undergone few fundamental changes since its beginning; variations are limited to style differences (e.g., in Shito-ryu or Kyokushin). The numbering (as 'The fourth kata') remains consistent. The hypothesis is that Miyagi established Shisochin based on Okinawan heritage (looking at Aragaki's Unsū and Rohai) and possibly streamlined it with influences from southern mantis. Historically, Shisochin thus differs from typical hard kata through its open-handed nukite movements.",Review whether this should be translated or intentionally kept as-is.
pt,kata/shisochin.json,technicalFeatures.title,same-as-english,Technical and philosophical characteristics,Review whether this should be translated or intentionally kept as-is.
pt,kata/shisochin.json,technicalFeatures.content,same-as-english,"Shisochin begins with three consecutive nukite (finger strikes) from sanchin-dachi. Then it is worked ""symmetrically"", without favoring any side, and contains many soft, circular movements. Important techniques: rising elbow strikes, tie Uke (pulling blocks with the palm), haito-uke (stopping hand blocks), and turning movements in all directions. Philosophically, it is seen as a kata of balance (""fighting in all directions at once""), which could reflect the name. The breathing is generally more normal than in Sanchin, but the movements have a flowing character.",Review whether this should be translated or intentionally kept as-is.
pt,kata/shisochin.json,controversy.title,same-as-english,Controversy/variations within Goju-Ryu,Review whether this should be translated or intentionally kept as-is.
pt,kata/shisochin.json,controversy.content,same-as-english,"There is debate about the name and origin (mantis vs crane). Some translate it as ""battle in four directions"". Variants worldwide are minimal; the core movements remain the same across all Goju Ryu schools. Only in the Meibukan circuit is there talk of a third morote-tsuki at the end, but that applies more to Gekisai. Shisochin itself has few variants within Goju. However, Shisochin is performed as a free kata in some JKA competitions.",Review whether this should be translated or intentionally kept as-is.
pt,kata/shisochin.json,relationships.title,same-as-english,Relationship to other kata/systems,Review whether this should be translated or intentionally kept as-is.
pt,kata/shisochin.json,relationships.content,same-as-english,"Shisochin belongs to the ""southern kata"" within Goju (alongside Saifa, Seiyunchin, Sepai, Kururunfa). It shows similarities with Aragaki's kata Unsū (same opening nukite) and with Tomari-Rohai (identical beginning). It shares characteristics with Chinese Fist styles (Southern White Crane and Mantis) through the combination of short attacks and circular movements. There is a certain link with Shito-Ryu's Rohai/Sochin and Isshin-Ryu's Rohai, indicating that Shisochin possibly reflects a common ""Okinawan origin kata"".",Review whether this should be translated or intentionally kept as-is.
pt,kata/shisochin.json,modernPractice.title,same-as-english,Use in modern practice,Review whether this should be translated or intentionally kept as-is.
pt,kata/shisochin.json,modernPractice.content,same-as-english,"Shisochin is an advanced kata taught in advanced Goju lessons. It is practiced at demonstrations and internationally in kata competitions (same embusen as in traditional Goju). It plays a role in self-defense training (including elbow and gripping techniques). Since the kata appears less frequently in karate events, it remains primarily a traditional training form.",Review whether this should be translated or intentionally kept as-is.
pt,kata/shisochin.json,nameAndMeaning.title,same-as-english,Name and meaning,Review whether this should be translated or intentionally kept as-is.
pt,kata/shisochin.json,nameAndMeaning.content,same-as-english,"The meaning of Shisochin (死相鎮 or 蟋蟀戦 according to theories) is disputed. A common translation is ""crane fighting posture"" or ""crane fighting posture"" (for example from the Chinese xishi grip). However, researchers suggest that the original characters were probably 蟋蟀戦 (chi-sau-kin, ""cricket/mantis fight""). In Min Nan (Hokkien) this sounds like shisauchin, which in both dialects means ""mantis fight"". The name may thus refer to fighting principles from the Southern Chinese mantis style. Some explanations mention ""battle on four fronts"", but little evidence supports this. In summary, the symbolic character lies in the ""four-direction battle"" or the mantis-cricket theme.",Review whether this should be translated or intentionally kept as-is.
pt,kata/shisochin.json,history,same-as-english,"Shisochin likely originated in Okinawa before Higaonna's China trip. There is a historical record from 1867 of Seisho Aragaki demonstrating a kata called ""Chisaukin"", presumably the predecessor of Shisochin. Aragaki was Higaonna's teacher, so Shisochin has Okinawan roots. Possibly Higaonna or even Miyagi himself later brought in a refined form of Shisochin. Additionally, research (Akio Kinjo) points to strong similarities with Southern Chinese mantis/cricket style. The kata appears to be a synthesis of Aragaki's techniques (comparable to his kata Unsū) and Asian mantis postures.",Review whether this should be translated or intentionally kept as-is.
pt,kata/shisochin.json,culturalSignificance,same-as-english,"Shisochin is an advanced kata taught in advanced Goju lessons. It is practiced at demonstrations and internationally in kata competitions (same embusen as in traditional Goju). It plays a role in self-defense training (including elbow and gripping techniques). Since the kata appears less frequently in karate events, it remains primarily a traditional training form.",Review whether this should be translated or intentionally kept as-is.
da,kata/tensho.json,description,same-as-english,"The soft counterpart to Sanchin, with flowing circular movements and open-hand techniques.",Review whether this should be translated or intentionally kept as-is.
da,kata/tensho.json,origin.content,same-as-english,"Tensho is a kata that Chōjun Miyagi himself developed after his return from China (ca. 1916–1921). He called it a ""soft Sanchin"". In 1921, Miyagi formulated the kata as the Yin counterpart to the hard, linear Sanchin. Tensho was intended to highlight the soft side (sōsō = yin) of the Naha-ki revelation. The kata would be partly derived from Southern Chinese Kung Fu forms such as Rokishu (""six hand functions"") or from White Crane/Monk Fist traditions, but the fact is that Miyagi presented the specific flowing hand movements as his own creation within Goju. He saw Tensho as an exercise in soft, circular energy exercises.",Review whether this should be translated or intentionally kept as-is.
da,kata/tensho.json,transmission.title,same-as-english,Transmission to Goju-Ryu,Review whether this should be translated or intentionally kept as-is.
da,kata/tensho.json,transmission.content,same-as-english,"Tensho was immediately spread among Miyagi's students after creation. It is taught in all Goju-ryu styles as the second kata (the second Sanchin) for black belt candidates. Other styles also adopted Tensho: Mas Oyama placed Tensho (he called it Tenchi Katas) in Kyokushin's curriculum as an example of a ""southern kata"". In short, the kata remained exclusively Goju in core (via Miyagi → Morio Higaonna etc.), but also found followers in the broader karate school via Gogen Yamaguchi and Oyama.",Review whether this should be translated or intentionally kept as-is.
da,kata/tensho.json,historicalDevelopment.content,same-as-english,"Tensho is historically closely related to Sanchin. It has no major external variations (it was already a new addition in 1921). However, some Goju schools introduce slightly different breathing frameworks (respiration schemes) and much attention is paid to finger arrangement (such as 'rotating' the palms). Over the years, however, Tensho has remained extremely consistent. In Kyokushin, the kata (with some tempo adjustments) stems directly from Oyama's Goju instruction. The ""hardness"" of the kata remains relatively mild; the emphasis is on fluidity under muscle tension.",Review whether this should be translated or intentionally kept as-is.
da,kata/tensho.json,technicalFeatures.title,same-as-english,Technical and Philosophical Characteristics,Review whether this should be translated or intentionally kept as-is.
da,kata/tensho.json,technicalFeatures.content,same-as-english,"Tensho is known for its flowing, circular movements and soft hand forms. Each movement is performed under tension while energy rotates in the palms. Characteristic are the tensho (rotating palm blocks), various open-hand 'weave' and 'roof' blocks (tate- and yoko-koken), and related to this the use of index finger and thumb tips for consolidation. Breathing is used deeply and controlled to power the flowing movements. Philosophically, Tensho emphasizes refinement and internal energy (qi); Miyagi described it as an exercise in perfection and concentration. Practically, Tensho teaches the body to move smoothly with tension in it, and to consciously ""walk with energy"" in one's own hands.",Review whether this should be translated or intentionally kept as-is.
da,kata/tensho.json,controversy.title,same-as-english,Controversy/Variations within Goju-Ryu,Review whether this should be translated or intentionally kept as-is.
da,kata/tensho.json,controversy.content,same-as-english,"In its own nature, Tensho is not a source of disagreement: it is clearly a Miyagi creation. Differences arise only through interpretation: some schools emphasize extra ibuki grips, others the change of hand openings. In Japan, where JKF Goju Kai / Jundokan work from Higaonna's Goju, the same precise version is usually maintained. Tensho is less controversial than, for example, Sanseiru. Any ""competition"" variant comes from Kyokushin, but that is secondary for Goju.",Review whether this should be translated or intentionally kept as-is.
da,kata/tensho.json,relationships.title,same-as-english,Relationship to Other Kata/Systems,Review whether this should be translated or intentionally kept as-is.
da,kata/tensho.json,relationships.content,same-as-english,"Tensho is explicitly the Yin variant of Sanchin. Where Sanchin is the hard linear approach, Tensho is the soft, circular approach within the same principle (hard-soft taijutsu). There are also parallels with Chinese Rokushu and Monk forms: based on Yuán-ling (monk palm) and Baihequan (white crane), which called for added theories about ""monk palms"" in Tensho. Furthermore, Tensho was seen in Kyokushin as a typical southern kata (via Oyama), which embedded it in the entire karate community. Tensho and Sanchin thus form a pair that only occurs in systems that go through Goju.",Review whether this should be translated or intentionally kept as-is.
da,kata/tensho.json,modernPractice.title,same-as-english,Use in Modern Practice,Review whether this should be translated or intentionally kept as-is.
da,kata/tensho.json,modernPractice.content,same-as-english,"Tensho is one of the standard kata in Goju-ryu, often as the second kata after Gekisai's for advanced students. It is used extensively for breathing and concentration training. Tensho can also appear in competitions (kata competitions or kata-shiai) due to its graceful execution. In the dojo, Tensho is emphasized for its health benefits and energy training (like the saying ""A Tensho per day…""). It is beloved for its beautiful form and to teach young instructors how a kata can also be powerful without hard contact grips. In short, Tensho remains a cornerstone in lesson plans, as a counterweight to Sanchin and as a learning tool for technical finesse.",Review whether this should be translated or intentionally kept as-is.
da,kata/tensho.json,nameAndMeaning.title,same-as-english,Name and Meaning,Review whether this should be translated or intentionally kept as-is.
da,kata/tensho.json,nameAndMeaning.content,same-as-english,"Tensho (転掌) means ""rotating or revolving palms"". The characters 転 (ten) and 掌 (shō) stand for ""rotate/transition"" and ""palm"". Literally you would translate it as ""rotated palm""; a representation of the flow of open-hand movements in the kata. The name describes the swinging hand techniques that characterize the kata.",Review whether this should be translated or intentionally kept as-is.
da,kata/tensho.json,history,same-as-english,"Tensho is a kata that Chōjun Miyagi himself developed after his return from China (ca. 1916–1921). He called it a ""soft Sanchin"". In 1921, Miyagi formulated the kata as the Yin counterpart to the hard, linear Sanchin. Tensho was intended to highlight the soft side (sōsō = yin) of the Naha-ki revelation. The kata would be partly derived from Southern Chinese Kung Fu forms such as Rokishu (""six hand functions"") or from White Crane/Monk Fist traditions, but the fact is that Miyagi presented the specific flowing hand movements as his own creation within Goju. He saw Tensho as an exercise in soft, circular energy exercises.",Review whether this should be translated or intentionally kept as-is.
da,kata/tensho.json,culturalSignificance,same-as-english,"Tensho is one of the standard kata in Goju-ryu, often as the second kata after Gekisai's for advanced students. It is used extensively for breathing and concentration training. Tensho can also appear in competitions (kata competitions or kata-shiai) due to its graceful execution. In the dojo, Tensho is emphasized for its health benefits and energy training (like the saying ""A Tensho per day…""). It is beloved for its beautiful form and to teach young instructors how a kata can also be powerful without hard contact grips. In short, Tensho remains a cornerstone in lesson plans, as a counterweight to Sanchin and as a learning tool for technical finesse.",Review whether this should be translated or intentionally kept as-is.
es,kata/tensho.json,nameAndMeaning.content,same-as-english,"Tensho (転掌) means ""rotating or revolving palms"". The characters 転 (ten) and 掌 (shō) stand for ""rotate/transition"" and ""palm"". Literally you would translate it as ""rotated palm""; a representation of the flow of open-hand movements in the kata. The name describes the swinging hand techniques that characterize the kata.",Review whether this should be translated or intentionally kept as-is.
it,kata/tensho.json,transmission.title,same-as-english,Transmission to Goju-Ryu,Review whether this should be translated or intentionally kept as-is.
it,kata/tensho.json,controversy.title,same-as-english,Controversy/Variations within Goju-Ryu,Review whether this should be translated or intentionally kept as-is.
it,kata/tensho.json,modernPractice.title,same-as-english,Use in Modern Practice,Review whether this should be translated or intentionally kept as-is.
it,kata/tensho.json,nameAndMeaning.title,same-as-english,Name and Meaning,Review whether this should be translated or intentionally kept as-is.
it,kata/tensho.json,nameAndMeaning.content,same-as-english,"Tensho (転掌) means ""rotating or revolving palms"". The characters 転 (ten) and 掌 (shō) stand for ""rotate/transition"" and ""palm"". Literally you would translate it as ""rotated palm""; a representation of the flow of open-hand movements in the kata. The name describes the swinging hand techniques that characterize the kata.",Review whether this should be translated or intentionally kept as-is.
da,kumite.json,introduction.progression.basic.desc,same-as-english,Ippon Kumite for fundamental skills,Review whether this should be translated or intentionally kept as-is.
da,kumite.json,introduction.progression.expansion.desc,same-as-english,Sanbon and Gohon for complexity,Review whether this should be translated or intentionally kept as-is.
da,kumite.json,introduction.progression.freedom.desc,same-as-english,Jiyu Kumite for spontaneity,Review whether this should be translated or intentionally kept as-is.
da,kumite.json,introduction.progression.competition.desc,same-as-english,Shiai Kumite for competition experience,Review whether this should be translated or intentionally kept as-is.
da,kumite.json,introduction.safety.principles.control,same-as-english,All techniques must be controlled.,Review whether this should be translated or intentionally kept as-is.
da,kumite.json,introduction.safety.principles.equipment,same-as-english,Use appropriate safety gear.,Review whether this should be translated or intentionally kept as-is.
da,kumite.json,introduction.safety.principles.supervision,same-as-english,Always practice under qualified instruction.,Review whether this should be translated or intentionally kept as-is.
da,kumite.json,introduction.safety.principles.respect,same-as-english,Show respect for your training partner.,Review whether this should be translated or intentionally kept as-is.
da,kumite.json,introduction.safety.principles.progressive,same-as-english,Begin with basic forms before advancing to more complex sparring.,Review whether this should be translated or intentionally kept as-is.
da,kumite.json,introduction.safety.equipment-details.required.hand-protectors,same-as-english,Hand protectors for the safety of hands and wrists.,Review whether this should be translated or intentionally kept as-is.
da,kumite.json,introduction.safety.equipment-details.required.foot-protectors,same-as-english,Foot protectors for the safety of feet and ankles.,Review whether this should be translated or intentionally kept as-is.
da,kumite.json,introduction.safety.equipment-details.required.mouth-guard,same-as-english,A mouth guard for the protection of teeth and mouth.,Review whether this should be translated or intentionally kept as-is.
da,kumite.json,introduction.safety.equipment-details.required.groin-protector,same-as-english,Groin protector for male practitioners.,Review whether this should be translated or intentionally kept as-is.
da,kumite.json,introduction.safety.equipment-details.optional.head-protection,same-as-english,Head protection for additional safety.,Review whether this should be translated or intentionally kept as-is.
da,kumite.json,introduction.safety.equipment-details.optional.chest-protector,same-as-english,Chest protector for female practitioners.,Review whether this should be translated or intentionally kept as-is.
da,kumite.json,introduction.safety.equipment-details.optional.shin-guards,same-as-english,Shin guards for extra leg protection.,Review whether this should be translated or intentionally kept as-is.
da,kumite.json,introduction.safety.areas.scoring.head-face-neck,same-as-english,"Head, face, neck",Review whether this should be translated or intentionally kept as-is.
da,kumite.json,introduction.safety.areas.scoring.chest-abdomen-back,same-as-english,"Chest, abdomen, back, side",Review whether this should be translated or intentionally kept as-is.
da,kumite.json,introduction.safety.areas.scoring.arms-legs,same-as-english,Arms and legs (limited),Review whether this should be translated or intentionally kept as-is.
da,kumite.json,introduction.safety.penalty-types.chukoku,same-as-english,Chukoku - First warning,Review whether this should be translated or intentionally kept as-is.
da,kumite.json,introduction.safety.penalty-types.keikoku,same-as-english,Keikoku - Second warning,Review whether this should be translated or intentionally kept as-is.
da,kumite.json,introduction.safety.penalty-types.hansoku,same-as-english,Hansoku - Disqualification,Review whether this should be translated or intentionally kept as-is.
da,kumite.json,introduction.safety.training.before-item1,same-as-english,Always perform a proper warm-up.,Review whether this should be translated or intentionally kept as-is.
da,kumite.json,introduction.safety.training.before-item2,same-as-english,Do flexibility exercises.,Review whether this should be translated or intentionally kept as-is.
da,kumite.json,introduction.safety.training.before-item3,same-as-english,Check all equipment for safety.,Review whether this should be translated or intentionally kept as-is.
da,kumite.json,introduction.safety.training.before-item4,same-as-english,Discuss level and expectations with your partner.,Review whether this should be translated or intentionally kept as-is.
da,kumite.json,introduction.safety.training.during-item1,same-as-english,Maintain control over all techniques at all times.,Review whether this should be translated or intentionally kept as-is.
da,kumite.json,introduction.safety.training.during-item2,same-as-english,Communicate clearly with your partner.,Review whether this should be translated or intentionally kept as-is.
da,kumite.json,introduction.safety.training.during-item3,same-as-english,Show respect for your partner's skill level.,Review whether this should be translated or intentionally kept as-is.
da,kumite.json,introduction.safety.training.during-item4,same-as-english,Stop immediately in case of pain or problems.,Review whether this should be translated or intentionally kept as-is.
da,kumite.json,introduction.safety.training.after-item1,same-as-english,Perform a cool-down routine.,Review whether this should be translated or intentionally kept as-is.
da,kumite.json,introduction.safety.training.after-item2,same-as-english,Drink sufficient water.,Review whether this should be translated or intentionally kept as-is.
da,kumite.json,introduction.safety.training.after-item3,same-as-english,Evaluate the training with the instructor.,Review whether this should be translated or intentionally kept as-is.
da,kumite.json,introduction.safety.training.after-item4,same-as-english,Take adequate rest after training.,Review whether this should be translated or intentionally kept as-is.
da,kumite.json,techniques.title,same-as-english,Kumite Techniques in Sports Karate,Review whether this should be translated or intentionally kept as-is.
da,kumite.json,techniques.keri-waza,same-as-english,Keri Waza (蹴り技) - Kicking Techniques,Review whether this should be translated or intentionally kept as-is.
da,kumite.json,techniques.kawashi-waza,same-as-english,Kawashi Waza (躱し技) - Evasion Techniques,Review whether this should be translated or intentionally kept as-is.
da,kumite.json,techniques.attack.title,same-as-english,Attack Techniques in Kumite,Review whether this should be translated or intentionally kept as-is.
da,kumite.json,techniques.attack.description,same-as-english,Effective attack techniques for sports karate,Review whether this should be translated or intentionally kept as-is.
da,kumite.json,techniques.attack.tsuki.description,same-as-english,Direct punching techniques for quick attacks,Review whether this should be translated or intentionally kept as-is.
da,kumite.json,techniques.attack.tsuki.techniques.kizami-zuki.description,same-as-english,Quick lead hand punch to the face,Review whether this should be translated or intentionally kept as-is.
da,kumite.json,techniques.attack.tsuki.techniques.kizami-zuki.application,same-as-english,Effective for scoring points on the head,Review whether this should be translated or intentionally kept as-is.
da,kumite.json,techniques.attack.tsuki.techniques.kizami-zuki.execution,same-as-english,Quick execution with good timing and distance,Review whether this should be translated or intentionally kept as-is.
da,kumite.json,techniques.attack.tsuki.techniques.gyaku-zuki.description,same-as-english,Reverse hand punch to the body,Review whether this should be translated or intentionally kept as-is.
da,kumite.json,techniques.attack.tsuki.techniques.gyaku-zuki.application,same-as-english,Powerful attack to the body,Review whether this should be translated or intentionally kept as-is.
da,kumite.json,techniques.attack.tsuki.techniques.gyaku-zuki.execution,same-as-english,Use of hip rotation for maximum power,Review whether this should be translated or intentionally kept as-is.
da,kumite.json,techniques.attack.tsuki.techniques.oi-zuki.description,same-as-english,Punch with forward movement,Review whether this should be translated or intentionally kept as-is.
da,kumite.json,techniques.attack.tsuki.techniques.oi-zuki.application,same-as-english,Attack with body displacement,Review whether this should be translated or intentionally kept as-is.
da,kumite.json,techniques.attack.tsuki.techniques.oi-zuki.execution,same-as-english,Coordination of foot movement and punch,Review whether this should be translated or intentionally kept as-is.
da,kumite.json,techniques.attack.tsuki.techniques.choku-zuki.description,same-as-english,Direct punch without preparation,Review whether this should be translated or intentionally kept as-is.
da,kumite.json,techniques.attack.tsuki.techniques.choku-zuki.application,same-as-english,Quick counter-attack from defensive position,Review whether this should be translated or intentionally kept as-is.
da,kumite.json,techniques.attack.tsuki.techniques.choku-zuki.execution,same-as-english,Efficient movement without unnecessary preparation,Review whether this should be translated or intentionally kept as-is.
da,kumite.json,techniques.attack.uchi.description,same-as-english,Striking techniques for various targets,Review whether this should be translated or intentionally kept as-is.
da,kumite.json,techniques.attack.uchi.techniques.uraken-uchi.description,same-as-english,Backfist strike to the face,Review whether this should be translated or intentionally kept as-is.
da,kumite.json,techniques.attack.uchi.techniques.uraken-uchi.application,same-as-english,Quick striking technique for the head,Review whether this should be translated or intentionally kept as-is.
da,kumite.json,techniques.attack.uchi.techniques.uraken-uchi.execution,same-as-english,Use of wrist rotation for effectiveness,Review whether this should be translated or intentionally kept as-is.
da,kumite.json,techniques.attack.uchi.techniques.haito-uchi.description,same-as-english,Ridge hand strike to the neck,Review whether this should be translated or intentionally kept as-is.
da,kumite.json,techniques.attack.uchi.techniques.haito-uchi.application,same-as-english,Precision strike to vital points,Review whether this should be translated or intentionally kept as-is.
da,kumite.json,techniques.attack.uchi.techniques.haito-uchi.execution,same-as-english,Controlled execution for safety,Review whether this should be translated or intentionally kept as-is.
da,kumite.json,techniques.attack.uchi.techniques.shuto-uchi.description,same-as-english,Knife hand strike to the neck,Review whether this should be translated or intentionally kept as-is.
da,kumite.json,techniques.attack.uchi.techniques.shuto-uchi.application,same-as-english,Effective strike to head and neck area,Review whether this should be translated or intentionally kept as-is.
da,kumite.json,techniques.attack.uchi.techniques.shuto-uchi.execution,same-as-english,Use of hand edge for precision,Review whether this should be translated or intentionally kept as-is.
da,kumite.json,techniques.attack.keri.title,same-as-english,Keri Waza (蹴り技) - Kicking Techniques,Review whether this should be translated or intentionally kept as-is.
da,kumite.json,techniques.attack.keri.description,same-as-english,Powerful kicking techniques for various targets,Review whether this should be translated or intentionally kept as-is.
da,kumite.json,techniques.attack.keri.techniques.mae-geri.description,same-as-english,Front kick to the body,Review whether this should be translated or intentionally kept as-is.
da,kumite.json,techniques.attack.keri.techniques.mae-geri.application,same-as-english,Direct attack to the body,Review whether this should be translated or intentionally kept as-is.
da,kumite.json,techniques.attack.keri.techniques.mae-geri.execution,same-as-english,Use of balance and knee lift,Review whether this should be translated or intentionally kept as-is.
da,kumite.json,techniques.attack.keri.techniques.yoko-geri.description,same-as-english,Side kick to the body,Review whether this should be translated or intentionally kept as-is.
da,kumite.json,techniques.attack.keri.techniques.yoko-geri.application,same-as-english,Effective kick to the side of the body,Review whether this should be translated or intentionally kept as-is.
da,kumite.json,techniques.attack.keri.techniques.yoko-geri.execution,same-as-english,Rotation of the body for power,Review whether this should be translated or intentionally kept as-is.
da,kumite.json,techniques.attack.keri.techniques.mawashi-geri.description,same-as-english,Round kick to the head,Review whether this should be translated or intentionally kept as-is.
da,kumite.json,techniques.attack.keri.techniques.mawashi-geri.application,same-as-english,Powerful kick to the head for points,Review whether this should be translated or intentionally kept as-is.
da,kumite.json,techniques.attack.keri.techniques.mawashi-geri.execution,same-as-english,Use of hip rotation and leg flexibility,Review whether this should be translated or intentionally kept as-is.
da,kumite.json,techniques.attack.keri.techniques.ura-mawashi-geri.description,same-as-english,Inside round kick,Review whether this should be translated or intentionally kept as-is.
da,kumite.json,techniques.attack.keri.techniques.ura-mawashi-geri.application,same-as-english,Quick kick to the body,Review whether this should be translated or intentionally kept as-is.
da,kumite.json,techniques.attack.keri.techniques.ura-mawashi-geri.execution,same-as-english,Efficient movement with good timing,Review whether this should be translated or intentionally kept as-is.
da,kumite.json,techniques.attack.keri.techniques.ushiro-geri.application,same-as-english,Defensive kick against rear attacks,Review whether this should be translated or intentionally kept as-is.
da,kumite.json,techniques.attack.keri.techniques.ushiro-geri.execution,same-as-english,Controlled execution with good balance,Review whether this should be translated or intentionally kept as-is.
da,kumite.json,techniques.defense.title,same-as-english,Defense Techniques in Kumite,Review whether this should be translated or intentionally kept as-is.
da,kumite.json,techniques.defense.description,same-as-english,Effective defense techniques for sports karate,Review whether this should be translated or intentionally kept as-is.
da,kumite.json,techniques.defense.uke.description,same-as-english,Traditional blocking techniques,Review whether this should be translated or intentionally kept as-is.
da,kumite.json,techniques.defense.uke.techniques.age-uke.description,same-as-english,Rising block for head defense,Review whether this should be translated or intentionally kept as-is.
da,kumite.json,techniques.defense.uke.techniques.age-uke.application,same-as-english,Defense against head and face attacks,Review whether this should be translated or intentionally kept as-is.
da,kumite.json,techniques.defense.uke.techniques.age-uke.execution,same-as-english,Use of forearm for effective block,Review whether this should be translated or intentionally kept as-is.
da,kumite.json,techniques.defense.uke.techniques.soto-uke.description,same-as-english,Outside block,Review whether this should be translated or intentionally kept as-is.
da,kumite.json,techniques.defense.uke.techniques.soto-uke.application,same-as-english,Defense against punching attacks,Review whether this should be translated or intentionally kept as-is.
da,kumite.json,techniques.defense.uke.techniques.soto-uke.execution,same-as-english,Movement from inside to outside,Review whether this should be translated or intentionally kept as-is.
da,kumite.json,techniques.defense.uke.techniques.uchi-uke.description,same-as-english,Inside block,Review whether this should be translated or intentionally kept as-is.
da,kumite.json,techniques.defense.uke.techniques.uchi-uke.application,same-as-english,Defense against punching attacks,Review whether this should be translated or intentionally kept as-is.
da,kumite.json,techniques.defense.uke.techniques.uchi-uke.execution,same-as-english,Movement from outside to inside,Review whether this should be translated or intentionally kept as-is.
da,kumite.json,techniques.defense.uke.techniques.gedan-barai.description,same-as-english,Low block for leg defense,Review whether this should be translated or intentionally kept as-is.
da,kumite.json,techniques.defense.uke.techniques.gedan-barai.application,same-as-english,Defense against low kicks,Review whether this should be translated or intentionally kept as-is.
da,kumite.json,techniques.defense.uke.techniques.gedan-barai.execution,same-as-english,Downward movement with forearm,Review whether this should be translated or intentionally kept as-is.
da,kumite.json,techniques.defense.kawashi.title,same-as-english,Kawashi Waza (躱し技) - Evasion Techniques,Review whether this should be translated or intentionally kept as-is.
da,kumite.json,techniques.defense.kawashi.description,same-as-english,Modern evasion techniques,Review whether this should be translated or intentionally kept as-is.
da,kumite.json,techniques.defense.kawashi.techniques.te-nagashi-uke.description,same-as-english,Hand flowing block,Review whether this should be translated or intentionally kept as-is.
da,kumite.json,techniques.defense.kawashi.techniques.te-nagashi-uke.application,same-as-english,Defense with flowing movement,Review whether this should be translated or intentionally kept as-is.
da,kumite.json,techniques.defense.kawashi.techniques.te-nagashi-uke.execution,same-as-english,Fluid movement without hard block,Review whether this should be translated or intentionally kept as-is.
da,kumite.json,techniques.defense.kawashi.techniques.te-osae-uke.description,same-as-english,Hand pressing block,Review whether this should be translated or intentionally kept as-is.
da,kumite.json,techniques.defense.kawashi.techniques.te-osae-uke.application,same-as-english,Defense through pressing down,Review whether this should be translated or intentionally kept as-is.
da,kumite.json,techniques.defense.kawashi.techniques.te-osae-uke.execution,same-as-english,Controlled movement downward,Review whether this should be translated or intentionally kept as-is.
da,kumite.json,techniques.throwing.title,same-as-english,Throwing Techniques in Kumite,Review whether this should be translated or intentionally kept as-is.
da,kumite.json,techniques.throwing.description,same-as-english,Effective throwing techniques for sports karate,Review whether this should be translated or intentionally kept as-is.
da,kumite.json,techniques.throwing.nage.description,same-as-english,Traditional throwing techniques,Review whether this should be translated or intentionally kept as-is.
da,kumite.json,techniques.throwing.nage.techniques.de-ashi-barai.description,same-as-english,Foot sweeping technique,Review whether this should be translated or intentionally kept as-is.
da,kumite.json,techniques.throwing.nage.techniques.de-ashi-barai.application,same-as-english,Throw by sweeping the foot,Review whether this should be translated or intentionally kept as-is.
da,kumite.json,techniques.throwing.nage.techniques.de-ashi-barai.execution,same-as-english,Timing and balance are crucial,Review whether this should be translated or intentionally kept as-is.
da,kumite.json,techniques.throwing.nage.techniques.kuzushi.description,same-as-english,Balance disruption,Review whether this should be translated or intentionally kept as-is.
da,kumite.json,techniques.throwing.nage.techniques.kuzushi.application,same-as-english,Preparation for throw,Review whether this should be translated or intentionally kept as-is.
da,kumite.json,techniques.throwing.nage.techniques.kuzushi.execution,same-as-english,Disruption of opponent's balance,Review whether this should be translated or intentionally kept as-is.
da,kumite.json,techniques.throwing.nage.techniques.o-soto-gari.description,same-as-english,Large outer reap,Review whether this should be translated or intentionally kept as-is.
da,kumite.json,techniques.throwing.nage.techniques.o-soto-gari.application,same-as-english,Throw by removing the leg,Review whether this should be translated or intentionally kept as-is.
da,kumite.json,techniques.throwing.nage.techniques.o-soto-gari.execution,same-as-english,Use of body weight and leg movement,Review whether this should be translated or intentionally kept as-is.
da,kumite.json,techniques.throwing.nage.techniques.o-uchi-gari.description,same-as-english,Large inner reap,Review whether this should be translated or intentionally kept as-is.
da,kumite.json,techniques.throwing.nage.techniques.o-uchi-gari.application,same-as-english,Throw by inner leg movement,Review whether this should be translated or intentionally kept as-is.
da,kumite.json,techniques.throwing.nage.techniques.o-uchi-gari.execution,same-as-english,Effective throw for various situations,Review whether this should be translated or intentionally kept as-is.
da,kumite.json,principles.title,same-as-english,Kumite Principles and Training Philosophy,Review whether this should be translated or intentionally kept as-is.
da,kumite.json,principles.description,same-as-english,Fundamental principles for effective kumite,Review whether this should be translated or intentionally kept as-is.
da,kumite.json,principles.competition-vs-traditional,same-as-english,Competition vs. Traditional Karate,Review whether this should be translated or intentionally kept as-is.
da,kumite.json,principles.safety-and-control,same-as-english,Safety and Control,Review whether this should be translated or intentionally kept as-is.
da,kumite.json,principles.mental.zanshin.name,same-as-english,Zanshin (残心) - Remaining Mind,Review whether this should be translated or intentionally kept as-is.
da,kumite.json,principles.mental.zanshin.description,same-as-english,Awareness and alertness after a technique,Review whether this should be translated or intentionally kept as-is.
da,kumite.json,principles.mental.zanshin.application,same-as-english,Stay alert after each attack or defense,Review whether this should be translated or intentionally kept as-is.
da,kumite.json,principles.mental.zanshin.importance,same-as-english,Prevents counter-attacks and maintains control,Review whether this should be translated or intentionally kept as-is.
da,kumite.json,principles.mental.mushin.name,same-as-english,Mushin (無心) - Mind Without Thought,Review whether this should be translated or intentionally kept as-is.
da,kumite.json,principles.mental.mushin.description,same-as-english,Mental state without conscious thoughts,Review whether this should be translated or intentionally kept as-is.
da,kumite.json,principles.mental.mushin.application,same-as-english,Spontaneous reactions without hesitation,Review whether this should be translated or intentionally kept as-is.
da,kumite.json,principles.mental.mushin.importance,same-as-english,Improves reaction time and decision making,Review whether this should be translated or intentionally kept as-is.
da,kumite.json,principles.mental.fudoshin.name,same-as-english,Fudoshin (不動心) - Immovable Mind,Review whether this should be translated or intentionally kept as-is.
da,kumite.json,principles.mental.fudoshin.description,same-as-english,Unshakeable mental state,Review whether this should be translated or intentionally kept as-is.
da,kumite.json,principles.mental.fudoshin.application,same-as-english,Remain calm under pressure,Review whether this should be translated or intentionally kept as-is.
da,kumite.json,principles.mental.fudoshin.importance,same-as-english,Promotes effective decision making,Review whether this should be translated or intentionally kept as-is.
da,kumite.json,principles.mental.senshin.name,same-as-english,Senshin (先心) - Purified Mind,Review whether this should be translated or intentionally kept as-is.
da,kumite.json,principles.mental.senshin.description,same-as-english,Cleansed and refined mind,Review whether this should be translated or intentionally kept as-is.
da,kumite.json,principles.mental.senshin.application,same-as-english,Highest level of mental development,Review whether this should be translated or intentionally kept as-is.
da,kumite.json,principles.mental.senshin.importance,same-as-english,Ultimate state of karate practice,Review whether this should be translated or intentionally kept as-is.
da,kumite.json,principles.tactical.ma-ai.name,same-as-english,Ma-ai (間合い) - Fighting Distance,Review whether this should be translated or intentionally kept as-is.
da,kumite.json,principles.tactical.ma-ai.description,same-as-english,Optimal distance for effective techniques,Review whether this should be translated or intentionally kept as-is.
da,kumite.json,principles.tactical.ma-ai.application,same-as-english,Maintain proper distance for attacks and defense,Review whether this should be translated or intentionally kept as-is.
da,kumite.json,principles.tactical.ma-ai.importance,same-as-english,Crucial for timing and effectiveness,Review whether this should be translated or intentionally kept as-is.
da,kumite.json,principles.tactical.sen.name,same-as-english,Sen (先) - Initiative,Review whether this should be translated or intentionally kept as-is.
da,kumite.json,principles.tactical.sen.description,same-as-english,Taking the initiative in a fight,Review whether this should be translated or intentionally kept as-is.
da,kumite.json,principles.tactical.sen.application,same-as-english,Proactive approach to kumite,Review whether this should be translated or intentionally kept as-is.
da,kumite.json,principles.tactical.sen.importance,same-as-english,Gives psychological advantage,Review whether this should be translated or intentionally kept as-is.
da,kumite.json,principles.tactical.go-no-sen.name,same-as-english,Go No Sen (後の先) - Response to Attack,Review whether this should be translated or intentionally kept as-is.
da,kumite.json,principles.tactical.go-no-sen.description,same-as-english,Counter-attack after defense,Review whether this should be translated or intentionally kept as-is.
da,kumite.json,principles.tactical.go-no-sen.application,same-as-english,Defend and attack immediately,Review whether this should be translated or intentionally kept as-is.
da,kumite.json,principles.tactical.go-no-sen.importance,same-as-english,Effective counter-attack strategy,Review whether this should be translated or intentionally kept as-is.
da,kumite.json,principles.tactical.sen-no-sen.name,same-as-english,Sen No Sen (先の先) - Attacking the Attack,Review whether this should be translated or intentionally kept as-is.
da,kumite.json,principles.tactical.sen-no-sen.description,same-as-english,Attack simultaneously with opponent,Review whether this should be translated or intentionally kept as-is.
da,kumite.json,principles.tactical.sen-no-sen.application,same-as-english,Intercept the opponent's attack,Review whether this should be translated or intentionally kept as-is.
da,kumite.json,principles.tactical.sen-no-sen.importance,same-as-english,Advanced tactical approach,Review whether this should be translated or intentionally kept as-is.
da,kumite.json,principles.physical.balance.name,same-as-english,Balance and Stability,Review whether this should be translated or intentionally kept as-is.
da,kumite.json,principles.physical.balance.description,same-as-english,Maintaining body balance during movement,Review whether this should be translated or intentionally kept as-is.
da,kumite.json,principles.physical.balance.application,same-as-english,Stable posture for all techniques,Review whether this should be translated or intentionally kept as-is.
da,kumite.json,principles.physical.balance.importance,same-as-english,Foundation for effective technique execution,Review whether this should be translated or intentionally kept as-is.
da,kumite.json,principles.physical.timing.name,same-as-english,Timing and Rhythm,Review whether this should be translated or intentionally kept as-is.
da,kumite.json,principles.physical.timing.description,same-as-english,Proper timing for technique execution,Review whether this should be translated or intentionally kept as-is.
da,kumite.json,principles.physical.timing.application,same-as-english,Coordination of movement and timing,Review whether this should be translated or intentionally kept as-is.
da,kumite.json,principles.physical.timing.importance,same-as-english,Maximizes effectiveness of techniques,Review whether this should be translated or intentionally kept as-is.
da,kumite.json,principles.physical.power.name,same-as-english,Power and Speed,Review whether this should be translated or intentionally kept as-is.
da,kumite.json,principles.physical.power.description,same-as-english,Balance between power and speed,Review whether this should be translated or intentionally kept as-is.
da,kumite.json,principles.physical.power.application,same-as-english,Effective combination of both elements,Review whether this should be translated or intentionally kept as-is.
da,kumite.json,principles.physical.power.importance,same-as-english,Optimizes technique performance,Review whether this should be translated or intentionally kept as-is.
da,kumite.json,training.description,same-as-english,Systematic training approach for kumite development,Review whether this should be translated or intentionally kept as-is.
da,kumite.json,training.methods.kihon.description,same-as-english,Basic sparring for technique development,Review whether this should be translated or intentionally kept as-is.
da,kumite.json,training.methods.kihon.benefits,same-as-english,Builds foundation for advanced kumite,Review whether this should be translated or intentionally kept as-is.
da,kumite.json,training.methods.kihon.focus,same-as-english,Correct technique execution and timing,Review whether this should be translated or intentionally kept as-is.
da,kumite.json,training.methods.yakusoku.description,same-as-english,Pre-arranged sparring,Review whether this should be translated or intentionally kept as-is.
da,kumite.json,training.methods.yakusoku.benefits,same-as-english,Develops timing and distance control,Review whether this should be translated or intentionally kept as-is.
da,kumite.json,training.methods.yakusoku.focus,same-as-english,Controlled execution of techniques,Review whether this should be translated or intentionally kept as-is.
da,kumite.json,training.methods.jiyu.description,same-as-english,Free sparring for spontaneity,Review whether this should be translated or intentionally kept as-is.
da,kumite.json,training.methods.jiyu.benefits,same-as-english,Develops adaptability and tactical thinking,Review whether this should be translated or intentionally kept as-is.
da,kumite.json,training.methods.jiyu.focus,same-as-english,Realistic fighting situations,Review whether this should be translated or intentionally kept as-is.
da,kumite.json,training.methods.shiai.description,same-as-english,Competition sparring,Review whether this should be translated or intentionally kept as-is.
da,kumite.json,training.methods.shiai.benefits,same-as-english,Prepares for competition environment,Review whether this should be translated or intentionally kept as-is.
da,kumite.json,training.methods.shiai.focus,same-as-english,Point scoring and competition rules,Review whether this should be translated or intentionally kept as-is.
da,kumite.json,training.progression.beginner.description,same-as-english,Focus on basic techniques and safety,Review whether this should be translated or intentionally kept as-is.
da,kumite.json,training.progression.beginner.goals,same-as-english,Mastery of basic kumite principles,Review whether this should be translated or intentionally kept as-is.
da,kumite.json,training.progression.intermediate.description,same-as-english,Development of timing and tactics,Review whether this should be translated or intentionally kept as-is.
da,kumite.json,training.progression.intermediate.goals,same-as-english,Effective application of techniques,Review whether this should be translated or intentionally kept as-is.
da,kumite.json,training.progression.advanced.description,same-as-english,Refinement of skills and strategy,Review whether this should be translated or intentionally kept as-is.
da,kumite.json,training.progression.advanced.goals,same-as-english,Mastery of kumite principles,Review whether this should be translated or intentionally kept as-is.
da,kumite.json,training.safety.equipment,same-as-english,Use of appropriate protective equipment,Review whether this should be translated or intentionally kept as-is.
da,kumite.json,training.safety.supervision,same-as-english,Training under qualified supervision,Review whether this should be translated or intentionally kept as-is.
da,kumite.json,training.safety.progression,same-as-english,Gradual increase in intensity,Review whether this should be translated or intentionally kept as-is.
da,kumite.json,training.safety.communication,same-as-english,Clear communication with training partner,Review whether this should be translated or intentionally kept as-is.
da,kumite.json,competition.description,same-as-english,Competition karate and competitive aspects,Review whether this should be translated or intentionally kept as-is.
da,kumite.json,competition.preparation.physical,same-as-english,Physical preparation and conditioning,Review whether this should be translated or intentionally kept as-is.
da,kumite.json,competition.preparation.mental,same-as-english,Mental preparation and focus,Review whether this should be translated or intentionally kept as-is.
da,kumite.json,competition.preparation.technical,same-as-english,Technical preparation and refinement,Review whether this should be translated or intentionally kept as-is.
da,kumite.json,competition.preparation.tactical,same-as-english,Tactical preparation and strategy,Review whether this should be translated or intentionally kept as-is.
da,kumite.json,competition.scoring.ippon.name,same-as-english,Ippon (3 points),Review whether this should be translated or intentionally kept as-is.
da,kumite.json,competition.scoring.ippon.description,same-as-english,Highest score for effective techniques,Review whether this should be translated or intentionally kept as-is.
da,kumite.json,competition.scoring.ippon.criteria,same-as-english,Powerful and controlled techniques to allowed areas,Review whether this should be translated or intentionally kept as-is.
da,kumite.json,competition.scoring.waza-ari.name,same-as-english,Waza-ari (2 points),Review whether this should be translated or intentionally kept as-is.
da,kumite.json,competition.scoring.waza-ari.description,same-as-english,Medium score for effective techniques,Review whether this should be translated or intentionally kept as-is.
da,kumite.json,competition.scoring.waza-ari.criteria,same-as-english,Effective techniques with good control,Review whether this should be translated or intentionally kept as-is.
da,kumite.json,competition.scoring.yuko.name,same-as-english,Yuko (1 point),Review whether this should be translated or intentionally kept as-is.
da,kumite.json,competition.scoring.yuko.description,same-as-english,Basic score for effective techniques,Review whether this should be translated or intentionally kept as-is.
da,kumite.json,competition.scoring.yuko.criteria,same-as-english,Techniques that hit the opponent,Review whether this should be translated or intentionally kept as-is.
da,kumite.json,competition.penalties.chukoku,same-as-english,Chukoku - First warning,Review whether this should be translated or intentionally kept as-is.
da,kumite.json,competition.penalties.keikoku,same-as-english,Keikoku - Second warning,Review whether this should be translated or intentionally kept as-is.
da,kumite.json,competition.penalties.hansoku,same-as-english,Hansoku - Disqualification,Review whether this should be translated or intentionally kept as-is.
da,kumite.json,mental-states.zanshin,same-as-english,Zanshin (残心) - Remaining Mind,Review whether this should be translated or intentionally kept as-is.
da,kumite.json,mental-states.mushin,same-as-english,Mushin (無心) - Mind Without Thought,Review whether this should be translated or intentionally kept as-is.
da,kumite.json,mental-states.fudoshin,same-as-english,Fudoshin (不動心) - Immovable Mind,Review whether this should be translated or intentionally kept as-is.
da,kumite.json,mental-states.senshin,same-as-english,Senshin (先心) - Purified Mind,Review whether this should be translated or intentionally kept as-is.
da,kumite.json,tactical-concepts.ma-ai,same-as-english,Ma-ai (間合い) - Fighting Distance,Review whether this should be translated or intentionally kept as-is.
da,kumite.json,tactical-concepts.sen,same-as-english,Sen (先) - Initiative,Review whether this should be translated or intentionally kept as-is.
da,kumite.json,tactical-concepts.go-no-sen,same-as-english,Go No Sen (後の先) - Response to Attack,Review whether this should be translated or intentionally kept as-is.
da,kumite.json,tactical-concepts.sen-no-sen,same-as-english,Sen No Sen (先の先) - Attacking the Attack,Review whether this should be translated or intentionally kept as-is.
da,kumite.json,scoring.ippon,same-as-english,Ippon (3 points),Review whether this should be translated or intentionally kept as-is.
da,kumite.json,scoring.waza-ari,same-as-english,Waza-ari (2 points),Review whether this should be translated or intentionally kept as-is.
da,kumite.json,scoring.yuko,same-as-english,Yuko (1 point),Review whether this should be translated or intentionally kept as-is.
da,kumite.json,penalties.chukoku,same-as-english,Chukoku - First warning,Review whether this should be translated or intentionally kept as-is.
da,kumite.json,penalties.keikoku,same-as-english,Keikoku - Second warning,Review whether this should be translated or intentionally kept as-is.
da,kumite.json,penalties.hansoku,same-as-english,Hansoku - Disqualification,Review whether this should be translated or intentionally kept as-is.
de,kumite.json,principles.tactical.sen.name,same-as-english,Sen (先) - Initiative,Review whether this should be translated or intentionally kept as-is.
de,kumite.json,tactical-concepts.sen,same-as-english,Sen (先) - Initiative,Review whether this should be translated or intentionally kept as-is.
fr,kumite.json,introduction.safety.penalty-types.hansoku,same-as-english,Hansoku - Disqualification,Review whether this should be translated or intentionally kept as-is.
fr,kumite.json,competition.scoring.ippon.name,same-as-english,Ippon (3 points),Review whether this should be translated or intentionally kept as-is.
fr,kumite.json,competition.scoring.waza-ari.name,same-as-english,Waza-ari (2 points),Review whether this should be translated or intentionally kept as-is.
fr,kumite.json,competition.scoring.yuko.name,same-as-english,Yuko (1 point),Review whether this should be translated or intentionally kept as-is.
fr,kumite.json,competition.penalties.hansoku,same-as-english,Hansoku - Disqualification,Review whether this should be translated or intentionally kept as-is.
fr,kumite.json,scoring.ippon,same-as-english,Ippon (3 points),Review whether this should be translated or intentionally kept as-is.
fr,kumite.json,scoring.waza-ari,same-as-english,Waza-ari (2 points),Review whether this should be translated or intentionally kept as-is.
fr,kumite.json,scoring.yuko,same-as-english,Yuko (1 point),Review whether this should be translated or intentionally kept as-is.
fr,kumite.json,penalties.hansoku,same-as-english,Hansoku - Disqualification,Review whether this should be translated or intentionally kept as-is.
nl,kumite.json,introduction.title,same-as-english,Kumite: Sparring in Karate,Review whether this should be translated or intentionally kept as-is.
pt,kumite.json,introduction.progression.basic.desc,same-as-english,Ippon Kumite for fundamental skills,Review whether this should be translated or intentionally kept as-is.
pt,kumite.json,introduction.progression.expansion.desc,same-as-english,Sanbon and Gohon for complexity,Review whether this should be translated or intentionally kept as-is.
pt,kumite.json,introduction.progression.freedom.desc,same-as-english,Jiyu Kumite for spontaneity,Review whether this should be translated or intentionally kept as-is.
pt,kumite.json,introduction.progression.competition.desc,same-as-english,Shiai Kumite for competition experience,Review whether this should be translated or intentionally kept as-is.
pt,kumite.json,introduction.safety.principles.control,same-as-english,All techniques must be controlled.,Review whether this should be translated or intentionally kept as-is.
pt,kumite.json,introduction.safety.principles.equipment,same-as-english,Use appropriate safety gear.,Review whether this should be translated or intentionally kept as-is.
pt,kumite.json,introduction.safety.principles.supervision,same-as-english,Always practice under qualified instruction.,Review whether this should be translated or intentionally kept as-is.
pt,kumite.json,introduction.safety.principles.respect,same-as-english,Show respect for your training partner.,Review whether this should be translated or intentionally kept as-is.
pt,kumite.json,introduction.safety.principles.progressive,same-as-english,Begin with basic forms before advancing to more complex sparring.,Review whether this should be translated or intentionally kept as-is.
pt,kumite.json,introduction.safety.equipment-details.required.hand-protectors,same-as-english,Hand protectors for the safety of hands and wrists.,Review whether this should be translated or intentionally kept as-is.
pt,kumite.json,introduction.safety.equipment-details.required.foot-protectors,same-as-english,Foot protectors for the safety of feet and ankles.,Review whether this should be translated or intentionally kept as-is.
pt,kumite.json,introduction.safety.equipment-details.required.mouth-guard,same-as-english,A mouth guard for the protection of teeth and mouth.,Review whether this should be translated or intentionally kept as-is.
pt,kumite.json,introduction.safety.equipment-details.required.groin-protector,same-as-english,Groin protector for male practitioners.,Review whether this should be translated or intentionally kept as-is.
pt,kumite.json,introduction.safety.equipment-details.optional.head-protection,same-as-english,Head protection for additional safety.,Review whether this should be translated or intentionally kept as-is.
pt,kumite.json,introduction.safety.equipment-details.optional.chest-protector,same-as-english,Chest protector for female practitioners.,Review whether this should be translated or intentionally kept as-is.
pt,kumite.json,introduction.safety.equipment-details.optional.shin-guards,same-as-english,Shin guards for extra leg protection.,Review whether this should be translated or intentionally kept as-is.
pt,kumite.json,introduction.safety.areas.scoring.head-face-neck,same-as-english,"Head, face, neck",Review whether this should be translated or intentionally kept as-is.
pt,kumite.json,introduction.safety.areas.scoring.chest-abdomen-back,same-as-english,"Chest, abdomen, back, side",Review whether this should be translated or intentionally kept as-is.
pt,kumite.json,introduction.safety.areas.scoring.arms-legs,same-as-english,Arms and legs (limited),Review whether this should be translated or intentionally kept as-is.
pt,kumite.json,introduction.safety.penalty-types.chukoku,same-as-english,Chukoku - First warning,Review whether this should be translated or intentionally kept as-is.
pt,kumite.json,introduction.safety.penalty-types.keikoku,same-as-english,Keikoku - Second warning,Review whether this should be translated or intentionally kept as-is.
pt,kumite.json,introduction.safety.penalty-types.hansoku,same-as-english,Hansoku - Disqualification,Review whether this should be translated or intentionally kept as-is.
pt,kumite.json,introduction.safety.training.before-item1,same-as-english,Always perform a proper warm-up.,Review whether this should be translated or intentionally kept as-is.
pt,kumite.json,introduction.safety.training.before-item2,same-as-english,Do flexibility exercises.,Review whether this should be translated or intentionally kept as-is.
pt,kumite.json,introduction.safety.training.before-item3,same-as-english,Check all equipment for safety.,Review whether this should be translated or intentionally kept as-is.
pt,kumite.json,introduction.safety.training.before-item4,same-as-english,Discuss level and expectations with your partner.,Review whether this should be translated or intentionally kept as-is.
pt,kumite.json,introduction.safety.training.during-item1,same-as-english,Maintain control over all techniques at all times.,Review whether this should be translated or intentionally kept as-is.
pt,kumite.json,introduction.safety.training.during-item2,same-as-english,Communicate clearly with your partner.,Review whether this should be translated or intentionally kept as-is.
pt,kumite.json,introduction.safety.training.during-item3,same-as-english,Show respect for your partner's skill level.,Review whether this should be translated or intentionally kept as-is.
pt,kumite.json,introduction.safety.training.during-item4,same-as-english,Stop immediately in case of pain or problems.,Review whether this should be translated or intentionally kept as-is.
pt,kumite.json,introduction.safety.training.after-item1,same-as-english,Perform a cool-down routine.,Review whether this should be translated or intentionally kept as-is.
pt,kumite.json,introduction.safety.training.after-item2,same-as-english,Drink sufficient water.,Review whether this should be translated or intentionally kept as-is.
pt,kumite.json,introduction.safety.training.after-item3,same-as-english,Evaluate the training with the instructor.,Review whether this should be translated or intentionally kept as-is.
pt,kumite.json,introduction.safety.training.after-item4,same-as-english,Take adequate rest after training.,Review whether this should be translated or intentionally kept as-is.
pt,kumite.json,techniques.title,same-as-english,Kumite Techniques in Sports Karate,Review whether this should be translated or intentionally kept as-is.
pt,kumite.json,techniques.keri-waza,same-as-english,Keri Waza (蹴り技) - Kicking Techniques,Review whether this should be translated or intentionally kept as-is.
pt,kumite.json,techniques.kawashi-waza,same-as-english,Kawashi Waza (躱し技) - Evasion Techniques,Review whether this should be translated or intentionally kept as-is.
pt,kumite.json,techniques.attack.title,same-as-english,Attack Techniques in Kumite,Review whether this should be translated or intentionally kept as-is.
pt,kumite.json,techniques.attack.description,same-as-english,Effective attack techniques for sports karate,Review whether this should be translated or intentionally kept as-is.
pt,kumite.json,techniques.defense.title,same-as-english,Defense Techniques in Kumite,Review whether this should be translated or intentionally kept as-is.
pt,kumite.json,techniques.defense.description,same-as-english,Effective defense techniques for sports karate,Review whether this should be translated or intentionally kept as-is.
pt,kumite.json,techniques.throwing.title,same-as-english,Throwing Techniques in Kumite,Review whether this should be translated or intentionally kept as-is.
pt,kumite.json,techniques.throwing.description,same-as-english,Effective throwing techniques for sports karate,Review whether this should be translated or intentionally kept as-is.
pt,kumite.json,principles.title,same-as-english,Kumite Principles and Training Philosophy,Review whether this should be translated or intentionally kept as-is.
pt,kumite.json,principles.description,same-as-english,Fundamental principles for effective kumite,Review whether this should be translated or intentionally kept as-is.
pt,kumite.json,principles.competition-vs-traditional,same-as-english,Competition vs. Traditional Karate,Review whether this should be translated or intentionally kept as-is.
pt,kumite.json,principles.safety-and-control,same-as-english,Safety and Control,Review whether this should be translated or intentionally kept as-is.
pt,kumite.json,training.description,same-as-english,Systematic training approach for kumite development,Review whether this should be translated or intentionally kept as-is.
pt,kumite.json,competition.description,same-as-english,Competition karate and competitive aspects,Review whether this should be translated or intentionally kept as-is.
pt,kumite.json,mental-states.zanshin,same-as-english,Zanshin (残心) - Remaining Mind,Review whether this should be translated or intentionally kept as-is.
pt,kumite.json,mental-states.mushin,same-as-english,Mushin (無心) - Mind Without Thought,Review whether this should be translated or intentionally kept as-is.
pt,kumite.json,mental-states.fudoshin,same-as-english,Fudoshin (不動心) - Immovable Mind,Review whether this should be translated or intentionally kept as-is.
pt,kumite.json,mental-states.senshin,same-as-english,Senshin (先心) - Purified Mind,Review whether this should be translated or intentionally kept as-is.
pt,kumite.json,tactical-concepts.ma-ai,same-as-english,Ma-ai (間合い) - Fighting Distance,Review whether this should be translated or intentionally kept as-is.
pt,kumite.json,tactical-concepts.sen,same-as-english,Sen (先) - Initiative,Review whether this should be translated or intentionally kept as-is.
pt,kumite.json,tactical-concepts.go-no-sen,same-as-english,Go No Sen (後の先) - Response to Attack,Review whether this should be translated or intentionally kept as-is.
pt,kumite.json,tactical-concepts.sen-no-sen,same-as-english,Sen No Sen (先の先) - Attacking the Attack,Review whether this should be translated or intentionally kept as-is.
pt,kumite.json,scoring.ippon,same-as-english,Ippon (3 points),Review whether this should be translated or intentionally kept as-is.
pt,kumite.json,scoring.waza-ari,same-as-english,Waza-ari (2 points),Review whether this should be translated or intentionally kept as-is.
pt,kumite.json,scoring.yuko,same-as-english,Yuko (1 point),Review whether this should be translated or intentionally kept as-is.
pt,kumite.json,penalties.chukoku,same-as-english,Chukoku - First warning,Review whether this should be translated or intentionally kept as-is.
pt,kumite.json,penalties.keikoku,same-as-english,Keikoku - Second warning,Review whether this should be translated or intentionally kept as-is.
pt,kumite.json,penalties.hansoku,same-as-english,Hansoku - Disqualification,Review whether this should be translated or intentionally kept as-is.
da,study.json,study.questions.history-3.option1,same-as-english,"Tokyo, Japan",Review whether this should be translated or intentionally kept as-is.
da,study.json,study.questions.history-3.option3,same-as-english,"Seoul, Korea",Review whether this should be translated or intentionally kept as-is.
da,study.json,study.questions.history-3.option4,same-as-english,"Taipei, Taiwan",Review whether this should be translated or intentionally kept as-is.
da,study.json,study.quizTypes.hojo-undo-basics.description,same-as-english,"Equipment names and training focus (chi-ishi, ishi sashi, nigiri game, kongoken).",Review whether this should be translated or intentionally kept as-is.
da,study.json,study.quizTypes.newaza-intro.description,same-as-english,Fundamental ground positions and control concepts.,Review whether this should be translated or intentionally kept as-is.
da,study.json,study.quizTypes.kumite-rules.description,same-as-english,"Scoring, penalties and referee commands.",Review whether this should be translated or intentionally kept as-is.
da,study.json,study.matchingTypes.kata.description,same-as-english,Match kata names with their meanings and characteristics.,Review whether this should be translated or intentionally kept as-is.
da,study.json,study.matchingTypes.terminology.description,same-as-english,Match Japanese terms to their English meanings across categories.,Review whether this should be translated or intentionally kept as-is.
da,study.json,study.matchingTypes.terminology.q1,same-as-english,"Match the Japanese term to its meaning: Rei, Kime, Zanshin",Review whether this should be translated or intentionally kept as-is.
da,study.json,study.matchingTypes.terminology.a1,same-as-english,"Rei-Respect, Kime-Focus, Zanshin-Remaining mind",Review whether this should be translated or intentionally kept as-is.
da,study.json,study.matchingTypes.terminology.e1,same-as-english,Fundamental dojo concepts used throughout training.,Review whether this should be translated or intentionally kept as-is.
da,study.json,study.flashcardTypes.common.description,same-as-english,Practice common terminology with flashcards.,Review whether this should be translated or intentionally kept as-is.
da,study.json,study.flashcardTypes.stances.description,same-as-english,Learn all karate stances and positions.,Review whether this should be translated or intentionally kept as-is.
da,study.json,study.flashcardTypes.kicks.description,same-as-english,Learn all karate kicking techniques.,Review whether this should be translated or intentionally kept as-is.
da,study.json,study.flashcardTypes.punches.description,same-as-english,Learn all karate punching techniques.,Review whether this should be translated or intentionally kept as-is.
da,study.json,study.flashcardTypes.blocks.description,same-as-english,Learn all karate blocking techniques.,Review whether this should be translated or intentionally kept as-is.
da,study.json,study.flashcardTypes.kata.description,same-as-english,Learn all Goju Ryu kata names and meanings.,Review whether this should be translated or intentionally kept as-is.
da,study.json,study.flashcardTypes.philosophy.description,same-as-english,Learn Goju Ryu philosophical concepts and principles.,Review whether this should be translated or intentionally kept as-is.
da,study.json,study.flashcardTypes.numbers.description,same-as-english,Learn Japanese numbers used in karate.,Review whether this should be translated or intentionally kept as-is.
da,study.json,study.flashcardTypes.general.description,same-as-english,Learn essential karate terminology.,Review whether this should be translated or intentionally kept as-is.
da,study.json,study.question,same-as-english,Question {{index}} of {{total}},Review whether this should be translated or intentionally kept as-is.
da,study.json,study.matchingCompleted,same-as-english,All {{total}} pairs matched in {{attempts}} attempts.,Review whether this should be translated or intentionally kept as-is.
da,study.json,study.noAdditionalExplanation,same-as-english,No additional explanation available.,Review whether this should be translated or intentionally kept as-is.
da,study.json,study.showExplanation,same-as-english,Show explanation,Review whether this should be translated or intentionally kept as-is.
da,study.json,study.hideExplanation,same-as-english,Hide explanation,Review whether this should be translated or intentionally kept as-is.
da,study.json,study.noQuestionFound,same-as-english,No question found for index {index},Review whether this should be translated or intentionally kept as-is.
da,study.json,study.tips.regular,same-as-english,Practice regularly for better results,Review whether this should be translated or intentionally kept as-is.
da,study.json,study.tips.review,same-as-english,Review difficult sections,Review whether this should be translated or intentionally kept as-is.
da,study.json,study.tips.progress,same-as-english,Track your progress,Review whether this should be translated or intentionally kept as-is.
da,study.json,study.self-control.description,same-as-english,Test your knowledge of self-control and emotion regulation.,Review whether this should be translated or intentionally kept as-is.
da,study.json,study.kata-basics.description,same-as-english,Test your knowledge of fundamental kata concepts and principles.,Review whether this should be translated or intentionally kept as-is.
da,study.json,study.kata-history.description,same-as-english,Learn about the historical development and origins of kata.,Review whether this should be translated or intentionally kept as-is.
da,study.json,study.philosophy-principles.description,same-as-english,Test your understanding of Goju Ryu philosophical principles.,Review whether this should be translated or intentionally kept as-is.
da,study.json,study.basic-techniques.description,same-as-english,Test your knowledge of fundamental karate techniques.,Review whether this should be translated or intentionally kept as-is.
da,study.json,study.kumite-basics.description,same-as-english,Test your knowledge of sparring fundamentals.,Review whether this should be translated or intentionally kept as-is.
da,study.json,study.history-origins.title,same-as-english,History & Origins Quiz,Review whether this should be translated or intentionally kept as-is.
da,study.json,study.history-origins.description,same-as-english,"Key people, places and origins of Goju Ryu.",Review whether this should be translated or intentionally kept as-is.
da,study.json,study.hojo-undo-basics.description,same-as-english,"Equipment names and training focus (chi-ishi, ishi sashi, nigiri game, kongoken).",Review whether this should be translated or intentionally kept as-is.
da,study.json,study.newaza-intro.description,same-as-english,Fundamental ground positions and control concepts.,Review whether this should be translated or intentionally kept as-is.
da,study.json,study.kumite-rules.description,same-as-english,"Scoring, penalties and referee commands.",Review whether this should be translated or intentionally kept as-is.
da,study.json,description,same-as-english,Practice and test your knowledge of Goju Ryu karate,Review whether this should be translated or intentionally kept as-is.
da,study.json,quizTypes.stances.description,same-as-english,Test your knowledge of karate stances and positions.,Review whether this should be translated or intentionally kept as-is.
da,study.json,quizTypes.kicks.description,same-as-english,Test your knowledge of karate kicking techniques.,Review whether this should be translated or intentionally kept as-is.
da,study.json,quizTypes.punches.description,same-as-english,Test your knowledge of karate punching techniques.,Review whether this should be translated or intentionally kept as-is.
da,study.json,quizTypes.blocks.description,same-as-english,Test your knowledge of karate blocking techniques.,Review whether this should be translated or intentionally kept as-is.
da,study.json,quizTypes.kata.description,same-as-english,Test your knowledge of Goju Ryu kata names and meanings.,Review whether this should be translated or intentionally kept as-is.
da,study.json,quizTypes.philosophy.description,same-as-english,Test your knowledge of Goju Ryu philosophical concepts and principles.,Review whether this should be translated or intentionally kept as-is.
da,study.json,quizTypes.numbers.description,same-as-english,Test your knowledge of Japanese numbers used in karate.,Review whether this should be translated or intentionally kept as-is.
da,study.json,quizTypes.general.description,same-as-english,Test your knowledge of essential karate terminology.,Review whether this should be translated or intentionally kept as-is.
da,study.json,quizTypes.weapons.description,same-as-english,Test your knowledge of karate weapons and tools.,Review whether this should be translated or intentionally kept as-is.
da,study.json,quizTypes.concepts.description,same-as-english,Test your knowledge of karate concepts and principles.,Review whether this should be translated or intentionally kept as-is.
da,study.json,quizTypes.equipment.description,same-as-english,Test your knowledge of karate equipment and tools.,Review whether this should be translated or intentionally kept as-is.
da,study.json,quizTypes.commands.description,same-as-english,Test your knowledge of Japanese commands used in karate.,Review whether this should be translated or intentionally kept as-is.
da,study.json,quizTypes.directions.description,same-as-english,Test your knowledge of Japanese directions and positions.,Review whether this should be translated or intentionally kept as-is.
da,study.json,quizTypes.body-parts.description,same-as-english,Test your knowledge of Japanese body parts used in karate.,Review whether this should be translated or intentionally kept as-is.
da,study.json,quizTypes.movements.description,same-as-english,Test your knowledge of Japanese movement terms in karate.,Review whether this should be translated or intentionally kept as-is.
da,study.json,quizTypes.timing.description,same-as-english,Test your knowledge of timing and rhythm in karate.,Review whether this should be translated or intentionally kept as-is.
da,study.json,quizTypes.energy.description,same-as-english,Test your knowledge of energy and power in karate.,Review whether this should be translated or intentionally kept as-is.
da,study.json,quizTypes.mindset.description,same-as-english,Test your knowledge of mental aspects of karate.,Review whether this should be translated or intentionally kept as-is.
da,study.json,quizTypes.etiquette.description,same-as-english,Test your knowledge of dojo etiquette and behavior.,Review whether this should be translated or intentionally kept as-is.
da,study.json,quizTypes.history.description,same-as-english,Test your knowledge of Goju Ryu history and tradition.,Review whether this should be translated or intentionally kept as-is.
da,study.json,quizTypes.principles.description,same-as-english,Test your knowledge of Goju Ryu principles and values.,Review whether this should be translated or intentionally kept as-is.
da,study.json,quizTypes.breathing.description,same-as-english,Test your knowledge of breathing techniques in karate.,Review whether this should be translated or intentionally kept as-is.
da,study.json,quizTypes.meditation.description,same-as-english,Test your knowledge of meditation and mindfulness in karate.,Review whether this should be translated or intentionally kept as-is.
da,study.json,quizTypes.self-defense.description,same-as-english,Test your knowledge of self-defense techniques.,Review whether this should be translated or intentionally kept as-is.
da,study.json,quizTypes.sparring.description,same-as-english,Test your knowledge of sparring and partner training.,Review whether this should be translated or intentionally kept as-is.
da,study.json,quizTypes.competition.description,same-as-english,Test your knowledge of karate competition and rules.,Review whether this should be translated or intentionally kept as-is.
da,study.json,quizTypes.training.description,same-as-english,Test your knowledge of training methods and techniques.,Review whether this should be translated or intentionally kept as-is.
da,study.json,quizTypes.grading.description,same-as-english,Test your knowledge of karate grading and belts.,Review whether this should be translated or intentionally kept as-is.
da,study.json,quizTypes.dojo.description,same-as-english,Test your knowledge of dojo organization and structure.,Review whether this should be translated or intentionally kept as-is.
da,study.json,quizTypes.lineage.description,same-as-english,Test your knowledge of Goju Ryu lineage and tradition.,Review whether this should be translated or intentionally kept as-is.
da,study.json,quizTypes.masters.description,same-as-english,Test your knowledge of famous Goju Ryu masters.,Review whether this should be translated or intentionally kept as-is.
da,study.json,quizTypes.traditions.description,same-as-english,Test your knowledge of karate traditions and customs.,Review whether this should be translated or intentionally kept as-is.
da,study.json,quizTypes.culture.description,same-as-english,Test your knowledge of Japanese culture in karate.,Review whether this should be translated or intentionally kept as-is.
da,study.json,quizTypes.language.description,same-as-english,Test your knowledge of Japanese language in karate.,Review whether this should be translated or intentionally kept as-is.
da,study.json,quizTypes.symbols.description,same-as-english,Test your knowledge of karate symbols and meanings.,Review whether this should be translated or intentionally kept as-is.
da,study.json,quizTypes.ceremonies.description,same-as-english,Test your knowledge of karate ceremonies and rituals.,Review whether this should be translated or intentionally kept as-is.
da,study.json,quizTypes.discipline.description,same-as-english,Test your knowledge of discipline and self-control.,Review whether this should be translated or intentionally kept as-is.
da,study.json,quizTypes.respect.description,same-as-english,Test your knowledge of respect and etiquette in karate.,Review whether this should be translated or intentionally kept as-is.
da,study.json,quizTypes.perseverance.description,same-as-english,Test your knowledge of perseverance and endurance.,Review whether this should be translated or intentionally kept as-is.
da,study.json,quizTypes.character.description,same-as-english,Test your knowledge of character development in karate.,Review whether this should be translated or intentionally kept as-is.
da,study.json,quizTypes.sincerity.description,same-as-english,Test your knowledge of sincerity and honesty.,Review whether this should be translated or intentionally kept as-is.
da,study.json,quizTypes.self-control.description,same-as-english,Test your knowledge of self-control and emotion regulation.,Review whether this should be translated or intentionally kept as-is.
da,study.json,quizTypes.kata-basics.description,same-as-english,Test your knowledge of fundamental kata concepts and principles.,Review whether this should be translated or intentionally kept as-is.
da,study.json,quizTypes.kata-history.description,same-as-english,Learn about the historical development and origins of kata.,Review whether this should be translated or intentionally kept as-is.
da,study.json,quizTypes.philosophy-principles.description,same-as-english,Test your understanding of Goju Ryu philosophical principles.,Review whether this should be translated or intentionally kept as-is.
da,study.json,quizTypes.basic-techniques.description,same-as-english,Test your knowledge of fundamental karate techniques.,Review whether this should be translated or intentionally kept as-is.
da,study.json,quizTypes.kumite-basics.description,same-as-english,Test your knowledge of sparring fundamentals.,Review whether this should be translated or intentionally kept as-is.
da,study.json,flashcardTypes.stances.description,same-as-english,Learn all karate stances and positions.,Review whether this should be translated or intentionally kept as-is.
da,study.json,flashcardTypes.kicks.description,same-as-english,Learn all karate kicking techniques.,Review whether this should be translated or intentionally kept as-is.
da,study.json,flashcardTypes.punches.description,same-as-english,Learn all karate punching techniques.,Review whether this should be translated or intentionally kept as-is.
da,study.json,flashcardTypes.blocks.description,same-as-english,Learn all karate blocking techniques.,Review whether this should be translated or intentionally kept as-is.
da,study.json,flashcardTypes.kata.description,same-as-english,Learn all Goju Ryu kata names and meanings.,Review whether this should be translated or intentionally kept as-is.
da,study.json,flashcardTypes.philosophy.description,same-as-english,Learn Goju Ryu philosophical concepts and principles.,Review whether this should be translated or intentionally kept as-is.
da,study.json,flashcardTypes.numbers.description,same-as-english,Learn Japanese numbers used in karate.,Review whether this should be translated or intentionally kept as-is.
da,study.json,flashcardTypes.general.description,same-as-english,Learn essential karate terminology.,Review whether this should be translated or intentionally kept as-is.
da,study.json,flashcardTypes.weapons.description,same-as-english,Practice weapons with flashcards.,Review whether this should be translated or intentionally kept as-is.
da,study.json,flashcardTypes.concepts.description,same-as-english,Practice concepts with flashcards.,Review whether this should be translated or intentionally kept as-is.
da,study.json,flashcardTypes.equipment.description,same-as-english,Practice equipment with flashcards.,Review whether this should be translated or intentionally kept as-is.
da,study.json,flashcardTypes.commands.description,same-as-english,Practice commands with flashcards.,Review whether this should be translated or intentionally kept as-is.
da,study.json,flashcardTypes.directions.description,same-as-english,Practice directions with flashcards.,Review whether this should be translated or intentionally kept as-is.
da,study.json,flashcardTypes.body-parts.description,same-as-english,Practice body parts with flashcards.,Review whether this should be translated or intentionally kept as-is.
da,study.json,flashcardTypes.movements.description,same-as-english,Practice movements with flashcards.,Review whether this should be translated or intentionally kept as-is.
da,study.json,flashcardTypes.timing.description,same-as-english,Practice timing with flashcards.,Review whether this should be translated or intentionally kept as-is.
da,study.json,flashcardTypes.energy.description,same-as-english,Practice energy with flashcards.,Review whether this should be translated or intentionally kept as-is.
da,study.json,flashcardTypes.mindset.description,same-as-english,Practice mindset with flashcards.,Review whether this should be translated or intentionally kept as-is.
da,study.json,flashcardTypes.etiquette.description,same-as-english,Practice etiquette with flashcards.,Review whether this should be translated or intentionally kept as-is.
da,study.json,flashcardTypes.history.description,same-as-english,Practice history with flashcards.,Review whether this should be translated or intentionally kept as-is.
da,study.json,flashcardTypes.principles.description,same-as-english,Practice principles with flashcards.,Review whether this should be translated or intentionally kept as-is.
da,study.json,flashcardTypes.breathing.description,same-as-english,Practice breathing with flashcards.,Review whether this should be translated or intentionally kept as-is.
da,study.json,flashcardTypes.meditation.description,same-as-english,Practice meditation with flashcards.,Review whether this should be translated or intentionally kept as-is.
da,study.json,flashcardTypes.self-defense.description,same-as-english,Practice self-defense with flashcards.,Review whether this should be translated or intentionally kept as-is.
da,study.json,flashcardTypes.sparring.description,same-as-english,Practice sparring with flashcards.,Review whether this should be translated or intentionally kept as-is.
da,study.json,flashcardTypes.competition.description,same-as-english,Practice competition with flashcards.,Review whether this should be translated or intentionally kept as-is.
da,study.json,flashcardTypes.training.description,same-as-english,Practice training with flashcards.,Review whether this should be translated or intentionally kept as-is.
da,study.json,flashcardTypes.grading.description,same-as-english,Practice grading with flashcards.,Review whether this should be translated or intentionally kept as-is.
da,study.json,flashcardTypes.dojo.description,same-as-english,Practice dojo with flashcards.,Review whether this should be translated or intentionally kept as-is.
da,study.json,flashcardTypes.lineage.description,same-as-english,Practice lineage with flashcards.,Review whether this should be translated or intentionally kept as-is.
da,study.json,flashcardTypes.masters.description,same-as-english,Practice masters with flashcards.,Review whether this should be translated or intentionally kept as-is.
da,study.json,flashcardTypes.traditions.description,same-as-english,Practice traditions with flashcards.,Review whether this should be translated or intentionally kept as-is.
da,study.json,flashcardTypes.culture.description,same-as-english,Practice culture with flashcards.,Review whether this should be translated or intentionally kept as-is.
da,study.json,flashcardTypes.language.description,same-as-english,Practice language with flashcards.,Review whether this should be translated or intentionally kept as-is.
da,study.json,flashcardTypes.symbols.description,same-as-english,Practice symbols with flashcards.,Review whether this should be translated or intentionally kept as-is.
da,study.json,flashcardTypes.ceremonies.description,same-as-english,Practice ceremonies with flashcards.,Review whether this should be translated or intentionally kept as-is.
da,study.json,flashcardTypes.discipline.description,same-as-english,Practice discipline with flashcards.,Review whether this should be translated or intentionally kept as-is.
da,study.json,flashcardTypes.respect.description,same-as-english,Practice respect with flashcards.,Review whether this should be translated or intentionally kept as-is.
da,study.json,flashcardTypes.perseverance.description,same-as-english,Practice perseverance with flashcards.,Review whether this should be translated or intentionally kept as-is.
da,study.json,flashcardTypes.character.description,same-as-english,Practice character with flashcards.,Review whether this should be translated or intentionally kept as-is.
da,study.json,flashcardTypes.sincerity.description,same-as-english,Practice sincerity with flashcards.,Review whether this should be translated or intentionally kept as-is.
da,study.json,flashcardTypes.self-control.description,same-as-english,Practice self-control with flashcards.,Review whether this should be translated or intentionally kept as-is.
da,study.json,studyTerminology.stances.hachiji-dachi.explanation,same-as-english,Basic natural stance with feet shoulder-width apart,Review whether this should be translated or intentionally kept as-is.
da,study.json,studyTerminology.stances.sanchin-dachi.explanation,same-as-english,"Strong stance with feet turned inward, knees bent",Review whether this should be translated or intentionally kept as-is.
da,study.json,studyTerminology.stances.zenkutsu-dachi.explanation,same-as-english,Forward stance with weight on front leg,Review whether this should be translated or intentionally kept as-is.
da,study.json,studyTerminology.stances.kokutsu-dachi.explanation,same-as-english,Back stance with weight on rear leg,Review whether this should be translated or intentionally kept as-is.
da,study.json,studyTerminology.stances.kiba-dachi.explanation,same-as-english,Horse stance with feet wide apart,Review whether this should be translated or intentionally kept as-is.
da,study.json,studyTerminology.stances.neko-ashi-dachi.explanation,same-as-english,Cat stance with weight on back leg,Review whether this should be translated or intentionally kept as-is.
da,study.json,studyTerminology.kicks.mae-geri.explanation,same-as-english,Kick delivered to the front with the ball of the foot,Review whether this should be translated or intentionally kept as-is.
da,study.json,studyTerminology.kicks.yoko-geri.explanation,same-as-english,Kick delivered to the side with the edge of the foot,Review whether this should be translated or intentionally kept as-is.
da,study.json,studyTerminology.kicks.mawashi-geri.explanation,same-as-english,Circular kick using the instep or ball of the foot,Review whether this should be translated or intentionally kept as-is.
da,study.json,studyTerminology.kicks.ushiro-geri.explanation,same-as-english,Kick delivered backward with the heel,Review whether this should be translated or intentionally kept as-is.
da,study.json,studyTerminology.kicks.mikazuki-geri.explanation,same-as-english,Circular kick in a crescent motion,Review whether this should be translated or intentionally kept as-is.
da,study.json,studyTerminology.punches.seiken-tsuki.explanation,same-as-english,Basic punch with the first two knuckles,Review whether this should be translated or intentionally kept as-is.
da,study.json,studyTerminology.punches.gyaku-tsuki.explanation,same-as-english,Punch with the opposite hand to the forward foot,Review whether this should be translated or intentionally kept as-is.
da,study.json,studyTerminology.punches.oi-tsuki.explanation,same-as-english,Stepping punch with the same hand as the forward foot,Review whether this should be translated or intentionally kept as-is.
da,study.json,studyTerminology.punches.kizami-tsuki.explanation,same-as-english,Quick jab punch with the front hand,Review whether this should be translated or intentionally kept as-is.
da,study.json,studyTerminology.blocks.age-uke.explanation,same-as-english,Block that deflects attacks upward,Review whether this should be translated or intentionally kept as-is.
da,study.json,studyTerminology.blocks.gedan-barai.explanation,same-as-english,Sweeping block for low attacks,Review whether this should be translated or intentionally kept as-is.
da,study.json,studyTerminology.blocks.soto-uke.explanation,same-as-english,Block that deflects attacks from inside to outside,Review whether this should be translated or intentionally kept as-is.
da,study.json,studyTerminology.blocks.uchi-uke.explanation,same-as-english,Block that deflects attacks from outside to inside,Review whether this should be translated or intentionally kept as-is.
da,study.json,studyTerminology.kata.sanchin.explanation,same-as-english,"Represents mind, body, and spirit - the foundation kata",Review whether this should be translated or intentionally kept as-is.
da,study.json,studyTerminology.kata.tensho.explanation,same-as-english,Soft circular movements contrasting with Sanchin's hardness,Review whether this should be translated or intentionally kept as-is.
da,study.json,studyTerminology.kata.gekisai-dai-ichi.explanation,same-as-english,"First of the Gekisai kata, created by Chojun Miyagi",Review whether this should be translated or intentionally kept as-is.
da,study.json,studyTerminology.kata.gekisai-dai-ni.explanation,same-as-english,"Second of the Gekisai kata, more advanced than Dai Ichi",Review whether this should be translated or intentionally kept as-is.
da,study.json,studyTerminology.kata.saifa.explanation,same-as-english,One of the traditional kaishugata,Review whether this should be translated or intentionally kept as-is.
da,study.json,studyTerminology.kata.seiyunchin.explanation,same-as-english,Kata focusing on close combat techniques,Review whether this should be translated or intentionally kept as-is.
da,study.json,studyTerminology.kata.shisochin.explanation,same-as-english,Kata with techniques in four directions,Review whether this should be translated or intentionally kept as-is.
da,study.json,studyTerminology.kata.sanseru.explanation,same-as-english,Advanced kata with 36 techniques,Review whether this should be translated or intentionally kept as-is.
da,study.json,studyTerminology.kata.seipai.explanation,same-as-english,Advanced kata with 18 techniques,Review whether this should be translated or intentionally kept as-is.
da,study.json,studyTerminology.kata.kururunfa.explanation,same-as-english,Advanced kata emphasizing stability and power,Review whether this should be translated or intentionally kept as-is.
da,study.json,studyTerminology.kata.seisan.explanation,same-as-english,Advanced kata with 13 techniques,Review whether this should be translated or intentionally kept as-is.
da,study.json,studyTerminology.kata.suparinpei.explanation,same-as-english,The most advanced kata with 108 techniques,Review whether this should be translated or intentionally kept as-is.
da,study.json,studyTerminology.philosophy.goju-ryu.explanation,same-as-english,"The name means 'hard-soft style', combining hard and soft techniques",Review whether this should be translated or intentionally kept as-is.
da,study.json,studyTerminology.philosophy.dojo-kun.explanation,same-as-english,The five precepts that guide karate practice,Review whether this should be translated or intentionally kept as-is.
da,study.json,studyTerminology.philosophy.karate-do.explanation,same-as-english,"The martial art as a way of life, not just fighting",Review whether this should be translated or intentionally kept as-is.
da,study.json,studyTerminology.philosophy.mind-body-unity.explanation,same-as-english,"The unity of mind, technique, and body in training",Review whether this should be translated or intentionally kept as-is.
da,study.json,studyTerminology.philosophy.respect.explanation,same-as-english,Fundamental principle of respect in karate,Review whether this should be translated or intentionally kept as-is.
da,study.json,studyTerminology.philosophy.perseverance.explanation,same-as-english,Endurance and patience in training,Review whether this should be translated or intentionally kept as-is.
da,study.json,studyTerminology.philosophy.etiquette.explanation,same-as-english,Proper behavior and manners in the dojo,Review whether this should be translated or intentionally kept as-is.
da,study.json,studyTerminology.philosophy.character.explanation,same-as-english,Building character through karate training,Review whether this should be translated or intentionally kept as-is.
da,study.json,studyTerminology.philosophy.sincerity.explanation,same-as-english,Honesty and sincerity in practice,Review whether this should be translated or intentionally kept as-is.
da,study.json,studyTerminology.philosophy.self-control.explanation,same-as-english,Controlling one's emotions and actions,Review whether this should be translated or intentionally kept as-is.
da,study.json,studyTerminology.numbers.ichi.explanation,same-as-english,"First number, used in counting techniques",Review whether this should be translated or intentionally kept as-is.
da,study.json,studyTerminology.numbers.ni.explanation,same-as-english,"Second number, used in counting techniques",Review whether this should be translated or intentionally kept as-is.
da,study.json,studyTerminology.numbers.san.explanation,same-as-english,"Third number, used in counting techniques",Review whether this should be translated or intentionally kept as-is.
da,study.json,studyTerminology.numbers.yon.explanation,same-as-english,"Fourth number, used in counting techniques",Review whether this should be translated or intentionally kept as-is.
da,study.json,studyTerminology.numbers.go.explanation,same-as-english,"Fifth number, used in counting techniques",Review whether this should be translated or intentionally kept as-is.
da,study.json,studyTerminology.numbers.roku.explanation,same-as-english,"Sixth number, used in counting techniques",Review whether this should be translated or intentionally kept as-is.
da,study.json,studyTerminology.numbers.shichi.explanation,same-as-english,"Seventh number, used in counting techniques",Review whether this should be translated or intentionally kept as-is.
da,study.json,studyTerminology.numbers.hachi.explanation,same-as-english,"Eighth number, used in counting techniques",Review whether this should be translated or intentionally kept as-is.
da,study.json,studyTerminology.numbers.kyu.explanation,same-as-english,"Ninth number, used in counting techniques",Review whether this should be translated or intentionally kept as-is.
da,study.json,studyTerminology.numbers.ju.explanation,same-as-english,"Tenth number, used in counting techniques",Review whether this should be translated or intentionally kept as-is.
da,study.json,studyTerminology.general.dojo.explanation,same-as-english,The place where karate is practiced,Review whether this should be translated or intentionally kept as-is.
da,study.json,studyTerminology.general.sensei.explanation,same-as-english,Respectful term for karate instructor,Review whether this should be translated or intentionally kept as-is.
da,study.json,studyTerminology.general.sempai.explanation,same-as-english,Student with more experience,Review whether this should be translated or intentionally kept as-is.
da,study.json,studyTerminology.general.kohai.explanation,same-as-english,Student with less experience,Review whether this should be translated or intentionally kept as-is.
da,study.json,studyTerminology.general.obi.explanation,same-as-english,The belt worn with the karate uniform,Review whether this should be translated or intentionally kept as-is.
da,study.json,studyTerminology.general.gi.explanation,same-as-english,The karate training uniform,Review whether this should be translated or intentionally kept as-is.
da,study.json,studyTerminology.general.kumite.explanation,same-as-english,Partner training and fighting practice,Review whether this should be translated or intentionally kept as-is.
da,study.json,studyTerminology.general.kata.explanation,same-as-english,Pre-arranged sequence of techniques,Review whether this should be translated or intentionally kept as-is.
da,study.json,studyTerminology.general.kihon.explanation,same-as-english,Fundamental techniques and movements,Review whether this should be translated or intentionally kept as-is.
da,study.json,studyTerminology.general.bunkai.explanation,same-as-english,Application of kata techniques,Review whether this should be translated or intentionally kept as-is.
de,study.json,study.questions.history-3.option2,same-as-english,"Fuzhou, China",Review whether this should be translated or intentionally kept as-is.
de,study.json,study.questions.history-3.option3,same-as-english,"Seoul, Korea",Review whether this should be translated or intentionally kept as-is.
de,study.json,study.questions.history-3.correct,same-as-english,"Fuzhou, China",Review whether this should be translated or intentionally kept as-is.
es,study.json,study.questions.history-3.option2,same-as-english,"Fuzhou, China",Review whether this should be translated or intentionally kept as-is.
es,study.json,study.questions.history-3.correct,same-as-english,"Fuzhou, China",Review whether this should be translated or intentionally kept as-is.
it,study.json,study.description,same-as-english,Interactive lessons and quizzes to enhance your knowledge,Review whether this should be translated or intentionally kept as-is.
it,study.json,study.quizzes.description,same-as-english,Test your knowledge on various topics,Review whether this should be translated or intentionally kept as-is.
it,study.json,study.quizDesc,same-as-english,Test your knowledge on various topics.,Review whether this should be translated or intentionally kept as-is.
it,study.json,study.noQuizzes,same-as-english,No quizzes available at the moment.,Review whether this should be translated or intentionally kept as-is.
it,study.json,study.noFlashcards,same-as-english,No flashcard sets available at the moment.,Review whether this should be translated or intentionally kept as-is.
it,study.json,study.noMatching,same-as-english,No matching exercises available at the moment.,Review whether this should be translated or intentionally kept as-is.
it,study.json,study.flashcardDesc,same-as-english,Review terms and concepts with flashcards.,Review whether this should be translated or intentionally kept as-is.
it,study.json,study.matchingDesc,same-as-english,Match terms and concepts with each other.,Review whether this should be translated or intentionally kept as-is.
it,study.json,study.pageHeaderDescription,same-as-english,Test your knowledge and practice techniques,Review whether this should be translated or intentionally kept as-is.
it,study.json,study.studySectionDescription,same-as-english,Choose how you'd like to study Goju Ryu techniques and concepts.,Review whether this should be translated or intentionally kept as-is.
it,study.json,study.quizzesCardDescription,same-as-english,Test your knowledge with interactive quizzes,Review whether this should be translated or intentionally kept as-is.
it,study.json,study.flashcardsCardDescription,same-as-english,Practice terminology and concepts,Review whether this should be translated or intentionally kept as-is.
it,study.json,study.matchingCardDescription,same-as-english,Match terms and concepts,Review whether this should be translated or intentionally kept as-is.
it,study.json,study.loading,same-as-english,Loading study material...,Review whether this should be translated or intentionally kept as-is.
it,study.json,study.notFound.title,same-as-english,Study not found,Review whether this should be translated or intentionally kept as-is.
it,study.json,study.notFound.description,same-as-english,The requested study could not be found.,Review whether this should be translated or intentionally kept as-is.
it,study.json,study.questions.history-1.question,same-as-english,Who founded Goju Ryu?,Review whether this should be translated or intentionally kept as-is.
it,study.json,study.questions.history-1.explanation,same-as-english,"Chojun Miyagi formally named the style Goju Ryu, inspired by the Bubishi.",Review whether this should be translated or intentionally kept as-is.
it,study.json,study.questions.history-2.question,same-as-english,Which teacher strongly influenced Chojun Miyagi?,Review whether this should be translated or intentionally kept as-is.
it,study.json,study.questions.history-2.explanation,same-as-english,Miyagi was a top student of Kanryo Higaonna.,Review whether this should be translated or intentionally kept as-is.
it,study.json,study.questions.hojo-1.question,same-as-english,Which tool is a stone lever used for circular strength?,Review whether this should be translated or intentionally kept as-is.
it,study.json,study.questions.hojo-1.explanation,same-as-english,Chi-ishi trains circular strength and wrist/forearm conditioning.,Review whether this should be translated or intentionally kept as-is.
it,study.json,study.questions.hojo-2.question,same-as-english,Which tool primarily trains grip strength?,Review whether this should be translated or intentionally kept as-is.
it,study.json,study.questions.hojo-2.explanation,same-as-english,Nigiri game jars are used to develop grip strength and stance.,Review whether this should be translated or intentionally kept as-is.
it,study.json,study.questions.newaza-1.question,same-as-english,Which position emphasizes chest-to-chest control from the side?,Review whether this should be translated or intentionally kept as-is.
it,study.json,study.questions.newaza-1.option1,same-as-english,Side control,Review whether this should be translated or intentionally kept as-is.
it,study.json,study.questions.newaza-1.option4,same-as-english,Back control,Review whether this should be translated or intentionally kept as-is.
it,study.json,study.questions.newaza-1.correct,same-as-english,Side control,Review whether this should be translated or intentionally kept as-is.
it,study.json,study.questions.newaza-1.explanation,same-as-english,Side control (yoko shiho-like control) focuses on chest-to-chest pressure.,Review whether this should be translated or intentionally kept as-is.
it,study.json,study.questions.rules-1.question,same-as-english,What does 'Hansoku' mean?,Review whether this should be translated or intentionally kept as-is.
it,study.json,study.questions.rules-1.option2,same-as-english,Extension round,Review whether this should be translated or intentionally kept as-is.
it,study.json,study.questions.rules-1.explanation,same-as-english,Hansoku is a foul; serious infractions can lead to disqualification.,Review whether this should be translated or intentionally kept as-is.
it,study.json,study.questions.history-3.option4,same-as-english,"Taipei, Taiwan",Review whether this should be translated or intentionally kept as-is.
it,study.json,study.quizTypes.stances.description,same-as-english,Test your knowledge of stances.,Review whether this should be translated or intentionally kept as-is.
it,study.json,study.quizTypes.kicks.description,same-as-english,Test your knowledge of kicks.,Review whether this should be translated or intentionally kept as-is.
it,study.json,study.quizTypes.punches.description,same-as-english,Test your knowledge of punches.,Review whether this should be translated or intentionally kept as-is.
it,study.json,study.quizTypes.blocks.description,same-as-english,Test your knowledge of blocks.,Review whether this should be translated or intentionally kept as-is.
it,study.json,study.quizTypes.kata.description,same-as-english,Test your knowledge of kata.,Review whether this should be translated or intentionally kept as-is.
it,study.json,study.quizTypes.philosophy.description,same-as-english,Test your knowledge of Goju Ryu philosophy.,Review whether this should be translated or intentionally kept as-is.
it,study.json,study.quizTypes.kumite.description,same-as-english,Test your knowledge of kumite.,Review whether this should be translated or intentionally kept as-is.
it,study.json,study.quizTypes.history-origins.title,same-as-english,History & Origins Quiz,Review whether this should be translated or intentionally kept as-is.
it,study.json,study.quizTypes.history-origins.description,same-as-english,"Key people, places and origins of Goju Ryu.",Review whether this should be translated or intentionally kept as-is.
it,study.json,study.quizTypes.hojo-undo-basics.description,same-as-english,"Equipment names and training focus (chi-ishi, ishi sashi, nigiri game, kongoken).",Review whether this should be translated or intentionally kept as-is.
it,study.json,study.quizTypes.newaza-intro.description,same-as-english,Fundamental ground positions and control concepts.,Review whether this should be translated or intentionally kept as-is.
it,study.json,study.quizTypes.kumite-rules.description,same-as-english,"Scoring, penalties and referee commands.",Review whether this should be translated or intentionally kept as-is.
it,study.json,study.matchingTypes.kata.description,same-as-english,Match kata names with their meanings and characteristics.,Review whether this should be translated or intentionally kept as-is.
it,study.json,study.matchingTypes.terminology.description,same-as-english,Match Japanese terms to their English meanings across categories.,Review whether this should be translated or intentionally kept as-is.
it,study.json,study.matchingTypes.terminology.q1,same-as-english,"Match the Japanese term to its meaning: Rei, Kime, Zanshin",Review whether this should be translated or intentionally kept as-is.
it,study.json,study.matchingTypes.terminology.a1,same-as-english,"Rei-Respect, Kime-Focus, Zanshin-Remaining mind",Review whether this should be translated or intentionally kept as-is.
it,study.json,study.matchingTypes.terminology.e1,same-as-english,Fundamental dojo concepts used throughout training.,Review whether this should be translated or intentionally kept as-is.
it,study.json,study.flashcardTypes.common.description,same-as-english,Practice common terminology with flashcards.,Review whether this should be translated or intentionally kept as-is.
it,study.json,study.flashcardTypes.stances.description,same-as-english,Learn all karate stances and positions.,Review whether this should be translated or intentionally kept as-is.
it,study.json,study.flashcardTypes.kicks.description,same-as-english,Learn all karate kicking techniques.,Review whether this should be translated or intentionally kept as-is.
it,study.json,study.flashcardTypes.punches.description,same-as-english,Learn all karate punching techniques.,Review whether this should be translated or intentionally kept as-is.
it,study.json,study.flashcardTypes.blocks.description,same-as-english,Learn all karate blocking techniques.,Review whether this should be translated or intentionally kept as-is.
it,study.json,study.flashcardTypes.kata.description,same-as-english,Learn all Goju Ryu kata names and meanings.,Review whether this should be translated or intentionally kept as-is.
it,study.json,study.flashcardTypes.philosophy.description,same-as-english,Learn Goju Ryu philosophical concepts and principles.,Review whether this should be translated or intentionally kept as-is.
it,study.json,study.flashcardTypes.numbers.description,same-as-english,Learn Japanese numbers used in karate.,Review whether this should be translated or intentionally kept as-is.
it,study.json,study.flashcardTypes.general.description,same-as-english,Learn essential karate terminology.,Review whether this should be translated or intentionally kept as-is.
it,study.json,study.question,same-as-english,Question {{index}} of {{total}},Review whether this should be translated or intentionally kept as-is.
it,study.json,study.matchingCompleted,same-as-english,All {{total}} pairs matched in {{attempts}} attempts.,Review whether this should be translated or intentionally kept as-is.
it,study.json,study.noAdditionalExplanation,same-as-english,No additional explanation available.,Review whether this should be translated or intentionally kept as-is.
it,study.json,study.showExplanation,same-as-english,Show explanation,Review whether this should be translated or intentionally kept as-is.
it,study.json,study.hideExplanation,same-as-english,Hide explanation,Review whether this should be translated or intentionally kept as-is.
it,study.json,study.noQuestionFound,same-as-english,No question found for index {index},Review whether this should be translated or intentionally kept as-is.
it,study.json,study.tips.regular,same-as-english,Practice regularly for better results,Review whether this should be translated or intentionally kept as-is.
it,study.json,study.tips.review,same-as-english,Review difficult sections,Review whether this should be translated or intentionally kept as-is.
it,study.json,study.tips.progress,same-as-english,Track your progress,Review whether this should be translated or intentionally kept as-is.
it,study.json,study.self-control.description,same-as-english,Test your knowledge of self-control and emotion regulation.,Review whether this should be translated or intentionally kept as-is.
it,study.json,study.kata-basics.description,same-as-english,Test your knowledge of fundamental kata concepts and principles.,Review whether this should be translated or intentionally kept as-is.
it,study.json,study.kata-history.description,same-as-english,Learn about the historical development and origins of kata.,Review whether this should be translated or intentionally kept as-is.
it,study.json,study.philosophy-principles.description,same-as-english,Test your understanding of Goju Ryu philosophical principles.,Review whether this should be translated or intentionally kept as-is.
it,study.json,study.basic-techniques.description,same-as-english,Test your knowledge of fundamental karate techniques.,Review whether this should be translated or intentionally kept as-is.
it,study.json,study.kumite-basics.description,same-as-english,Test your knowledge of sparring fundamentals.,Review whether this should be translated or intentionally kept as-is.
it,study.json,study.history-origins.title,same-as-english,History & Origins Quiz,Review whether this should be translated or intentionally kept as-is.
it,study.json,study.history-origins.description,same-as-english,"Key people, places and origins of Goju Ryu.",Review whether this should be translated or intentionally kept as-is.
it,study.json,study.hojo-undo-basics.description,same-as-english,"Equipment names and training focus (chi-ishi, ishi sashi, nigiri game, kongoken).",Review whether this should be translated or intentionally kept as-is.
it,study.json,study.newaza-intro.description,same-as-english,Fundamental ground positions and control concepts.,Review whether this should be translated or intentionally kept as-is.
it,study.json,study.kumite-rules.description,same-as-english,"Scoring, penalties and referee commands.",Review whether this should be translated or intentionally kept as-is.
nl,study.json,study.questions.history-3.option2,same-as-english,"Fuzhou, China",Review whether this should be translated or intentionally kept as-is.
nl,study.json,study.questions.history-3.option4,same-as-english,"Taipei, Taiwan",Review whether this should be translated or intentionally kept as-is.
nl,study.json,study.questions.history-3.correct,same-as-english,"Fuzhou, China",Review whether this should be translated or intentionally kept as-is.
pt,study.json,study.questions.history-3.option2,same-as-english,"Fuzhou, China",Review whether this should be translated or intentionally kept as-is.
pt,study.json,study.questions.history-3.option4,same-as-english,"Taipei, Taiwan",Review whether this should be translated or intentionally kept as-is.
pt,study.json,study.questions.history-3.correct,same-as-english,"Fuzhou, China",Review whether this should be translated or intentionally kept as-is.
pt,study.json,studyTerminology.stances.sanchin-dachi.explanation,same-as-english,"Strong stance with feet turned inward, knees bent",Review whether this should be translated or intentionally kept as-is.
pt,study.json,studyTerminology.stances.zenkutsu-dachi.explanation,same-as-english,Forward stance with weight on front leg,Review whether this should be translated or intentionally kept as-is.
pt,study.json,studyTerminology.stances.kokutsu-dachi.explanation,same-as-english,Back stance with weight on rear leg,Review whether this should be translated or intentionally kept as-is.
pt,study.json,studyTerminology.stances.kiba-dachi.explanation,same-as-english,Horse stance with feet wide apart,Review whether this should be translated or intentionally kept as-is.
pt,study.json,studyTerminology.stances.neko-ashi-dachi.explanation,same-as-english,Cat stance with weight on back leg,Review whether this should be translated or intentionally kept as-is.
pt,study.json,studyTerminology.kicks.mae-geri.explanation,same-as-english,Kick delivered to the front with the ball of the foot,Review whether this should be translated or intentionally kept as-is.
pt,study.json,studyTerminology.kicks.yoko-geri.explanation,same-as-english,Kick delivered to the side with the edge of the foot,Review whether this should be translated or intentionally kept as-is.
pt,study.json,studyTerminology.kicks.mawashi-geri.explanation,same-as-english,Circular kick using the instep or ball of the foot,Review whether this should be translated or intentionally kept as-is.
pt,study.json,studyTerminology.kicks.ushiro-geri.explanation,same-as-english,Kick delivered backward with the heel,Review whether this should be translated or intentionally kept as-is.
pt,study.json,studyTerminology.kicks.mikazuki-geri.explanation,same-as-english,Circular kick in a crescent motion,Review whether this should be translated or intentionally kept as-is.
pt,study.json,studyTerminology.punches.seiken-tsuki.explanation,same-as-english,Basic punch with the first two knuckles,Review whether this should be translated or intentionally kept as-is.
pt,study.json,studyTerminology.punches.gyaku-tsuki.explanation,same-as-english,Punch with the opposite hand to the forward foot,Review whether this should be translated or intentionally kept as-is.
pt,study.json,studyTerminology.punches.oi-tsuki.explanation,same-as-english,Stepping punch with the same hand as the forward foot,Review whether this should be translated or intentionally kept as-is.
pt,study.json,studyTerminology.punches.kizami-tsuki.explanation,same-as-english,Quick jab punch with the front hand,Review whether this should be translated or intentionally kept as-is.
pt,study.json,studyTerminology.blocks.age-uke.explanation,same-as-english,Block that deflects attacks upward,Review whether this should be translated or intentionally kept as-is.
pt,study.json,studyTerminology.blocks.gedan-barai.explanation,same-as-english,Sweeping block for low attacks,Review whether this should be translated or intentionally kept as-is.
pt,study.json,studyTerminology.blocks.soto-uke.explanation,same-as-english,Block that deflects attacks from inside to outside,Review whether this should be translated or intentionally kept as-is.
pt,study.json,studyTerminology.blocks.uchi-uke.explanation,same-as-english,Block that deflects attacks from outside to inside,Review whether this should be translated or intentionally kept as-is.
pt,study.json,studyTerminology.kata.sanchin.explanation,same-as-english,"Represents mind, body, and spirit - the foundation kata",Review whether this should be translated or intentionally kept as-is.
pt,study.json,studyTerminology.kata.tensho.explanation,same-as-english,Soft circular movements contrasting with Sanchin's hardness,Review whether this should be translated or intentionally kept as-is.
pt,study.json,studyTerminology.kata.gekisai-dai-ichi.explanation,same-as-english,"First of the Gekisai kata, created by Chojun Miyagi",Review whether this should be translated or intentionally kept as-is.
pt,study.json,studyTerminology.kata.gekisai-dai-ni.explanation,same-as-english,"Second of the Gekisai kata, more advanced than Dai Ichi",Review whether this should be translated or intentionally kept as-is.
pt,study.json,studyTerminology.kata.saifa.explanation,same-as-english,One of the traditional kaishugata,Review whether this should be translated or intentionally kept as-is.
pt,study.json,studyTerminology.kata.seiyunchin.explanation,same-as-english,Kata focusing on close combat techniques,Review whether this should be translated or intentionally kept as-is.
pt,study.json,studyTerminology.kata.shisochin.explanation,same-as-english,Kata with techniques in four directions,Review whether this should be translated or intentionally kept as-is.
pt,study.json,studyTerminology.kata.sanseru.explanation,same-as-english,Advanced kata with 36 techniques,Review whether this should be translated or intentionally kept as-is.
pt,study.json,studyTerminology.kata.seipai.explanation,same-as-english,Advanced kata with 18 techniques,Review whether this should be translated or intentionally kept as-is.
pt,study.json,studyTerminology.kata.kururunfa.explanation,same-as-english,Advanced kata emphasizing stability and power,Review whether this should be translated or intentionally kept as-is.
pt,study.json,studyTerminology.kata.seisan.explanation,same-as-english,Advanced kata with 13 techniques,Review whether this should be translated or intentionally kept as-is.
pt,study.json,studyTerminology.kata.suparinpei.explanation,same-as-english,The most advanced kata with 108 techniques,Review whether this should be translated or intentionally kept as-is.
pt,study.json,studyTerminology.philosophy.goju-ryu.explanation,same-as-english,"The name means 'hard-soft style', combining hard and soft techniques",Review whether this should be translated or intentionally kept as-is.
pt,study.json,studyTerminology.philosophy.dojo-kun.explanation,same-as-english,The five precepts that guide karate practice,Review whether this should be translated or intentionally kept as-is.
pt,study.json,studyTerminology.philosophy.karate-do.explanation,same-as-english,"The martial art as a way of life, not just fighting",Review whether this should be translated or intentionally kept as-is.
pt,study.json,studyTerminology.philosophy.mind-body-unity.explanation,same-as-english,"The unity of mind, technique, and body in training",Review whether this should be translated or intentionally kept as-is.
pt,study.json,studyTerminology.philosophy.respect.explanation,same-as-english,Fundamental principle of respect in karate,Review whether this should be translated or intentionally kept as-is.
pt,study.json,studyTerminology.philosophy.perseverance.explanation,same-as-english,Endurance and patience in training,Review whether this should be translated or intentionally kept as-is.
pt,study.json,studyTerminology.philosophy.etiquette.explanation,same-as-english,Proper behavior and manners in the dojo,Review whether this should be translated or intentionally kept as-is.
pt,study.json,studyTerminology.philosophy.character.explanation,same-as-english,Building character through karate training,Review whether this should be translated or intentionally kept as-is.
pt,study.json,studyTerminology.philosophy.sincerity.explanation,same-as-english,Honesty and sincerity in practice,Review whether this should be translated or intentionally kept as-is.
pt,study.json,studyTerminology.philosophy.self-control.explanation,same-as-english,Controlling one's emotions and actions,Review whether this should be translated or intentionally kept as-is.
pt,study.json,studyTerminology.numbers.ichi.explanation,same-as-english,"First number, used in counting techniques",Review whether this should be translated or intentionally kept as-is.
pt,study.json,studyTerminology.numbers.ni.explanation,same-as-english,"Second number, used in counting techniques",Review whether this should be translated or intentionally kept as-is.
pt,study.json,studyTerminology.numbers.san.explanation,same-as-english,"Third number, used in counting techniques",Review whether this should be translated or intentionally kept as-is.
pt,study.json,studyTerminology.numbers.yon.explanation,same-as-english,"Fourth number, used in counting techniques",Review whether this should be translated or intentionally kept as-is.
pt,study.json,studyTerminology.numbers.go.explanation,same-as-english,"Fifth number, used in counting techniques",Review whether this should be translated or intentionally kept as-is.
pt,study.json,studyTerminology.numbers.roku.explanation,same-as-english,"Sixth number, used in counting techniques",Review whether this should be translated or intentionally kept as-is.
pt,study.json,studyTerminology.numbers.shichi.explanation,same-as-english,"Seventh number, used in counting techniques",Review whether this should be translated or intentionally kept as-is.
pt,study.json,studyTerminology.numbers.hachi.explanation,same-as-english,"Eighth number, used in counting techniques",Review whether this should be translated or intentionally kept as-is.
pt,study.json,studyTerminology.numbers.kyu.explanation,same-as-english,"Ninth number, used in counting techniques",Review whether this should be translated or intentionally kept as-is.
pt,study.json,studyTerminology.numbers.ju.explanation,same-as-english,"Tenth number, used in counting techniques",Review whether this should be translated or intentionally kept as-is.
pt,study.json,studyTerminology.general.dojo.explanation,same-as-english,The place where karate is practiced,Review whether this should be translated or intentionally kept as-is.
pt,study.json,studyTerminology.general.sensei.explanation,same-as-english,Respectful term for karate instructor,Review whether this should be translated or intentionally kept as-is.
pt,study.json,studyTerminology.general.sempai.explanation,same-as-english,Student with more experience,Review whether this should be translated or intentionally kept as-is.
pt,study.json,studyTerminology.general.kohai.explanation,same-as-english,Student with less experience,Review whether this should be translated or intentionally kept as-is.
pt,study.json,studyTerminology.general.obi.explanation,same-as-english,The belt worn with the karate uniform,Review whether this should be translated or intentionally kept as-is.
pt,study.json,studyTerminology.general.gi.explanation,same-as-english,The karate training uniform,Review whether this should be translated or intentionally kept as-is.
pt,study.json,studyTerminology.general.kumite.explanation,same-as-english,Partner training and fighting practice,Review whether this should be translated or intentionally kept as-is.
pt,study.json,studyTerminology.general.kata.explanation,same-as-english,Pre-arranged sequence of techniques,Review whether this should be translated or intentionally kept as-is.
pt,study.json,studyTerminology.general.kihon.explanation,same-as-english,Fundamental techniques and movements,Review whether this should be translated or intentionally kept as-is.
pt,study.json,studyTerminology.general.bunkai.explanation,same-as-english,Application of kata techniques,Review whether this should be translated or intentionally kept as-is.
da,techniques.json,hoeiJuku.stances.description,same-as-english,Detailed stances from the training manual,Review whether this should be translated or intentionally kept as-is.
da,techniques.json,hoeiJuku.stances.keyPoints,same-as-english,Key points for all stances,Review whether this should be translated or intentionally kept as-is.
da,techniques.json,hoeiJuku.stances.trainingTips,same-as-english,Training tips,Review whether this should be translated or intentionally kept as-is.
da,techniques.json,hoeiJuku.warmup.title,same-as-english,Hoei Juku Warm-up,Review whether this should be translated or intentionally kept as-is.
da,techniques.json,hoeiJuku.warmup.description,same-as-english,Warm-up exercises developed by Master Miyagi,Review whether this should be translated or intentionally kept as-is.
da,techniques.json,hoeiJuku.warmup.purpose,same-as-english,Purpose of warm-up,Review whether this should be translated or intentionally kept as-is.
da,techniques.json,hoeiJuku.warmup.meditation,same-as-english,Meditation (Mokuso),Review whether this should be translated or intentionally kept as-is.
da,techniques.json,hoeiJuku.warmup.sequence,same-as-english,Warm-up sequence,Review whether this should be translated or intentionally kept as-is.
da,techniques.json,hoeiJuku.warmup.strength,same-as-english,Strength and stamina exercises,Review whether this should be translated or intentionally kept as-is.
da,techniques.json,hoeiJuku.warmup.breathing,same-as-english,Breathing during exercises,Review whether this should be translated or intentionally kept as-is.
da,techniques.json,hoeiJuku.warmup.additional,same-as-english,Additional training,Review whether this should be translated or intentionally kept as-is.
da,techniques.json,hoeiJuku.warmup.principles,same-as-english,Key principles,Review whether this should be translated or intentionally kept as-is.
de,techniques.json,hoeiJuku.warmup.meditation,same-as-english,Meditation (Mokuso),Review whether this should be translated or intentionally kept as-is.
da,terminology.json,terminology.sections.training-content.terms.numbers.name,same-as-english,"Ichi, Ni, San ... Ju",Review whether this should be translated or intentionally kept as-is.
da,terminology.json,terminology.sections.training-content.terms.numbers.details,same-as-english,"Ichi, Ni, San, Shi, Go, Roku, Shichi, Hachi, Ku, Ju",Review whether this should be translated or intentionally kept as-is.
da,terminology.json,terminology.sections.training-content.terms.ashi-o-kaete.name,same-as-english,Ashi O Kaete,Review whether this should be translated or intentionally kept as-is.
da,terminology.json,terminology.sections.training-content.terms.sonoba.name,same-as-english,Sonoba (Kihon Gijutsu),Review whether this should be translated or intentionally kept as-is.
da,terminology.json,terminology.sections.training-content.terms.ido.name,same-as-english,Ido (Kihon Gijutsu),Review whether this should be translated or intentionally kept as-is.
da,terminology.json,terminology.sections.training-content.terms.tuite-waza.name,same-as-english,Tuite of Gyakute Waza,Review whether this should be translated or intentionally kept as-is.
da,terminology.json,terminology.sections.general-terms-content.terms.chinkuchi-kakin.name,same-as-english,Chinkuchi Kakin (Kimae),Review whether this should be translated or intentionally kept as-is.
da,terminology.json,terminology.sections.general-terms-content.terms.te-no-omoi.name,same-as-english,Te No Omoi (Te No Omomi),Review whether this should be translated or intentionally kept as-is.
da,terminology.json,terminology.sections.numbers-content.terms.shichi.name,same-as-english,Shichi / Nana,Review whether this should be translated or intentionally kept as-is.
da,terminology.json,terminology.sections.phrases-etiquette-content.terms.karate-gi.name,same-as-english,(Karate)gi (dogi),Review whether this should be translated or intentionally kept as-is.
da,terminology.json,terminology.sections.kicks-content.terms.kansetsu-geri.details,same-as-english,"Kansetsu Geri (Gewricht Trap) is een neerwaartse trap gericht op de knie van de tegenstander. Het wordt uitgevoerd door de voet neerwaarts te stampen, vaak met de hak. Deze techniek kan gebruikt worden om de tegenstander's been te beschadigen of hun balans te verstoren.",Review whether this should be translated or intentionally kept as-is.
da,terminology.json,terminology.sections.punches-content.terms.choku-zuki.english,same-as-english,Straight punch.,Review whether this should be translated or intentionally kept as-is.
da,terminology.json,terminology.sections.punches-content.terms.choku-zuki.details,same-as-english,Straight punch.,Review whether this should be translated or intentionally kept as-is.
da,terminology.json,terminology.sections.punches-content.terms.seiken-zuki.english,same-as-english,Punch with the fist.,Review whether this should be translated or intentionally kept as-is.
da,terminology.json,terminology.sections.punches-content.terms.seiken-zuki.details,same-as-english,Punch with the fist.,Review whether this should be translated or intentionally kept as-is.
da,terminology.json,terminology.sections.punches-content.terms.mawashi-zuki.english,same-as-english,Circular punch.,Review whether this should be translated or intentionally kept as-is.
da,terminology.json,terminology.sections.punches-content.terms.mawashi-zuki.details,same-as-english,Circular punch.,Review whether this should be translated or intentionally kept as-is.
da,terminology.json,terminology.sections.punches-content.terms.yama-zuki.english,same-as-english,Mountain punch (double punch).,Review whether this should be translated or intentionally kept as-is.
da,terminology.json,terminology.sections.punches-content.terms.yama-zuki.details,same-as-english,Mountain punch (double punch).,Review whether this should be translated or intentionally kept as-is.
da,terminology.json,terminology.sections.punches-content.terms.morote-zuki.english,same-as-english,Double punch.,Review whether this should be translated or intentionally kept as-is.
da,terminology.json,terminology.sections.punches-content.terms.morote-zuki.details,same-as-english,Double punch.,Review whether this should be translated or intentionally kept as-is.
da,terminology.json,terminology.sections.stances-content.terms.seiza.english,same-as-english,Kneeling stance (proper sitting),Review whether this should be translated or intentionally kept as-is.
da,terminology.json,terminology.sections.stances-content.terms.musubi-dachi.english,same-as-english,Standing stance,Review whether this should be translated or intentionally kept as-is.
da,terminology.json,terminology.sections.stances-content.terms.heisoku-dachi.english,same-as-english,Closed leg stance,Review whether this should be translated or intentionally kept as-is.
da,terminology.json,terminology.sections.stances-content.terms.heiko-dachi.english,same-as-english,Parallel stance,Review whether this should be translated or intentionally kept as-is.
da,terminology.json,terminology.sections.stances-content.terms.hachiji-dachi.english,same-as-english,Natural stance,Review whether this should be translated or intentionally kept as-is.
da,terminology.json,terminology.sections.stances-content.terms.kiba-dachi.english,same-as-english,Horse stance,Review whether this should be translated or intentionally kept as-is.
da,terminology.json,terminology.sections.stances-content.terms.shiko-dachi.english,same-as-english,"Horse stance, open feet",Review whether this should be translated or intentionally kept as-is.
da,terminology.json,terminology.sections.stances-content.terms.sanchin-dachi.english,same-as-english,"Three battle stance, hourglass stance",Review whether this should be translated or intentionally kept as-is.
da,terminology.json,terminology.sections.stances-content.terms.zenkutsu-dachi.english,same-as-english,Front stance,Review whether this should be translated or intentionally kept as-is.
da,terminology.json,terminology.sections.stances-content.terms.han-zenkutsu-dachi.english,same-as-english,Half front-stance,Review whether this should be translated or intentionally kept as-is.
da,terminology.json,terminology.sections.stances-content.terms.tsuru-ashi-dachi.english,same-as-english,Crane stance,Review whether this should be translated or intentionally kept as-is.
da,terminology.json,terminology.sections.stances-content.terms.kosa-dachi.english,same-as-english,Cross stance,Review whether this should be translated or intentionally kept as-is.
da,terminology.json,terminology.sections.stances-content.terms.kokotsu-dachi-alt.english,same-as-english,Back stance (alt).,Review whether this should be translated or intentionally kept as-is.
da,terminology.json,terminology.sections.stances-content.terms.kokotsu-dachi-alt.details,same-as-english,Back stance (alt).,Review whether this should be translated or intentionally kept as-is.
da,terminology.json,terminology.sections.strikes-content.terms.shuto-uchi.details,same-as-english,"Shuto Uchi (Messenhand Slag) wordt uitgevoerd met de rand van de hand (shuto). De vingers zijn gestrekt en samen, de duim is gebogen. Deze slag is effectief voor het raken van de nek, zijkant van het hoofd, of de zijkant van het lichaam. Het kan uitgevoerd worden in verschillende richtingen.",Review whether this should be translated or intentionally kept as-is.
da,terminology.json,terminology.sections.strikes-content.terms.uraken-uchi.details,same-as-english,"Uraken Uchi (Achtervuist Slag) wordt uitgevoerd met de achterkant van de vuist, vaak met een zwaaiende beweging. Het is effectief voor het raken van de zijkant van het hoofd of lichaam. Deze slag kan snel en verrassend zijn, en wordt vaak gebruikt in combinatie met andere technieken.",Review whether this should be translated or intentionally kept as-is.
da,terminology.json,terminology.sections.strikes-content.terms.tettsui-uchi.details,same-as-english,"Tettsui Uchi (Hamervuist Slag) wordt uitgevoerd met de onderkant van de vuist, waarbij de knokkels naar beneden wijzen. Het is een neerwaartse slag die effectief is voor het raken van de schouder, sleutelbeen, of de bovenkant van het hoofd. Deze slag is krachtig en kan gebruikt worden om een tegenstander te verzwakken.",Review whether this should be translated or intentionally kept as-is.
da,terminology.json,terminology.sections.strikes-content.terms.empi-uchi.details,same-as-english,"Empi Uchi (Elleboog Slag) gebruikt de elleboog als wapen. Het kan uitgevoerd worden in verschillende richtingen: naar voren, naar achteren, naar boven, of naar beneden. Deze slag is effectief op korte afstand en kan gebruikt worden om de tegenstander's hoofd, lichaam, of ledematen te raken.",Review whether this should be translated or intentionally kept as-is.
da,terminology.json,terminology.sections.strikes-content.terms.haito-uchi.details,same-as-english,"Haito Uchi (Ruggegraat Hand Slag) wordt uitgevoerd met de ruggegraat van de hand (de kant van de wijsvinger). De vingers zijn gestrekt en samen, de duim is gebogen. Deze slag is effectief voor het raken van de nek, zijkant van het hoofd, of zachte doelen zoals de ogen.",Review whether this should be translated or intentionally kept as-is.
da,terminology.json,terminology.sections.strikes-content.terms.nukite.details,same-as-english,"Nukite (Speer Hand Slag) wordt uitgevoerd met gestrekte vingers die samen zijn gehouden, waarbij de vingertoppen het doel raken. Het is een stekende techniek die effectief is voor het raken van zachte doelen zoals de ogen, keel, of zonnevlecht. Deze techniek vereist precisie en controle.",Review whether this should be translated or intentionally kept as-is.
da,terminology.json,terminology.sections.goju-ryu-techniques.grappling.ukemi-waza.english,same-as-english,Breakfall techniques.,Review whether this should be translated or intentionally kept as-is.
da,terminology.json,terminology.sections.goju-ryu-techniques.grappling.ukemi-waza.details,same-as-english,Breakfall techniques.,Review whether this should be translated or intentionally kept as-is.
da,terminology.json,terminology.sections.goju-ryu-techniques.grappling.nage-waza.english,same-as-english,Throwing techniques.,Review whether this should be translated or intentionally kept as-is.
da,terminology.json,terminology.sections.goju-ryu-techniques.grappling.nage-waza.details,same-as-english,Throwing techniques.,Review whether this should be translated or intentionally kept as-is.
da,terminology.json,terminology.sections.goju-ryu-techniques.grappling.kansetsu-waza.english,same-as-english,Joint locking techniques.,Review whether this should be translated or intentionally kept as-is.
da,terminology.json,terminology.sections.goju-ryu-techniques.grappling.kansetsu-waza.details,same-as-english,Joint locking techniques.,Review whether this should be translated or intentionally kept as-is.
da,terminology.json,terminology.sections.vital-points-content.terms.suigetsu.english,same-as-english,Solar plexus,Review whether this should be translated or intentionally kept as-is.
da,terminology.json,terminology.sections.kyusho-content.torso.suigetsu,same-as-english,Suigetsu - Solar plexus,Review whether this should be translated or intentionally kept as-is.
da,terminology.json,terminology.sections.kyusho-content.neck-head.shomon,same-as-english,Shomon - Fontanelle,Review whether this should be translated or intentionally kept as-is.
de,terminology.json,terminology.sections.training-content.terms.numbers.name,same-as-english,"Ichi, Ni, San ... Ju",Review whether this should be translated or intentionally kept as-is.
de,terminology.json,terminology.sections.training-content.terms.numbers.details,same-as-english,"Ichi, Ni, San, Shi, Go, Roku, Shichi, Hachi, Ku, Ju",Review whether this should be translated or intentionally kept as-is.
de,terminology.json,terminology.sections.training-content.terms.ashi-o-kaete.name,same-as-english,Ashi O Kaete,Review whether this should be translated or intentionally kept as-is.
de,terminology.json,terminology.sections.training-content.terms.sonoba.name,same-as-english,Sonoba (Kihon Gijutsu),Review whether this should be translated or intentionally kept as-is.
de,terminology.json,terminology.sections.training-content.terms.ido.name,same-as-english,Ido (Kihon Gijutsu),Review whether this should be translated or intentionally kept as-is.
de,terminology.json,terminology.sections.training-content.terms.tuite-waza.name,same-as-english,Tuite of Gyakute Waza,Review whether this should be translated or intentionally kept as-is.
de,terminology.json,terminology.sections.numbers-content.terms.shichi.name,same-as-english,Shichi / Nana,Review whether this should be translated or intentionally kept as-is.
de,terminology.json,terminology.sections.kyusho-content.neck-head.shomon,same-as-english,Shomon - Fontanelle,Review whether this should be translated or intentionally kept as-is.
es,terminology.json,terminology.sections.training-content.terms.numbers.name,same-as-english,"Ichi, Ni, San ... Ju",Review whether this should be translated or intentionally kept as-is.
es,terminology.json,terminology.sections.training-content.terms.numbers.details,same-as-english,"Ichi, Ni, San, Shi, Go, Roku, Shichi, Hachi, Ku, Ju",Review whether this should be translated or intentionally kept as-is.
es,terminology.json,terminology.sections.training-content.terms.ashi-o-kaete.name,same-as-english,Ashi O Kaete,Review whether this should be translated or intentionally kept as-is.
es,terminology.json,terminology.sections.training-content.terms.sonoba.name,same-as-english,Sonoba (Kihon Gijutsu),Review whether this should be translated or intentionally kept as-is.
es,terminology.json,terminology.sections.training-content.terms.ido.name,same-as-english,Ido (Kihon Gijutsu),Review whether this should be translated or intentionally kept as-is.
es,terminology.json,terminology.sections.training-content.terms.tuite-waza.name,same-as-english,Tuite of Gyakute Waza,Review whether this should be translated or intentionally kept as-is.
es,terminology.json,terminology.sections.general-terms-content.terms.chinkuchi-kakin.name,same-as-english,Chinkuchi Kakin (Kimae),Review whether this should be translated or intentionally kept as-is.
es,terminology.json,terminology.sections.general-terms-content.terms.te-no-omoi.name,same-as-english,Te No Omoi (Te No Omomi),Review whether this should be translated or intentionally kept as-is.
es,terminology.json,terminology.sections.numbers-content.terms.shichi.name,same-as-english,Shichi / Nana,Review whether this should be translated or intentionally kept as-is.
es,terminology.json,terminology.sections.phrases-etiquette-content.terms.karate-gi.name,same-as-english,(Karate)gi (dogi),Review whether this should be translated or intentionally kept as-is.
es,terminology.json,terminology.sections.kicks-content.terms.kansetsu-geri.details,same-as-english,"Kansetsu Geri (Gewricht Trap) is een neerwaartse trap gericht op de knie van de tegenstander. Het wordt uitgevoerd door de voet neerwaarts te stampen, vaak met de hak. Deze techniek kan gebruikt worden om de tegenstander's been te beschadigen of hun balans te verstoren.",Review whether this should be translated or intentionally kept as-is.
es,terminology.json,terminology.sections.stances-content.terms.kokotsu-dachi-alt.english,same-as-english,Back stance (alt).,Review whether this should be translated or intentionally kept as-is.
es,terminology.json,terminology.sections.stances-content.terms.kokotsu-dachi-alt.details,same-as-english,Back stance (alt).,Review whether this should be translated or intentionally kept as-is.
es,terminology.json,terminology.sections.strikes-content.terms.shuto-uchi.details,same-as-english,"Shuto Uchi (Messenhand Slag) wordt uitgevoerd met de rand van de hand (shuto). De vingers zijn gestrekt en samen, de duim is gebogen. Deze slag is effectief voor het raken van de nek, zijkant van het hoofd, of de zijkant van het lichaam. Het kan uitgevoerd worden in verschillende richtingen.",Review whether this should be translated or intentionally kept as-is.
es,terminology.json,terminology.sections.strikes-content.terms.uraken-uchi.details,same-as-english,"Uraken Uchi (Achtervuist Slag) wordt uitgevoerd met de achterkant van de vuist, vaak met een zwaaiende beweging. Het is effectief voor het raken van de zijkant van het hoofd of lichaam. Deze slag kan snel en verrassend zijn, en wordt vaak gebruikt in combinatie met andere technieken.",Review whether this should be translated or intentionally kept as-is.
es,terminology.json,terminology.sections.strikes-content.terms.tettsui-uchi.details,same-as-english,"Tettsui Uchi (Hamervuist Slag) wordt uitgevoerd met de onderkant van de vuist, waarbij de knokkels naar beneden wijzen. Het is een neerwaartse slag die effectief is voor het raken van de schouder, sleutelbeen, of de bovenkant van het hoofd. Deze slag is krachtig en kan gebruikt worden om een tegenstander te verzwakken.",Review whether this should be translated or intentionally kept as-is.
es,terminology.json,terminology.sections.strikes-content.terms.empi-uchi.details,same-as-english,"Empi Uchi (Elleboog Slag) gebruikt de elleboog als wapen. Het kan uitgevoerd worden in verschillende richtingen: naar voren, naar achteren, naar boven, of naar beneden. Deze slag is effectief op korte afstand en kan gebruikt worden om de tegenstander's hoofd, lichaam, of ledematen te raken.",Review whether this should be translated or intentionally kept as-is.
es,terminology.json,terminology.sections.strikes-content.terms.haito-uchi.details,same-as-english,"Haito Uchi (Ruggegraat Hand Slag) wordt uitgevoerd met de ruggegraat van de hand (de kant van de wijsvinger). De vingers zijn gestrekt en samen, de duim is gebogen. Deze slag is effectief voor het raken van de nek, zijkant van het hoofd, of zachte doelen zoals de ogen.",Review whether this should be translated or intentionally kept as-is.
es,terminology.json,terminology.sections.strikes-content.terms.nukite.details,same-as-english,"Nukite (Speer Hand Slag) wordt uitgevoerd met gestrekte vingers die samen zijn gehouden, waarbij de vingertoppen het doel raken. Het is een stekende techniek die effectief is voor het raken van zachte doelen zoals de ogen, keel, of zonnevlecht. Deze techniek vereist precisie en controle.",Review whether this should be translated or intentionally kept as-is.
es,terminology.json,terminology.sections.blocks-content.terms.jodan-uchi-uke.details,same-as-english,Jodan Uchi Uke is een binnen-naar-buiten blok gebruikt om hoge aanvallen van binnenaf af te weren.,Review whether this should be translated or intentionally kept as-is.
es,terminology.json,terminology.sections.common-content.terms.sempai.english,same-as-english,Senior student,Review whether this should be translated or intentionally kept as-is.
es,terminology.json,terminology.sections.common-content.terms.kohai.english,same-as-english,Junior student,Review whether this should be translated or intentionally kept as-is.
fr,terminology.json,terminology.sections.training-content.terms.numbers.name,same-as-english,"Ichi, Ni, San ... Ju",Review whether this should be translated or intentionally kept as-is.
fr,terminology.json,terminology.sections.training-content.terms.numbers.details,same-as-english,"Ichi, Ni, San, Shi, Go, Roku, Shichi, Hachi, Ku, Ju",Review whether this should be translated or intentionally kept as-is.
fr,terminology.json,terminology.sections.training-content.terms.ashi-o-kaete.name,same-as-english,Ashi O Kaete,Review whether this should be translated or intentionally kept as-is.
fr,terminology.json,terminology.sections.training-content.terms.sonoba.name,same-as-english,Sonoba (Kihon Gijutsu),Review whether this should be translated or intentionally kept as-is.
fr,terminology.json,terminology.sections.training-content.terms.ido.name,same-as-english,Ido (Kihon Gijutsu),Review whether this should be translated or intentionally kept as-is.
fr,terminology.json,terminology.sections.training-content.terms.tuite-waza.name,same-as-english,Tuite of Gyakute Waza,Review whether this should be translated or intentionally kept as-is.
fr,terminology.json,terminology.sections.numbers-content.terms.shichi.name,same-as-english,Shichi / Nana,Review whether this should be translated or intentionally kept as-is.
fr,terminology.json,terminology.sections.kicks-content.terms.kansetsu-geri.details,same-as-english,"Kansetsu Geri (Gewricht Trap) is een neerwaartse trap gericht op de knie van de tegenstander. Het wordt uitgevoerd door de voet neerwaarts te stampen, vaak met de hak. Deze techniek kan gebruikt worden om de tegenstander's been te beschadigen of hun balans te verstoren.",Review whether this should be translated or intentionally kept as-is.
fr,terminology.json,terminology.sections.strikes-content.terms.shuto-uchi.details,same-as-english,"Shuto Uchi (Messenhand Slag) wordt uitgevoerd met de rand van de hand (shuto). De vingers zijn gestrekt en samen, de duim is gebogen. Deze slag is effectief voor het raken van de nek, zijkant van het hoofd, of de zijkant van het lichaam. Het kan uitgevoerd worden in verschillende richtingen.",Review whether this should be translated or intentionally kept as-is.
fr,terminology.json,terminology.sections.strikes-content.terms.uraken-uchi.details,same-as-english,"Uraken Uchi (Achtervuist Slag) wordt uitgevoerd met de achterkant van de vuist, vaak met een zwaaiende beweging. Het is effectief voor het raken van de zijkant van het hoofd of lichaam. Deze slag kan snel en verrassend zijn, en wordt vaak gebruikt in combinatie met andere technieken.",Review whether this should be translated or intentionally kept as-is.
fr,terminology.json,terminology.sections.strikes-content.terms.tettsui-uchi.details,same-as-english,"Tettsui Uchi (Hamervuist Slag) wordt uitgevoerd met de onderkant van de vuist, waarbij de knokkels naar beneden wijzen. Het is een neerwaartse slag die effectief is voor het raken van de schouder, sleutelbeen, of de bovenkant van het hoofd. Deze slag is krachtig en kan gebruikt worden om een tegenstander te verzwakken.",Review whether this should be translated or intentionally kept as-is.
fr,terminology.json,terminology.sections.concepts-content.terms.ma-ai.english,same-as-english,"Distance, timing",Review whether this should be translated or intentionally kept as-is.
fr,terminology.json,terminology.sections.kata-specific-content.terms.henka.english,same-as-english,"Variation, modification",Review whether this should be translated or intentionally kept as-is.
fr,terminology.json,terminology.sections.kyusho-content.neck-head.shomon,same-as-english,Shomon - Fontanelle,Review whether this should be translated or intentionally kept as-is.
it,terminology.json,terminology.sections.equipment-weapons,same-as-english,Equipment & Weapons,Review whether this should be translated or intentionally kept as-is.
it,terminology.json,terminology.sections.karate-goju-ryu,same-as-english,Karate & Goju Ryu Terminology,Review whether this should be translated or intentionally kept as-is.
it,terminology.json,terminology.sections.tournament-terms-content.description,same-as-english,Terms commonly used in karate competition settings.,Review whether this should be translated or intentionally kept as-is.
it,terminology.json,terminology.sections.tournament-terms-content.terms.hantei,same-as-english,Decision/Judgement,Review whether this should be translated or intentionally kept as-is.
it,terminology.json,terminology.sections.tournament-terms-content.terms.keikoku,same-as-english,Official Warning (penalty),Review whether this should be translated or intentionally kept as-is.
it,terminology.json,terminology.sections.tournament-terms-content.terms.tsuzukete-hajime,same-as-english,Resume Match (after interruption),Review whether this should be translated or intentionally kept as-is.
it,terminology.json,terminology.sections.tournament-terms-content.terms.aka-no-kachi,same-as-english,Red's Victory,Review whether this should be translated or intentionally kept as-is.
it,terminology.json,terminology.sections.tournament-terms-content.terms.ao-no-kachi,same-as-english,Blue's Victory,Review whether this should be translated or intentionally kept as-is.
it,terminology.json,terminology.sections.tournament-terms-content.commandsTerms.moto-no-ichi,same-as-english,Return to Starting Position,Review whether this should be translated or intentionally kept as-is.
it,terminology.json,terminology.sections.tournament-terms-content.commandsTerms.sore-made,same-as-english,End of Match,Review whether this should be translated or intentionally kept as-is.
it,terminology.json,terminology.sections.tournament-terms-content.commandsTerms.atoshi-baraku,same-as-english,30 Seconds Remaining,Review whether this should be translated or intentionally kept as-is.
it,terminology.json,terminology.sections.tournament-terms-content.otherTerms.jogai,same-as-english,Exit from Fighting Area,Review whether this should be translated or intentionally kept as-is.
it,terminology.json,terminology.sections.tournament-terms-content.otherTerms.nukete-iru,same-as-english,Out of Target,Review whether this should be translated or intentionally kept as-is.
it,terminology.json,terminology.sections.training-content.description,same-as-english,Common terms used during karate training.,Review whether this should be translated or intentionally kept as-is.
it,terminology.json,terminology.sections.training-content.terms.junbi-undo.english,same-as-english,"Preparatory exercises, warming up",Review whether this should be translated or intentionally kept as-is.
it,terminology.json,terminology.sections.training-content.terms.kokyu-undo.english,same-as-english,Breathing exercises,Review whether this should be translated or intentionally kept as-is.
it,terminology.json,terminology.sections.training-content.terms.hojo-undo.english,same-as-english,Supplementary (strength) exercises,Review whether this should be translated or intentionally kept as-is.
it,terminology.json,terminology.sections.training-content.terms.kihon.english,same-as-english,Basic techniques,Review whether this should be translated or intentionally kept as-is.
it,terminology.json,terminology.sections.training-content.terms.kata.english,same-as-english,"Form, pattern",Review whether this should be translated or intentionally kept as-is.
it,terminology.json,terminology.sections.training-content.terms.jodan.english,same-as-english,"Upper level (head, neck, throat)",Review whether this should be translated or intentionally kept as-is.
it,terminology.json,terminology.sections.training-content.terms.jodan.details,same-as-english,"The area above the collarbone: head, neck, throat",Review whether this should be translated or intentionally kept as-is.
it,terminology.json,terminology.sections.training-content.terms.chudan.english,same-as-english,Middle level (solar plexus to collarbone),Review whether this should be translated or intentionally kept as-is.
it,terminology.json,terminology.sections.training-content.terms.chudan.details,same-as-english,From solar plexus to collarbone,Review whether this should be translated or intentionally kept as-is.
it,terminology.json,terminology.sections.training-content.terms.gedan.english,same-as-english,Lower level (solar plexus to ground),Review whether this should be translated or intentionally kept as-is.
it,terminology.json,terminology.sections.training-content.terms.gedan.details,same-as-english,From solar plexus to the ground,Review whether this should be translated or intentionally kept as-is.
it,terminology.json,terminology.sections.training-content.terms.numbers.name,same-as-english,"Ichi, Ni, San ... Ju",Review whether this should be translated or intentionally kept as-is.
it,terminology.json,terminology.sections.training-content.terms.numbers.english,same-as-english,"One, two, three ... ten",Review whether this should be translated or intentionally kept as-is.
it,terminology.json,terminology.sections.training-content.terms.numbers.details,same-as-english,"Ichi, Ni, San, Shi, Go, Roku, Shichi, Hachi, Ku, Ju",Review whether this should be translated or intentionally kept as-is.
it,terminology.json,terminology.sections.training-content.terms.ashi-o-kaete.name,same-as-english,Ashi O Kaete,Review whether this should be translated or intentionally kept as-is.
it,terminology.json,terminology.sections.training-content.terms.te-o-kaete.english,same-as-english,Change hands,Review whether this should be translated or intentionally kept as-is.
it,terminology.json,terminology.sections.training-content.terms.go-waza.english,same-as-english,"Hard techniques (strikes, punches, kicks)",Review whether this should be translated or intentionally kept as-is.
it,terminology.json,terminology.sections.training-content.terms.go-waza.details,same-as-english,"Like punches, strikes and kicks",Review whether this should be translated or intentionally kept as-is.
it,terminology.json,terminology.sections.training-content.terms.ju-waza.english,same-as-english,"Soft techniques (throws, locks, chokes)",Review whether this should be translated or intentionally kept as-is.
it,terminology.json,terminology.sections.training-content.terms.ju-waza.details,same-as-english,"Like throws, locks, chokes and attacks to vital points",Review whether this should be translated or intentionally kept as-is.
it,terminology.json,terminology.sections.training-content.terms.o-waza.english,same-as-english,Major techniques (large movements),Review whether this should be translated or intentionally kept as-is.
it,terminology.json,terminology.sections.training-content.terms.o-waza.details,same-as-english,"Execution of techniques with large, forceful movements (more ‘go’)",Review whether this should be translated or intentionally kept as-is.
it,terminology.json,terminology.sections.training-content.terms.ko-waza.english,same-as-english,"Minor techniques (small, refined movements)",Review whether this should be translated or intentionally kept as-is.
it,terminology.json,terminology.sections.training-content.terms.ko-waza.details,same-as-english,"Execution of techniques with refined, small movements (more ‘ju’)",Review whether this should be translated or intentionally kept as-is.
it,terminology.json,terminology.sections.training-content.terms.sonoba.name,same-as-english,Sonoba (Kihon Gijutsu),Review whether this should be translated or intentionally kept as-is.
it,terminology.json,terminology.sections.training-content.terms.sonoba.english,same-as-english,Static basic movements,Review whether this should be translated or intentionally kept as-is.
it,terminology.json,terminology.sections.training-content.terms.ido.name,same-as-english,Ido (Kihon Gijutsu),Review whether this should be translated or intentionally kept as-is.
it,terminology.json,terminology.sections.training-content.terms.ido.english,same-as-english,Moving basic movements,Review whether this should be translated or intentionally kept as-is.
it,terminology.json,terminology.sections.training-content.terms.uke-waza.english,same-as-english,Blocking techniques,Review whether this should be translated or intentionally kept as-is.
it,terminology.json,terminology.sections.training-content.terms.zuki-waza.english,same-as-english,Punching techniques,Review whether this should be translated or intentionally kept as-is.
it,terminology.json,terminology.sections.training-content.terms.uchi-waza.english,same-as-english,Striking techniques,Review whether this should be translated or intentionally kept as-is.
it,terminology.json,terminology.sections.training-content.terms.keri-waza.english,same-as-english,Kicking techniques,Review whether this should be translated or intentionally kept as-is.
it,terminology.json,terminology.sections.training-content.terms.ne-waza.english,same-as-english,Ground techniques,Review whether this should be translated or intentionally kept as-is.
it,terminology.json,terminology.sections.training-content.terms.tuite-waza.name,same-as-english,Tuite of Gyakute Waza,Review whether this should be translated or intentionally kept as-is.
it,terminology.json,terminology.sections.training-content.terms.tuite-waza.english,same-as-english,Grappling/seizing techniques,Review whether this should be translated or intentionally kept as-is.
it,terminology.json,terminology.sections.training-content.terms.tuite-waza.details,same-as-english,(see also Ju Waza). Literally: 'seizing hands'.,Review whether this should be translated or intentionally kept as-is.
it,terminology.json,terminology.sections.movement-content.description,same-as-english,"Movements (Gi Jutsu), Footwork (Unsoku ho) and Postures (Kamae).",Review whether this should be translated or intentionally kept as-is.
it,terminology.json,terminology.sections.movement-content.terms.tenshin.english,same-as-english,Movement / Body shifting.,Review whether this should be translated or intentionally kept as-is.
it,terminology.json,terminology.sections.movement-content.terms.tenshin.details,same-as-english,Movement / Body shifting.,Review whether this should be translated or intentionally kept as-is.
it,terminology.json,terminology.sections.movement-content.terms.tai-sabaki.english,same-as-english,Body movement / Evasion.,Review whether this should be translated or intentionally kept as-is.
it,terminology.json,terminology.sections.movement-content.terms.tai-sabaki.details,same-as-english,Body movement / Evasion.,Review whether this should be translated or intentionally kept as-is.
it,terminology.json,terminology.sections.movement-content.terms.tai-hiraki.english,same-as-english,Body opening (evasion),Review whether this should be translated or intentionally kept as-is.
it,terminology.json,terminology.sections.movement-content.terms.tai-otoshi.english,same-as-english,Body drop (evasion),Review whether this should be translated or intentionally kept as-is.
it,terminology.json,terminology.sections.movement-content.terms.suri-ashi.english,same-as-english,Sliding step.,Review whether this should be translated or intentionally kept as-is.
it,terminology.json,terminology.sections.movement-content.terms.suri-ashi.details,same-as-english,Sliding step.,Review whether this should be translated or intentionally kept as-is.
it,terminology.json,terminology.sections.movement-content.terms.tsugi-ashi.english,same-as-english,Shuffling step / Follow-foot step,Review whether this should be translated or intentionally kept as-is.
it,terminology.json,terminology.sections.movement-content.terms.ayumi-ashi.english,same-as-english,Natural walking step,Review whether this should be translated or intentionally kept as-is.
it,terminology.json,terminology.sections.movement-content.terms.hiki-ashi.english,same-as-english,Pulling back the leg/foot,Review whether this should be translated or intentionally kept as-is.
it,terminology.json,terminology.sections.movement-content.terms.tako-ashi.english,same-as-english,Octopus foot,Review whether this should be translated or intentionally kept as-is.
it,terminology.json,terminology.sections.movement-content.terms.hanmi.english,same-as-english,Half-turned body,Review whether this should be translated or intentionally kept as-is.
it,terminology.json,terminology.sections.movement-content.terms.yoi-no-kamae.name,same-as-english,Yoi No Kamae (Musubi Dachi No Kamae),Review whether this should be translated or intentionally kept as-is.
it,terminology.json,terminology.sections.movement-content.terms.yoi-no-kamae.english,same-as-english,Ready posture,Review whether this should be translated or intentionally kept as-is.
it,terminology.json,terminology.sections.movement-content.terms.yoi-no-kamae.details,same-as-english,Starting posture in kata,Review whether this should be translated or intentionally kept as-is.
it,terminology.json,terminology.sections.movement-content.terms.gedan-no-kamae.english,same-as-english,Lower level posture,Review whether this should be translated or intentionally kept as-is.
it,terminology.json,terminology.sections.movement-content.terms.chudan-no-kamae.english,same-as-english,Middle level posture,Review whether this should be translated or intentionally kept as-is.
it,terminology.json,terminology.sections.movement-content.terms.jodan-no-kamae.english,same-as-english,Upper level posture,Review whether this should be translated or intentionally kept as-is.
it,terminology.json,terminology.sections.movement-content.terms.mu-kamae.english,same-as-english,No posture / Formless stance,Review whether this should be translated or intentionally kept as-is.
it,terminology.json,terminology.sections.movement-content.terms.mu-kamae.details,same-as-english,Literally: 'no fighting posture',Review whether this should be translated or intentionally kept as-is.
it,terminology.json,terminology.sections.hojo-undo-content.description,same-as-english,Traditional training tools and exercises (Hojo Undo) for strength and conditioning.,Review whether this should be translated or intentionally kept as-is.
it,terminology.json,terminology.sections.hojo-undo-content.terms.chi-ishi.english,same-as-english,Stone hammer.,Review whether this should be translated or intentionally kept as-is.
it,terminology.json,terminology.sections.hojo-undo-content.terms.chi-ishi.details,same-as-english,Stone hammer.,Review whether this should be translated or intentionally kept as-is.
it,terminology.json,terminology.sections.hojo-undo-content.terms.nigiri-game.english,same-as-english,Gripping jars.,Review whether this should be translated or intentionally kept as-is.
it,terminology.json,terminology.sections.hojo-undo-content.terms.nigiri-game.details,same-as-english,Gripping jars.,Review whether this should be translated or intentionally kept as-is.
it,terminology.json,terminology.sections.hojo-undo-content.terms.makiwara.english,same-as-english,Striking post.,Review whether this should be translated or intentionally kept as-is.
it,terminology.json,terminology.sections.hojo-undo-content.terms.makiwara.details,same-as-english,Striking post.,Review whether this should be translated or intentionally kept as-is.
it,terminology.json,terminology.sections.hojo-undo-content.terms.kongoken.english,same-as-english,Iron oval (Hawaii ring).,Review whether this should be translated or intentionally kept as-is.
it,terminology.json,terminology.sections.hojo-undo-content.terms.kongoken.details,same-as-english,Iron oval (Hawaii ring).,Review whether this should be translated or intentionally kept as-is.
it,terminology.json,terminology.sections.hojo-undo-content.terms.ishi-sashi.english,same-as-english,Stone padlocks.,Review whether this should be translated or intentionally kept as-is.
it,terminology.json,terminology.sections.hojo-undo-content.terms.ishi-sashi.details,same-as-english,Stone padlocks.,Review whether this should be translated or intentionally kept as-is.
it,terminology.json,terminology.sections.hojo-undo-content.terms.sashi-ishi.english,same-as-english,Natural stones.,Review whether this should be translated or intentionally kept as-is.
it,terminology.json,terminology.sections.hojo-undo-content.terms.sashi-ishi.details,same-as-english,Natural stones.,Review whether this should be translated or intentionally kept as-is.
it,terminology.json,terminology.sections.hojo-undo-content.terms.tetsu-geta.details,same-as-english,Heavy sandals for leg training,Review whether this should be translated or intentionally kept as-is.
it,terminology.json,terminology.sections.hojo-undo-content.terms.tou.details,same-as-english,Or Jari Bako (gravel box) for finger and hand training (Nukite),Review whether this should be translated or intentionally kept as-is.
it,terminology.json,terminology.sections.anatomical-weapons-content.description,same-as-english,Anatomical weapons (body parts used for attack and defense).,Review whether this should be translated or intentionally kept as-is.
it,terminology.json,terminology.sections.anatomical-weapons-content.terms.tateken.english,same-as-english,Vertical fist,Review whether this should be translated or intentionally kept as-is.
it,terminology.json,terminology.sections.anatomical-weapons-content.terms.tettsui.details,same-as-english,Literally: 'iron hammer',Review whether this should be translated or intentionally kept as-is.
it,terminology.json,terminology.sections.anatomical-weapons-content.terms.shuto.details,same-as-english,Literally: 'sword hand',Review whether this should be translated or intentionally kept as-is.
it,terminology.json,terminology.sections.anatomical-weapons-content.terms.shotei.details,same-as-english,Usually called 'open hand' in blocks,Review whether this should be translated or intentionally kept as-is.
it,terminology.json,terminology.sections.anatomical-weapons-content.terms.haishu.english,same-as-english,Back of the hand,Review whether this should be translated or intentionally kept as-is.
it,terminology.json,terminology.sections.anatomical-weapons-content.terms.nukite.details,same-as-english,Nihon Nukite: Two-finger hand,Review whether this should be translated or intentionally kept as-is.
it,terminology.json,terminology.sections.anatomical-weapons-content.terms.nakadakaken.english,same-as-english,Middle finger knuckle fist,Review whether this should be translated or intentionally kept as-is.
it,terminology.json,terminology.sections.anatomical-weapons-content.terms.nakadakaken.details,same-as-english,"With the middle finger knuckle, as in Sepai",Review whether this should be translated or intentionally kept as-is.
it,terminology.json,terminology.sections.anatomical-weapons-content.terms.keikoken.english,same-as-english,Index finger knuckle fist / Phoenix hand,Review whether this should be translated or intentionally kept as-is.
it,terminology.json,terminology.sections.anatomical-weapons-content.terms.keikoken.details,same-as-english,Literally: 'Chicken beak fist',Review whether this should be translated or intentionally kept as-is.
it,terminology.json,terminology.sections.anatomical-weapons-content.terms.hiraken.english,same-as-english,Flat knuckles fist,Review whether this should be translated or intentionally kept as-is.
it,terminology.json,terminology.sections.anatomical-weapons-content.terms.hiraken.details,same-as-english,"Using the middle knuckles, as in Sepai",Review whether this should be translated or intentionally kept as-is.
it,terminology.json,terminology.sections.anatomical-weapons-content.terms.koken.english,same-as-english,Bent wrist / Arc fist,Review whether this should be translated or intentionally kept as-is.
it,terminology.json,terminology.sections.anatomical-weapons-content.terms.sokko.name,same-as-english,Sokko (Haisoku),Review whether this should be translated or intentionally kept as-is.
it,terminology.json,terminology.sections.anatomical-weapons-content.terms.sokuto.name,same-as-english,Sokutei or Sokuto,Review whether this should be translated or intentionally kept as-is.
it,terminology.json,terminology.sections.anatomical-weapons-content.terms.sokuto.english,same-as-english,Sole / Edge of the foot,Review whether this should be translated or intentionally kept as-is.
it,terminology.json,terminology.sections.anatomical-weapons-content.terms.josokutei.english,same-as-english,Ball of the foot,Review whether this should be translated or intentionally kept as-is.
it,terminology.json,terminology.sections.anatomical-weapons-content.terms.kasokutei.english,same-as-english,Inner edge of foot,Review whether this should be translated or intentionally kept as-is.
it,terminology.json,terminology.sections.anatomical-weapons-content.terms.kasokutei.details,same-as-english,At the instep and heel,Review whether this should be translated or intentionally kept as-is.
it,terminology.json,terminology.sections.general-terms-content.description,same-as-english,Commonly used Japanese terms in a martial arts context.,Review whether this should be translated or intentionally kept as-is.
it,terminology.json,terminology.sections.general-terms-content.terms.dojo.english,same-as-english,"Training hall, place of the way",Review whether this should be translated or intentionally kept as-is.
it,terminology.json,terminology.sections.general-terms-content.terms.sensei.english,same-as-english,"Teacher, instructor (one who has gone before)",Review whether this should be translated or intentionally kept as-is.
it,terminology.json,terminology.sections.general-terms-content.terms.sempai.english,same-as-english,Senior student,Review whether this should be translated or intentionally kept as-is.
it,terminology.json,terminology.sections.general-terms-content.terms.kohai.english,same-as-english,Junior student,Review whether this should be translated or intentionally kept as-is.
it,terminology.json,terminology.sections.general-terms-content.terms.gi.english,same-as-english,Training uniform,Review whether this should be translated or intentionally kept as-is.
it,terminology.json,terminology.sections.general-terms-content.terms.reishiki.english,same-as-english,"Etiquette, manners",Review whether this should be translated or intentionally kept as-is.
it,terminology.json,terminology.sections.general-terms-content.terms.karate.details,same-as-english,"Martial art, fighting art, the art in which both body and mind are trained for (daily) health; in emergencies it is a self-defense art that does not use weapons. Literally: 'empty hand'. This martial art was previously referred to as 'Tode'.",Review whether this should be translated or intentionally kept as-is.
it,terminology.json,terminology.sections.general-terms-content.terms.karate-do.english,same-as-english,The way of the empty hand,Review whether this should be translated or intentionally kept as-is.
it,terminology.json,terminology.sections.general-terms-content.terms.karate-do.details,same-as-english,Like 'Karate'. Literally: 'the way of the empty hand'. The addition 'do' is commonly used to emphasize the mental and spiritual development of the practitioner.,Review whether this should be translated or intentionally kept as-is.
it,terminology.json,terminology.sections.general-terms-content.terms.okinawa.english,same-as-english,Largest island of the Ryukyu islands,Review whether this should be translated or intentionally kept as-is.
it,terminology.json,terminology.sections.general-terms-content.terms.okinawa.details,same-as-english,"Largest island of the Ryukyu islands south of Japan off the coast of China, which politically belongs to Japan. Okinawa is more than 100 km long and between 5 and 20 km wide. This is where karate was originally developed, with Chinese Kempo as an important source, such as crane boxing.",Review whether this should be translated or intentionally kept as-is.
it,terminology.json,terminology.sections.general-terms-content.terms.nahate.english,same-as-english,Old name for the martial art in Naha,Review whether this should be translated or intentionally kept as-is.
it,terminology.json,terminology.sections.general-terms-content.terms.nahate.details,same-as-english,"Old name for the martial art practiced in the town of Naha in Okinawa. Besides Goyu-ryu, this is also the basis for karate styles such as Uechi-ryu and Pangai-noon-ryu.",Review whether this should be translated or intentionally kept as-is.
it,terminology.json,terminology.sections.general-terms-content.terms.shurite-tomarite.name,same-as-english,Shurite and Tomarite,Review whether this should be translated or intentionally kept as-is.
it,terminology.json,terminology.sections.general-terms-content.terms.shurite-tomarite.english,same-as-english,Old names for martial arts from Shuri and Tomari,Review whether this should be translated or intentionally kept as-is.
it,terminology.json,terminology.sections.general-terms-content.terms.shurite-tomarite.details,same-as-english,"Old names for martial arts from the Okinawan towns of Shuri and Tomari (these are now districts of the metropolis Naha); the basis of several other karate styles. In Japan, Shotokan and Wado ryu originated from a combination of Shuri-te and Tomari-te. Kyokushin Kai-karate emerged from Shotokan and Goju Kai.",Review whether this should be translated or intentionally kept as-is.
it,terminology.json,terminology.sections.general-terms-content.terms.kobudo.english,same-as-english,Okinawan martial art with weapons,Review whether this should be translated or intentionally kept as-is.
it,terminology.json,terminology.sections.general-terms-content.terms.kobudo.details,same-as-english,"Okinawan martial art that uses 'weapons' (most commonly used: 183 cm staff (Bo), (small) trident (Sai), two sticks connected by a chain (Nunchaku, flail), sickle-shaped wooden weapon (Kama) and sword (Katana)).",Review whether this should be translated or intentionally kept as-is.
it,terminology.json,terminology.sections.general-terms-content.terms.kempo-hakku.english,same-as-english,The eight laws of the fist,Review whether this should be translated or intentionally kept as-is.
it,terminology.json,terminology.sections.general-terms-content.terms.kempo-hakku.details,same-as-english,Poem 'The eight laws of the fist'.,Review whether this should be translated or intentionally kept as-is.
it,terminology.json,terminology.sections.general-terms-content.terms.budo.english,same-as-english,The way of the warrior,Review whether this should be translated or intentionally kept as-is.
it,terminology.json,terminology.sections.general-terms-content.terms.budo.details,same-as-english,The 'way of the warrior' as a lifestyle/philosophy/(life's)way.,Review whether this should be translated or intentionally kept as-is.
it,terminology.json,terminology.sections.general-terms-content.terms.kenkon.english,same-as-english,Heaven and earth,Review whether this should be translated or intentionally kept as-is.
it,terminology.json,terminology.sections.general-terms-content.terms.kenkon.details,same-as-english,"Literally: 'heaven and earth'; symbol of the International Okinawan Goju-ryu Karate-do Federation (IOGKF). It was conceived by Chojun Miyagi, founder of Goju-Ryu karate. In the Netherlands, Goju-Ryu was introduced by Harry de Spa.",Review whether this should be translated or intentionally kept as-is.
it,terminology.json,terminology.sections.general-terms-content.terms.tanden.english,same-as-english,Energy center,Review whether this should be translated or intentionally kept as-is.
it,terminology.json,terminology.sections.general-terms-content.terms.tanden.details,same-as-english,"Energetic and psycho-physical center of the body. In a natural stance, the tanden is located at the midpoint of the body.",Review whether this should be translated or intentionally kept as-is.
it,terminology.json,terminology.sections.general-terms-content.terms.hara.english,same-as-english,Lower abdomen,Review whether this should be translated or intentionally kept as-is.
it,terminology.json,terminology.sections.general-terms-content.terms.hara.details,same-as-english,"Literally: 'lower abdomen', in practice the same as tanden.",Review whether this should be translated or intentionally kept as-is.
it,terminology.json,terminology.sections.general-terms-content.terms.ki.english,same-as-english,Vital energy,Review whether this should be translated or intentionally kept as-is.
it,terminology.json,terminology.sections.general-terms-content.terms.ki.details,same-as-english,"(The experience of) Vital energy or life force; often referred to with concepts such as breathing energy, breathing power, etc., also translated as 'spirit'. Manifestation of the unity of body, breath and spirit. In Chinese referred to as Qi.",Review whether this should be translated or intentionally kept as-is.
it,terminology.json,terminology.sections.general-terms-content.terms.chinkuchi-kakin.name,same-as-english,Chinkuchi Kakin (Kimae),Review whether this should be translated or intentionally kept as-is.
it,terminology.json,terminology.sections.general-terms-content.terms.chinkuchi-kakin.english,same-as-english,Directing force,Review whether this should be translated or intentionally kept as-is.
it,terminology.json,terminology.sections.general-terms-content.terms.chinkuchi-kakin.details,same-as-english,Directing force; short and focused tension of the muscles at the moment of impact.,Review whether this should be translated or intentionally kept as-is.
it,terminology.json,terminology.sections.general-terms-content.terms.muchimi.english,same-as-english,"Okinawan concept for slow, flowing, heavy, sticky movement.",Review whether this should be translated or intentionally kept as-is.
it,terminology.json,terminology.sections.general-terms-content.terms.muchimi.details,same-as-english,"Okinawan concept for slow, flowing, heavy, sticky movement.",Review whether this should be translated or intentionally kept as-is.
it,terminology.json,terminology.sections.general-terms-content.terms.chiru-no-chan-chan.english,same-as-english,Explosive force,Review whether this should be translated or intentionally kept as-is.
it,terminology.json,terminology.sections.general-terms-content.terms.chiru-no-chan-chan.details,same-as-english,"Explosive force, spring force, starting force, initial force, push-off force or initial impulse. It relates to the force exerted at the beginning of the movement, which (also) comes from a reaction to an opponent's movement.",Review whether this should be translated or intentionally kept as-is.
it,terminology.json,terminology.sections.general-terms-content.terms.chikara.details,same-as-english,"Power, lively and powerful movement; movement that is charged by 'ki'.",Review whether this should be translated or intentionally kept as-is.
it,terminology.json,terminology.sections.general-terms-content.terms.chikara-no-nujisashi.english,same-as-english,Tension and relaxation,Review whether this should be translated or intentionally kept as-is.
it,terminology.json,terminology.sections.general-terms-content.terms.chikara-no-nujisashi.details,same-as-english,"Alternation between tension and relaxation. More extensively: the entering and exiting of force, in conjunction with the alternation of tension and relaxation. The term 'nujisashi' separately is used for the calmer, more controlled parts of the kata.",Review whether this should be translated or intentionally kept as-is.
it,terminology.json,terminology.sections.general-terms-content.terms.shimejurasan.english,same-as-english,Perfect execution,Review whether this should be translated or intentionally kept as-is.
it,terminology.json,terminology.sections.general-terms-content.terms.shimejurasan.details,same-as-english,The perfect execution of the kata.,Review whether this should be translated or intentionally kept as-is.
it,terminology.json,terminology.sections.general-terms-content.terms.te-no-omoi.name,same-as-english,Te No Omoi (Te No Omomi),Review whether this should be translated or intentionally kept as-is.
it,terminology.json,terminology.sections.general-terms-content.terms.te-no-omoi.details,same-as-english,Literally: 'heavy hands'. The impact of the technique in Te no omomi comes from the weight and acceleration given to a hand (arm) or foot (leg).,Review whether this should be translated or intentionally kept as-is.
it,terminology.json,terminology.sections.general-terms-content.terms.sen-no-sen.english,same-as-english,Taking initiative,Review whether this should be translated or intentionally kept as-is.
it,terminology.json,terminology.sections.general-terms-content.terms.sen-no-sen.details,same-as-english,Taking initiative.,Review whether this should be translated or intentionally kept as-is.
it,terminology.json,terminology.sections.general-terms-content.terms.go-no-sen.english,same-as-english,Taking initiative later,Review whether this should be translated or intentionally kept as-is.
it,terminology.json,terminology.sections.general-terms-content.terms.go-no-sen.details,same-as-english,Taking initiative later.,Review whether this should be translated or intentionally kept as-is.
it,terminology.json,terminology.sections.general-terms-content.terms.kiai.name,same-as-english,Kiai (or Yagui),Review whether this should be translated or intentionally kept as-is.
it,terminology.json,terminology.sections.general-terms-content.terms.kiai.english,same-as-english,Spirit shout,Review whether this should be translated or intentionally kept as-is.
it,terminology.json,terminology.sections.general-terms-content.terms.kiai.details,same-as-english,"Shout, where the force is concentrated and directed (literally: 'coming together or harmonization of life force and spirit').",Review whether this should be translated or intentionally kept as-is.
it,terminology.json,terminology.sections.general-terms-content.terms.ma-ai.english,same-as-english,Fighting distance,Review whether this should be translated or intentionally kept as-is.
it,terminology.json,terminology.sections.general-terms-content.terms.ma-ai.details,same-as-english,Fighting distance.,Review whether this should be translated or intentionally kept as-is.
it,terminology.json,terminology.sections.general-terms-content.terms.ma.english,same-as-english,Internal timing,Review whether this should be translated or intentionally kept as-is.
it,terminology.json,terminology.sections.general-terms-content.terms.ma.details,same-as-english,"Internal timing; performing the technique in accordance with the rhythm of the synchronization of body, breath and spirit.",Review whether this should be translated or intentionally kept as-is.
it,terminology.json,terminology.sections.general-terms-content.terms.nin.details,same-as-english,"Perseverance, persistence.",Review whether this should be translated or intentionally kept as-is.
it,terminology.json,terminology.sections.general-terms-content.terms.zanshin.english,same-as-english,Lingering attention,Review whether this should be translated or intentionally kept as-is.
it,terminology.json,terminology.sections.general-terms-content.terms.zanshin.details,same-as-english,"Lingering attention and alertness, fighting attention. Literally: 'lingering heart'.",Review whether this should be translated or intentionally kept as-is.
it,terminology.json,terminology.sections.general-terms-content.terms.heijoshin.english,same-as-english,Balanced calm mind,Review whether this should be translated or intentionally kept as-is.
it,terminology.json,terminology.sections.general-terms-content.terms.heijoshin.details,same-as-english,Balanced calm mind.,Review whether this should be translated or intentionally kept as-is.
it,terminology.json,terminology.sections.general-terms-content.terms.mushin.details,same-as-english,Literally: 'no mind'.,Review whether this should be translated or intentionally kept as-is.
it,terminology.json,terminology.sections.general-terms-content.terms.haragei.english,same-as-english,Gut feeling approach,Review whether this should be translated or intentionally kept as-is.
it,terminology.json,terminology.sections.general-terms-content.terms.haragei.details,same-as-english,The confidence felt in the lower abdomen to handle (engage with) any situation. Literally: 'the approach from your hara'.,Review whether this should be translated or intentionally kept as-is.
it,terminology.json,terminology.sections.general-terms-content.terms.isshin.details,same-as-english,"Complete devotion, one point of attention. Literally: 'one heart'.",Review whether this should be translated or intentionally kept as-is.
it,terminology.json,terminology.sections.general-terms-content.terms.seishin.details,same-as-english,"Spirit, energetic, spiritual power.",Review whether this should be translated or intentionally kept as-is.
it,terminology.json,terminology.sections.general-terms-content.terms.seishin-tanren.details,same-as-english,Literally: 'continuing (flow) of ki'.,Review whether this should be translated or intentionally kept as-is.
it,terminology.json,terminology.sections.general-terms-content.terms.kokyu.details,same-as-english,"Breath, also breath, body and spirit.",Review whether this should be translated or intentionally kept as-is.
it,terminology.json,terminology.sections.numbers-content.description,same-as-english,Japanese numbering system used for counting in training.,Review whether this should be translated or intentionally kept as-is.
it,terminology.json,terminology.sections.numbers-content.terms.shichi.name,same-as-english,Shichi / Nana,Review whether this should be translated or intentionally kept as-is.
it,terminology.json,terminology.sections.equipment-weapons-content.description,same-as-english,Terms related to training equipment and traditional Okinawan weapons sometimes associated with Karate practice.,Review whether this should be translated or intentionally kept as-is.
it,terminology.json,terminology.sections.equipment-weapons-content.terms.makiwara.english,same-as-english,Striking post,Review whether this should be translated or intentionally kept as-is.
it,terminology.json,terminology.sections.equipment-weapons-content.terms.bo.english,same-as-english,Long staff (approx. 6 ft),Review whether this should be translated or intentionally kept as-is.
it,terminology.json,terminology.sections.equipment-weapons-content.terms.sai.english,same-as-english,Three-pronged truncheon,Review whether this should be translated or intentionally kept as-is.
it,terminology.json,terminology.sections.equipment-weapons-content.terms.tonfa.english,same-as-english,Side-handled baton,Review whether this should be translated or intentionally kept as-is.
it,terminology.json,terminology.sections.equipment-weapons-content.terms.nunchaku.english,same-as-english,Flail (two sections linked by chain/rope),Review whether this should be translated or intentionally kept as-is.
it,terminology.json,terminology.sections.karate-goju-ryu-content.description,same-as-english,Fundamental terms specific to Karate and the Goju-Ryu style.,Review whether this should be translated or intentionally kept as-is.
it,terminology.json,terminology.sections.karate-goju-ryu-content.terms.karate-do.english,same-as-english,The Way of the Empty Hand,Review whether this should be translated or intentionally kept as-is.
it,terminology.json,terminology.sections.karate-goju-ryu-content.terms.kumite.english,same-as-english,"Sparring, grappling hands",Review whether this should be translated or intentionally kept as-is.
it,terminology.json,terminology.sections.karate-goju-ryu-content.terms.kata.english,same-as-english,"Form, pattern",Review whether this should be translated or intentionally kept as-is.
it,terminology.json,terminology.sections.karate-goju-ryu-content.terms.bunkai.english,same-as-english,"Analysis, application of kata",Review whether this should be translated or intentionally kept as-is.
it,terminology.json,terminology.sections.karate-titles-content.description,same-as-english,Titles and ranks used in Karate.,Review whether this should be translated or intentionally kept as-is.
it,terminology.json,terminology.sections.karate-titles-content.instructorTitles.terms.hanshi.english,same-as-english,Head Person of an Organization,Review whether this should be translated or intentionally kept as-is.
it,terminology.json,terminology.sections.karate-titles-content.instructorTitles.terms.shihan.english,same-as-english,"Master Instructor, Teacher of Teachers",Review whether this should be translated or intentionally kept as-is.
it,terminology.json,terminology.sections.karate-titles-content.studentTitles.terms.uchiDeshi.english,same-as-english,Live-in Student,Review whether this should be translated or intentionally kept as-is.
it,terminology.json,terminology.sections.karate-titles-content.genericTerms.kyu.english,same-as-english,"Rank (colored belts, below black belt)",Review whether this should be translated or intentionally kept as-is.
it,terminology.json,terminology.sections.karate-titles-content.genericTerms.dan.english,same-as-english,Level (black belt ranks),Review whether this should be translated or intentionally kept as-is.
it,terminology.json,terminology.sections.karate-titles-content.genericTerms.shodan.english,same-as-english,First level black belt,Review whether this should be translated or intentionally kept as-is.
it,terminology.json,terminology.sections.karate-titles-content.genericTerms.sensei.english,same-as-english,"Teacher, instructor",Review whether this should be translated or intentionally kept as-is.
it,terminology.json,terminology.sections.karate-titles-content.genericTerms.shihan.english,same-as-english,"Master instructor, teacher of teachers",Review whether this should be translated or intentionally kept as-is.
it,terminology.json,terminology.sections.karate-titles-content.genericTerms.renshi.english,same-as-english,Polished instructor (a teaching title),Review whether this should be translated or intentionally kept as-is.
it,terminology.json,terminology.sections.karate-titles-content.genericTerms.kyoshi.english,same-as-english,Advanced teacher (a teaching title),Review whether this should be translated or intentionally kept as-is.
it,terminology.json,terminology.sections.karate-titles-content.genericTerms.hanshi.english,same-as-english,"Exemplary teacher, master (a teaching title)",Review whether this should be translated or intentionally kept as-is.
it,terminology.json,terminology.sections.phrases-etiquette-content.description,same-as-english,Common phrases and etiquette expressions used in the dojo.,Review whether this should be translated or intentionally kept as-is.
it,terminology.json,terminology.sections.phrases-etiquette-content.terms.dojo.english,same-as-english,Training hall,Review whether this should be translated or intentionally kept as-is.
it,terminology.json,terminology.sections.phrases-etiquette-content.terms.dojo.details,same-as-english,"Training hall, literally: 'place of the way'",Review whether this should be translated or intentionally kept as-is.
it,terminology.json,terminology.sections.phrases-etiquette-content.terms.dojo-kun.details,same-as-english,The rules/precepts of the dojo,Review whether this should be translated or intentionally kept as-is.
it,terminology.json,terminology.sections.phrases-etiquette-content.terms.shomen.details,same-as-english,Front of the training hall,Review whether this should be translated or intentionally kept as-is.
it,terminology.json,terminology.sections.phrases-etiquette-content.terms.shinden.details,same-as-english,Altar; symbolic residence of the founders of Okinawa Goju-Ryu Karate,Review whether this should be translated or intentionally kept as-is.
it,terminology.json,terminology.sections.phrases-etiquette-content.terms.reigi.details,same-as-english,"Etiquette, manners, forms of respect",Review whether this should be translated or intentionally kept as-is.
it,terminology.json,terminology.sections.phrases-etiquette-content.terms.shugo.english,same-as-english,Gather / Line up,Review whether this should be translated or intentionally kept as-is.
it,terminology.json,terminology.sections.phrases-etiquette-content.terms.shugo.details,same-as-english,Gather together,Review whether this should be translated or intentionally kept as-is.
it,terminology.json,terminology.sections.phrases-etiquette-content.terms.ki-o-tsuke.details,same-as-english,"Attention, gather your vital energy (ki)",Review whether this should be translated or intentionally kept as-is.
it,terminology.json,terminology.sections.phrases-etiquette-content.terms.seiza.english,same-as-english,Sit down (kneeling),Review whether this should be translated or intentionally kept as-is.
it,terminology.json,terminology.sections.phrases-etiquette-content.terms.seiza.details,same-as-english,'Sit down' or 'sit on knees'. Literally: 'correct sitting posture'.,Review whether this should be translated or intentionally kept as-is.
it,terminology.json,terminology.sections.phrases-etiquette-content.terms.anza.english,same-as-english,Cross-legged sitting,Review whether this should be translated or intentionally kept as-is.
it,terminology.json,terminology.sections.phrases-etiquette-content.terms.anza.details,same-as-english,Sitting posture with crossed legs. Literally: 'relaxed or peaceful sitting posture'.,Review whether this should be translated or intentionally kept as-is.
it,terminology.json,terminology.sections.phrases-etiquette-content.terms.mokuso.details,same-as-english,"Stop all thoughts, empty the mind, begin meditation. Literally: 'silent contemplation'.",Review whether this should be translated or intentionally kept as-is.
it,terminology.json,terminology.sections.phrases-etiquette-content.terms.mokuso-yame.english,same-as-english,End meditation,Review whether this should be translated or intentionally kept as-is.
it,terminology.json,terminology.sections.phrases-etiquette-content.terms.mokuso-yame.details,same-as-english,End the meditation,Review whether this should be translated or intentionally kept as-is.
it,terminology.json,terminology.sections.phrases-etiquette-content.terms.rei.name,same-as-english,"Rei (Ritsu, Za)",Review whether this should be translated or intentionally kept as-is.
it,terminology.json,terminology.sections.phrases-etiquette-content.terms.rei.details,same-as-english,"Bow (standing, sitting)",Review whether this should be translated or intentionally kept as-is.
it,terminology.json,terminology.sections.phrases-etiquette-content.terms.shomen-ni-rei.english,same-as-english,Bow to the front,Review whether this should be translated or intentionally kept as-is.
it,terminology.json,terminology.sections.phrases-etiquette-content.terms.shomen-ni-rei.details,same-as-english,Bow to/greet the front of the dojo,Review whether this should be translated or intentionally kept as-is.
it,terminology.json,terminology.sections.phrases-etiquette-content.terms.shinden-ni-rei.english,same-as-english,Bow to the shinden,Review whether this should be translated or intentionally kept as-is.
it,terminology.json,terminology.sections.phrases-etiquette-content.terms.shinden-ni-rei.details,same-as-english,Bow to/greet the shinden,Review whether this should be translated or intentionally kept as-is.
it,terminology.json,terminology.sections.phrases-etiquette-content.terms.sensei-ni-rei.english,same-as-english,Bow to the teacher,Review whether this should be translated or intentionally kept as-is.
it,terminology.json,terminology.sections.phrases-etiquette-content.terms.sensei-ni-rei.details,same-as-english,Bow to/greet the teacher,Review whether this should be translated or intentionally kept as-is.
it,terminology.json,terminology.sections.phrases-etiquette-content.terms.otagaini-rei.english,same-as-english,Bow to each other,Review whether this should be translated or intentionally kept as-is.
it,terminology.json,terminology.sections.phrases-etiquette-content.terms.otagaini-rei.details,same-as-english,Bow to/greet each other,Review whether this should be translated or intentionally kept as-is.
it,terminology.json,terminology.sections.phrases-etiquette-content.terms.onegai-shimasu.english,same-as-english,Please (help me),Review whether this should be translated or intentionally kept as-is.
it,terminology.json,terminology.sections.phrases-etiquette-content.terms.onegai-shimasu.details,same-as-english,"Greeting/Request, literally: 'please (train with me)'",Review whether this should be translated or intentionally kept as-is.
it,terminology.json,terminology.sections.phrases-etiquette-content.terms.arigato-gozaimashita.english,same-as-english,Thank you very much,Review whether this should be translated or intentionally kept as-is.
it,terminology.json,terminology.sections.phrases-etiquette-content.terms.arigato-gozaimashita.details,same-as-english,Thank you very much (for what was done),Review whether this should be translated or intentionally kept as-is.
it,terminology.json,terminology.sections.phrases-etiquette-content.terms.osu.name,same-as-english,Osu (or 'Hai'),Review whether this should be translated or intentionally kept as-is.
it,terminology.json,terminology.sections.phrases-etiquette-content.terms.osu.english,same-as-english,I understand,Review whether this should be translated or intentionally kept as-is.
it,terminology.json,terminology.sections.phrases-etiquette-content.terms.osu.details,same-as-english,Expression of understanding and loyalty; free translation: 'I understood'. 'Hai' literally means 'Yes'.,Review whether this should be translated or intentionally kept as-is.
it,terminology.json,terminology.sections.phrases-etiquette-content.terms.owarimas.details,same-as-english,'That was it!' (conclusion/finishing).,Review whether this should be translated or intentionally kept as-is.
it,terminology.json,terminology.sections.phrases-etiquette-content.terms.shitsurei-shimasu.english,same-as-english,Excuse me / Sorry,Review whether this should be translated or intentionally kept as-is.
it,terminology.json,terminology.sections.phrases-etiquette-content.terms.shitsurei-shimasu.details,same-as-english,"Excuse me, sorry",Review whether this should be translated or intentionally kept as-is.
it,terminology.json,terminology.sections.phrases-etiquette-content.terms.tatte.name,same-as-english,Tatte or Ki Ritsu,Review whether this should be translated or intentionally kept as-is.
it,terminology.json,terminology.sections.phrases-etiquette-content.terms.yoi.details,same-as-english,"Ready, prepared",Review whether this should be translated or intentionally kept as-is.
it,terminology.json,terminology.sections.phrases-etiquette-content.terms.kime.details,same-as-english,Focus of power,Review whether this should be translated or intentionally kept as-is.
it,terminology.json,terminology.sections.phrases-etiquette-content.terms.yasume.english,same-as-english,Relax / Rest,Review whether this should be translated or intentionally kept as-is.
it,terminology.json,terminology.sections.phrases-etiquette-content.terms.yasume.details,same-as-english,"Relax, at ease",Review whether this should be translated or intentionally kept as-is.
it,terminology.json,terminology.sections.phrases-etiquette-content.terms.gorei-nashi.english,same-as-english,Without count,Review whether this should be translated or intentionally kept as-is.
it,terminology.json,terminology.sections.phrases-etiquette-content.terms.gorei-nashi.details,same-as-english,On your own count/timing,Review whether this should be translated or intentionally kept as-is.
it,terminology.json,terminology.sections.phrases-etiquette-content.terms.gasshuku.english,same-as-english,Training camp,Review whether this should be translated or intentionally kept as-is.
it,terminology.json,terminology.sections.phrases-etiquette-content.terms.gasshuku.details,same-as-english,Training camp (gathering for training),Review whether this should be translated or intentionally kept as-is.
it,terminology.json,terminology.sections.phrases-etiquette-content.terms.karate-gi.name,same-as-english,(Karate)gi (dogi),Review whether this should be translated or intentionally kept as-is.
it,terminology.json,terminology.sections.phrases-etiquette-content.terms.karate-gi.english,same-as-english,Karate uniform,Review whether this should be translated or intentionally kept as-is.
it,terminology.json,terminology.sections.phrases-etiquette-content.terms.karate-gi.details,same-as-english,Karate uniform / suit,Review whether this should be translated or intentionally kept as-is.
it,terminology.json,terminology.sections.phrases-etiquette-content.terms.geiko.details,same-as-english,"Training / Practice ('Geiko, geiko, geiko' - Train, train, train)",Review whether this should be translated or intentionally kept as-is.
it,terminology.json,terminology.sections.phrases-etiquette-content.terms.moichido.english,same-as-english,One more time,Review whether this should be translated or intentionally kept as-is.
it,terminology.json,terminology.sections.phrases-etiquette-content.terms.moichido.details,same-as-english,Once more / One more time,Review whether this should be translated or intentionally kept as-is.
it,terminology.json,terminology.sections.kata-terms-content.description,same-as-english,Terminology related to Kata practice.,Review whether this should be translated or intentionally kept as-is.
it,terminology.json,terminology.sections.kata-terms-content.terms.embusen.english,same-as-english,Performance line/pattern of a kata,Review whether this should be translated or intentionally kept as-is.
it,terminology.json,terminology.sections.kata-terms-content.terms.kime.english,same-as-english,"Focus of power, decision",Review whether this should be translated or intentionally kept as-is.
it,terminology.json,terminology.sections.kata-terms-content.terms.zanshin.english,same-as-english,Lingering mind/awareness after technique,Review whether this should be translated or intentionally kept as-is.
it,terminology.json,terminology.sections.kata-terms-content.terms.hyoshi.english,same-as-english,"Rhythm, timing",Review whether this should be translated or intentionally kept as-is.
it,terminology.json,terminology.sections.kata-terms-content.terms.koryu.english,same-as-english,Old style/school (referring to classical kata),Review whether this should be translated or intentionally kept as-is.
it,terminology.json,terminology.sections.kicks-content.description,same-as-english,Basic kicking techniques (Geri Waza).,Review whether this should be translated or intentionally kept as-is.
it,terminology.json,terminology.sections.kicks-content.terms.mawashi-geri.english,same-as-english,Roundhouse kick.,Review whether this should be translated or intentionally kept as-is.
it,terminology.json,terminology.sections.kicks-content.terms.mawashi-geri.details,same-as-english,Roundhouse kick.,Review whether this should be translated or intentionally kept as-is.
it,terminology.json,terminology.sections.kicks-content.terms.hiza-geri.english,same-as-english,Knee strike/kick.,Review whether this should be translated or intentionally kept as-is.
it,terminology.json,terminology.sections.kicks-content.terms.hiza-geri.details,same-as-english,Knee strike/kick.,Review whether this should be translated or intentionally kept as-is.
it,terminology.json,terminology.sections.kicks-content.terms.kansetsu-geri.english,same-as-english,Joint Kick (stamping kick to knee),Review whether this should be translated or intentionally kept as-is.
it,terminology.json,terminology.sections.kicks-content.terms.kansetsu-geri.details,same-as-english,"Kansetsu Geri (Gewricht Trap) is een neerwaartse trap gericht op de knie van de tegenstander. Het wordt uitgevoerd door de voet neerwaarts te stampen, vaak met de hak. Deze techniek kan gebruikt worden om de tegenstander's been te beschadigen of hun balans te verstoren.",Review whether this should be translated or intentionally kept as-is.
it,terminology.json,terminology.sections.punches-content.terms.oi-zuki.english,same-as-english,Lunge punch (stepping punch).,Review whether this should be translated or intentionally kept as-is.
it,terminology.json,terminology.sections.punches-content.terms.oi-zuki.details,same-as-english,Lunge punch (stepping punch).,Review whether this should be translated or intentionally kept as-is.
it,terminology.json,terminology.sections.punches-content.terms.gyaku-zuki.english,same-as-english,Reverse punch.,Review whether this should be translated or intentionally kept as-is.
it,terminology.json,terminology.sections.punches-content.terms.gyaku-zuki.details,same-as-english,Reverse punch.,Review whether this should be translated or intentionally kept as-is.
it,terminology.json,terminology.sections.punches-content.terms.kizami-zuki.english,same-as-english,Jab (leading hand punch).,Review whether this should be translated or intentionally kept as-is.
it,terminology.json,terminology.sections.punches-content.terms.kizami-zuki.details,same-as-english,Jab (leading hand punch).,Review whether this should be translated or intentionally kept as-is.
it,terminology.json,terminology.sections.punches-content.terms.ura-zuki.english,same-as-english,Close punch / Uppercut.,Review whether this should be translated or intentionally kept as-is.
it,terminology.json,terminology.sections.punches-content.terms.ura-zuki.details,same-as-english,Close punch / Uppercut.,Review whether this should be translated or intentionally kept as-is.
it,terminology.json,terminology.sections.punches-content.terms.tate-zuki.english,same-as-english,Vertical fist punch.,Review whether this should be translated or intentionally kept as-is.
it,terminology.json,terminology.sections.punches-content.terms.tate-zuki.details,same-as-english,Vertical fist punch.,Review whether this should be translated or intentionally kept as-is.
it,terminology.json,terminology.sections.punches-content.terms.age-zuki.english,same-as-english,Rising punch.,Review whether this should be translated or intentionally kept as-is.
it,terminology.json,terminology.sections.punches-content.terms.age-zuki.details,same-as-english,Rising punch.,Review whether this should be translated or intentionally kept as-is.
it,terminology.json,terminology.sections.punches-content.terms.choku-zuki.english,same-as-english,Straight punch.,Review whether this should be translated or intentionally kept as-is.
it,terminology.json,terminology.sections.punches-content.terms.choku-zuki.details,same-as-english,Straight punch.,Review whether this should be translated or intentionally kept as-is.
it,terminology.json,terminology.sections.punches-content.terms.seiken-zuki.english,same-as-english,Punch with the fist.,Review whether this should be translated or intentionally kept as-is.
it,terminology.json,terminology.sections.punches-content.terms.seiken-zuki.details,same-as-english,Punch with the fist.,Review whether this should be translated or intentionally kept as-is.
it,terminology.json,terminology.sections.punches-content.terms.mawashi-zuki.english,same-as-english,Circular punch.,Review whether this should be translated or intentionally kept as-is.
it,terminology.json,terminology.sections.punches-content.terms.mawashi-zuki.details,same-as-english,Circular punch.,Review whether this should be translated or intentionally kept as-is.
it,terminology.json,terminology.sections.punches-content.terms.yama-zuki.english,same-as-english,Mountain punch (double punch).,Review whether this should be translated or intentionally kept as-is.
it,terminology.json,terminology.sections.punches-content.terms.yama-zuki.details,same-as-english,Mountain punch (double punch).,Review whether this should be translated or intentionally kept as-is.
it,terminology.json,terminology.sections.punches-content.terms.morote-zuki.english,same-as-english,Double punch.,Review whether this should be translated or intentionally kept as-is.
it,terminology.json,terminology.sections.punches-content.terms.morote-zuki.details,same-as-english,Double punch.,Review whether this should be translated or intentionally kept as-is.
it,terminology.json,terminology.sections.stances-content.description,same-as-english,"Basic karate stances used in Goju Ryu. Each stance has a specific purpose and contributes to movement, defense, and offense.",Review whether this should be translated or intentionally kept as-is.
it,terminology.json,terminology.sections.stances-content.terms.seiza.english,same-as-english,Kneeling stance (proper sitting),Review whether this should be translated or intentionally kept as-is.
it,terminology.json,terminology.sections.stances-content.terms.seiza.details,same-as-english,"Seiza is the traditional, formal and polite Japanese way of sitting on the floor, kneeling. It's a fundamental posture both in Karate and in Japanese culture. This stance is used to perform the formal 'floor bow' called zarei.",Review whether this should be translated or intentionally kept as-is.
it,terminology.json,terminology.sections.stances-content.terms.seiza.instructions,same-as-english,Instructions: Place your knees on the floor with your feet underneath you. Sit down on your feet with your back straight. Place your hands on your thighs with your thumbs close together.,Review whether this should be translated or intentionally kept as-is.
it,terminology.json,terminology.sections.stances-content.terms.musubi-dachi.english,same-as-english,Standing stance,Review whether this should be translated or intentionally kept as-is.
it,terminology.json,terminology.sections.stances-content.terms.musubi-dachi.details,same-as-english,"Musubi Dachi is the formal way of standing in Japanese martial arts and in Japan. This stance is very important and is used to perform the formal respectful bow called rei. Musubi Dachi and rei should be performed before and after warmups, kihon, kata, kumite or any interaction between people.",Review whether this should be translated or intentionally kept as-is.
it,terminology.json,terminology.sections.stances-content.terms.musubi-dachi.instructions,same-as-english,Instructions: Stand with your feet together and toes pointing forward. Keep your back straight and head high. Place your hands at your sides with fingers pointing down.,Review whether this should be translated or intentionally kept as-is.
it,terminology.json,terminology.sections.stances-content.terms.heisoku-dachi.english,same-as-english,Closed leg stance,Review whether this should be translated or intentionally kept as-is.
it,terminology.json,terminology.sections.stances-content.terms.heisoku-dachi.details,same-as-english,"Heisoku Dachi is the ready stance used in some kata. It is similar to musubi-dachi, but the feet are kept together.",Review whether this should be translated or intentionally kept as-is.
it,terminology.json,terminology.sections.stances-content.terms.heisoku-dachi.instructions,same-as-english,Instructions: Stand with your feet together and toes pointing forward. Keep your back straight and head high. Place your hands at your sides with fingers pointing down.,Review whether this should be translated or intentionally kept as-is.
it,terminology.json,terminology.sections.stances-content.terms.heiko-dachi.english,same-as-english,Parallel stance,Review whether this should be translated or intentionally kept as-is.
it,terminology.json,terminology.sections.stances-content.terms.heiko-dachi.details,same-as-english,"Heiko Dachi is an attention stance or 'get ready' stance used in some styles. It is generally performed after bowing (musubi-dachi), right before kihon practice or kata. Heiko Dachi is also the stance performed when listening to instructions.",Review whether this should be translated or intentionally kept as-is.
it,terminology.json,terminology.sections.stances-content.terms.heiko-dachi.instructions,same-as-english,Instructions: Stand with your feet shoulder-width apart and toes pointing forward. Keep your back straight and head high. Place your hands at your sides with fingers pointing down.,Review whether this should be translated or intentionally kept as-is.
it,terminology.json,terminology.sections.stances-content.terms.hachiji-dachi.english,same-as-english,Natural stance,Review whether this should be translated or intentionally kept as-is.
it,terminology.json,terminology.sections.stances-content.terms.hachiji-dachi.details,same-as-english,Natural stance with feet shoulder-width apart and toes slightly outward; also used in kata such as Gekisai Dai Ichi.,Review whether this should be translated or intentionally kept as-is.
it,terminology.json,terminology.sections.stances-content.terms.hachiji-dachi.instructions,same-as-english,Instructions: Stand with your feet shoulder-width apart and toes pointing outward at about 45 degrees. Keep your back straight and head high. Place your hands at your sides with fingers pointing down.,Review whether this should be translated or intentionally kept as-is.
it,terminology.json,terminology.sections.stances-content.terms.kiba-dachi.english,same-as-english,Horse stance,Review whether this should be translated or intentionally kept as-is.
it,terminology.json,terminology.sections.stances-content.terms.kiba-dachi.details,same-as-english,"Kiba Dachi is a fundamental position of Karate that not only used to practice basic strikes like the seiken tsuki, but that can be integrated into self-defense or kumite practice as well. This is a very strong stance for defending against side attacks. Kiba Dachi is a posture that strengthens the legs, the back and to some extent, the core.",Review whether this should be translated or intentionally kept as-is.
it,terminology.json,terminology.sections.stances-content.terms.kiba-dachi.instructions,same-as-english,"Instructions: Stand with your feet wide apart, about twice shoulder-width. Bend your knees and lower your body down. Keep your back straight and head high. Place your hands in fists at your hips with elbows close to your body.",Review whether this should be translated or intentionally kept as-is.
it,terminology.json,terminology.sections.stances-content.terms.shiko-dachi.english,same-as-english,"Horse stance, open feet",Review whether this should be translated or intentionally kept as-is.
it,terminology.json,terminology.sections.stances-content.terms.shiko-dachi.details,same-as-english,"Shiko Dachi, also known as the 'square stance' is pretty much the same as Kiba dachi but the feet are open at about 45° angle.",Review whether this should be translated or intentionally kept as-is.
it,terminology.json,terminology.sections.stances-content.terms.shiko-dachi.instructions,same-as-english,"Instructions: Stand with your feet wide apart, about twice shoulder-width, with toes pointing outward at about 45 degrees. Bend your knees and lower your body down. Keep your back straight and head high. Place your hands in fists at your hips with elbows close to your body.",Review whether this should be translated or intentionally kept as-is.
it,terminology.json,terminology.sections.stances-content.terms.sanchin-dachi.english,same-as-english,"Three battle stance, hourglass stance",Review whether this should be translated or intentionally kept as-is.
it,terminology.json,terminology.sections.stances-content.terms.sanchin-dachi.details,same-as-english,"Sanchin Dachi is a fundamental Karate posture that offers great stability and rooting. The majority of Japanese styles like Shotokan use this stance only in kata, but Okinawan styles uses it for self-defense and kumite, particularly Naha-te styles like Goju-Ryu and Uechi-Ryu.",Review whether this should be translated or intentionally kept as-is.
it,terminology.json,terminology.sections.stances-content.terms.sanchin-dachi.instructions,same-as-english,Instructions: Stand with your feet shoulder-width apart and toes pointing inward. Bend your knees and lower your body down. Keep your back straight and head high. Place your hands in fists at your hips with elbows close to your body.,Review whether this should be translated or intentionally kept as-is.
it,terminology.json,terminology.sections.stances-content.terms.zenkutsu-dachi.english,same-as-english,Front stance,Review whether this should be translated or intentionally kept as-is.
it,terminology.json,terminology.sections.stances-content.terms.zenkutsu-dachi.details,same-as-english,"Zenkutsu Dachi, a.k.a. forward stance, is one of the most common stances in Karate. It's a stance that allows you to reach far and generate a great deal of power generation moving forward. Like with most stances, the Japanese version of Zenkutsu Dachi tends to be very long and wide compared to the shorter, more natural Okinawan version.",Review whether this should be translated or intentionally kept as-is.
it,terminology.json,terminology.sections.stances-content.terms.zenkutsu-dachi.instructions,same-as-english,Instructions: Take a step forward with your front foot. Bend your front knee so it's over your front foot. Keep your back leg straight and lower your body down. Keep your back straight and head high. Place your hands in fists at your hips.,Review whether this should be translated or intentionally kept as-is.
it,terminology.json,terminology.sections.stances-content.terms.han-zenkutsu-dachi.english,same-as-english,Half front-stance,Review whether this should be translated or intentionally kept as-is.
it,terminology.json,terminology.sections.stances-content.terms.han-zenkutsu-dachi.details,same-as-english,Han Zenkutsu Dachi is the shorter or half version of Zenkutsu Dachi. It's a stance suitable for self-defense and kumite or sparring as it offers greater mobility. Han Zenkutsu Dachi is a neutral stance that allows you to quickly move back into the defensive Neko-ashi-dachi or the thrust forward into a full Zenkutsu Dachi or Sanchin Dachi.,Review whether this should be translated or intentionally kept as-is.
it,terminology.json,terminology.sections.stances-content.terms.han-zenkutsu-dachi.instructions,same-as-english,Instructions: Take a shorter step forward with your front foot compared to full zenkutsu-dachi. Bend your front knee slightly so it's over your front foot. Keep your back leg bent and lower your body down. Keep your back straight and head high. Place your hands in fists at your hips.,Review whether this should be translated or intentionally kept as-is.
it,terminology.json,terminology.sections.stances-content.terms.kokutsu-dachi.details,same-as-english,Kokutsu Dachi is a defensive position that allows you to quickly retreat or move back and counterattack. It's great to evade attack from your opponent.,Review whether this should be translated or intentionally kept as-is.
it,terminology.json,terminology.sections.stances-content.terms.kokutsu-dachi.instructions,same-as-english,Instructions: Take a step back with your back foot. Bend your back knee and lower your body down. Keep your front leg straight. Keep your back straight and head high. Place your hands in fists at your hips.,Review whether this should be translated or intentionally kept as-is.
it,terminology.json,terminology.sections.stances-content.terms.neko-ashi-dachi.details,same-as-english,"Neko Ashi Dachi is a great defensive stance as most of the weight is on the back leg, allowing counterattack with kicks and quick sideways evasions. Sadly unpopular with karateka this stance as perfectly suited for both self-defense and kumite.",Review whether this should be translated or intentionally kept as-is.
it,terminology.json,terminology.sections.stances-content.terms.neko-ashi-dachi.instructions,same-as-english,Instructions: Stand with your feet shoulder-width apart. Place most of your weight on your back leg. Bend your back knee and lower your body down. Keep your front leg straight with toes pointing forward. Keep your back straight and head high. Place your hands in fists at your hips.,Review whether this should be translated or intentionally kept as-is.
it,terminology.json,terminology.sections.stances-content.terms.tsuru-ashi-dachi.english,same-as-english,Crane stance,Review whether this should be translated or intentionally kept as-is.
it,terminology.json,terminology.sections.stances-content.terms.tsuru-ashi-dachi.details,same-as-english,Tsuru Ashi Dachi is a stance used to avoid attacks and to transition into other techniques.,Review whether this should be translated or intentionally kept as-is.
it,terminology.json,terminology.sections.stances-content.terms.tsuru-ashi-dachi.instructions,same-as-english,Instructions: Stand on one leg with your other leg bent at the knee. Keep your back straight and head high. Place your hands in fists at your hips with elbows close to your body.,Review whether this should be translated or intentionally kept as-is.
it,terminology.json,terminology.sections.stances-content.terms.kosa-dachi.english,same-as-english,Cross stance,Review whether this should be translated or intentionally kept as-is.
it,terminology.json,terminology.sections.stances-content.terms.kosa-dachi.details,same-as-english,"The cross stance is generally performed for turning, dodging to the side or when landing from a jump.",Review whether this should be translated or intentionally kept as-is.
it,terminology.json,terminology.sections.stances-content.terms.kosa-dachi.instructions,same-as-english,"Instructions: Stand with your feet crossed, one foot in front of the other. Bend your knees slightly and lower your body down. Keep your back straight and head high. Place your hands in fists at your hips with elbows close to your body.",Review whether this should be translated or intentionally kept as-is.
it,terminology.json,terminology.sections.stances-content.terms.heishugata-sanchin-dachi.english,same-as-english,Closed hand Sanchin stance.,Review whether this should be translated or intentionally kept as-is.
it,terminology.json,terminology.sections.stances-content.terms.heishugata-sanchin-dachi.details,same-as-english,Closed hand Sanchin stance.,Review whether this should be translated or intentionally kept as-is.
it,terminology.json,terminology.sections.stances-content.terms.kaishugata-sanchin-dachi.english,same-as-english,Open hand Sanchin stance.,Review whether this should be translated or intentionally kept as-is.
it,terminology.json,terminology.sections.stances-content.terms.kaishugata-sanchin-dachi.details,same-as-english,Open hand Sanchin stance.,Review whether this should be translated or intentionally kept as-is.
it,terminology.json,terminology.sections.stances-content.terms.hikui-zenkutsu-dachi.english,same-as-english,Deep forward stance.,Review whether this should be translated or intentionally kept as-is.
it,terminology.json,terminology.sections.stances-content.terms.hikui-zenkutsu-dachi.details,same-as-english,Deep forward stance.,Review whether this should be translated or intentionally kept as-is.
it,terminology.json,terminology.sections.stances-content.terms.sagi-ashi-dachi.english,same-as-english,Heron stance.,Review whether this should be translated or intentionally kept as-is.
it,terminology.json,terminology.sections.stances-content.terms.sagi-ashi-dachi.details,same-as-english,Heron stance.,Review whether this should be translated or intentionally kept as-is.
it,terminology.json,terminology.sections.stances-content.terms.bensoku-dachi.english,same-as-english,Scissors stance.,Review whether this should be translated or intentionally kept as-is.
it,terminology.json,terminology.sections.stances-content.terms.bensoku-dachi.details,same-as-english,Scissors stance.,Review whether this should be translated or intentionally kept as-is.
it,terminology.json,terminology.sections.stances-content.terms.kokotsu-dachi-alt.english,same-as-english,Back stance (alt).,Review whether this should be translated or intentionally kept as-is.
it,terminology.json,terminology.sections.stances-content.terms.kokotsu-dachi-alt.details,same-as-english,Back stance (alt).,Review whether this should be translated or intentionally kept as-is.
it,terminology.json,terminology.sections.stances-content.terms.koshi-dachi.name,same-as-english,Sonkyo / Koshi Dachi,Review whether this should be translated or intentionally kept as-is.
it,terminology.json,terminology.sections.stances-content.terms.koshi-dachi.english,same-as-english,Crouching posture,Review whether this should be translated or intentionally kept as-is.
it,terminology.json,terminology.sections.stances-content.terms.koshi-dachi.details,same-as-english,"Crouching posture, also known as sonkyo or samurai seiza.",Review whether this should be translated or intentionally kept as-is.
it,terminology.json,terminology.sections.stances-content.terms.koshi-dachi.instructions,same-as-english,Deep crouching position,Review whether this should be translated or intentionally kept as-is.
it,terminology.json,terminology.sections.strikes-content.description,same-as-english,"Basic striking techniques with hands and arms, other than punches (Uchi Waza).",Review whether this should be translated or intentionally kept as-is.
it,terminology.json,terminology.sections.strikes-content.terms.shuto-uchi.details,same-as-english,"Shuto Uchi (Messenhand Slag) wordt uitgevoerd met de rand van de hand (shuto). De vingers zijn gestrekt en samen, de duim is gebogen. Deze slag is effectief voor het raken van de nek, zijkant van het hoofd, of de zijkant van het lichaam. Het kan uitgevoerd worden in verschillende richtingen.",Review whether this should be translated or intentionally kept as-is.
it,terminology.json,terminology.sections.strikes-content.terms.uraken-uchi.details,same-as-english,"Uraken Uchi (Achtervuist Slag) wordt uitgevoerd met de achterkant van de vuist, vaak met een zwaaiende beweging. Het is effectief voor het raken van de zijkant van het hoofd of lichaam. Deze slag kan snel en verrassend zijn, en wordt vaak gebruikt in combinatie met andere technieken.",Review whether this should be translated or intentionally kept as-is.
it,terminology.json,terminology.sections.strikes-content.terms.tettsui-uchi.details,same-as-english,"Tettsui Uchi (Hamervuist Slag) wordt uitgevoerd met de onderkant van de vuist, waarbij de knokkels naar beneden wijzen. Het is een neerwaartse slag die effectief is voor het raken van de schouder, sleutelbeen, of de bovenkant van het hoofd. Deze slag is krachtig en kan gebruikt worden om een tegenstander te verzwakken.",Review whether this should be translated or intentionally kept as-is.
it,terminology.json,terminology.sections.strikes-content.terms.empi-uchi.details,same-as-english,"Empi Uchi (Elleboog Slag) gebruikt de elleboog als wapen. Het kan uitgevoerd worden in verschillende richtingen: naar voren, naar achteren, naar boven, of naar beneden. Deze slag is effectief op korte afstand en kan gebruikt worden om de tegenstander's hoofd, lichaam, of ledematen te raken.",Review whether this should be translated or intentionally kept as-is.
it,terminology.json,terminology.sections.strikes-content.terms.haito-uchi.details,same-as-english,"Haito Uchi (Ruggegraat Hand Slag) wordt uitgevoerd met de ruggegraat van de hand (de kant van de wijsvinger). De vingers zijn gestrekt en samen, de duim is gebogen. Deze slag is effectief voor het raken van de nek, zijkant van het hoofd, of zachte doelen zoals de ogen.",Review whether this should be translated or intentionally kept as-is.
it,terminology.json,terminology.sections.strikes-content.terms.nukite.details,same-as-english,"Nukite (Speer Hand Slag) wordt uitgevoerd met gestrekte vingers die samen zijn gehouden, waarbij de vingertoppen het doel raken. Het is een stekende techniek die effectief is voor het raken van zachte doelen zoals de ogen, keel, of zonnevlecht. Deze techniek vereist precisie en controle.",Review whether this should be translated or intentionally kept as-is.
it,terminology.json,terminology.sections.goju-ryu-techniques.description,same-as-english,Goju Ryu techniques - complete terminology,Review whether this should be translated or intentionally kept as-is.
it,terminology.json,terminology.sections.goju-ryu-techniques.blocks.harai,same-as-english,Harai or Barai - Sweeping block,Review whether this should be translated or intentionally kept as-is.
it,terminology.json,terminology.sections.goju-ryu-techniques.blocks.shotei-gedan-harai,same-as-english,Shotei (Seiken) Gedan Harai Uke - Low sweeping block with palm or fist,Review whether this should be translated or intentionally kept as-is.
it,terminology.json,terminology.sections.goju-ryu-techniques.blocks.kosa-uke,same-as-english,Kosa Uke / Juji Uke - Cross block (with two fists),Review whether this should be translated or intentionally kept as-is.
it,terminology.json,terminology.sections.goju-ryu-techniques.blocks.hiki-uke,same-as-english,Hiki Uke - Pulling (or grasping) block,Review whether this should be translated or intentionally kept as-is.
it,terminology.json,terminology.sections.goju-ryu-techniques.blocks.nagashi-uke,same-as-english,(Shotei) Nagashi Uke - Flowing or sweeping block,Review whether this should be translated or intentionally kept as-is.
it,terminology.json,terminology.sections.goju-ryu-techniques.blocks.morote-osae-uke,same-as-english,Morote Osae Uke - Double hand pressing block,Review whether this should be translated or intentionally kept as-is.
it,terminology.json,terminology.sections.goju-ryu-techniques.blocks.jodan-ko-uke,same-as-english,Jodan Ko Uke - High wrist block,Review whether this should be translated or intentionally kept as-is.
it,terminology.json,terminology.sections.goju-ryu-techniques.blocks.yoko-ko-uke,same-as-english,Yoko Ko Uke / Chudan Ko Uke - Side wrist block,Review whether this should be translated or intentionally kept as-is.
it,terminology.json,terminology.sections.goju-ryu-techniques.blocks.tora-guchi,same-as-english,Tora Guchi - Tiger mouth,Review whether this should be translated or intentionally kept as-is.
it,terminology.json,terminology.sections.goju-ryu-techniques.blocks.hojo-uke,same-as-english,Hojo Uke - Augmented block,Review whether this should be translated or intentionally kept as-is.
it,terminology.json,terminology.sections.goju-ryu-techniques.blocks.kuri-uke,same-as-english,Kuri Uke - Elbow circular block (Seiyunchin/Kururunfa),Review whether this should be translated or intentionally kept as-is.
it,terminology.json,terminology.sections.goju-ryu-techniques.blocks.hari-uke,same-as-english,Hari Uke - Hari block,Review whether this should be translated or intentionally kept as-is.
it,terminology.json,terminology.sections.goju-ryu-techniques.blocks.hiza-uchi-uke,same-as-english,Hiza (Sune) Uchi Uke - Inside knee (shin) block,Review whether this should be translated or intentionally kept as-is.
it,terminology.json,terminology.sections.goju-ryu-techniques.blocks.hiza-soto-uke,same-as-english,Hiza (Sune) Soto Uke - Outside knee (shin) block,Review whether this should be translated or intentionally kept as-is.
it,terminology.json,terminology.sections.goju-ryu-techniques.punches.hikite,same-as-english,Hikite - Pulling back the reaction hand,Review whether this should be translated or intentionally kept as-is.
it,terminology.json,terminology.sections.goju-ryu-techniques.punches.choku-zuki,same-as-english,Choku Zuki - Straight punch,Review whether this should be translated or intentionally kept as-is.
it,terminology.json,terminology.sections.goju-ryu-techniques.punches.kizami-zuki,same-as-english,"Kizami Zuki - Jab (Short, fast punch)",Review whether this should be translated or intentionally kept as-is.
it,terminology.json,terminology.sections.goju-ryu-techniques.punches.oi-zuki,same-as-english,Oi Zuki - Lunge punch (Stepping punch),Review whether this should be translated or intentionally kept as-is.
it,terminology.json,terminology.sections.goju-ryu-techniques.punches.jun-zuki,same-as-english,Jun Zuki - Leading punch (Same side as leg),Review whether this should be translated or intentionally kept as-is.
it,terminology.json,terminology.sections.goju-ryu-techniques.punches.sun-zuki,same-as-english,Sun Zuki - One-inch punch (Short distance),Review whether this should be translated or intentionally kept as-is.
it,terminology.json,terminology.sections.goju-ryu-techniques.punches.tate-zuki,same-as-english,Tate (or Tateken) Zuki - Vertical fist punch,Review whether this should be translated or intentionally kept as-is.
it,terminology.json,terminology.sections.goju-ryu-techniques.punches.age-zuki,same-as-english,Age Zuki - Rising punch (Uppercut),Review whether this should be translated or intentionally kept as-is.
it,terminology.json,terminology.sections.goju-ryu-techniques.punches.furi-zuki,same-as-english,Furi Zuki - Swing punch (Hook),Review whether this should be translated or intentionally kept as-is.
it,terminology.json,terminology.sections.goju-ryu-techniques.punches.kagi-zuki,same-as-english,Kagi Zuki - Hook punch,Review whether this should be translated or intentionally kept as-is.
it,terminology.json,terminology.sections.goju-ryu-techniques.punches.yama-zuki,same-as-english,Yama Zuki - Mountain punch (Wide U-shape),Review whether this should be translated or intentionally kept as-is.
it,terminology.json,terminology.sections.goju-ryu-techniques.punches.morote-ZUKI,same-as-english,Morote (or Heiko) Zuki - Double punch (Parallel or U-punch),Review whether this should be translated or intentionally kept as-is.
it,terminology.json,terminology.sections.goju-ryu-techniques.punches.awase-zuki,same-as-english,(Morote) Awase Zuki - U-punch / Combined punch,Review whether this should be translated or intentionally kept as-is.
it,terminology.json,terminology.sections.goju-ryu-techniques.punches.nigiri-awase-zuki,same-as-english,Nigiri Awase Zuki - Squeezing combined punch,Review whether this should be translated or intentionally kept as-is.
it,terminology.json,terminology.sections.goju-ryu-techniques.punches.nihon-zuki,same-as-english,Nihon / Sanbon Zuki - Double / Triple punch,Review whether this should be translated or intentionally kept as-is.
it,terminology.json,terminology.sections.goju-ryu-techniques.punches.ten-zuki,same-as-english,Ten Zuki - Heaven punch,Review whether this should be translated or intentionally kept as-is.
it,terminology.json,terminology.sections.goju-ryu-techniques.punches.furi-sute,same-as-english,Furi Sute / Morote Gedan Nagashi Uke - Double low sweeping strike,Review whether this should be translated or intentionally kept as-is.
it,terminology.json,terminology.sections.goju-ryu-techniques.punches.haito-uchi,same-as-english,Haito Uchi - Ridge hand strike,Review whether this should be translated or intentionally kept as-is.
it,terminology.json,terminology.sections.goju-ryu-techniques.punches.shuto-uchi,same-as-english,Shuto Uchi - Knife hand strike,Review whether this should be translated or intentionally kept as-is.
it,terminology.json,terminology.sections.goju-ryu-techniques.punches.furi-uchi,same-as-english,Furi Uchi - Swinging strike,Review whether this should be translated or intentionally kept as-is.
it,terminology.json,terminology.sections.goju-ryu-techniques.punches.tettsui-uchi,same-as-english,Tettsui Uchi - Hammer fist strike,Review whether this should be translated or intentionally kept as-is.
it,terminology.json,terminology.sections.goju-ryu-techniques.punches.uraken-uchi,same-as-english,Uraken Uchi - Back fist strike,Review whether this should be translated or intentionally kept as-is.
it,terminology.json,terminology.sections.goju-ryu-techniques.punches.kinteki-uchi,same-as-english,Kinteki Uchi - Groin strike,Review whether this should be translated or intentionally kept as-is.
it,terminology.json,terminology.sections.goju-ryu-techniques.punches.nukite-zuki,same-as-english,Nukite Zuki - Spear hand thrust,Review whether this should be translated or intentionally kept as-is.
it,terminology.json,terminology.sections.goju-ryu-techniques.punches.ko-uchi,same-as-english,Ko Uchi - Wrist strike,Review whether this should be translated or intentionally kept as-is.
it,terminology.json,terminology.sections.goju-ryu-techniques.punches.hojo-oshi,same-as-english,Hojo Oshi - Augmented push,Review whether this should be translated or intentionally kept as-is.
it,terminology.json,terminology.sections.goju-ryu-techniques.punches.tsukami-hiki,same-as-english,Tsukami Hiki - Grasp and pull (Saifa),Review whether this should be translated or intentionally kept as-is.
it,terminology.json,terminology.sections.goju-ryu-techniques.kicks.title,same-as-english,Kicking Techniques (Geri/Keri Waza),Review whether this should be translated or intentionally kept as-is.
it,terminology.json,terminology.sections.goju-ryu-techniques.kicks.yoko-geri,same-as-english,Yoko Geri - Side kick (Sokuto),Review whether this should be translated or intentionally kept as-is.
it,terminology.json,terminology.sections.goju-ryu-techniques.kicks.ushiro-geri,same-as-english,Ushiro (Kakato) Geri - Back (heel) kick,Review whether this should be translated or intentionally kept as-is.
it,terminology.json,terminology.sections.goju-ryu-techniques.kicks.kansetsu-geri,same-as-english,Kansetsu Geri - Joint kick,Review whether this should be translated or intentionally kept as-is.
it,terminology.json,terminology.sections.goju-ryu-techniques.kicks.kin-geri,same-as-english,Kin Geri - Groin kick,Review whether this should be translated or intentionally kept as-is.
it,terminology.json,terminology.sections.goju-ryu-techniques.kicks.kakato-otoshi,same-as-english,Kakato Otoshi - Axe kick (Dropping heel),Review whether this should be translated or intentionally kept as-is.
it,terminology.json,terminology.sections.goju-ryu-techniques.kicks.mikazuki-geri,same-as-english,Mikazuki Geri - Crescent moon kick,Review whether this should be translated or intentionally kept as-is.
it,terminology.json,terminology.sections.goju-ryu-techniques.kicks.kekomi,same-as-english,Kekomi - Thrusting kick,Review whether this should be translated or intentionally kept as-is.
it,terminology.json,terminology.sections.goju-ryu-techniques.kicks.keage,same-as-english,Keage - Snapping kick (Rising),Review whether this should be translated or intentionally kept as-is.
it,terminology.json,terminology.sections.goju-ryu-techniques.kicks.hiki-ashi,same-as-english,Hiki Ashi - Pulling back the foot (Retraction),Review whether this should be translated or intentionally kept as-is.
it,terminology.json,terminology.sections.goju-ryu-techniques.kicks.ashi-mae,same-as-english,Ashi Mae ... - ... kick with front leg,Review whether this should be translated or intentionally kept as-is.
it,terminology.json,terminology.sections.goju-ryu-techniques.kicks.ushiro-mawashi-geri,same-as-english,Ushiro Mawashi Geri - Back roundhouse kick (Spinning hook),Review whether this should be translated or intentionally kept as-is.
it,terminology.json,terminology.sections.goju-ryu-techniques.kicks.kaiten,same-as-english,Kaiten ... - Spinning ...,Review whether this should be translated or intentionally kept as-is.
it,terminology.json,terminology.sections.goju-ryu-techniques.kicks.sokuto-furi-geri,same-as-english,Sokuto Furi Geri - Edge of foot swinging kick,Review whether this should be translated or intentionally kept as-is.
it,terminology.json,terminology.sections.goju-ryu-techniques.kicks.tobi-geri,same-as-english,Tobi Geri - Jumping kick,Review whether this should be translated or intentionally kept as-is.
it,terminology.json,terminology.sections.goju-ryu-techniques.kicks.nidan-geri,same-as-english,Nidan Geri - Double kick (Jumping),Review whether this should be translated or intentionally kept as-is.
it,terminology.json,terminology.sections.goju-ryu-techniques.kicks.ren-geri,same-as-english,Ren Geri - Consecutive kicks,Review whether this should be translated or intentionally kept as-is.
it,terminology.json,terminology.sections.goju-ryu-techniques.kicks.nami-gaeshi,same-as-english,Nami Gaeshi - Returning wave (Foot sweep),Review whether this should be translated or intentionally kept as-is.
it,terminology.json,terminology.sections.goju-ryu-techniques.movement.title,same-as-english,Movements and Postures,Review whether this should be translated or intentionally kept as-is.
it,terminology.json,terminology.sections.goju-ryu-techniques.movement.tenshin,same-as-english,Tenshin - Body shifting,Review whether this should be translated or intentionally kept as-is.
it,terminology.json,terminology.sections.goju-ryu-techniques.movement.tai-sabaki,same-as-english,Tai Sabaki - Body management/movement,Review whether this should be translated or intentionally kept as-is.
it,terminology.json,terminology.sections.goju-ryu-techniques.movement.tai-hiraki,same-as-english,Tai Hiraki - Body opening/dodging,Review whether this should be translated or intentionally kept as-is.
it,terminology.json,terminology.sections.goju-ryu-techniques.movement.suri-ashi,same-as-english,Suri Ashi - Sliding step,Review whether this should be translated or intentionally kept as-is.
it,terminology.json,terminology.sections.goju-ryu-techniques.movement.tsugi-ashi,same-as-english,Tsugi Ashi - Shuffling step,Review whether this should be translated or intentionally kept as-is.
it,terminology.json,terminology.sections.goju-ryu-techniques.movement.ayumi-ashi,same-as-english,Ayumi Ashi - Natural step,Review whether this should be translated or intentionally kept as-is.
it,terminology.json,terminology.sections.goju-ryu-techniques.movement.hiki-ashi-move,same-as-english,Hiki Ashi - Pulling/Retracting foot,Review whether this should be translated or intentionally kept as-is.
it,terminology.json,terminology.sections.goju-ryu-techniques.movement.tako-ashi,same-as-english,Tako Ashi - Octopus foot,Review whether this should be translated or intentionally kept as-is.
it,terminology.json,terminology.sections.goju-ryu-techniques.movement.hanmi,same-as-english,Hanmi - Half-facing position,Review whether this should be translated or intentionally kept as-is.
it,terminology.json,terminology.sections.goju-ryu-techniques.movement.yoi-no-kamae,same-as-english,Yoi No Kamae - Ready stance,Review whether this should be translated or intentionally kept as-is.
it,terminology.json,terminology.sections.goju-ryu-techniques.movement.gedan-no-kamae,same-as-english,Gedan No Kamae - Low guard position,Review whether this should be translated or intentionally kept as-is.
it,terminology.json,terminology.sections.goju-ryu-techniques.movement.chudan-no-kamae,same-as-english,Chudan No Kamae - Middle guard position,Review whether this should be translated or intentionally kept as-is.
it,terminology.json,terminology.sections.goju-ryu-techniques.movement.jodan-no-kamae,same-as-english,Jodan No Kamae - High guard position,Review whether this should be translated or intentionally kept as-is.
it,terminology.json,terminology.sections.goju-ryu-techniques.movement.mu-kamae,same-as-english,Mu Kamae - No stance (Void),Review whether this should be translated or intentionally kept as-is.
it,terminology.json,terminology.sections.goju-ryu-techniques.weapons.seiken,same-as-english,Seiken - Forefist,Review whether this should be translated or intentionally kept as-is.
it,terminology.json,terminology.sections.goju-ryu-techniques.weapons.tateken,same-as-english,Tateken - Vertical fist,Review whether this should be translated or intentionally kept as-is.
it,terminology.json,terminology.sections.goju-ryu-techniques.weapons.uraken,same-as-english,Uraken - Back fist,Review whether this should be translated or intentionally kept as-is.
it,terminology.json,terminology.sections.goju-ryu-techniques.weapons.tettsui,same-as-english,Tettsui - Hammer fist,Review whether this should be translated or intentionally kept as-is.
it,terminology.json,terminology.sections.goju-ryu-techniques.weapons.shuto,same-as-english,Shuto - Knife hand,Review whether this should be translated or intentionally kept as-is.
it,terminology.json,terminology.sections.goju-ryu-techniques.weapons.haito,same-as-english,Haito - Ridge hand,Review whether this should be translated or intentionally kept as-is.
it,terminology.json,terminology.sections.goju-ryu-techniques.weapons.shotei,same-as-english,Shotei - Palm heel,Review whether this should be translated or intentionally kept as-is.
it,terminology.json,terminology.sections.goju-ryu-techniques.weapons.haishu,same-as-english,Haishu - Back of hand,Review whether this should be translated or intentionally kept as-is.
it,terminology.json,terminology.sections.goju-ryu-techniques.weapons.nukite,same-as-english,Nukite - Spear hand,Review whether this should be translated or intentionally kept as-is.
it,terminology.json,terminology.sections.goju-ryu-techniques.weapons.nakadakaken,same-as-english,Nakadakaken - Middle finger knuckle fist,Review whether this should be translated or intentionally kept as-is.
it,terminology.json,terminology.sections.goju-ryu-techniques.weapons.keikoken,same-as-english,Keikoken - One knuckle fist (Index),Review whether this should be translated or intentionally kept as-is.
it,terminology.json,terminology.sections.goju-ryu-techniques.weapons.hiraken,same-as-english,Hiraken - Flat fist,Review whether this should be translated or intentionally kept as-is.
it,terminology.json,terminology.sections.goju-ryu-techniques.weapons.koken,same-as-english,Koken / Ko - Bent wrist,Review whether this should be translated or intentionally kept as-is.
it,terminology.json,terminology.sections.goju-ryu-techniques.weapons.kakato,same-as-english,Kakato - Heel,Review whether this should be translated or intentionally kept as-is.
it,terminology.json,terminology.sections.goju-ryu-techniques.weapons.sokko,same-as-english,Sokko / Haisoku - Instep,Review whether this should be translated or intentionally kept as-is.
it,terminology.json,terminology.sections.goju-ryu-techniques.weapons.sokutei,same-as-english,Sokutei / Sokuto - Sole / Foot edge,Review whether this should be translated or intentionally kept as-is.
it,terminology.json,terminology.sections.goju-ryu-techniques.weapons.josokutei,same-as-english,Josokutei - Ball of foot,Review whether this should be translated or intentionally kept as-is.
it,terminology.json,terminology.sections.goju-ryu-techniques.weapons.tsumasaki,same-as-english,Tsumasaki - Tips of toes,Review whether this should be translated or intentionally kept as-is.
it,terminology.json,terminology.sections.goju-ryu-techniques.weapons.kasokutei,same-as-english,Kasokutei - Inside edge of foot,Review whether this should be translated or intentionally kept as-is.
it,terminology.json,terminology.sections.goju-ryu-techniques.grappling.title,same-as-english,Grappling and Control Techniques,Review whether this should be translated or intentionally kept as-is.
it,terminology.json,terminology.sections.goju-ryu-techniques.grappling.tsukami-waza,same-as-english,Tsukami Waza - Grasping techniques,Review whether this should be translated or intentionally kept as-is.
it,terminology.json,terminology.sections.goju-ryu-techniques.grappling.hazusu-waza,same-as-english,Hazusu (or Hazushi) Waza - Escaping techniques,Review whether this should be translated or intentionally kept as-is.
it,terminology.json,terminology.sections.goju-ryu-techniques.grappling.ukemi-waza.english,same-as-english,Breakfall techniques.,Review whether this should be translated or intentionally kept as-is.
it,terminology.json,terminology.sections.goju-ryu-techniques.grappling.ukemi-waza.details,same-as-english,Breakfall techniques.,Review whether this should be translated or intentionally kept as-is.
it,terminology.json,terminology.sections.goju-ryu-techniques.grappling.renraku-waza,same-as-english,Renraku Waza - Combination techniques,Review whether this should be translated or intentionally kept as-is.
it,terminology.json,terminology.sections.goju-ryu-techniques.grappling.osae-waza,same-as-english,Osae Waza - Holding/Pinning techniques,Review whether this should be translated or intentionally kept as-is.
it,terminology.json,terminology.sections.goju-ryu-techniques.grappling.nage-waza.english,same-as-english,Throwing techniques.,Review whether this should be translated or intentionally kept as-is.
it,terminology.json,terminology.sections.goju-ryu-techniques.grappling.nage-waza.details,same-as-english,Throwing techniques.,Review whether this should be translated or intentionally kept as-is.
it,terminology.json,terminology.sections.goju-ryu-techniques.grappling.koshi-nage,same-as-english,Koshi Nage - Hip throws,Review whether this should be translated or intentionally kept as-is.
it,terminology.json,terminology.sections.goju-ryu-techniques.grappling.kata-nage,same-as-english,Kata Nage - Shoulder throws,Review whether this should be translated or intentionally kept as-is.
it,terminology.json,terminology.sections.goju-ryu-techniques.grappling.te-nage,same-as-english,Te Nage - Hand throws,Review whether this should be translated or intentionally kept as-is.
it,terminology.json,terminology.sections.goju-ryu-techniques.grappling.furi-nage,same-as-english,Furi Nage / Gyaku Nage - Swinging throws / Reverse throws,Review whether this should be translated or intentionally kept as-is.
it,terminology.json,terminology.sections.goju-ryu-techniques.grappling.sutemi-nage,same-as-english,Sutemi Nage - Sacrifice throws,Review whether this should be translated or intentionally kept as-is.
it,terminology.json,terminology.sections.goju-ryu-techniques.grappling.ashi-basami,same-as-english,Ashi Basami - Leg scissors,Review whether this should be translated or intentionally kept as-is.
it,terminology.json,terminology.sections.goju-ryu-techniques.grappling.kansetsu-waza.english,same-as-english,Joint locking techniques.,Review whether this should be translated or intentionally kept as-is.
it,terminology.json,terminology.sections.goju-ryu-techniques.grappling.kansetsu-waza.details,same-as-english,Joint locking techniques.,Review whether this should be translated or intentionally kept as-is.
it,terminology.json,terminology.sections.goju-ryu-techniques.grappling.yubi-kansetsu,same-as-english,Yubi Kansetsu - Finger locks,Review whether this should be translated or intentionally kept as-is.
it,terminology.json,terminology.sections.goju-ryu-techniques.grappling.kubi-kansetsu,same-as-english,(Te) Kubi / Kote Kansetsu - Wrist locks,Review whether this should be translated or intentionally kept as-is.
it,terminology.json,terminology.sections.goju-ryu-techniques.grappling.hiji-kansetsu,same-as-english,Hiji Kansetsu - Elbow locks,Review whether this should be translated or intentionally kept as-is.
it,terminology.json,terminology.sections.goju-ryu-techniques.grappling.ude-kansetsu,same-as-english,Ude Kansetsu - Arm locks,Review whether this should be translated or intentionally kept as-is.
it,terminology.json,terminology.sections.goju-ryu-techniques.grappling.neck-kansetsu,same-as-english,Kubi Kansetsu - Neck locks,Review whether this should be translated or intentionally kept as-is.
it,terminology.json,terminology.sections.goju-ryu-techniques.grappling.hiza-kansetsu,same-as-english,Hiza Kansetsu - Knee locks,Review whether this should be translated or intentionally kept as-is.
it,terminology.json,terminology.sections.goju-ryu-techniques.grappling.ashi-kubi-kansetsu,same-as-english,Ashi Kubi Kansetsu - Ankle locks,Review whether this should be translated or intentionally kept as-is.
it,terminology.json,terminology.sections.goju-ryu-techniques.grappling.gaeshi,same-as-english,Gaeshi (Kaeshi) - Reversing/Overturning,Review whether this should be translated or intentionally kept as-is.
it,terminology.json,terminology.sections.goju-ryu-techniques.grappling.ude-osae,same-as-english,Ude Osae - Arm pin/control,Review whether this should be translated or intentionally kept as-is.
it,terminology.json,terminology.sections.goju-ryu-techniques.grappling.shime-waza,same-as-english,Shime (or Jime) Waza - Strangling/Choking techniques,Review whether this should be translated or intentionally kept as-is.
it,terminology.json,terminology.sections.goju-ryu-techniques.grappling.eri-jime,same-as-english,Eri Jime - Collar choke,Review whether this should be translated or intentionally kept as-is.
it,terminology.json,terminology.sections.goju-ryu-techniques.grappling.hadaka-jime,same-as-english,Hadaka Jime - Naked choke,Review whether this should be translated or intentionally kept as-is.
it,terminology.json,terminology.sections.goju-ryu-techniques.grappling.ashi-jime,same-as-english,Ashi Jime - Leg choke,Review whether this should be translated or intentionally kept as-is.
it,terminology.json,terminology.sections.vital-points-content.description,same-as-english,Terms for some vital points (Kyusho) targeted in Karate.,Review whether this should be translated or intentionally kept as-is.
it,terminology.json,terminology.sections.vital-points-content.terms.jinchu.english,same-as-english,Philtrum (base of nose),Review whether this should be translated or intentionally kept as-is.
it,terminology.json,terminology.sections.vital-points-content.terms.suigetsu.english,same-as-english,Solar plexus,Review whether this should be translated or intentionally kept as-is.
it,terminology.json,terminology.sections.vital-points-content.terms.dokko.english,same-as-english,Mastoid process (behind ear),Review whether this should be translated or intentionally kept as-is.
it,terminology.json,terminology.sections.blocks-content.description,same-as-english,"Common defensive techniques used to block or deflect attacks. Click ""View"" for a demonstration if available.",Review whether this should be translated or intentionally kept as-is.
it,terminology.json,terminology.sections.blocks-content.videoNotAvailableDescription,same-as-english,A video demonstration for this technique is not currently available.,Review whether this should be translated or intentionally kept as-is.
it,terminology.json,terminology.sections.blocks-content.videoLoadError,same-as-english,Could not load video for '{{file}}'. Please check that the file exists in public/video/blocks/.,Review whether this should be translated or intentionally kept as-is.
it,terminology.json,terminology.sections.blocks-content.selectVideoTitle,same-as-english,Select a technique to view,Review whether this should be translated or intentionally kept as-is.
it,terminology.json,terminology.sections.blocks-content.terms.harai.english,same-as-english,Sweeping block,Review whether this should be translated or intentionally kept as-is.
it,terminology.json,terminology.sections.blocks-content.terms.jodan-age-uke.english,same-as-english,High rising block,Review whether this should be translated or intentionally kept as-is.
it,terminology.json,terminology.sections.blocks-content.terms.jodan-age-uke.details,same-as-english,"Age Uke (Rising Block) is a fundamental upward blocking technique used to defend against attacks to the face or upper body. The forearm moves upwards to deflect the attack, while the other hand is withdrawn to the hip in preparation for a counter-attack.",Review whether this should be translated or intentionally kept as-is.
it,terminology.json,terminology.sections.blocks-content.terms.jodan-soto-uke.english,same-as-english,High outside (side) block,Review whether this should be translated or intentionally kept as-is.
it,terminology.json,terminology.sections.blocks-content.terms.jodan-soto-uke.details,same-as-english,Soto Uke (Outside Block) is an outside-to-inside block used to deflect attacks coming from the outside. The forearm moves from outside to inside in a horizontal path to redirect the opponent's strike.,Review whether this should be translated or intentionally kept as-is.
it,terminology.json,terminology.sections.blocks-content.terms.jodan-uchi-uke.english,same-as-english,High inside (side) block,Review whether this should be translated or intentionally kept as-is.
it,terminology.json,terminology.sections.blocks-content.terms.jodan-uchi-uke.details,same-as-english,Jodan Uchi Uke is een binnen-naar-buiten blok gebruikt om hoge aanvallen van binnenaf af te weren.,Review whether this should be translated or intentionally kept as-is.
it,terminology.json,terminology.sections.blocks-content.terms.chudan-soto-uke.english,same-as-english,Middle outside (side) block,Review whether this should be translated or intentionally kept as-is.
it,terminology.json,terminology.sections.blocks-content.terms.chudan-uchi-uke.english,same-as-english,Middle inside block,Review whether this should be translated or intentionally kept as-is.
it,terminology.json,terminology.sections.blocks-content.terms.chudan-uchi-uke.details,same-as-english,Uchi Uke (Inside Block) is an inside-to-outside block used to deflect attacks coming from the inside. The forearm moves from inside to outside in a horizontal path.,Review whether this should be translated or intentionally kept as-is.
it,terminology.json,terminology.sections.blocks-content.terms.gedan-uke.english,same-as-english,Low (sweeping) block,Review whether this should be translated or intentionally kept as-is.
it,terminology.json,terminology.sections.blocks-content.terms.gedan-uke.details,same-as-english,"Gedan Barai (Downward Sweep Block) is a sweeping downward block that defends against low attacks. The arm moves in a downward arc to deflect strikes aimed at the lower body, with the other arm retracting to the hip position.",Review whether this should be translated or intentionally kept as-is.
it,terminology.json,terminology.sections.blocks-content.terms.uchi-gedan-barai.english,same-as-english,Low inside sweeping block,Review whether this should be translated or intentionally kept as-is.
it,terminology.json,terminology.sections.blocks-content.terms.shotei-gedan-harai.english,same-as-english,Low sweeping block with palm or fist,Review whether this should be translated or intentionally kept as-is.
it,terminology.json,terminology.sections.blocks-content.terms.morote-uke.english,same-as-english,Double middle side block,Review whether this should be translated or intentionally kept as-is.
it,terminology.json,terminology.sections.blocks-content.terms.kosa-uke.english,same-as-english,Cross block (with two fists),Review whether this should be translated or intentionally kept as-is.
it,terminology.json,terminology.sections.blocks-content.terms.kosa-uke.details,same-as-english,"Kosa Uke (Cross Block) involves crossing the wrists or forearms to create a barrier against an attack. It can be performed at various heights (jodan, chudan, gedan).",Review whether this should be translated or intentionally kept as-is.
it,terminology.json,terminology.sections.blocks-content.terms.hiki-uke.english,same-as-english,Pulling (or grasping) block,Review whether this should be translated or intentionally kept as-is.
it,terminology.json,terminology.sections.blocks-content.terms.ura-hiki-uke.english,same-as-english,Reverse pulling block,Review whether this should be translated or intentionally kept as-is.
it,terminology.json,terminology.sections.blocks-content.terms.ura-kake-uke.english,same-as-english,Reverse block / Backhand circular pressing block,Review whether this should be translated or intentionally kept as-is.
it,terminology.json,terminology.sections.blocks-content.terms.morote-hiki-uke.english,same-as-english,Double pulling block,Review whether this should be translated or intentionally kept as-is.
it,terminology.json,terminology.sections.blocks-content.terms.kake-uke.english,same-as-english,Hooking block,Review whether this should be translated or intentionally kept as-is.
it,terminology.json,terminology.sections.blocks-content.terms.uchi-kake-uke.english,same-as-english,Inside hooking block,Review whether this should be translated or intentionally kept as-is.
it,terminology.json,terminology.sections.blocks-content.terms.shotei-uke.english,same-as-english,Side palm block,Review whether this should be translated or intentionally kept as-is.
it,terminology.json,terminology.sections.blocks-content.terms.otoshi-uke.english,same-as-english,Dropping (palm) block,Review whether this should be translated or intentionally kept as-is.
it,terminology.json,terminology.sections.blocks-content.terms.nagashi-uke.english,same-as-english,Flowing or sweeping block,Review whether this should be translated or intentionally kept as-is.
it,terminology.json,terminology.sections.blocks-content.terms.osae-uke.english,same-as-english,Pressing (palm) block,Review whether this should be translated or intentionally kept as-is.
it,terminology.json,terminology.sections.blocks-content.terms.osae-uke.details,same-as-english,"Osae Uke (Pressing Block) is a technique that presses down or pins an opponent's attack, often used to control an opponent's limb or create an opening.",Review whether this should be translated or intentionally kept as-is.
it,terminology.json,terminology.sections.blocks-content.terms.morote-osae-uke.english,same-as-english,Double hand pressing block,Review whether this should be translated or intentionally kept as-is.
it,terminology.json,terminology.sections.blocks-content.terms.sukui-uke.english,same-as-english,Scooping block,Review whether this should be translated or intentionally kept as-is.
it,terminology.json,terminology.sections.blocks-content.terms.jodan-ko-uke.english,same-as-english,High wrist block,Review whether this should be translated or intentionally kept as-is.
it,terminology.json,terminology.sections.blocks-content.terms.yoko-ko-uke.english,same-as-english,Side wrist block,Review whether this should be translated or intentionally kept as-is.
it,terminology.json,terminology.sections.blocks-content.terms.hiji-uke.details,same-as-english,"Empi Uke (Elbow Block) uses the elbow to block an incoming attack, often effective at close range and against strikes to the body.",Review whether this should be translated or intentionally kept as-is.
it,terminology.json,terminology.sections.blocks-content.terms.mawashi-uke.english,same-as-english,Circular block,Review whether this should be translated or intentionally kept as-is.
it,terminology.json,terminology.sections.blocks-content.terms.hojo-uke.english,same-as-english,Augmented block,Review whether this should be translated or intentionally kept as-is.
it,terminology.json,terminology.sections.blocks-content.terms.doji-uke.english,same-as-english,Simultaneous block,Review whether this should be translated or intentionally kept as-is.
it,terminology.json,terminology.sections.blocks-content.terms.kuri-uke.english,same-as-english,Elbow circular block (Seiyunchin/Kururunfa),Review whether this should be translated or intentionally kept as-is.
it,terminology.json,terminology.sections.blocks-content.terms.hiza-uchi-uke.english,same-as-english,Inside knee block,Review whether this should be translated or intentionally kept as-is.
it,terminology.json,terminology.sections.blocks-content.terms.hiza-soto-uke.english,same-as-english,Outside knee block,Review whether this should be translated or intentionally kept as-is.
it,terminology.json,terminology.sections.blocks-content.terms.juji-uke.details,same-as-english,"Juji Uke (X-Block) uses the arms crossed in an 'X' shape to block an attack, typically a downward strike or kick. The hands can be open or closed.",Review whether this should be translated or intentionally kept as-is.
it,terminology.json,terminology.sections.blocks-content.terms.haiwan-uke.details,same-as-english,Haiwan Uke (Back Arm Block) uses the back of the forearm to block an incoming technique. It is often used to deflect strikes coming towards the side of the body or head.,Review whether this should be translated or intentionally kept as-is.
it,terminology.json,terminology.sections.blocks-content.terms.shuto-uke.details,same-as-english,"Shuto Uke (Knife Hand Block) is performed using the edge of the hand (shuto). It can be used to block attacks to the midsection or head, often with a circular motion.",Review whether this should be translated or intentionally kept as-is.
it,terminology.json,terminology.sections.commands-content.description,same-as-english,Common commands used in karate training.,Review whether this should be translated or intentionally kept as-is.
it,terminology.json,terminology.sections.commands-content.terms.yasume.english,same-as-english,Rest/At ease,Review whether this should be translated or intentionally kept as-is.
it,terminology.json,terminology.sections.commands-content.terms.naore.english,same-as-english,Return to ready position,Review whether this should be translated or intentionally kept as-is.
it,terminology.json,terminology.sections.commands-content.terms.mokuso-yame.english,same-as-english,End meditation,Review whether this should be translated or intentionally kept as-is.
it,terminology.json,terminology.sections.commands-content.terms.seiza.english,same-as-english,Formal sitting position,Review whether this should be translated or intentionally kept as-is.
it,terminology.json,terminology.sections.ranks-content.description,same-as-english,Terms related to karate ranks and grading.,Review whether this should be translated or intentionally kept as-is.
it,terminology.json,terminology.sections.ranks-content.terms.kyu.english,same-as-english,"Rank (colored belts, below black belt)",Review whether this should be translated or intentionally kept as-is.
it,terminology.json,terminology.sections.ranks-content.terms.dan.english,same-as-english,Level (black belt ranks),Review whether this should be translated or intentionally kept as-is.
it,terminology.json,terminology.sections.ranks-content.terms.shodan.english,same-as-english,First level black belt,Review whether this should be translated or intentionally kept as-is.
it,terminology.json,terminology.sections.ranks-content.terms.nidan.english,same-as-english,Second level black belt,Review whether this should be translated or intentionally kept as-is.
it,terminology.json,terminology.sections.ranks-content.terms.sandan.english,same-as-english,Third level black belt,Review whether this should be translated or intentionally kept as-is.
it,terminology.json,terminology.sections.ranks-content.terms.yondan.english,same-as-english,Fourth level black belt,Review whether this should be translated or intentionally kept as-is.
it,terminology.json,terminology.sections.ranks-content.terms.godan.english,same-as-english,Fifth level black belt,Review whether this should be translated or intentionally kept as-is.
it,terminology.json,terminology.sections.weapons-content.description,same-as-english,Terms related to traditional Okinawan weapons.,Review whether this should be translated or intentionally kept as-is.
it,terminology.json,terminology.sections.weapons-content.terms.bo.english,same-as-english,Long staff (approx. 6 ft),Review whether this should be translated or intentionally kept as-is.
it,terminology.json,terminology.sections.weapons-content.terms.sai.english,same-as-english,Three-pronged truncheon,Review whether this should be translated or intentionally kept as-is.
it,terminology.json,terminology.sections.weapons-content.terms.tonfa.english,same-as-english,Side-handled baton,Review whether this should be translated or intentionally kept as-is.
it,terminology.json,terminology.sections.weapons-content.terms.nunchaku.english,same-as-english,Flail (two sections linked by chain/rope),Review whether this should be translated or intentionally kept as-is.
it,terminology.json,terminology.sections.weapons-content.terms.tekko.english,same-as-english,Knuckle duster,Review whether this should be translated or intentionally kept as-is.
it,terminology.json,terminology.sections.concepts-content.description,same-as-english,Important concepts and principles in karate.,Review whether this should be translated or intentionally kept as-is.
it,terminology.json,terminology.sections.concepts-content.terms.zanshin.english,same-as-english,Lingering mind/awareness after technique,Review whether this should be translated or intentionally kept as-is.
it,terminology.json,terminology.sections.concepts-content.terms.mushin.english,same-as-english,"No mind, state of mental clarity",Review whether this should be translated or intentionally kept as-is.
it,terminology.json,terminology.sections.concepts-content.terms.ki.english,same-as-english,"Energy, spirit, life force",Review whether this should be translated or intentionally kept as-is.
it,terminology.json,terminology.sections.concepts-content.terms.ma-ai.english,same-as-english,"Distance, timing",Review whether this should be translated or intentionally kept as-is.
it,terminology.json,terminology.sections.concepts-content.terms.hyoshi.english,same-as-english,"Rhythm, timing",Review whether this should be translated or intentionally kept as-is.
it,terminology.json,terminology.sections.concepts-content.terms.kime.english,same-as-english,"Focus of power, decision",Review whether this should be translated or intentionally kept as-is.
it,terminology.json,terminology.sections.kata-specific-content.description,same-as-english,Terms specific to kata practice and performance.,Review whether this should be translated or intentionally kept as-is.
it,terminology.json,terminology.sections.kata-specific-content.terms.embusen.english,same-as-english,Performance line/pattern of a kata,Review whether this should be translated or intentionally kept as-is.
it,terminology.json,terminology.sections.kata-specific-content.terms.bunkai.english,same-as-english,"Analysis, application of kata",Review whether this should be translated or intentionally kept as-is.
it,terminology.json,terminology.sections.kata-specific-content.terms.oyo.english,same-as-english,"Application, practical use",Review whether this should be translated or intentionally kept as-is.
it,terminology.json,terminology.sections.kata-specific-content.terms.henka.english,same-as-english,"Variation, modification",Review whether this should be translated or intentionally kept as-is.
it,terminology.json,terminology.sections.kata-specific-content.terms.kakie.english,same-as-english,"Pushing hands, sensitivity training",Review whether this should be translated or intentionally kept as-is.
it,terminology.json,terminology.sections.kata-specific-content.terms.koryu.english,same-as-english,Old style/school (referring to classical kata),Review whether this should be translated or intentionally kept as-is.
it,terminology.json,terminology.sections.kumite-content.description,same-as-english,Terms related to sparring and fighting.,Review whether this should be translated or intentionally kept as-is.
it,terminology.json,terminology.sections.kumite-content.terms.kumite.english,same-as-english,"Sparring, grappling hands",Review whether this should be translated or intentionally kept as-is.
it,terminology.json,terminology.sections.kumite-content.terms.aiuchi.english,same-as-english,Simultaneous points,Review whether this should be translated or intentionally kept as-is.
it,terminology.json,terminology.sections.kumite-content.terms.shiai.english,same-as-english,"Match, competition",Review whether this should be translated or intentionally kept as-is.
it,terminology.json,terminology.sections.dojo-content.description,same-as-english,Terms related to the dojo and training environment.,Review whether this should be translated or intentionally kept as-is.
it,terminology.json,terminology.sections.dojo-content.terms.dojo.english,same-as-english,"Training hall, place of the way",Review whether this should be translated or intentionally kept as-is.
it,terminology.json,terminology.sections.dojo-content.terms.kamiza.english,same-as-english,"Upper seat, front of dojo",Review whether this should be translated or intentionally kept as-is.
it,terminology.json,terminology.sections.dojo-content.terms.shimoza.english,same-as-english,"Lower seat, back of dojo",Review whether this should be translated or intentionally kept as-is.
it,terminology.json,terminology.sections.dojo-content.terms.joseki.english,same-as-english,"Upper side, right side of dojo",Review whether this should be translated or intentionally kept as-is.
it,terminology.json,terminology.sections.dojo-content.terms.shimoseki.english,same-as-english,"Lower side, left side of dojo",Review whether this should be translated or intentionally kept as-is.
it,terminology.json,terminology.sections.dojo-content.terms.shomen.english,same-as-english,"Front, main wall of dojo",Review whether this should be translated or intentionally kept as-is.
it,terminology.json,terminology.sections.dojo-content.terms.tatami.english,same-as-english,Traditional Japanese floor mat,Review whether this should be translated or intentionally kept as-is.
it,terminology.json,terminology.sections.warmup-content.description,same-as-english,Basic warm-up exercises and preparatory techniques.,Review whether this should be translated or intentionally kept as-is.
it,terminology.json,terminology.sections.warmup-content.terms.junbi-undo.english,same-as-english,Preparatory exercises.,Review whether this should be translated or intentionally kept as-is.
it,terminology.json,terminology.sections.warmup-content.terms.junbi-undo.details,same-as-english,Preparatory exercises.,Review whether this should be translated or intentionally kept as-is.
it,terminology.json,terminology.sections.warmup-content.terms.hojo-undo.english,same-as-english,Supplementary exercises.,Review whether this should be translated or intentionally kept as-is.
it,terminology.json,terminology.sections.warmup-content.terms.hojo-undo.details,same-as-english,Supplementary exercises.,Review whether this should be translated or intentionally kept as-is.
it,terminology.json,terminology.sections.warmup-content.terms.kihon-undo.english,same-as-english,Basic movements.,Review whether this should be translated or intentionally kept as-is.
it,terminology.json,terminology.sections.warmup-content.terms.kihon-undo.details,same-as-english,Basic movements.,Review whether this should be translated or intentionally kept as-is.
it,terminology.json,terminology.sections.common-content.description,same-as-english,Commonly used terms in karate training.,Review whether this should be translated or intentionally kept as-is.
it,terminology.json,terminology.sections.common-content.terms.dojo.english,same-as-english,"Training hall, place of the way.",Review whether this should be translated or intentionally kept as-is.
it,terminology.json,terminology.sections.common-content.terms.sensei.english,same-as-english,"Teacher, instructor.",Review whether this should be translated or intentionally kept as-is.
it,terminology.json,terminology.sections.common-content.terms.sempai.english,same-as-english,Senior student,Review whether this should be translated or intentionally kept as-is.
it,terminology.json,terminology.sections.common-content.terms.kohai.english,same-as-english,Junior student,Review whether this should be translated or intentionally kept as-is.
it,terminology.json,terminology.sections.common-content.terms.gi.english,same-as-english,Training uniform.,Review whether this should be translated or intentionally kept as-is.
it,terminology.json,terminology.sections.common-content.terms.kiai.english,same-as-english,"Spirit shout, energy focus.",Review whether this should be translated or intentionally kept as-is.
it,terminology.json,terminology.sections.common-content.terms.reishiki.english,same-as-english,"Etiquette, manners.",Review whether this should be translated or intentionally kept as-is.
it,terminology.json,terminology.sections.body-parts-content.description,same-as-english,Terms for body parts often mentioned in karate.,Review whether this should be translated or intentionally kept as-is.
it,terminology.json,terminology.sections.body-parts-content.terms.hara.english,same-as-english,Stomach / Abdomen.,Review whether this should be translated or intentionally kept as-is.
it,terminology.json,terminology.sections.kyusho-content.description,same-as-english,Vital points (Kyusho) - important targets on the human body,Review whether this should be translated or intentionally kept as-is.
it,terminology.json,terminology.sections.kyusho-content.title,same-as-english,Kyusho - Vital Points,Review whether this should be translated or intentionally kept as-is.
it,terminology.json,terminology.sections.kyusho-content.leg.kori,same-as-english,"Kori - Middle of instep, between big and second toe",Review whether this should be translated or intentionally kept as-is.
it,terminology.json,terminology.sections.kyusho-content.leg.soin,same-as-english,"Soin - In depression just before ankle joint, outside of instep",Review whether this should be translated or intentionally kept as-is.
it,terminology.json,terminology.sections.kyusho-content.leg.naira,same-as-english,Naira - Various locations on inside along ankle,Review whether this should be translated or intentionally kept as-is.
it,terminology.json,terminology.sections.kyusho-content.leg.kokotsu,same-as-english,Kokotsu - Shinbone,Review whether this should be translated or intentionally kept as-is.
it,terminology.json,terminology.sections.kyusho-content.leg.soma,same-as-english,Soma - In middle of tendon attachment of calf muscle,Review whether this should be translated or intentionally kept as-is.
it,terminology.json,terminology.sections.kyusho-content.leg.fukuto,same-as-english,"Fukuto - Multiple locations on inside of thigh, just above knee",Review whether this should be translated or intentionally kept as-is.
it,terminology.json,terminology.sections.kyusho-content.leg.yako,same-as-english,"Yako - Multiple locations on inside of thigh, just below groin",Review whether this should be translated or intentionally kept as-is.
it,terminology.json,terminology.sections.kyusho-content.torso.ushiro-inazuma,same-as-english,"Ushiro Inazuma - Back of thigh, just below buttock",Review whether this should be translated or intentionally kept as-is.
it,terminology.json,terminology.sections.kyusho-content.torso.ein,same-as-english,Ein - Middle of perineum or crease of buttocks,Review whether this should be translated or intentionally kept as-is.
it,terminology.json,terminology.sections.kyusho-content.torso.bitei,same-as-english,"Bitei - Between bottom of tailbone and anus, coccyx",Review whether this should be translated or intentionally kept as-is.
it,terminology.json,terminology.sections.kyusho-content.torso.kinteki,same-as-english,Kinteki - Testicles,Review whether this should be translated or intentionally kept as-is.
it,terminology.json,terminology.sections.kyusho-content.torso.ushiro-denko,same-as-english,Ushiro Denko - Two points: Floating ribs and (much lower) kidneys,Review whether this should be translated or intentionally kept as-is.
it,terminology.json,terminology.sections.kyusho-content.torso.wakikage,same-as-english,Wakikage - Unprotected ribs under armpit,Review whether this should be translated or intentionally kept as-is.
it,terminology.json,terminology.sections.kyusho-content.torso.kassatsu,same-as-english,"Kassatsu - Middle of spine, directly under 5th thoracic vertebra",Review whether this should be translated or intentionally kept as-is.
it,terminology.json,terminology.sections.kyusho-content.torso.hayauchi,same-as-english,Hayauchi - Between shoulder blades and spine,Review whether this should be translated or intentionally kept as-is.
it,terminology.json,terminology.sections.kyusho-content.torso.tanden,same-as-english,Tanden - Approx. 7 cm below navel,Review whether this should be translated or intentionally kept as-is.
it,terminology.json,terminology.sections.kyusho-content.torso.myosho,same-as-english,Myosho - Approx. 2.5 cm below navel,Review whether this should be translated or intentionally kept as-is.
it,terminology.json,terminology.sections.kyusho-content.torso.inazuma,same-as-english,"Inazuma - 11th rib (top floating rib, at elbow height)",Review whether this should be translated or intentionally kept as-is.
it,terminology.json,terminology.sections.kyusho-content.torso.denko,same-as-english,Denko - Seventh rib,Review whether this should be translated or intentionally kept as-is.
it,terminology.json,terminology.sections.kyusho-content.torso.suigetsu,same-as-english,Suigetsu - Solar plexus,Review whether this should be translated or intentionally kept as-is.
it,terminology.json,terminology.sections.kyusho-content.torso.ganka,same-as-english,"Ganka - 5th intercostal space, at height of Suigetsu",Review whether this should be translated or intentionally kept as-is.
it,terminology.json,terminology.sections.kyusho-content.torso.kyosen,same-as-english,"Kyosen - Bottom of sternum, in depression at transition",Review whether this should be translated or intentionally kept as-is.
it,terminology.json,terminology.sections.kyusho-content.torso.danchu,same-as-english,Danchu - Depression in middle of sternum at attachment of 2nd rib pair,Review whether this should be translated or intentionally kept as-is.
it,terminology.json,terminology.sections.kyusho-content.neck-head.title,same-as-english,Neck and Head,Review whether this should be translated or intentionally kept as-is.
it,terminology.json,terminology.sections.kyusho-content.neck-head.murasame,same-as-english,"Murasame - Above collarbone, in depression between attachments of two neck muscles",Review whether this should be translated or intentionally kept as-is.
it,terminology.json,terminology.sections.kyusho-content.neck-head.hichu,same-as-english,"Hichu - Below larynx, in hollow just above attachment of clavicles",Review whether this should be translated or intentionally kept as-is.
it,terminology.json,terminology.sections.kyusho-content.neck-head.nodo-botoke,same-as-english,Nodo Botoke - Adam's apple,Review whether this should be translated or intentionally kept as-is.
it,terminology.json,terminology.sections.kyusho-content.neck-head.matsukatze,same-as-english,Matsukatze - Next to carotid artery,Review whether this should be translated or intentionally kept as-is.
it,terminology.json,terminology.sections.kyusho-content.neck-head.keichu,same-as-english,Keichu - Middle of neck,Review whether this should be translated or intentionally kept as-is.
it,terminology.json,terminology.sections.kyusho-content.neck-head.ushiro-ago,same-as-english,Ushiro Ago - Back of jawbone,Review whether this should be translated or intentionally kept as-is.
it,terminology.json,terminology.sections.kyusho-content.neck-head.sonu,same-as-english,Sonu - Earlobe,Review whether this should be translated or intentionally kept as-is.
it,terminology.json,terminology.sections.kyusho-content.neck-head.mikazuki,same-as-english,Mikazuki - Jaw,Review whether this should be translated or intentionally kept as-is.
it,terminology.json,terminology.sections.kyusho-content.neck-head.kakon,same-as-english,Kakon - In depression under lower lip,Review whether this should be translated or intentionally kept as-is.
it,terminology.json,terminology.sections.kyusho-content.neck-head.jinchu,same-as-english,Jinchu - Between upper lip and nose,Review whether this should be translated or intentionally kept as-is.
it,terminology.json,terminology.sections.kyusho-content.neck-head.seimo,same-as-english,Seimo / Gansei - Eye (including middle under eye and eyebrow),Review whether this should be translated or intentionally kept as-is.
it,terminology.json,terminology.sections.kyusho-content.neck-head.dokusen,same-as-english,"Dokusen - Hollow directly under ear, at attachment of jaw",Review whether this should be translated or intentionally kept as-is.
it,terminology.json,terminology.sections.kyusho-content.neck-head.komekami,same-as-english,Komekami - Temple,Review whether this should be translated or intentionally kept as-is.
it,terminology.json,terminology.sections.kyusho-content.neck-head.kasumi,same-as-english,Kasumi - Side of eyebrow,Review whether this should be translated or intentionally kept as-is.
it,terminology.json,terminology.sections.kyusho-content.neck-head.uto,same-as-english,Uto - Middle of forehead,Review whether this should be translated or intentionally kept as-is.
it,terminology.json,terminology.sections.kyusho-content.neck-head.shomon,same-as-english,Shomon - Fontanelle,Review whether this should be translated or intentionally kept as-is.
it,terminology.json,terminology.sections.kyusho-content.arm.hijisume,same-as-english,Hijisume - Elbow point,Review whether this should be translated or intentionally kept as-is.
it,terminology.json,terminology.sections.kyusho-content.arm.ude,same-as-english,Ude - Outside of forearm,Review whether this should be translated or intentionally kept as-is.
it,terminology.json,terminology.sections.kyusho-content.arm.wankotsu,same-as-english,Wankotsu - Wrist,Review whether this should be translated or intentionally kept as-is.
it,terminology.json,terminology.sections.kyusho-content.arm.shuko,same-as-english,Shuko - Back of hand,Review whether this should be translated or intentionally kept as-is.
it,terminology.json,terminology.sections.kyusho-content.arm.yubisaki,same-as-english,Yubisaki - Fingertip(s),Review whether this should be translated or intentionally kept as-is.
it,terminology.json,terminology.noTermsAvailable,same-as-english,No terms available for this section.,Review whether this should be translated or intentionally kept as-is.
it,terminology.json,terminology.blockNotFound,same-as-english,Technique not found.,Review whether this should be translated or intentionally kept as-is.
it,terminology.json,terminology.warmup.title,same-as-english,Training & Warm-up,Review whether this should be translated or intentionally kept as-is.
it,terminology.json,terminology.warmup.description,same-as-english,Preparatory exercises and traditional training,Review whether this should be translated or intentionally kept as-is.
it,terminology.json,terminology.warmup.sectionDescription,same-as-english,This section contains links to the training and warm-up exercises that fall under the Practice section.,Review whether this should be translated or intentionally kept as-is.
it,terminology.json,terminology.warmup.viewSection,same-as-english,View section,Review whether this should be translated or intentionally kept as-is.
it,terminology.json,terminology.warmup.aboutTraining,same-as-english,About Training in Goju Ryu,Review whether this should be translated or intentionally kept as-is.
it,terminology.json,terminology.warmup.junbiUndo.description,same-as-english,Preparatory exercises and warm-up techniques,Review whether this should be translated or intentionally kept as-is.
it,terminology.json,terminology.warmup.junbiUndo.explanation,same-as-english,"Preparatory exercises that prepare the body for training. These exercises improve flexibility, mobility and prepare the muscles.",Review whether this should be translated or intentionally kept as-is.
it,terminology.json,terminology.warmup.hojoUndo.description,same-as-english,Traditional strength and conditioning training with equipment,Review whether this should be translated or intentionally kept as-is.
it,terminology.json,terminology.warmup.hojoUndo.explanation,same-as-english,"Traditional strength and conditioning training with specific equipment such as chi-ishi, nigiri-game, and kongoken. These exercises develop strength and endurance.",Review whether this should be translated or intentionally kept as-is.
nl,terminology.json,terminology.sections.training-content.terms.numbers.name,same-as-english,"Ichi, Ni, San ... Ju",Review whether this should be translated or intentionally kept as-is.
nl,terminology.json,terminology.sections.training-content.terms.numbers.details,same-as-english,"Ichi, Ni, San, Shi, Go, Roku, Shichi, Hachi, Ku, Ju",Review whether this should be translated or intentionally kept as-is.
nl,terminology.json,terminology.sections.training-content.terms.ashi-o-kaete.name,same-as-english,Ashi O Kaete,Review whether this should be translated or intentionally kept as-is.
nl,terminology.json,terminology.sections.training-content.terms.sonoba.name,same-as-english,Sonoba (Kihon Gijutsu),Review whether this should be translated or intentionally kept as-is.
nl,terminology.json,terminology.sections.training-content.terms.ido.name,same-as-english,Ido (Kihon Gijutsu),Review whether this should be translated or intentionally kept as-is.
nl,terminology.json,terminology.sections.training-content.terms.tuite-waza.name,same-as-english,Tuite of Gyakute Waza,Review whether this should be translated or intentionally kept as-is.
nl,terminology.json,terminology.sections.anatomical-weapons-content.terms.sokko.name,same-as-english,Sokko (Haisoku),Review whether this should be translated or intentionally kept as-is.
nl,terminology.json,terminology.sections.general-terms-content.terms.chinkuchi-kakin.name,same-as-english,Chinkuchi Kakin (Kimae),Review whether this should be translated or intentionally kept as-is.
nl,terminology.json,terminology.sections.numbers-content.terms.shichi.name,same-as-english,Shichi / Nana,Review whether this should be translated or intentionally kept as-is.
nl,terminology.json,terminology.sections.kicks-content.terms.kansetsu-geri.details,same-as-english,"Kansetsu Geri (Gewricht Trap) is een neerwaartse trap gericht op de knie van de tegenstander. Het wordt uitgevoerd door de voet neerwaarts te stampen, vaak met de hak. Deze techniek kan gebruikt worden om de tegenstander's been te beschadigen of hun balans te verstoren.",Review whether this should be translated or intentionally kept as-is.
nl,terminology.json,terminology.sections.stances-content.terms.koshi-dachi.name,same-as-english,Sonkyo / Koshi Dachi,Review whether this should be translated or intentionally kept as-is.
nl,terminology.json,terminology.sections.strikes-content.terms.nukite.details,same-as-english,"Nukite (Speer Hand Slag) wordt uitgevoerd met gestrekte vingers die samen zijn gehouden, waarbij de vingertoppen het doel raken. Het is een stekende techniek die effectief is voor het raken van zachte doelen zoals de ogen, keel, of zonnevlecht. Deze techniek vereist precisie en controle.",Review whether this should be translated or intentionally kept as-is.
nl,terminology.json,terminology.sections.blocks-content.terms.jodan-uchi-uke.details,same-as-english,Jodan Uchi Uke is een binnen-naar-buiten blok gebruikt om hoge aanvallen van binnenaf af te weren.,Review whether this should be translated or intentionally kept as-is.
pt,terminology.json,terminology.sections.training-content.terms.numbers.name,same-as-english,"Ichi, Ni, San ... Ju",Review whether this should be translated or intentionally kept as-is.
pt,terminology.json,terminology.sections.training-content.terms.numbers.details,same-as-english,"Ichi, Ni, San, Shi, Go, Roku, Shichi, Hachi, Ku, Ju",Review whether this should be translated or intentionally kept as-is.
pt,terminology.json,terminology.sections.training-content.terms.ashi-o-kaete.name,same-as-english,Ashi O Kaete,Review whether this should be translated or intentionally kept as-is.
pt,terminology.json,terminology.sections.training-content.terms.sonoba.name,same-as-english,Sonoba (Kihon Gijutsu),Review whether this should be translated or intentionally kept as-is.
pt,terminology.json,terminology.sections.training-content.terms.ido.name,same-as-english,Ido (Kihon Gijutsu),Review whether this should be translated or intentionally kept as-is.
pt,terminology.json,terminology.sections.training-content.terms.tuite-waza.name,same-as-english,Tuite of Gyakute Waza,Review whether this should be translated or intentionally kept as-is.
pt,terminology.json,terminology.sections.general-terms-content.terms.chinkuchi-kakin.name,same-as-english,Chinkuchi Kakin (Kimae),Review whether this should be translated or intentionally kept as-is.
pt,terminology.json,terminology.sections.general-terms-content.terms.te-no-omoi.name,same-as-english,Te No Omoi (Te No Omomi),Review whether this should be translated or intentionally kept as-is.
pt,terminology.json,terminology.sections.numbers-content.terms.shichi.name,same-as-english,Shichi / Nana,Review whether this should be translated or intentionally kept as-is.
pt,terminology.json,terminology.sections.phrases-etiquette-content.terms.karate-gi.name,same-as-english,(Karate)gi (dogi),Review whether this should be translated or intentionally kept as-is.
pt,terminology.json,terminology.sections.kata-terms-content.description,same-as-english,Terminology related to Kata practice.,Review whether this should be translated or intentionally kept as-is.
pt,terminology.json,terminology.sections.kata-terms-content.terms.embusen.english,same-as-english,Performance line/pattern of a kata,Review whether this should be translated or intentionally kept as-is.
pt,terminology.json,terminology.sections.kata-terms-content.terms.kime.english,same-as-english,"Focus of power, decision",Review whether this should be translated or intentionally kept as-is.
pt,terminology.json,terminology.sections.kata-terms-content.terms.zanshin.english,same-as-english,Lingering mind/awareness after technique,Review whether this should be translated or intentionally kept as-is.
pt,terminology.json,terminology.sections.kata-terms-content.terms.hyoshi.english,same-as-english,"Rhythm, timing",Review whether this should be translated or intentionally kept as-is.
pt,terminology.json,terminology.sections.kata-terms-content.terms.koryu.english,same-as-english,Old style/school (referring to classical kata),Review whether this should be translated or intentionally kept as-is.
pt,terminology.json,terminology.sections.kicks-content.description,same-as-english,Basic kicking techniques (Geri Waza).,Review whether this should be translated or intentionally kept as-is.
pt,terminology.json,terminology.sections.kicks-content.terms.kansetsu-geri.english,same-as-english,Joint Kick (stamping kick to knee),Review whether this should be translated or intentionally kept as-is.
pt,terminology.json,terminology.sections.kicks-content.terms.kansetsu-geri.details,same-as-english,"Kansetsu Geri (Gewricht Trap) is een neerwaartse trap gericht op de knie van de tegenstander. Het wordt uitgevoerd door de voet neerwaarts te stampen, vaak met de hak. Deze techniek kan gebruikt worden om de tegenstander's been te beschadigen of hun balans te verstoren.",Review whether this should be translated or intentionally kept as-is.
pt,terminology.json,terminology.sections.punches-content.terms.choku-zuki.english,same-as-english,Straight punch.,Review whether this should be translated or intentionally kept as-is.
pt,terminology.json,terminology.sections.punches-content.terms.choku-zuki.details,same-as-english,Straight punch.,Review whether this should be translated or intentionally kept as-is.
pt,terminology.json,terminology.sections.punches-content.terms.seiken-zuki.english,same-as-english,Punch with the fist.,Review whether this should be translated or intentionally kept as-is.
pt,terminology.json,terminology.sections.punches-content.terms.seiken-zuki.details,same-as-english,Punch with the fist.,Review whether this should be translated or intentionally kept as-is.
pt,terminology.json,terminology.sections.punches-content.terms.mawashi-zuki.english,same-as-english,Circular punch.,Review whether this should be translated or intentionally kept as-is.
pt,terminology.json,terminology.sections.punches-content.terms.mawashi-zuki.details,same-as-english,Circular punch.,Review whether this should be translated or intentionally kept as-is.
pt,terminology.json,terminology.sections.punches-content.terms.yama-zuki.english,same-as-english,Mountain punch (double punch).,Review whether this should be translated or intentionally kept as-is.
pt,terminology.json,terminology.sections.punches-content.terms.yama-zuki.details,same-as-english,Mountain punch (double punch).,Review whether this should be translated or intentionally kept as-is.
pt,terminology.json,terminology.sections.punches-content.terms.morote-zuki.english,same-as-english,Double punch.,Review whether this should be translated or intentionally kept as-is.
pt,terminology.json,terminology.sections.punches-content.terms.morote-zuki.details,same-as-english,Double punch.,Review whether this should be translated or intentionally kept as-is.
pt,terminology.json,terminology.sections.stances-content.terms.musubi-dachi.instructions,same-as-english,Instructions: Stand with your feet together and toes pointing forward. Keep your back straight and head high. Place your hands at your sides with fingers pointing down.,Review whether this should be translated or intentionally kept as-is.
pt,terminology.json,terminology.sections.stances-content.terms.kokotsu-dachi-alt.english,same-as-english,Back stance (alt).,Review whether this should be translated or intentionally kept as-is.
pt,terminology.json,terminology.sections.stances-content.terms.kokotsu-dachi-alt.details,same-as-english,Back stance (alt).,Review whether this should be translated or intentionally kept as-is.
pt,terminology.json,terminology.sections.strikes-content.description,same-as-english,"Basic striking techniques with hands and arms, other than punches (Uchi Waza).",Review whether this should be translated or intentionally kept as-is.
pt,terminology.json,terminology.sections.strikes-content.terms.shuto-uchi.details,same-as-english,"Shuto Uchi (Messenhand Slag) wordt uitgevoerd met de rand van de hand (shuto). De vingers zijn gestrekt en samen, de duim is gebogen. Deze slag is effectief voor het raken van de nek, zijkant van het hoofd, of de zijkant van het lichaam. Het kan uitgevoerd worden in verschillende richtingen.",Review whether this should be translated or intentionally kept as-is.
pt,terminology.json,terminology.sections.strikes-content.terms.uraken-uchi.details,same-as-english,"Uraken Uchi (Achtervuist Slag) wordt uitgevoerd met de achterkant van de vuist, vaak met een zwaaiende beweging. Het is effectief voor het raken van de zijkant van het hoofd of lichaam. Deze slag kan snel en verrassend zijn, en wordt vaak gebruikt in combinatie met andere technieken.",Review whether this should be translated or intentionally kept as-is.
pt,terminology.json,terminology.sections.strikes-content.terms.tettsui-uchi.details,same-as-english,"Tettsui Uchi (Hamervuist Slag) wordt uitgevoerd met de onderkant van de vuist, waarbij de knokkels naar beneden wijzen. Het is een neerwaartse slag die effectief is voor het raken van de schouder, sleutelbeen, of de bovenkant van het hoofd. Deze slag is krachtig en kan gebruikt worden om een tegenstander te verzwakken.",Review whether this should be translated or intentionally kept as-is.
pt,terminology.json,terminology.sections.strikes-content.terms.empi-uchi.details,same-as-english,"Empi Uchi (Elleboog Slag) gebruikt de elleboog als wapen. Het kan uitgevoerd worden in verschillende richtingen: naar voren, naar achteren, naar boven, of naar beneden. Deze slag is effectief op korte afstand en kan gebruikt worden om de tegenstander's hoofd, lichaam, of ledematen te raken.",Review whether this should be translated or intentionally kept as-is.
pt,terminology.json,terminology.sections.strikes-content.terms.haito-uchi.details,same-as-english,"Haito Uchi (Ruggegraat Hand Slag) wordt uitgevoerd met de ruggegraat van de hand (de kant van de wijsvinger). De vingers zijn gestrekt en samen, de duim is gebogen. Deze slag is effectief voor het raken van de nek, zijkant van het hoofd, of zachte doelen zoals de ogen.",Review whether this should be translated or intentionally kept as-is.
pt,terminology.json,terminology.sections.strikes-content.terms.nukite.details,same-as-english,"Nukite (Speer Hand Slag) wordt uitgevoerd met gestrekte vingers die samen zijn gehouden, waarbij de vingertoppen het doel raken. Het is een stekende techniek die effectief is voor het raken van zachte doelen zoals de ogen, keel, of zonnevlecht. Deze techniek vereist precisie en controle.",Review whether this should be translated or intentionally kept as-is.
pt,terminology.json,terminology.sections.goju-ryu-techniques.grappling.ukemi-waza.english,same-as-english,Breakfall techniques.,Review whether this should be translated or intentionally kept as-is.
pt,terminology.json,terminology.sections.goju-ryu-techniques.grappling.ukemi-waza.details,same-as-english,Breakfall techniques.,Review whether this should be translated or intentionally kept as-is.
pt,terminology.json,terminology.sections.goju-ryu-techniques.grappling.nage-waza.english,same-as-english,Throwing techniques.,Review whether this should be translated or intentionally kept as-is.
pt,terminology.json,terminology.sections.goju-ryu-techniques.grappling.nage-waza.details,same-as-english,Throwing techniques.,Review whether this should be translated or intentionally kept as-is.
pt,terminology.json,terminology.sections.goju-ryu-techniques.grappling.kansetsu-waza.english,same-as-english,Joint locking techniques.,Review whether this should be translated or intentionally kept as-is.
pt,terminology.json,terminology.sections.goju-ryu-techniques.grappling.kansetsu-waza.details,same-as-english,Joint locking techniques.,Review whether this should be translated or intentionally kept as-is.
pt,terminology.json,terminology.sections.vital-points-content.description,same-as-english,Terms for some vital points (Kyusho) targeted in Karate.,Review whether this should be translated or intentionally kept as-is.
pt,terminology.json,terminology.sections.vital-points-content.terms.jinchu.english,same-as-english,Philtrum (base of nose),Review whether this should be translated or intentionally kept as-is.
pt,terminology.json,terminology.sections.vital-points-content.terms.suigetsu.english,same-as-english,Solar plexus,Review whether this should be translated or intentionally kept as-is.
pt,terminology.json,terminology.sections.vital-points-content.terms.dokko.english,same-as-english,Mastoid process (behind ear),Review whether this should be translated or intentionally kept as-is.
pt,terminology.json,terminology.sections.blocks-content.terms.jodan-uchi-uke.details,same-as-english,Jodan Uchi Uke is een binnen-naar-buiten blok gebruikt om hoge aanvallen van binnenaf af te weren.,Review whether this should be translated or intentionally kept as-is.
pt,terminology.json,terminology.sections.commands-content.description,same-as-english,Common commands used in karate training.,Review whether this should be translated or intentionally kept as-is.
pt,terminology.json,terminology.sections.commands-content.terms.yasume.english,same-as-english,Rest/At ease,Review whether this should be translated or intentionally kept as-is.
pt,terminology.json,terminology.sections.commands-content.terms.naore.english,same-as-english,Return to ready position,Review whether this should be translated or intentionally kept as-is.
pt,terminology.json,terminology.sections.commands-content.terms.mokuso-yame.english,same-as-english,End meditation,Review whether this should be translated or intentionally kept as-is.
pt,terminology.json,terminology.sections.commands-content.terms.seiza.english,same-as-english,Formal sitting position,Review whether this should be translated or intentionally kept as-is.
pt,terminology.json,terminology.sections.ranks-content.description,same-as-english,Terms related to karate ranks and grading.,Review whether this should be translated or intentionally kept as-is.
pt,terminology.json,terminology.sections.ranks-content.terms.kyu.english,same-as-english,"Rank (colored belts, below black belt)",Review whether this should be translated or intentionally kept as-is.
pt,terminology.json,terminology.sections.ranks-content.terms.dan.english,same-as-english,Level (black belt ranks),Review whether this should be translated or intentionally kept as-is.
pt,terminology.json,terminology.sections.ranks-content.terms.shodan.english,same-as-english,First level black belt,Review whether this should be translated or intentionally kept as-is.
pt,terminology.json,terminology.sections.ranks-content.terms.nidan.english,same-as-english,Second level black belt,Review whether this should be translated or intentionally kept as-is.
pt,terminology.json,terminology.sections.ranks-content.terms.sandan.english,same-as-english,Third level black belt,Review whether this should be translated or intentionally kept as-is.
pt,terminology.json,terminology.sections.ranks-content.terms.yondan.english,same-as-english,Fourth level black belt,Review whether this should be translated or intentionally kept as-is.
pt,terminology.json,terminology.sections.ranks-content.terms.godan.english,same-as-english,Fifth level black belt,Review whether this should be translated or intentionally kept as-is.
pt,terminology.json,terminology.sections.weapons-content.description,same-as-english,Terms related to traditional Okinawan weapons.,Review whether this should be translated or intentionally kept as-is.
pt,terminology.json,terminology.sections.weapons-content.terms.bo.english,same-as-english,Long staff (approx. 6 ft),Review whether this should be translated or intentionally kept as-is.
pt,terminology.json,terminology.sections.weapons-content.terms.sai.english,same-as-english,Three-pronged truncheon,Review whether this should be translated or intentionally kept as-is.
pt,terminology.json,terminology.sections.weapons-content.terms.tonfa.english,same-as-english,Side-handled baton,Review whether this should be translated or intentionally kept as-is.
pt,terminology.json,terminology.sections.weapons-content.terms.nunchaku.english,same-as-english,Flail (two sections linked by chain/rope),Review whether this should be translated or intentionally kept as-is.
pt,terminology.json,terminology.sections.weapons-content.terms.tekko.english,same-as-english,Knuckle duster,Review whether this should be translated or intentionally kept as-is.
pt,terminology.json,terminology.sections.concepts-content.description,same-as-english,Important concepts and principles in karate.,Review whether this should be translated or intentionally kept as-is.
pt,terminology.json,terminology.sections.concepts-content.terms.zanshin.english,same-as-english,Lingering mind/awareness after technique,Review whether this should be translated or intentionally kept as-is.
pt,terminology.json,terminology.sections.concepts-content.terms.mushin.english,same-as-english,"No mind, state of mental clarity",Review whether this should be translated or intentionally kept as-is.
pt,terminology.json,terminology.sections.concepts-content.terms.ki.english,same-as-english,"Energy, spirit, life force",Review whether this should be translated or intentionally kept as-is.
pt,terminology.json,terminology.sections.concepts-content.terms.ma-ai.english,same-as-english,"Distance, timing",Review whether this should be translated or intentionally kept as-is.
pt,terminology.json,terminology.sections.concepts-content.terms.hyoshi.english,same-as-english,"Rhythm, timing",Review whether this should be translated or intentionally kept as-is.
pt,terminology.json,terminology.sections.concepts-content.terms.kime.english,same-as-english,"Focus of power, decision",Review whether this should be translated or intentionally kept as-is.
pt,terminology.json,terminology.sections.kata-specific-content.terms.embusen.english,same-as-english,Performance line/pattern of a kata,Review whether this should be translated or intentionally kept as-is.
pt,terminology.json,terminology.sections.kata-specific-content.terms.bunkai.english,same-as-english,"Analysis, application of kata",Review whether this should be translated or intentionally kept as-is.
pt,terminology.json,terminology.sections.kata-specific-content.terms.oyo.english,same-as-english,"Application, practical use",Review whether this should be translated or intentionally kept as-is.
pt,terminology.json,terminology.sections.kata-specific-content.terms.henka.english,same-as-english,"Variation, modification",Review whether this should be translated or intentionally kept as-is.
pt,terminology.json,terminology.sections.kata-specific-content.terms.kakie.english,same-as-english,"Pushing hands, sensitivity training",Review whether this should be translated or intentionally kept as-is.
pt,terminology.json,terminology.sections.kata-specific-content.terms.koryu.english,same-as-english,Old style/school (referring to classical kata),Review whether this should be translated or intentionally kept as-is.
pt,terminology.json,terminology.sections.kumite-content.terms.kumite.english,same-as-english,"Sparring, grappling hands",Review whether this should be translated or intentionally kept as-is.
pt,terminology.json,terminology.sections.kumite-content.terms.aiuchi.english,same-as-english,Simultaneous points,Review whether this should be translated or intentionally kept as-is.
pt,terminology.json,terminology.sections.kumite-content.terms.shiai.english,same-as-english,"Match, competition",Review whether this should be translated or intentionally kept as-is.
pt,terminology.json,terminology.sections.dojo-content.terms.dojo.english,same-as-english,"Training hall, place of the way",Review whether this should be translated or intentionally kept as-is.
pt,terminology.json,terminology.sections.dojo-content.terms.kamiza.english,same-as-english,"Upper seat, front of dojo",Review whether this should be translated or intentionally kept as-is.
pt,terminology.json,terminology.sections.dojo-content.terms.shimoza.english,same-as-english,"Lower seat, back of dojo",Review whether this should be translated or intentionally kept as-is.
pt,terminology.json,terminology.sections.dojo-content.terms.joseki.english,same-as-english,"Upper side, right side of dojo",Review whether this should be translated or intentionally kept as-is.
pt,terminology.json,terminology.sections.dojo-content.terms.shimoseki.english,same-as-english,"Lower side, left side of dojo",Review whether this should be translated or intentionally kept as-is.
pt,terminology.json,terminology.sections.dojo-content.terms.shomen.english,same-as-english,"Front, main wall of dojo",Review whether this should be translated or intentionally kept as-is.
pt,terminology.json,terminology.sections.dojo-content.terms.tatami.english,same-as-english,Traditional Japanese floor mat,Review whether this should be translated or intentionally kept as-is.
pt,terminology.json,terminology.sections.common-content.terms.sempai.english,same-as-english,Senior student,Review whether this should be translated or intentionally kept as-is.
pt,terminology.json,terminology.sections.common-content.terms.kohai.english,same-as-english,Junior student,Review whether this should be translated or intentionally kept as-is.
da,vitalPoints.json,vitalPoints.interactive.locationLabel,same-as-english,Location on the body,Review whether this should be translated or intentionally kept as-is.
it,vitalPoints.json,vitalPoints.interactive.locationLabel,same-as-english,Location on the body,Review whether this should be translated or intentionally kept as-is.
pt,vitalPoints.json,vitalPoints.interactive.locationLabel,same-as-english,Location on the body,Review whether this should be translated or intentionally kept as-is.
